"row_key","player_id","CONF","franchise_id","DATE_raw","waiver_matures_at","waiver_pending_estimated","waiver_pending","waiver_check_status","waiver_check_reason"
"txn=|fr=0009|pl=17352|ts=2026-09-22 14:07:15|ty=FREE_AGENT|td=dropped|cm=NA","17352","NFC","0009",2026-09-22 14:07:15,2026-09-24 09:00:00,TRUE,TRUE,"pending","Exact drop remains on MFL individual-waiver list"
"txn=|fr=0009|pl=16703|ts=2026-09-22 14:07:15|ty=FREE_AGENT|td=dropped|cm=NA","16703","NFC","0009",2026-09-22 14:07:15,2026-09-24 09:00:00,TRUE,TRUE,"pending","Exact drop remains on MFL individual-waiver list"
"txn=|fr=0021|pl=12739|ts=2026-09-22 12:24:07|ty=FREE_AGENT|td=dropped|cm=NA","12739","AFC","0021",2026-09-22 12:24:07,2026-09-24 09:00:00,TRUE,TRUE,"pending","Exact drop remains on MFL individual-waiver list"
"txn=|fr=0008|pl=13767|ts=2026-09-22 06:04:04|ty=FREE_AGENT|td=dropped|cm=NA","13767","NFC","0008",2026-09-22 06:04:04,2026-09-23 09:00:00,TRUE,TRUE,"pending","Exact drop remains on MFL individual-waiver list"
"txn=|fr=0018|pl=13767|ts=2026-09-22 04:27:28|ty=FREE_AGENT|td=dropped|cm=NA","13767","AFC","0018",2026-09-22 04:27:28,2026-09-23 09:00:00,TRUE,TRUE,"pending","Exact drop remains on MFL individual-waiver list"
"txn=|fr=0028|pl=15001|ts=2026-09-22 00:12:05|ty=FREE_AGENT|td=dropped|cm=NA","15001","AFC","0028",2026-09-22 00:12:05,2026-09-23 09:00:00,TRUE,TRUE,"pending","Exact drop remains on MFL individual-waiver list"
"txn=|fr=0005|pl=17055|ts=2026-09-20 15:13:33|ty=FREE_AGENT|td=dropped|cm=NA","17055","NFC","0005",2026-09-20 15:13:33,2026-09-22 09:00:00,FALSE,FALSE,"not_listed","Not individually locked after estimated hold; claim outcome still comes from transactions/contracts"
"txn=|fr=0012|pl=17510|ts=2026-09-20 15:11:35|ty=FREE_AGENT|td=dropped|cm=NA","17510","NFC","0012",2026-09-20 15:11:35,2026-09-22 09:00:00,FALSE,FALSE,"not_listed","Not individually locked after estimated hold; claim outcome still comes from transactions/contracts"
"txn=|fr=0017|pl=15405|ts=2026-09-20 08:43:58|ty=FREE_AGENT|td=dropped|cm=NA","15405","AFC","0017",2026-09-20 08:43:58,2026-09-21 09:00:00,FALSE,FALSE,"not_listed","Not individually locked after estimated hold; claim outcome still comes from transactions/contracts"
"txn=|fr=0005|pl=15394|ts=2026-09-19 20:33:57|ty=FREE_AGENT|td=dropped|cm=NA","15394","NFC","0005",2026-09-19 20:33:57,2026-09-21 09:00:00,FALSE,FALSE,"not_listed","Not individually locked after estimated hold; claim outcome still comes from transactions/contracts"
"txn=|fr=0011|pl=16843|ts=2026-09-19 16:20:02|ty=FREE_AGENT|td=dropped|cm=NA","16843","NFC","0011",2026-09-19 16:20:02,2026-09-21 09:00:00,FALSE,FALSE,"not_listed","Not individually locked after estimated hold; claim outcome still comes from transactions/contracts"
"txn=|fr=0025|pl=12764|ts=2026-09-19 00:37:20|ty=FREE_AGENT|td=dropped|cm=NA","12764","AFC","0025",2026-09-19 00:37:20,2026-09-20 09:00:00,FALSE,FALSE,"not_listed","Not individually locked after estimated hold; claim outcome still comes from transactions/contracts"
"txn=|fr=0006|pl=17036|ts=2026-09-18 23:52:56|ty=FREE_AGENT|td=dropped|cm=NA","17036","NFC","0006",2026-09-18 23:52:56,2026-09-20 09:00:00,FALSE,FALSE,"not_listed","Not individually locked after estimated hold; claim outcome still comes from transactions/contracts"
"txn=|fr=0032|pl=16227|ts=2026-09-18 23:10:20|ty=FREE_AGENT|td=dropped|cm=NA","16227","AFC","0032",2026-09-18 23:10:20,2026-09-20 09:00:00,FALSE,FALSE,"not_listed","Not individually locked after estimated hold; claim outcome still comes from transactions/contracts"
"txn=|fr=0032|pl=16350|ts=2026-09-18 23:10:20|ty=FREE_AGENT|td=dropped|cm=NA","16350","AFC","0032",2026-09-18 23:10:20,2026-09-20 09:00:00,FALSE,FALSE,"not_listed","Not individually locked after estimated hold; claim outcome still comes from transactions/contracts"
"txn=|fr=0009|pl=11706|ts=2026-09-18 02:03:36|ty=FREE_AGENT|td=dropped|cm=NA","11706","NFC","0009",2026-09-18 02:03:36,2026-09-19 09:00:00,FALSE,FALSE,"not_listed","Not individually locked after estimated hold; claim outcome still comes from transactions/contracts"
"txn=|fr=0012|pl=16846|ts=2026-09-17 23:26:58|ty=FREE_AGENT|td=dropped|cm=NA","16846","NFC","0012",2026-09-17 23:26:58,2026-09-19 09:00:00,FALSE,FALSE,"not_listed","Not individually locked after estimated hold; claim outcome still comes from transactions/contracts"
"txn=|fr=0029|pl=16212|ts=2026-09-17 22:25:57|ty=FREE_AGENT|td=dropped|cm=NA","16212","AFC","0029",2026-09-17 22:25:57,2026-09-19 09:00:00,FALSE,FALSE,"not_listed","Not individually locked after estimated hold; claim outcome still comes from transactions/contracts"
"txn=|fr=0011|pl=17156|ts=2026-09-17 21:18:31|ty=FREE_AGENT|td=dropped|cm=NA","17156","NFC","0011",2026-09-17 21:18:31,2026-09-19 09:00:00,FALSE,FALSE,"not_listed","Not individually locked after estimated hold; claim outcome still comes from transactions/contracts"
"txn=|fr=0007|pl=14979|ts=2026-09-17 18:14:41|ty=FREE_AGENT|td=dropped|cm=NA","14979","NFC","0007",2026-09-17 18:14:41,2026-09-19 09:00:00,FALSE,FALSE,"not_listed","Not individually locked after estimated hold; claim outcome still comes from transactions/contracts"
"txn=|fr=0027|pl=14095|ts=2026-09-17 17:06:50|ty=FREE_AGENT|td=dropped|cm=NA","14095","AFC","0027",2026-09-17 17:06:50,2026-09-19 09:00:00,FALSE,FALSE,"not_listed","Not individually locked after estimated hold; claim outcome still comes from transactions/contracts"
"txn=|fr=0027|pl=16036|ts=2026-09-17 17:03:35|ty=FREE_AGENT|td=dropped|cm=NA","16036","AFC","0027",2026-09-17 17:03:35,2026-09-19 09:00:00,FALSE,FALSE,"not_listed","Not individually locked after estimated hold; claim outcome still comes from transactions/contracts"
"txn=|fr=0027|pl=13844|ts=2026-09-17 17:03:21|ty=FREE_AGENT|td=dropped|cm=NA","13844","AFC","0027",2026-09-17 17:03:21,2026-09-19 09:00:00,FALSE,FALSE,"not_listed","Not individually locked after estimated hold; claim outcome still comes from transactions/contracts"
"txn=|fr=0005|pl=13742|ts=2026-09-17 16:41:02|ty=FREE_AGENT|td=dropped|cm=NA","13742","NFC","0005",2026-09-17 16:41:02,2026-09-19 09:00:00,FALSE,FALSE,"not_listed","Not individually locked after estimated hold; claim outcome still comes from transactions/contracts"
"txn=|fr=0009|pl=12218|ts=2026-09-17 16:37:14|ty=FREE_AGENT|td=dropped|cm=NA","12218","NFC","0009",2026-09-17 16:37:14,2026-09-19 09:00:00,FALSE,FALSE,"not_listed","Not individually locked after estimated hold; claim outcome still comes from transactions/contracts"
"txn=|fr=0009|pl=11945|ts=2026-09-17 16:37:14|ty=FREE_AGENT|td=dropped|cm=NA","11945","NFC","0009",2026-09-17 16:37:14,2026-09-19 09:00:00,FALSE,FALSE,"not_listed","Not individually locked after estimated hold; claim outcome still comes from transactions/contracts"
"txn=|fr=0013|pl=16778|ts=2026-09-17 07:28:02|ty=FREE_AGENT|td=dropped|cm=NA","16778","NFC","0013",2026-09-17 07:28:02,2026-09-18 09:00:00,FALSE,FALSE,"historical","Existing transaction/contract claim evidence retained"
"txn=|fr=0013|pl=14879|ts=2026-09-17 07:28:02|ty=FREE_AGENT|td=dropped|cm=NA","14879","NFC","0013",2026-09-17 07:28:02,2026-09-18 09:00:00,FALSE,FALSE,"not_listed","Not individually locked after estimated hold; claim outcome still comes from transactions/contracts"
"txn=|fr=0028|pl=16240|ts=2026-09-17 01:56:53|ty=FREE_AGENT|td=dropped|cm=NA","16240","AFC","0028",2026-09-17 01:56:53,2026-09-18 09:00:00,FALSE,FALSE,"not_listed","Not individually locked after estimated hold; claim outcome still comes from transactions/contracts"
"txn=|fr=0018|pl=13742|ts=2026-09-17 01:13:31|ty=FREE_AGENT|td=dropped|cm=NA","13742","AFC","0018",2026-09-17 01:13:31,2026-09-18 09:00:00,FALSE,FALSE,"not_listed","Not individually locked after estimated hold; claim outcome still comes from transactions/contracts"
"txn=|fr=0018|pl=13227|ts=2026-09-17 01:13:31|ty=FREE_AGENT|td=dropped|cm=NA","13227","AFC","0018",2026-09-17 01:13:31,2026-09-18 09:00:00,FALSE,FALSE,"not_listed","Not individually locked after estimated hold; claim outcome still comes from transactions/contracts"
"txn=|fr=0018|pl=14907|ts=2026-09-17 01:13:31|ty=FREE_AGENT|td=dropped|cm=NA","14907","AFC","0018",2026-09-17 01:13:31,2026-09-18 09:00:00,FALSE,FALSE,"not_listed","Not individually locked after estimated hold; claim outcome still comes from transactions/contracts"
"txn=|fr=0009|pl=16236|ts=2026-09-16 23:47:06|ty=FREE_AGENT|td=dropped|cm=NA","16236","NFC","0009",2026-09-16 23:47:06,2026-09-18 09:00:00,FALSE,FALSE,"not_listed","Not individually locked after estimated hold; claim outcome still comes from transactions/contracts"
"txn=|fr=0010|pl=12698|ts=2026-09-16 23:00:17|ty=FREE_AGENT|td=dropped|cm=NA","12698","NFC","0010",2026-09-16 23:00:17,2026-09-18 09:00:00,FALSE,FALSE,"not_listed","Not individually locked after estimated hold; claim outcome still comes from transactions/contracts"
"txn=|fr=0012|pl=15301|ts=2026-09-16 22:03:48|ty=FREE_AGENT|td=dropped|cm=NA","15301","NFC","0012",2026-09-16 22:03:48,2026-09-18 09:00:00,FALSE,FALSE,"not_listed","Not individually locked after estimated hold; claim outcome still comes from transactions/contracts"
"txn=|fr=0029|pl=16722|ts=2026-09-16 21:34:25|ty=FREE_AGENT|td=dropped|cm=NA","16722","AFC","0029",2026-09-16 21:34:25,2026-09-18 09:00:00,FALSE,FALSE,"not_listed","Not individually locked after estimated hold; claim outcome still comes from transactions/contracts"
"txn=|fr=0016|pl=16794|ts=2026-09-16 21:21:44|ty=FREE_AGENT|td=dropped|cm=NA","16794","NFC","0016",2026-09-16 21:21:44,2026-09-18 09:00:00,FALSE,FALSE,"not_listed","Not individually locked after estimated hold; claim outcome still comes from transactions/contracts"
"txn=|fr=0002|pl=15565|ts=2026-09-16 18:45:51|ty=FREE_AGENT|td=dropped|cm=NA","15565","NFC","0002",2026-09-16 18:45:51,2026-09-18 09:00:00,FALSE,FALSE,"not_listed","Not individually locked after estimated hold; claim outcome still comes from transactions/contracts"
"txn=|fr=0025|pl=15795|ts=2026-09-16 18:33:07|ty=FREE_AGENT|td=dropped|cm=NA","15795","AFC","0025",2026-09-16 18:33:07,2026-09-18 09:00:00,FALSE,FALSE,"not_listed","Not individually locked after estimated hold; claim outcome still comes from transactions/contracts"
"txn=|fr=0002|pl=16714|ts=2026-09-16 17:08:22|ty=FREE_AGENT|td=dropped|cm=NA","16714","NFC","0002",2026-09-16 17:08:22,2026-09-18 09:00:00,FALSE,FALSE,"not_listed","Not individually locked after estimated hold; claim outcome still comes from transactions/contracts"
"txn=|fr=0015|pl=15788|ts=2026-09-16 16:24:48|ty=FREE_AGENT|td=dropped|cm=NA","15788","NFC","0015",2026-09-16 16:24:48,2026-09-18 09:00:00,FALSE,FALSE,"not_listed","Not individually locked after estimated hold; claim outcome still comes from transactions/contracts"
"txn=|fr=0021|pl=16725|ts=2026-09-16 03:04:29|ty=FREE_AGENT|td=dropped|cm=NA","16725","AFC","0021",2026-09-16 03:04:29,2026-09-17 09:00:00,FALSE,FALSE,"not_listed","Not individually locked after estimated hold; claim outcome still comes from transactions/contracts"
"txn=|fr=0021|pl=16907|ts=2026-09-16 02:54:58|ty=FREE_AGENT|td=dropped|cm=NA","16907","AFC","0021",2026-09-16 02:54:58,2026-09-17 09:00:00,FALSE,FALSE,"not_listed","Not individually locked after estimated hold; claim outcome still comes from transactions/contracts"
"txn=|fr=0018|pl=15394|ts=2026-09-15 23:29:17|ty=FREE_AGENT|td=dropped|cm=NA","15394","AFC","0018",2026-09-15 23:29:17,2026-09-17 09:00:00,FALSE,FALSE,"not_listed","Not individually locked after estimated hold; claim outcome still comes from transactions/contracts"
"txn=|fr=0018|pl=13837|ts=2026-09-15 23:28:57|ty=FREE_AGENT|td=dropped|cm=NA","13837","AFC","0018",2026-09-15 23:28:57,2026-09-17 09:00:00,FALSE,FALSE,"not_listed","Not individually locked after estimated hold; claim outcome still comes from transactions/contracts"
"txn=|fr=0004|pl=16036|ts=2026-09-15 23:05:13|ty=FREE_AGENT|td=dropped|cm=NA","16036","NFC","0004",2026-09-15 23:05:13,2026-09-17 09:00:00,FALSE,FALSE,"not_listed","Not individually locked after estimated hold; claim outcome still comes from transactions/contracts"
"txn=|fr=0004|pl=15823|ts=2026-09-15 23:05:13|ty=FREE_AGENT|td=dropped|cm=NA","15823","NFC","0004",2026-09-15 23:05:13,2026-09-17 09:00:00,FALSE,FALSE,"not_listed","Not individually locked after estimated hold; claim outcome still comes from transactions/contracts"
"txn=|fr=0027|pl=15386|ts=2026-09-15 21:15:04|ty=FREE_AGENT|td=dropped|cm=NA","15386","AFC","0027",2026-09-15 21:15:04,2026-09-17 09:00:00,FALSE,FALSE,"not_listed","Not individually locked after estimated hold; claim outcome still comes from transactions/contracts"
"txn=|fr=0027|pl=15473|ts=2026-09-15 21:15:04|ty=FREE_AGENT|td=dropped|cm=NA","15473","AFC","0027",2026-09-15 21:15:04,2026-09-17 09:00:00,FALSE,FALSE,"not_listed","Not individually locked after estimated hold; claim outcome still comes from transactions/contracts"
"txn=|fr=0001|pl=17600|ts=2026-09-15 16:01:59|ty=FREE_AGENT|td=dropped|cm=NA","17600","NFC","0001",2026-09-15 16:01:59,2026-09-17 09:00:00,FALSE,FALSE,"not_listed","Not individually locked after estimated hold; claim outcome still comes from transactions/contracts"
"txn=|fr=0001|pl=15405|ts=2026-09-15 16:01:59|ty=FREE_AGENT|td=dropped|cm=NA","15405","NFC","0001",2026-09-15 16:01:59,2026-09-17 09:00:00,FALSE,FALSE,"not_listed","Not individually locked after estimated hold; claim outcome still comes from transactions/contracts"
"txn=|fr=0001|pl=14270|ts=2026-09-15 16:01:59|ty=FREE_AGENT|td=dropped|cm=NA","14270","NFC","0001",2026-09-15 16:01:59,2026-09-17 09:00:00,FALSE,FALSE,"not_listed","Not individually locked after estimated hold; claim outcome still comes from transactions/contracts"
"txn=|fr=0008|pl=12772|ts=2026-09-15 15:18:41|ty=FREE_AGENT|td=dropped|cm=NA","12772","NFC","0008",2026-09-15 15:18:41,2026-09-17 09:00:00,FALSE,FALSE,"not_listed","Not individually locked after estimated hold; claim outcome still comes from transactions/contracts"
"txn=|fr=0008|pl=13288|ts=2026-09-15 15:18:25|ty=FREE_AGENT|td=dropped|cm=NA","13288","NFC","0008",2026-09-15 15:18:25,2026-09-17 09:00:00,FALSE,FALSE,"not_listed","Not individually locked after estimated hold; claim outcome still comes from transactions/contracts"
"txn=|fr=0011|pl=14778|ts=2026-09-15 15:00:16|ty=FREE_AGENT|td=dropped|cm=NA","14778","NFC","0011",2026-09-15 15:00:16,2026-09-17 09:00:00,FALSE,FALSE,"not_listed","Not individually locked after estimated hold; claim outcome still comes from transactions/contracts"
"txn=|fr=0006|pl=13322|ts=2026-09-15 13:51:28|ty=FREE_AGENT|td=dropped|cm=NA","13322","NFC","0006",2026-09-15 13:51:28,2026-09-17 09:00:00,FALSE,FALSE,"historical","Historical timing retained"
"txn=|fr=0004|pl=17548|ts=2026-09-13 20:03:04|ty=FREE_AGENT|td=dropped|cm=NA","17548","NFC","0004",2026-09-13 20:03:04,2026-09-15 09:00:00,FALSE,FALSE,"historical","Historical timing retained"
"txn=|fr=0012|pl=14789|ts=2026-09-13 15:06:30|ty=FREE_AGENT|td=dropped|cm=NA","14789","NFC","0012",2026-09-13 15:06:30,2026-09-15 09:00:00,FALSE,FALSE,"historical","Historical timing retained"
"txn=|fr=0027|pl=17615|ts=2026-09-12 18:29:33|ty=FREE_AGENT|td=dropped|cm=NA","17615","AFC","0027",2026-09-12 18:29:33,2026-09-14 09:00:00,FALSE,FALSE,"historical","Historical timing retained"
"txn=|fr=0029|pl=14778|ts=2026-09-11 21:11:53|ty=FREE_AGENT|td=dropped|cm=NA","14778","AFC","0029",2026-09-11 21:11:53,2026-09-13 09:00:00,FALSE,FALSE,"historical","Historical timing retained"
"txn=|fr=0030|pl=17545|ts=2026-09-11 15:52:32|ty=FREE_AGENT|td=dropped|cm=NA","17545","AFC","0030",2026-09-11 15:52:32,2026-09-13 09:00:00,FALSE,FALSE,"historical","Historical timing retained"
"txn=|fr=0014|pl=17602|ts=2026-09-10 18:36:10|ty=FREE_AGENT|td=dropped|cm=NA","17602","NFC","0014",2026-09-10 18:36:10,2026-09-12 09:00:00,FALSE,FALSE,"historical","Historical timing retained"
"txn=|fr=0003|pl=13744|ts=2026-09-10 13:34:37|ty=FREE_AGENT|td=dropped|cm=NA","13744","NFC","0003",2026-09-10 13:34:37,2026-09-12 09:00:00,FALSE,FALSE,"historical","Historical timing retained"
"txn=|fr=0029|pl=13744|ts=2026-09-10 09:12:24|ty=FREE_AGENT|td=dropped|cm=NA","13744","AFC","0029",2026-09-10 09:12:24,2026-09-12 09:00:00,FALSE,FALSE,"historical","Historical timing retained"
"txn=|fr=0010|pl=17195|ts=2026-09-09 22:21:51|ty=FREE_AGENT|td=dropped|cm=NA","17195","NFC","0010",2026-09-09 22:21:51,2026-09-11 09:00:00,FALSE,FALSE,"historical","Historical timing retained"
"txn=|fr=0003|pl=15387|ts=2026-09-09 20:28:18|ty=FREE_AGENT|td=dropped|cm=NA","15387","NFC","0003",2026-09-09 20:28:18,2026-09-11 09:00:00,FALSE,FALSE,"historical","Historical timing retained"
"txn=|fr=0021|pl=16342|ts=2026-09-09 18:28:51|ty=FREE_AGENT|td=dropped|cm=NA","16342","AFC","0021",2026-09-09 18:28:51,2026-09-11 09:00:00,FALSE,FALSE,"historical","Historical timing retained"
"txn=|fr=0021|pl=15950|ts=2026-09-09 18:22:43|ty=FREE_AGENT|td=dropped|cm=NA","15950","AFC","0021",2026-09-09 18:22:43,2026-09-11 09:00:00,FALSE,FALSE,"historical","Historical timing retained"
"txn=|fr=0017|pl=13920|ts=2026-09-09 13:55:28|ty=FREE_AGENT|td=dropped|cm=NA","13920","AFC","0017",2026-09-09 13:55:28,2026-09-11 09:00:00,FALSE,FALSE,"historical","Historical timing retained"
"txn=|fr=0021|pl=17164|ts=2026-09-08 14:03:43|ty=FREE_AGENT|td=dropped|cm=NA","17164","AFC","0021",2026-09-08 14:03:43,2026-09-10 09:00:00,FALSE,FALSE,"historical","Historical timing retained"
"txn=|fr=0023|pl=15933|ts=2026-09-08 10:58:25|ty=FREE_AGENT|td=dropped|cm=NA","15933","AFC","0023",2026-09-08 10:58:25,2026-09-10 09:00:00,FALSE,FALSE,"historical","Historical timing retained"
"txn=|fr=0023|pl=16390|ts=2026-09-08 10:58:25|ty=FREE_AGENT|td=dropped|cm=NA","16390","AFC","0023",2026-09-08 10:58:25,2026-09-10 09:00:00,FALSE,FALSE,"historical","Historical timing retained"
"txn=|fr=0032|pl=15363|ts=2026-09-07 19:03:57|ty=FREE_AGENT|td=dropped|cm=NA","15363","AFC","0032",2026-09-07 19:03:57,2026-09-09 09:00:00,FALSE,FALSE,"historical","Historical timing retained"
"txn=|fr=0017|pl=12218|ts=2026-09-07 17:15:24|ty=FREE_AGENT|td=dropped|cm=NA","12218","AFC","0017",2026-09-07 17:15:24,2026-09-09 09:00:00,FALSE,FALSE,"historical","Historical timing retained"
"txn=|fr=0029|pl=17202|ts=2026-09-07 16:54:25|ty=FREE_AGENT|td=dropped|cm=NA","17202","AFC","0029",2026-09-07 16:54:25,2026-09-09 09:00:00,FALSE,FALSE,"historical","Historical timing retained"
"txn=|fr=0024|pl=17195|ts=2026-09-07 16:04:09|ty=FREE_AGENT|td=dropped|cm=NA","17195","AFC","0024",2026-09-07 16:04:09,2026-09-09 09:00:00,FALSE,FALSE,"historical","Historical timing retained"
"txn=|fr=0024|pl=12217|ts=2026-09-07 16:04:09|ty=FREE_AGENT|td=dropped|cm=NA","12217","AFC","0024",2026-09-07 16:04:09,2026-09-09 09:00:00,FALSE,FALSE,"historical","Historical timing retained"
"txn=|fr=0028|pl=14860|ts=2026-09-07 16:02:04|ty=FREE_AGENT|td=dropped|cm=NA","14860","AFC","0028",2026-09-07 16:02:04,2026-09-09 09:00:00,FALSE,FALSE,"historical","Historical timing retained"
"txn=|fr=0028|pl=14899|ts=2026-09-07 16:02:04|ty=FREE_AGENT|td=dropped|cm=NA","14899","AFC","0028",2026-09-07 16:02:04,2026-09-09 09:00:00,FALSE,FALSE,"historical","Historical timing retained"
"txn=|fr=0028|pl=14879|ts=2026-09-07 16:02:04|ty=FREE_AGENT|td=dropped|cm=NA","14879","AFC","0028",2026-09-07 16:02:04,2026-09-09 09:00:00,FALSE,FALSE,"historical","Historical timing retained"
"txn=|fr=0028|pl=15398|ts=2026-09-07 16:02:04|ty=FREE_AGENT|td=dropped|cm=NA","15398","AFC","0028",2026-09-07 16:02:04,2026-09-09 09:00:00,FALSE,FALSE,"historical","Historical timing retained"
"txn=|fr=0028|pl=10267|ts=2026-09-07 16:02:04|ty=FREE_AGENT|td=dropped|cm=NA","10267","AFC","0028",2026-09-07 16:02:04,2026-09-09 09:00:00,FALSE,FALSE,"historical","Historical timing retained"
"txn=|fr=0028|pl=15833|ts=2026-09-07 16:02:04|ty=FREE_AGENT|td=dropped|cm=NA","15833","AFC","0028",2026-09-07 16:02:04,2026-09-09 09:00:00,FALSE,FALSE,"historical","Historical timing retained"
"txn=|fr=0024|pl=16613|ts=2026-09-07 16:01:06|ty=FREE_AGENT|td=dropped|cm=NA","16613","AFC","0024",2026-09-07 16:01:06,2026-09-09 09:00:00,FALSE,FALSE,"historical","Historical timing retained"
"txn=|fr=0024|pl=17077|ts=2026-09-07 16:01:06|ty=FREE_AGENT|td=dropped|cm=NA","17077","AFC","0024",2026-09-07 16:01:06,2026-09-09 09:00:00,FALSE,FALSE,"historical","Historical timing retained"
"txn=|fr=0024|pl=16631|ts=2026-09-07 16:01:06|ty=FREE_AGENT|td=dropped|cm=NA","16631","AFC","0024",2026-09-07 16:01:06,2026-09-09 09:00:00,FALSE,FALSE,"historical","Historical timing retained"
"txn=|fr=0024|pl=15759|ts=2026-09-07 16:01:06|ty=FREE_AGENT|td=dropped|cm=NA","15759","AFC","0024",2026-09-07 16:01:06,2026-09-09 09:00:00,FALSE,FALSE,"historical","Historical timing retained"
"txn=|fr=0011|pl=15802|ts=2026-09-07 15:56:34|ty=FREE_AGENT|td=dropped|cm=NA","15802","NFC","0011",2026-09-07 15:56:34,2026-09-09 09:00:00,FALSE,FALSE,"historical","Historical timing retained"
"txn=|fr=0011|pl=11936|ts=2026-09-07 15:56:34|ty=FREE_AGENT|td=dropped|cm=NA","11936","NFC","0011",2026-09-07 15:56:34,2026-09-09 09:00:00,FALSE,FALSE,"historical","Historical timing retained"
"txn=|fr=0011|pl=12842|ts=2026-09-07 15:56:34|ty=FREE_AGENT|td=dropped|cm=NA","12842","NFC","0011",2026-09-07 15:56:34,2026-09-09 09:00:00,FALSE,FALSE,"historical","Historical timing retained"
"txn=|fr=0011|pl=15357|ts=2026-09-07 15:56:34|ty=FREE_AGENT|td=dropped|cm=NA","15357","NFC","0011",2026-09-07 15:56:34,2026-09-09 09:00:00,FALSE,FALSE,"historical","Historical timing retained"
"txn=|fr=0011|pl=17150|ts=2026-09-07 15:56:34|ty=FREE_AGENT|td=dropped|cm=NA","17150","NFC","0011",2026-09-07 15:56:34,2026-09-09 09:00:00,FALSE,FALSE,"historical","Historical timing retained"
"txn=|fr=0011|pl=17149|ts=2026-09-07 15:56:34|ty=FREE_AGENT|td=dropped|cm=NA","17149","NFC","0011",2026-09-07 15:56:34,2026-09-09 09:00:00,FALSE,FALSE,"historical","Historical timing retained"
"txn=|fr=0011|pl=12238|ts=2026-09-07 15:56:34|ty=FREE_AGENT|td=dropped|cm=NA","12238","NFC","0011",2026-09-07 15:56:34,2026-09-09 09:00:00,FALSE,FALSE,"historical","Historical timing retained"
"txn=|fr=0011|pl=15375|ts=2026-09-07 15:56:34|ty=FREE_AGENT|td=dropped|cm=NA","15375","NFC","0011",2026-09-07 15:56:34,2026-09-09 09:00:00,FALSE,FALSE,"historical","Historical timing retained"
"txn=|fr=0011|pl=17035|ts=2026-09-07 15:56:34|ty=FREE_AGENT|td=dropped|cm=NA","17035","NFC","0011",2026-09-07 15:56:34,2026-09-09 09:00:00,FALSE,FALSE,"historical","Historical timing retained"
"txn=|fr=0011|pl=17654|ts=2026-09-07 15:56:34|ty=FREE_AGENT|td=dropped|cm=NA","17654","NFC","0011",2026-09-07 15:56:34,2026-09-09 09:00:00,FALSE,FALSE,"historical","Historical timing retained"
"txn=|fr=0011|pl=16601|ts=2026-09-07 15:56:34|ty=FREE_AGENT|td=dropped|cm=NA","16601","NFC","0011",2026-09-07 15:56:34,2026-09-09 09:00:00,FALSE,FALSE,"historical","Historical timing retained"
"txn=|fr=0011|pl=17549|ts=2026-09-07 15:56:34|ty=FREE_AGENT|td=dropped|cm=NA","17549","NFC","0011",2026-09-07 15:56:34,2026-09-09 09:00:00,FALSE,FALSE,"historical","Historical timing retained"
"txn=|fr=0011|pl=17222|ts=2026-09-07 15:56:34|ty=FREE_AGENT|td=dropped|cm=NA","17222","NFC","0011",2026-09-07 15:56:34,2026-09-09 09:00:00,FALSE,FALSE,"historical","Historical timing retained"
"txn=|fr=0011|pl=15892|ts=2026-09-07 15:56:34|ty=FREE_AGENT|td=dropped|cm=NA","15892","NFC","0011",2026-09-07 15:56:34,2026-09-09 09:00:00,FALSE,FALSE,"historical","Historical timing retained"
"txn=|fr=0011|pl=17600|ts=2026-09-07 15:56:34|ty=FREE_AGENT|td=dropped|cm=NA","17600","NFC","0011",2026-09-07 15:56:34,2026-09-09 09:00:00,FALSE,FALSE,"historical","Historical timing retained"
"txn=|fr=0011|pl=17595|ts=2026-09-07 15:56:34|ty=FREE_AGENT|td=dropped|cm=NA","17595","NFC","0011",2026-09-07 15:56:34,2026-09-09 09:00:00,FALSE,FALSE,"historical","Historical timing retained"
"txn=|fr=0011|pl=15089|ts=2026-09-07 15:56:34|ty=FREE_AGENT|td=dropped|cm=NA","15089","NFC","0011",2026-09-07 15:56:34,2026-09-09 09:00:00,FALSE,FALSE,"historical","Historical timing retained"
"txn=|fr=0011|pl=17173|ts=2026-09-07 15:56:34|ty=FREE_AGENT|td=dropped|cm=NA","17173","NFC","0011",2026-09-07 15:56:34,2026-09-09 09:00:00,FALSE,FALSE,"historical","Historical timing retained"
"txn=|fr=0011|pl=16236|ts=2026-09-07 15:56:34|ty=FREE_AGENT|td=dropped|cm=NA","16236","NFC","0011",2026-09-07 15:56:34,2026-09-09 09:00:00,FALSE,FALSE,"historical","Historical timing retained"
"txn=|fr=0011|pl=17598|ts=2026-09-07 15:56:34|ty=FREE_AGENT|td=dropped|cm=NA","17598","NFC","0011",2026-09-07 15:56:34,2026-09-09 09:00:00,FALSE,FALSE,"historical","Historical timing retained"
"txn=|fr=0011|pl=17142|ts=2026-09-07 15:56:34|ty=FREE_AGENT|td=dropped|cm=NA","17142","NFC","0011",2026-09-07 15:56:34,2026-09-09 09:00:00,FALSE,FALSE,"historical","Historical timing retained"
"txn=|fr=0011|pl=17187|ts=2026-09-07 15:56:34|ty=FREE_AGENT|td=dropped|cm=NA","17187","NFC","0011",2026-09-07 15:56:34,2026-09-09 09:00:00,FALSE,FALSE,"historical","Historical timing retained"
"txn=|fr=0012|pl=14105|ts=2026-09-07 15:54:57|ty=FREE_AGENT|td=dropped|cm=NA","14105","NFC","0012",2026-09-07 15:54:57,2026-09-09 09:00:00,FALSE,FALSE,"historical","Historical timing retained"
"txn=|fr=0012|pl=17069|ts=2026-09-07 15:44:28|ty=FREE_AGENT|td=dropped|cm=NA","17069","NFC","0012",2026-09-07 15:44:28,2026-09-09 09:00:00,FALSE,FALSE,"historical","Historical timing retained"
"txn=|fr=0012|pl=16595|ts=2026-09-07 15:44:28|ty=FREE_AGENT|td=dropped|cm=NA","16595","NFC","0012",2026-09-07 15:44:28,2026-09-09 09:00:00,FALSE,FALSE,"historical","Historical timing retained"
"txn=|fr=0012|pl=13138|ts=2026-09-07 15:44:28|ty=FREE_AGENT|td=dropped|cm=NA","13138","NFC","0012",2026-09-07 15:44:28,2026-09-09 09:00:00,FALSE,FALSE,"historical","Historical timing retained"
"txn=|fr=0012|pl=14108|ts=2026-09-07 15:44:28|ty=FREE_AGENT|td=dropped|cm=NA","14108","NFC","0012",2026-09-07 15:44:28,2026-09-09 09:00:00,FALSE,FALSE,"historical","Historical timing retained"
"txn=|fr=0012|pl=17526|ts=2026-09-07 15:44:28|ty=FREE_AGENT|td=dropped|cm=NA","17526","NFC","0012",2026-09-07 15:44:28,2026-09-09 09:00:00,FALSE,FALSE,"historical","Historical timing retained"
"txn=|fr=0022|pl=14122|ts=2026-09-07 15:42:18|ty=FREE_AGENT|td=dropped|cm=NA","14122","AFC","0022",2026-09-07 15:42:18,2026-09-09 09:00:00,FALSE,FALSE,"historical","Historical timing retained"
"txn=|fr=0022|pl=16640|ts=2026-09-07 15:35:44|ty=FREE_AGENT|td=dropped|cm=NA","16640","AFC","0022",2026-09-07 15:35:44,2026-09-09 09:00:00,FALSE,FALSE,"historical","Historical timing retained"
"txn=|fr=0022|pl=15814|ts=2026-09-07 15:35:44|ty=FREE_AGENT|td=dropped|cm=NA","15814","AFC","0022",2026-09-07 15:35:44,2026-09-09 09:00:00,FALSE,FALSE,"historical","Historical timing retained"
"txn=|fr=0022|pl=16645|ts=2026-09-07 15:35:44|ty=FREE_AGENT|td=dropped|cm=NA","16645","AFC","0022",2026-09-07 15:35:44,2026-09-09 09:00:00,FALSE,FALSE,"historical","Historical timing retained"
"txn=|fr=0022|pl=17155|ts=2026-09-07 15:35:44|ty=FREE_AGENT|td=dropped|cm=NA","17155","AFC","0022",2026-09-07 15:35:44,2026-09-09 09:00:00,FALSE,FALSE,"historical","Historical timing retained"
"txn=|fr=0008|pl=17753|ts=2026-09-07 15:29:20|ty=FREE_AGENT|td=dropped|cm=NA","17753","NFC","0008",2026-09-07 15:29:20,2026-09-09 09:00:00,FALSE,FALSE,"historical","Historical timing retained"
"txn=|fr=0008|pl=17231|ts=2026-09-07 15:29:06|ty=FREE_AGENT|td=dropped|cm=NA","17231","NFC","0008",2026-09-07 15:29:06,2026-09-09 09:00:00,FALSE,FALSE,"historical","Historical timing retained"
"txn=|fr=0008|pl=15386|ts=2026-09-07 15:28:47|ty=FREE_AGENT|td=dropped|cm=NA","15386","NFC","0008",2026-09-07 15:28:47,2026-09-09 09:00:00,FALSE,FALSE,"historical","Historical timing retained"
"txn=|fr=0008|pl=15356|ts=2026-09-07 15:28:34|ty=FREE_AGENT|td=dropped|cm=NA","15356","NFC","0008",2026-09-07 15:28:34,2026-09-09 09:00:00,FALSE,FALSE,"historical","Historical timing retained"
"txn=|fr=0001|pl=17646|ts=2026-09-07 15:23:08|ty=FREE_AGENT|td=dropped|cm=NA","17646","NFC","0001",2026-09-07 15:23:08,2026-09-09 09:00:00,FALSE,FALSE,"historical","Historical timing retained"
"txn=|fr=0003|pl=14888|ts=2026-09-07 15:16:35|ty=FREE_AGENT|td=dropped|cm=NA","14888","NFC","0003",2026-09-07 15:16:35,2026-09-09 09:00:00,FALSE,FALSE,"historical","Historical timing retained"
"txn=|fr=0003|pl=15401|ts=2026-09-07 15:16:35|ty=FREE_AGENT|td=dropped|cm=NA","15401","NFC","0003",2026-09-07 15:16:35,2026-09-09 09:00:00,FALSE,FALSE,"historical","Historical timing retained"
"txn=|fr=0003|pl=15921|ts=2026-09-07 15:16:35|ty=FREE_AGENT|td=dropped|cm=NA","15921","NFC","0003",2026-09-07 15:16:35,2026-09-09 09:00:00,FALSE,FALSE,"historical","Historical timing retained"
"txn=|fr=0003|pl=15402|ts=2026-09-07 15:16:35|ty=FREE_AGENT|td=dropped|cm=NA","15402","NFC","0003",2026-09-07 15:16:35,2026-09-09 09:00:00,FALSE,FALSE,"historical","Historical timing retained"
"txn=|fr=0025|pl=17036|ts=2026-09-07 15:13:49|ty=FREE_AGENT|td=dropped|cm=NA","17036","AFC","0025",2026-09-07 15:13:49,2026-09-09 09:00:00,FALSE,FALSE,"historical","Historical timing retained"
"txn=|fr=0025|pl=17467|ts=2026-09-07 15:13:49|ty=FREE_AGENT|td=dropped|cm=NA","17467","AFC","0025",2026-09-07 15:13:49,2026-09-09 09:00:00,FALSE,FALSE,"historical","Historical timing retained"
"txn=|fr=0025|pl=17033|ts=2026-09-07 15:13:49|ty=FREE_AGENT|td=dropped|cm=NA","17033","AFC","0025",2026-09-07 15:13:49,2026-09-09 09:00:00,FALSE,FALSE,"historical","Historical timing retained"
"txn=|fr=0025|pl=14067|ts=2026-09-07 15:13:49|ty=FREE_AGENT|td=dropped|cm=NA","14067","AFC","0025",2026-09-07 15:13:49,2026-09-09 09:00:00,FALSE,FALSE,"historical","Historical timing retained"
"txn=|fr=0025|pl=17654|ts=2026-09-07 15:13:49|ty=FREE_AGENT|td=dropped|cm=NA","17654","AFC","0025",2026-09-07 15:13:49,2026-09-09 09:00:00,FALSE,FALSE,"historical","Historical timing retained"
"txn=|fr=0025|pl=16639|ts=2026-09-07 15:13:49|ty=FREE_AGENT|td=dropped|cm=NA","16639","AFC","0025",2026-09-07 15:13:49,2026-09-09 09:00:00,FALSE,FALSE,"historical","Historical timing retained"
"txn=|fr=0025|pl=17175|ts=2026-09-07 15:13:49|ty=FREE_AGENT|td=dropped|cm=NA","17175","AFC","0025",2026-09-07 15:13:49,2026-09-09 09:00:00,FALSE,FALSE,"historical","Historical timing retained"
"txn=|fr=0025|pl=12678|ts=2026-09-07 15:13:49|ty=FREE_AGENT|td=dropped|cm=NA","12678","AFC","0025",2026-09-07 15:13:49,2026-09-09 09:00:00,FALSE,FALSE,"historical","Historical timing retained"
"txn=|fr=0025|pl=13832|ts=2026-09-07 15:13:49|ty=FREE_AGENT|td=dropped|cm=NA","13832","AFC","0025",2026-09-07 15:13:49,2026-09-09 09:00:00,FALSE,FALSE,"historical","Historical timing retained"
"txn=|fr=0025|pl=13260|ts=2026-09-07 15:13:49|ty=FREE_AGENT|td=dropped|cm=NA","13260","AFC","0025",2026-09-07 15:13:49,2026-09-09 09:00:00,FALSE,FALSE,"historical","Historical timing retained"
"txn=|fr=0025|pl=17638|ts=2026-09-07 15:13:49|ty=FREE_AGENT|td=dropped|cm=NA","17638","AFC","0025",2026-09-07 15:13:49,2026-09-09 09:00:00,FALSE,FALSE,"historical","Historical timing retained"
"txn=|fr=0025|pl=17633|ts=2026-09-07 15:13:49|ty=FREE_AGENT|td=dropped|cm=NA","17633","AFC","0025",2026-09-07 15:13:49,2026-09-09 09:00:00,FALSE,FALSE,"historical","Historical timing retained"
"txn=|fr=0025|pl=15807|ts=2026-09-07 15:13:49|ty=FREE_AGENT|td=dropped|cm=NA","15807","AFC","0025",2026-09-07 15:13:49,2026-09-09 09:00:00,FALSE,FALSE,"historical","Historical timing retained"
"txn=|fr=0025|pl=17630|ts=2026-09-07 15:13:49|ty=FREE_AGENT|td=dropped|cm=NA","17630","AFC","0025",2026-09-07 15:13:49,2026-09-09 09:00:00,FALSE,FALSE,"historical","Historical timing retained"
"txn=|fr=0025|pl=17618|ts=2026-09-07 15:13:49|ty=FREE_AGENT|td=dropped|cm=NA","17618","AFC","0025",2026-09-07 15:13:49,2026-09-09 09:00:00,FALSE,FALSE,"historical","Historical timing retained"
"txn=|fr=0025|pl=15890|ts=2026-09-07 15:13:49|ty=FREE_AGENT|td=dropped|cm=NA","15890","AFC","0025",2026-09-07 15:13:49,2026-09-09 09:00:00,FALSE,FALSE,"historical","Historical timing retained"
"txn=|fr=0025|pl=16139|ts=2026-09-07 15:13:49|ty=FREE_AGENT|td=dropped|cm=NA","16139","AFC","0025",2026-09-07 15:13:49,2026-09-09 09:00:00,FALSE,FALSE,"historical","Historical timing retained"
"txn=|fr=0025|pl=15895|ts=2026-09-07 15:13:49|ty=FREE_AGENT|td=dropped|cm=NA","15895","AFC","0025",2026-09-07 15:13:49,2026-09-09 09:00:00,FALSE,FALSE,"historical","Historical timing retained"
"txn=|fr=0025|pl=17186|ts=2026-09-07 15:13:49|ty=FREE_AGENT|td=dropped|cm=NA","17186","AFC","0025",2026-09-07 15:13:49,2026-09-09 09:00:00,FALSE,FALSE,"historical","Historical timing retained"
"txn=|fr=0028|pl=13226|ts=2026-09-07 14:36:15|ty=FREE_AGENT|td=dropped|cm=NA","13226","AFC","0028",2026-09-07 14:36:15,2026-09-09 09:00:00,FALSE,FALSE,"historical","Historical timing retained"
"txn=|fr=0028|pl=15409|ts=2026-09-07 14:32:42|ty=FREE_AGENT|td=dropped|cm=NA","15409","AFC","0028",2026-09-07 14:32:42,2026-09-09 09:00:00,FALSE,FALSE,"historical","Historical timing retained"
"txn=|fr=0028|pl=13289|ts=2026-09-07 14:23:02|ty=FREE_AGENT|td=dropped|cm=NA","13289","AFC","0028",2026-09-07 14:23:02,2026-09-09 09:00:00,FALSE,FALSE,"historical","Historical timing retained"
"txn=|fr=0028|pl=15382|ts=2026-09-07 14:23:02|ty=FREE_AGENT|td=dropped|cm=NA","15382","AFC","0028",2026-09-07 14:23:02,2026-09-09 09:00:00,FALSE,FALSE,"historical","Historical timing retained"
"txn=|fr=0028|pl=17150|ts=2026-09-07 14:23:02|ty=FREE_AGENT|td=dropped|cm=NA","17150","AFC","0028",2026-09-07 14:23:02,2026-09-09 09:00:00,FALSE,FALSE,"historical","Historical timing retained"
"txn=|fr=0028|pl=17598|ts=2026-09-07 14:23:02|ty=FREE_AGENT|td=dropped|cm=NA","17598","AFC","0028",2026-09-07 14:23:02,2026-09-09 09:00:00,FALSE,FALSE,"historical","Historical timing retained"
"txn=|fr=0028|pl=17635|ts=2026-09-07 14:23:02|ty=FREE_AGENT|td=dropped|cm=NA","17635","AFC","0028",2026-09-07 14:23:02,2026-09-09 09:00:00,FALSE,FALSE,"historical","Historical timing retained"
"txn=|fr=0028|pl=16189|ts=2026-09-07 14:15:19|ty=FREE_AGENT|td=dropped|cm=NA","16189","AFC","0028",2026-09-07 14:15:19,2026-09-09 09:00:00,FALSE,FALSE,"historical","Historical timing retained"
"txn=|fr=0028|pl=16216|ts=2026-09-07 14:15:19|ty=FREE_AGENT|td=dropped|cm=NA","16216","AFC","0028",2026-09-07 14:15:19,2026-09-09 09:00:00,FALSE,FALSE,"historical","Historical timing retained"
"txn=|fr=0028|pl=16661|ts=2026-09-07 14:15:19|ty=FREE_AGENT|td=dropped|cm=NA","16661","AFC","0028",2026-09-07 14:15:19,2026-09-09 09:00:00,FALSE,FALSE,"historical","Historical timing retained"
"txn=|fr=0028|pl=13133|ts=2026-09-07 14:15:19|ty=FREE_AGENT|td=dropped|cm=NA","13133","AFC","0028",2026-09-07 14:15:19,2026-09-09 09:00:00,FALSE,FALSE,"historical","Historical timing retained"
"txn=|fr=0028|pl=17672|ts=2026-09-07 14:15:19|ty=FREE_AGENT|td=dropped|cm=NA","17672","AFC","0028",2026-09-07 14:15:19,2026-09-09 09:00:00,FALSE,FALSE,"historical","Historical timing retained"
"txn=|fr=0028|pl=13332|ts=2026-09-07 14:15:19|ty=FREE_AGENT|td=dropped|cm=NA","13332","AFC","0028",2026-09-07 14:15:19,2026-09-09 09:00:00,FALSE,FALSE,"historical","Historical timing retained"
"txn=|fr=0028|pl=17600|ts=2026-09-07 14:15:19|ty=FREE_AGENT|td=dropped|cm=NA","17600","AFC","0028",2026-09-07 14:15:19,2026-09-09 09:00:00,FALSE,FALSE,"historical","Historical timing retained"
"txn=|fr=0009|pl=14900|ts=2026-09-07 13:14:52|ty=FREE_AGENT|td=dropped|cm=NA","14900","NFC","0009",2026-09-07 13:14:52,2026-09-09 09:00:00,FALSE,FALSE,"historical","Historical timing retained"
"txn=|fr=0009|pl=17171|ts=2026-09-07 13:14:20|ty=FREE_AGENT|td=dropped|cm=NA","17171","NFC","0009",2026-09-07 13:14:20,2026-09-09 09:00:00,FALSE,FALSE,"historical","Historical timing retained"
"txn=|fr=0009|pl=16635|ts=2026-09-07 13:14:20|ty=FREE_AGENT|td=dropped|cm=NA","16635","NFC","0009",2026-09-07 13:14:20,2026-09-09 09:00:00,FALSE,FALSE,"historical","Historical timing retained"
"txn=|fr=0026|pl=17046|ts=2026-09-07 12:39:00|ty=FREE_AGENT|td=dropped|cm=NA","17046","AFC","0026",2026-09-07 12:39:00,2026-09-09 09:00:00,FALSE,FALSE,"historical","Historical timing retained"
"txn=|fr=0026|pl=17574|ts=2026-09-07 12:38:51|ty=FREE_AGENT|td=dropped|cm=NA","17574","AFC","0026",2026-09-07 12:38:51,2026-09-09 09:00:00,FALSE,FALSE,"historical","Historical timing retained"
"txn=|fr=0026|pl=16102|ts=2026-09-07 12:38:51|ty=FREE_AGENT|td=dropped|cm=NA","16102","AFC","0026",2026-09-07 12:38:51,2026-09-09 09:00:00,FALSE,FALSE,"historical","Historical timing retained"
"txn=|fr=0026|pl=17058|ts=2026-09-07 12:32:30|ty=FREE_AGENT|td=dropped|cm=NA","17058","AFC","0026",2026-09-07 12:32:30,2026-09-09 09:00:00,FALSE,FALSE,"historical","Historical timing retained"
"txn=|fr=0026|pl=13132|ts=2026-09-07 12:32:30|ty=FREE_AGENT|td=dropped|cm=NA","13132","AFC","0026",2026-09-07 12:32:30,2026-09-09 09:00:00,FALSE,FALSE,"historical","Historical timing retained"
"txn=|fr=0026|pl=17650|ts=2026-09-07 12:32:30|ty=FREE_AGENT|td=dropped|cm=NA","17650","AFC","0026",2026-09-07 12:32:30,2026-09-09 09:00:00,FALSE,FALSE,"historical","Historical timing retained"
"txn=|fr=0015|pl=16629|ts=2026-09-07 12:09:58|ty=FREE_AGENT|td=dropped|cm=NA","16629","NFC","0015",2026-09-07 12:09:58,2026-09-09 09:00:00,FALSE,FALSE,"historical","Historical timing retained"
"txn=|fr=0015|pl=16385|ts=2026-09-07 12:09:58|ty=FREE_AGENT|td=dropped|cm=NA","16385","NFC","0015",2026-09-07 12:09:58,2026-09-09 09:00:00,FALSE,FALSE,"historical","Historical timing retained"
"txn=|fr=0015|pl=17504|ts=2026-09-07 12:09:58|ty=FREE_AGENT|td=dropped|cm=NA","17504","NFC","0015",2026-09-07 12:09:58,2026-09-09 09:00:00,FALSE,FALSE,"historical","Historical timing retained"
"txn=|fr=0015|pl=15409|ts=2026-09-07 12:06:49|ty=FREE_AGENT|td=dropped|cm=NA","15409","NFC","0015",2026-09-07 12:06:49,2026-09-09 09:00:00,FALSE,FALSE,"historical","Historical timing retained"
"txn=|fr=0015|pl=14592|ts=2026-09-07 12:06:49|ty=FREE_AGENT|td=dropped|cm=NA","14592","NFC","0015",2026-09-07 12:06:49,2026-09-09 09:00:00,FALSE,FALSE,"historical","Historical timing retained"
"txn=|fr=0015|pl=9064|ts=2026-09-07 12:01:49|ty=FREE_AGENT|td=dropped|cm=NA","9064","NFC","0015",2026-09-07 12:01:49,2026-09-09 09:00:00,FALSE,FALSE,"historical","Historical timing retained"
"txn=|fr=0015|pl=12141|ts=2026-09-07 12:01:49|ty=FREE_AGENT|td=dropped|cm=NA","12141","NFC","0015",2026-09-07 12:01:49,2026-09-09 09:00:00,FALSE,FALSE,"historical","Historical timing retained"
"txn=|fr=0015|pl=17141|ts=2026-09-07 12:00:59|ty=FREE_AGENT|td=dropped|cm=NA","17141","NFC","0015",2026-09-07 12:00:59,2026-09-09 09:00:00,FALSE,FALSE,"historical","Historical timing retained"
"txn=|fr=0021|pl=16693|ts=2026-09-07 11:55:41|ty=FREE_AGENT|td=dropped|cm=NA","16693","AFC","0021",2026-09-07 11:55:41,2026-09-09 09:00:00,FALSE,FALSE,"historical","Historical timing retained"
"txn=|fr=0021|pl=14434|ts=2026-09-07 11:55:41|ty=FREE_AGENT|td=dropped|cm=NA","14434","AFC","0021",2026-09-07 11:55:41,2026-09-09 09:00:00,FALSE,FALSE,"historical","Historical timing retained"
"txn=|fr=0021|pl=10775|ts=2026-09-07 11:49:44|ty=FREE_AGENT|td=dropped|cm=NA","10775","AFC","0021",2026-09-07 11:49:44,2026-09-09 09:00:00,FALSE,FALSE,"historical","Historical timing retained"
"txn=|fr=0013|pl=17476|ts=2026-09-07 09:04:47|ty=FREE_AGENT|td=dropped|cm=NA","17476","NFC","0013",2026-09-07 09:04:47,2026-09-09 09:00:00,FALSE,FALSE,"historical","Historical timing retained"
"txn=|fr=0013|pl=15831|ts=2026-09-07 09:04:47|ty=FREE_AGENT|td=dropped|cm=NA","15831","NFC","0013",2026-09-07 09:04:47,2026-09-09 09:00:00,FALSE,FALSE,"historical","Historical timing retained"
"txn=|fr=0013|pl=17467|ts=2026-09-07 09:04:47|ty=FREE_AGENT|td=dropped|cm=NA","17467","NFC","0013",2026-09-07 09:04:47,2026-09-09 09:00:00,FALSE,FALSE,"historical","Historical timing retained"
"txn=|fr=0013|pl=15738|ts=2026-09-07 09:04:47|ty=FREE_AGENT|td=dropped|cm=NA","15738","NFC","0013",2026-09-07 09:04:47,2026-09-09 09:00:00,FALSE,FALSE,"historical","Historical timing retained"
"txn=|fr=0013|pl=17648|ts=2026-09-07 09:04:47|ty=FREE_AGENT|td=dropped|cm=NA","17648","NFC","0013",2026-09-07 09:04:47,2026-09-09 09:00:00,FALSE,FALSE,"historical","Historical timing retained"
"txn=|fr=0013|pl=15873|ts=2026-09-07 09:04:47|ty=FREE_AGENT|td=dropped|cm=NA","15873","NFC","0013",2026-09-07 09:04:47,2026-09-09 09:00:00,FALSE,FALSE,"historical","Historical timing retained"
"txn=|fr=0013|pl=17644|ts=2026-09-07 09:04:47|ty=FREE_AGENT|td=dropped|cm=NA","17644","NFC","0013",2026-09-07 09:04:47,2026-09-09 09:00:00,FALSE,FALSE,"historical","Historical timing retained"
"txn=|fr=0013|pl=13832|ts=2026-09-07 09:04:47|ty=FREE_AGENT|td=dropped|cm=NA","13832","NFC","0013",2026-09-07 09:04:47,2026-09-09 09:00:00,FALSE,FALSE,"historical","Historical timing retained"
"txn=|fr=0013|pl=17118|ts=2026-09-07 09:04:47|ty=FREE_AGENT|td=dropped|cm=NA","17118","NFC","0013",2026-09-07 09:04:47,2026-09-09 09:00:00,FALSE,FALSE,"historical","Historical timing retained"
"txn=|fr=0013|pl=15859|ts=2026-09-07 09:04:47|ty=FREE_AGENT|td=dropped|cm=NA","15859","NFC","0013",2026-09-07 09:04:47,2026-09-09 09:00:00,FALSE,FALSE,"historical","Historical timing retained"
"txn=|fr=0013|pl=13228|ts=2026-09-07 09:04:47|ty=FREE_AGENT|td=dropped|cm=NA","13228","NFC","0013",2026-09-07 09:04:47,2026-09-09 09:00:00,FALSE,FALSE,"historical","Historical timing retained"
"txn=|fr=0030|pl=16757|ts=2026-09-07 04:06:33|ty=FREE_AGENT|td=dropped|cm=NA","16757","AFC","0030",2026-09-07 04:06:33,2026-09-08 09:00:00,FALSE,FALSE,"historical","Historical timing retained"
"txn=|fr=0030|pl=15787|ts=2026-09-07 04:06:33|ty=FREE_AGENT|td=dropped|cm=NA","15787","AFC","0030",2026-09-07 04:06:33,2026-09-08 09:00:00,FALSE,FALSE,"historical","Historical timing retained"
"txn=|fr=0030|pl=13448|ts=2026-09-07 04:06:33|ty=FREE_AGENT|td=dropped|cm=NA","13448","AFC","0030",2026-09-07 04:06:33,2026-09-08 09:00:00,FALSE,FALSE,"historical","Historical timing retained"
"txn=|fr=0030|pl=13325|ts=2026-09-07 04:06:33|ty=FREE_AGENT|td=dropped|cm=NA","13325","AFC","0030",2026-09-07 04:06:33,2026-09-08 09:00:00,FALSE,FALSE,"historical","Historical timing retained"
"txn=|fr=0030|pl=15081|ts=2026-09-07 03:54:46|ty=FREE_AGENT|td=dropped|cm=NA","15081","AFC","0030",2026-09-07 03:54:46,2026-09-08 09:00:00,FALSE,FALSE,"historical","Historical timing retained"
"txn=|fr=0030|pl=17625|ts=2026-09-07 03:54:46|ty=FREE_AGENT|td=dropped|cm=NA","17625","AFC","0030",2026-09-07 03:54:46,2026-09-08 09:00:00,FALSE,FALSE,"historical","Historical timing retained"
"txn=|fr=0030|pl=14867|ts=2026-09-07 03:54:46|ty=FREE_AGENT|td=dropped|cm=NA","14867","AFC","0030",2026-09-07 03:54:46,2026-09-08 09:00:00,FALSE,FALSE,"historical","Historical timing retained"
"txn=|fr=0030|pl=17666|ts=2026-09-07 03:54:46|ty=FREE_AGENT|td=dropped|cm=NA","17666","AFC","0030",2026-09-07 03:54:46,2026-09-08 09:00:00,FALSE,FALSE,"historical","Historical timing retained"
"txn=|fr=0030|pl=16923|ts=2026-09-07 03:54:46|ty=FREE_AGENT|td=dropped|cm=NA","16923","AFC","0030",2026-09-07 03:54:46,2026-09-08 09:00:00,FALSE,FALSE,"historical","Historical timing retained"
"txn=|fr=0030|pl=15866|ts=2026-09-07 03:54:46|ty=FREE_AGENT|td=dropped|cm=NA","15866","AFC","0030",2026-09-07 03:54:46,2026-09-08 09:00:00,FALSE,FALSE,"historical","Historical timing retained"
"txn=|fr=0030|pl=15676|ts=2026-09-07 03:54:46|ty=FREE_AGENT|td=dropped|cm=NA","15676","AFC","0030",2026-09-07 03:54:46,2026-09-08 09:00:00,FALSE,FALSE,"historical","Historical timing retained"
"txn=|fr=0030|pl=15402|ts=2026-09-07 03:54:46|ty=FREE_AGENT|td=dropped|cm=NA","15402","AFC","0030",2026-09-07 03:54:46,2026-09-08 09:00:00,FALSE,FALSE,"historical","Historical timing retained"
"txn=|fr=0030|pl=15510|ts=2026-09-07 03:54:46|ty=FREE_AGENT|td=dropped|cm=NA","15510","AFC","0030",2026-09-07 03:54:46,2026-09-08 09:00:00,FALSE,FALSE,"historical","Historical timing retained"
"txn=|fr=0030|pl=15238|ts=2026-09-07 03:12:07|ty=FREE_AGENT|td=dropped|cm=NA","15238","AFC","0030",2026-09-07 03:12:07,2026-09-08 09:00:00,FALSE,FALSE,"historical","Historical timing retained"
"txn=|fr=0030|pl=12140|ts=2026-09-07 03:12:07|ty=FREE_AGENT|td=dropped|cm=NA","12140","AFC","0030",2026-09-07 03:12:07,2026-09-08 09:00:00,FALSE,FALSE,"historical","Historical timing retained"
"txn=|fr=0030|pl=16432|ts=2026-09-07 03:12:07|ty=FREE_AGENT|td=dropped|cm=NA","16432","AFC","0030",2026-09-07 03:12:07,2026-09-08 09:00:00,FALSE,FALSE,"historical","Historical timing retained"
"txn=|fr=0030|pl=16444|ts=2026-09-07 03:12:07|ty=FREE_AGENT|td=dropped|cm=NA","16444","AFC","0030",2026-09-07 03:12:07,2026-09-08 09:00:00,FALSE,FALSE,"historical","Historical timing retained"
"txn=|fr=0030|pl=12956|ts=2026-09-07 03:12:07|ty=FREE_AGENT|td=dropped|cm=NA","12956","AFC","0030",2026-09-07 03:12:07,2026-09-08 09:00:00,FALSE,FALSE,"historical","Historical timing retained"
"txn=|fr=0030|pl=11383|ts=2026-09-07 03:12:07|ty=FREE_AGENT|td=dropped|cm=NA","11383","AFC","0030",2026-09-07 03:12:07,2026-09-08 09:00:00,FALSE,FALSE,"historical","Historical timing retained"
"txn=|fr=0030|pl=12754|ts=2026-09-07 03:12:07|ty=FREE_AGENT|td=dropped|cm=NA","12754","AFC","0030",2026-09-07 03:12:07,2026-09-08 09:00:00,FALSE,FALSE,"historical","Historical timing retained"
"txn=|fr=0030|pl=15849|ts=2026-09-07 03:12:07|ty=FREE_AGENT|td=dropped|cm=NA","15849","AFC","0030",2026-09-07 03:12:07,2026-09-08 09:00:00,FALSE,FALSE,"historical","Historical timing retained"
"txn=|fr=0030|pl=14198|ts=2026-09-07 03:12:07|ty=FREE_AGENT|td=dropped|cm=NA","14198","AFC","0030",2026-09-07 03:12:07,2026-09-08 09:00:00,FALSE,FALSE,"historical","Historical timing retained"
"txn=|fr=0030|pl=16594|ts=2026-09-07 03:12:07|ty=FREE_AGENT|td=dropped|cm=NA","16594","AFC","0030",2026-09-07 03:12:07,2026-09-08 09:00:00,FALSE,FALSE,"historical","Historical timing retained"
"txn=|fr=0014|pl=14256|ts=2026-09-07 03:09:16|ty=FREE_AGENT|td=dropped|cm=NA","14256","NFC","0014",2026-09-07 03:09:16,2026-09-08 09:00:00,FALSE,FALSE,"historical","Historical timing retained"
"txn=|fr=0014|pl=14983|ts=2026-09-07 03:09:16|ty=FREE_AGENT|td=dropped|cm=NA","14983","NFC","0014",2026-09-07 03:09:16,2026-09-08 09:00:00,FALSE,FALSE,"historical","Historical timing retained"
"txn=|fr=0014|pl=17699|ts=2026-09-07 03:09:16|ty=FREE_AGENT|td=dropped|cm=NA","17699","NFC","0014",2026-09-07 03:09:16,2026-09-08 09:00:00,FALSE,FALSE,"historical","Historical timing retained"
"txn=|fr=0006|pl=15702|ts=2026-09-07 02:28:21|ty=FREE_AGENT|td=dropped|cm=NA","15702","NFC","0006",2026-09-07 02:28:21,2026-09-08 09:00:00,FALSE,FALSE,"historical","Historical timing retained"
"txn=|fr=0027|pl=10945|ts=2026-09-07 01:10:10|ty=FREE_AGENT|td=dropped|cm=NA","10945","AFC","0027",2026-09-07 01:10:10,2026-09-08 09:00:00,FALSE,FALSE,"historical","Historical timing retained"
"txn=|fr=0027|pl=12785|ts=2026-09-07 01:08:32|ty=FREE_AGENT|td=dropped|cm=NA","12785","AFC","0027",2026-09-07 01:08:32,2026-09-08 09:00:00,FALSE,FALSE,"historical","Historical timing retained"
"txn=|fr=0027|pl=17549|ts=2026-09-07 01:08:32|ty=FREE_AGENT|td=dropped|cm=NA","17549","AFC","0027",2026-09-07 01:08:32,2026-09-08 09:00:00,FALSE,FALSE,"historical","Historical timing retained"
"txn=|fr=0027|pl=17603|ts=2026-09-07 01:08:32|ty=FREE_AGENT|td=dropped|cm=NA","17603","AFC","0027",2026-09-07 01:08:32,2026-09-08 09:00:00,FALSE,FALSE,"historical","Historical timing retained"
"txn=|fr=0027|pl=17645|ts=2026-09-07 01:08:32|ty=FREE_AGENT|td=dropped|cm=NA","17645","AFC","0027",2026-09-07 01:08:32,2026-09-08 09:00:00,FALSE,FALSE,"historical","Historical timing retained"
"txn=|fr=0027|pl=16926|ts=2026-09-07 01:08:32|ty=FREE_AGENT|td=dropped|cm=NA","16926","AFC","0027",2026-09-07 01:08:32,2026-09-08 09:00:00,FALSE,FALSE,"historical","Historical timing retained"
"txn=|fr=0027|pl=12831|ts=2026-09-07 01:08:32|ty=FREE_AGENT|td=dropped|cm=NA","12831","AFC","0027",2026-09-07 01:08:32,2026-09-08 09:00:00,FALSE,FALSE,"historical","Historical timing retained"
"txn=|fr=0027|pl=12231|ts=2026-09-07 01:08:32|ty=FREE_AGENT|td=dropped|cm=NA","12231","AFC","0027",2026-09-07 01:08:32,2026-09-08 09:00:00,FALSE,FALSE,"historical","Historical timing retained"
"txn=|fr=0027|pl=17642|ts=2026-09-07 01:08:32|ty=FREE_AGENT|td=dropped|cm=NA","17642","AFC","0027",2026-09-07 01:08:32,2026-09-08 09:00:00,FALSE,FALSE,"historical","Historical timing retained"
"txn=|fr=0027|pl=17564|ts=2026-09-07 01:08:32|ty=FREE_AGENT|td=dropped|cm=NA","17564","AFC","0027",2026-09-07 01:08:32,2026-09-08 09:00:00,FALSE,FALSE,"historical","Historical timing retained"
"txn=|fr=0007|pl=15385|ts=2026-09-07 00:44:19|ty=FREE_AGENT|td=dropped|cm=NA","15385","NFC","0007",2026-09-07 00:44:19,2026-09-08 09:00:00,FALSE,FALSE,"historical","Historical timing retained"
"txn=|fr=0007|pl=14067|ts=2026-09-07 00:44:19|ty=FREE_AGENT|td=dropped|cm=NA","14067","NFC","0007",2026-09-07 00:44:19,2026-09-08 09:00:00,FALSE,FALSE,"historical","Historical timing retained"
"txn=|fr=0007|pl=16492|ts=2026-09-07 00:33:40|ty=FREE_AGENT|td=dropped|cm=NA","16492","NFC","0007",2026-09-07 00:33:40,2026-09-08 09:00:00,FALSE,FALSE,"historical","Historical timing retained"
"txn=|fr=0007|pl=17269|ts=2026-09-07 00:33:40|ty=FREE_AGENT|td=dropped|cm=NA","17269","NFC","0007",2026-09-07 00:33:40,2026-09-08 09:00:00,FALSE,FALSE,"historical","Historical timing retained"
"txn=|fr=0004|pl=16731|ts=2026-09-07 00:32:47|ty=FREE_AGENT|td=dropped|cm=NA","16731","NFC","0004",2026-09-07 00:32:47,2026-09-08 09:00:00,FALSE,FALSE,"historical","Historical timing retained"
"txn=|fr=0002|pl=17060|ts=2026-09-07 00:23:27|ty=FREE_AGENT|td=dropped|cm=NA","17060","NFC","0002",2026-09-07 00:23:27,2026-09-08 09:00:00,FALSE,FALSE,"historical","Historical timing retained"
"txn=|fr=0006|pl=17220|ts=2026-09-06 23:47:11|ty=FREE_AGENT|td=dropped|cm=NA","17220","NFC","0006",2026-09-06 23:47:11,2026-09-08 09:00:00,FALSE,FALSE,"historical","Historical timing retained"
"txn=|fr=0006|pl=15894|ts=2026-09-06 23:47:11|ty=FREE_AGENT|td=dropped|cm=NA","15894","NFC","0006",2026-09-06 23:47:11,2026-09-08 09:00:00,FALSE,FALSE,"historical","Historical timing retained"
"txn=|fr=0006|pl=17201|ts=2026-09-06 23:31:33|ty=FREE_AGENT|td=dropped|cm=NA","17201","NFC","0006",2026-09-06 23:31:33,2026-09-08 09:00:00,FALSE,FALSE,"historical","Historical timing retained"
"txn=|fr=0006|pl=17608|ts=2026-09-06 23:31:33|ty=FREE_AGENT|td=dropped|cm=NA","17608","NFC","0006",2026-09-06 23:31:33,2026-09-08 09:00:00,FALSE,FALSE,"historical","Historical timing retained"
"txn=|fr=0029|pl=15797|ts=2026-09-06 22:20:44|ty=FREE_AGENT|td=dropped|cm=NA","15797","AFC","0029",2026-09-06 22:20:44,2026-09-08 09:00:00,FALSE,FALSE,"historical","Historical timing retained"
"txn=|fr=0004|pl=17034|ts=2026-09-06 21:41:01|ty=FREE_AGENT|td=dropped|cm=NA","17034","NFC","0004",2026-09-06 21:41:01,2026-09-08 09:00:00,FALSE,FALSE,"historical","Historical timing retained"
"txn=|fr=0004|pl=16757|ts=2026-09-06 21:41:01|ty=FREE_AGENT|td=dropped|cm=NA","16757","NFC","0004",2026-09-06 21:41:01,2026-09-08 09:00:00,FALSE,FALSE,"historical","Historical timing retained"
"txn=|fr=0004|pl=13332|ts=2026-09-06 21:41:01|ty=FREE_AGENT|td=dropped|cm=NA","13332","NFC","0004",2026-09-06 21:41:01,2026-09-08 09:00:00,FALSE,FALSE,"historical","Historical timing retained"
"txn=|fr=0004|pl=15395|ts=2026-09-06 21:41:01|ty=FREE_AGENT|td=dropped|cm=NA","15395","NFC","0004",2026-09-06 21:41:01,2026-09-08 09:00:00,FALSE,FALSE,"historical","Historical timing retained"
"txn=|fr=0004|pl=17221|ts=2026-09-06 21:41:01|ty=FREE_AGENT|td=dropped|cm=NA","17221","NFC","0004",2026-09-06 21:41:01,2026-09-08 09:00:00,FALSE,FALSE,"historical","Historical timing retained"
"txn=|fr=0004|pl=17200|ts=2026-09-06 21:41:01|ty=FREE_AGENT|td=dropped|cm=NA","17200","NFC","0004",2026-09-06 21:41:01,2026-09-08 09:00:00,FALSE,FALSE,"historical","Historical timing retained"
"txn=|fr=0004|pl=16677|ts=2026-09-06 21:41:01|ty=FREE_AGENT|td=dropped|cm=NA","16677","NFC","0004",2026-09-06 21:41:01,2026-09-08 09:00:00,FALSE,FALSE,"historical","Historical timing retained"
"txn=|fr=0004|pl=17186|ts=2026-09-06 21:41:01|ty=FREE_AGENT|td=dropped|cm=NA","17186","NFC","0004",2026-09-06 21:41:01,2026-09-08 09:00:00,FALSE,FALSE,"historical","Historical timing retained"
"txn=|fr=0004|pl=17640|ts=2026-09-06 21:41:01|ty=FREE_AGENT|td=dropped|cm=NA","17640","NFC","0004",2026-09-06 21:41:01,2026-09-08 09:00:00,FALSE,FALSE,"historical","Historical timing retained"
"txn=|fr=0004|pl=16304|ts=2026-09-06 21:41:01|ty=FREE_AGENT|td=dropped|cm=NA","16304","NFC","0004",2026-09-06 21:41:01,2026-09-08 09:00:00,FALSE,FALSE,"historical","Historical timing retained"
"txn=|fr=0029|pl=17158|ts=2026-09-06 21:21:50|ty=FREE_AGENT|td=dropped|cm=NA","17158","AFC","0029",2026-09-06 21:21:50,2026-09-08 09:00:00,FALSE,FALSE,"historical","Historical timing retained"
"txn=|fr=0032|pl=17353|ts=2026-09-06 19:37:21|ty=FREE_AGENT|td=dropped|cm=NA","17353","AFC","0032",2026-09-06 19:37:21,2026-09-08 09:00:00,FALSE,FALSE,"historical","Historical timing retained"
"txn=|fr=0032|pl=17465|ts=2026-09-06 19:37:21|ty=FREE_AGENT|td=dropped|cm=NA","17465","AFC","0032",2026-09-06 19:37:21,2026-09-08 09:00:00,FALSE,FALSE,"historical","Historical timing retained"
"txn=|fr=0032|pl=17049|ts=2026-09-06 19:37:21|ty=FREE_AGENT|td=dropped|cm=NA","17049","AFC","0032",2026-09-06 19:37:21,2026-09-08 09:00:00,FALSE,FALSE,"historical","Historical timing retained"
"txn=|fr=0009|pl=16152|ts=2026-09-06 19:28:57|ty=FREE_AGENT|td=dropped|cm=NA","16152","NFC","0009",2026-09-06 19:28:57,2026-09-08 09:00:00,FALSE,FALSE,"historical","Historical timing retained"
"txn=|fr=0009|pl=13189|ts=2026-09-06 19:28:57|ty=FREE_AGENT|td=dropped|cm=NA","13189","NFC","0009",2026-09-06 19:28:57,2026-09-08 09:00:00,FALSE,FALSE,"historical","Historical timing retained"
"txn=|fr=0009|pl=16608|ts=2026-09-06 19:28:57|ty=FREE_AGENT|td=dropped|cm=NA","16608","NFC","0009",2026-09-06 19:28:57,2026-09-08 09:00:00,FALSE,FALSE,"historical","Historical timing retained"
"txn=|fr=0009|pl=16293|ts=2026-09-06 19:28:57|ty=FREE_AGENT|td=dropped|cm=NA","16293","NFC","0009",2026-09-06 19:28:57,2026-09-08 09:00:00,FALSE,FALSE,"historical","Historical timing retained"
"txn=|fr=0008|pl=15676|ts=2026-09-06 15:23:55|ty=FREE_AGENT|td=dropped|cm=NA","15676","NFC","0008",2026-09-06 15:23:55,2026-09-08 09:00:00,FALSE,FALSE,"historical","Historical timing retained"
"txn=|fr=0005|pl=13710|ts=2026-09-06 08:04:43|ty=FREE_AGENT|td=dropped|cm=NA","13710","NFC","0005",2026-09-06 08:04:43,2026-09-07 09:00:00,FALSE,FALSE,"historical","Historical timing retained"
"txn=|fr=0005|pl=17645|ts=2026-09-06 08:04:43|ty=FREE_AGENT|td=dropped|cm=NA","17645","NFC","0005",2026-09-06 08:04:43,2026-09-07 09:00:00,FALSE,FALSE,"historical","Historical timing retained"
"txn=|fr=0005|pl=17178|ts=2026-09-06 08:04:43|ty=FREE_AGENT|td=dropped|cm=NA","17178","NFC","0005",2026-09-06 08:04:43,2026-09-07 09:00:00,FALSE,FALSE,"historical","Historical timing retained"
"txn=|fr=0005|pl=15124|ts=2026-09-06 08:04:43|ty=FREE_AGENT|td=dropped|cm=NA","15124","NFC","0005",2026-09-06 08:04:43,2026-09-07 09:00:00,FALSE,FALSE,"historical","Historical timing retained"
"txn=|fr=0005|pl=14328|ts=2026-09-06 08:04:43|ty=FREE_AGENT|td=dropped|cm=NA","14328","NFC","0005",2026-09-06 08:04:43,2026-09-07 09:00:00,FALSE,FALSE,"historical","Historical timing retained"
"txn=|fr=0005|pl=16296|ts=2026-09-06 07:49:18|ty=FREE_AGENT|td=dropped|cm=NA","16296","NFC","0005",2026-09-06 07:49:18,2026-09-07 09:00:00,FALSE,FALSE,"historical","Historical timing retained"
"txn=|fr=0005|pl=16171|ts=2026-09-06 07:43:45|ty=FREE_AGENT|td=dropped|cm=NA","16171","NFC","0005",2026-09-06 07:43:45,2026-09-07 09:00:00,FALSE,FALSE,"historical","Historical timing retained"
"txn=|fr=0005|pl=16610|ts=2026-09-06 07:43:45|ty=FREE_AGENT|td=dropped|cm=NA","16610","NFC","0005",2026-09-06 07:43:45,2026-09-07 09:00:00,FALSE,FALSE,"historical","Historical timing retained"
"txn=|fr=0005|pl=16189|ts=2026-09-06 07:43:45|ty=FREE_AGENT|td=dropped|cm=NA","16189","NFC","0005",2026-09-06 07:43:45,2026-09-07 09:00:00,FALSE,FALSE,"historical","Historical timing retained"
"txn=|fr=0005|pl=13192|ts=2026-09-06 07:43:45|ty=FREE_AGENT|td=dropped|cm=NA","13192","NFC","0005",2026-09-06 07:43:45,2026-09-07 09:00:00,FALSE,FALSE,"historical","Historical timing retained"
"txn=|fr=0005|pl=15499|ts=2026-09-06 07:43:45|ty=FREE_AGENT|td=dropped|cm=NA","15499","NFC","0005",2026-09-06 07:43:45,2026-09-07 09:00:00,FALSE,FALSE,"historical","Historical timing retained"
"txn=|fr=0005|pl=14182|ts=2026-09-06 07:43:45|ty=FREE_AGENT|td=dropped|cm=NA","14182","NFC","0005",2026-09-06 07:43:45,2026-09-07 09:00:00,FALSE,FALSE,"historical","Historical timing retained"
"txn=|fr=0005|pl=12772|ts=2026-09-06 07:43:45|ty=FREE_AGENT|td=dropped|cm=NA","12772","NFC","0005",2026-09-06 07:43:45,2026-09-07 09:00:00,FALSE,FALSE,"historical","Historical timing retained"
"txn=|fr=0005|pl=17615|ts=2026-09-06 07:16:48|ty=FREE_AGENT|td=dropped|cm=NA","17615","NFC","0005",2026-09-06 07:16:48,2026-09-07 09:00:00,FALSE,FALSE,"historical","Historical timing retained"
"txn=|fr=0005|pl=17129|ts=2026-09-06 07:16:38|ty=FREE_AGENT|td=dropped|cm=NA","17129","NFC","0005",2026-09-06 07:16:38,2026-09-07 09:00:00,FALSE,FALSE,"historical","Historical timing retained"
"txn=|fr=0005|pl=17609|ts=2026-09-06 07:16:38|ty=FREE_AGENT|td=dropped|cm=NA","17609","NFC","0005",2026-09-06 07:16:38,2026-09-07 09:00:00,FALSE,FALSE,"historical","Historical timing retained"
"txn=|fr=0005|pl=13888|ts=2026-09-06 06:54:39|ty=FREE_AGENT|td=dropped|cm=NA","13888","NFC","0005",2026-09-06 06:54:39,2026-09-07 09:00:00,FALSE,FALSE,"historical","Historical timing retained"
"txn=|fr=0005|pl=15398|ts=2026-09-06 06:54:39|ty=FREE_AGENT|td=dropped|cm=NA","15398","NFC","0005",2026-09-06 06:54:39,2026-09-07 09:00:00,FALSE,FALSE,"historical","Historical timing retained"
"txn=|fr=0005|pl=15899|ts=2026-09-06 06:54:39|ty=FREE_AGENT|td=dropped|cm=NA","15899","NFC","0005",2026-09-06 06:54:39,2026-09-07 09:00:00,FALSE,FALSE,"historical","Historical timing retained"
"txn=|fr=0005|pl=14210|ts=2026-09-06 06:54:39|ty=FREE_AGENT|td=dropped|cm=NA","14210","NFC","0005",2026-09-06 06:54:39,2026-09-07 09:00:00,FALSE,FALSE,"historical","Historical timing retained"
"txn=|fr=0005|pl=14168|ts=2026-09-06 06:39:50|ty=FREE_AGENT|td=dropped|cm=NA","14168","NFC","0005",2026-09-06 06:39:50,2026-09-07 09:00:00,FALSE,FALSE,"historical","Historical timing retained"
"txn=|fr=0005|pl=17184|ts=2026-09-06 06:39:50|ty=FREE_AGENT|td=dropped|cm=NA","17184","NFC","0005",2026-09-06 06:39:50,2026-09-07 09:00:00,FALSE,FALSE,"historical","Historical timing retained"
"txn=|fr=0005|pl=17353|ts=2026-09-06 06:39:50|ty=FREE_AGENT|td=dropped|cm=NA","17353","NFC","0005",2026-09-06 06:39:50,2026-09-07 09:00:00,FALSE,FALSE,"historical","Historical timing retained"
"txn=|fr=0005|pl=14162|ts=2026-09-06 06:39:50|ty=FREE_AGENT|td=dropped|cm=NA","14162","NFC","0005",2026-09-06 06:39:50,2026-09-07 09:00:00,FALSE,FALSE,"historical","Historical timing retained"
"txn=|fr=0019|pl=15823|ts=2026-09-06 03:49:29|ty=FREE_AGENT|td=dropped|cm=NA","15823","AFC","0019",2026-09-06 03:49:29,2026-09-07 09:00:00,FALSE,FALSE,"historical","Historical timing retained"
"txn=|fr=0006|pl=12678|ts=2026-09-06 03:49:02|ty=FREE_AGENT|td=dropped|cm=NA","12678","NFC","0006",2026-09-06 03:49:02,2026-09-07 09:00:00,FALSE,FALSE,"historical","Historical timing retained"
"txn=|fr=0006|pl=16175|ts=2026-09-06 03:49:02|ty=FREE_AGENT|td=dropped|cm=NA","16175","NFC","0006",2026-09-06 03:49:02,2026-09-07 09:00:00,FALSE,FALSE,"historical","Historical timing retained"
"txn=|fr=0006|pl=15914|ts=2026-09-06 03:49:02|ty=FREE_AGENT|td=dropped|cm=NA","15914","NFC","0006",2026-09-06 03:49:02,2026-09-07 09:00:00,FALSE,FALSE,"historical","Historical timing retained"
"txn=|fr=0006|pl=17207|ts=2026-09-06 03:49:02|ty=FREE_AGENT|td=dropped|cm=NA","17207","NFC","0006",2026-09-06 03:49:02,2026-09-07 09:00:00,FALSE,FALSE,"historical","Historical timing retained"
"txn=|fr=0006|pl=14122|ts=2026-09-06 03:49:02|ty=FREE_AGENT|td=dropped|cm=NA","14122","NFC","0006",2026-09-06 03:49:02,2026-09-07 09:00:00,FALSE,FALSE,"historical","Historical timing retained"
"txn=|fr=0006|pl=15864|ts=2026-09-06 03:49:02|ty=FREE_AGENT|td=dropped|cm=NA","15864","NFC","0006",2026-09-06 03:49:02,2026-09-07 09:00:00,FALSE,FALSE,"historical","Historical timing retained"
"txn=|fr=0009|pl=17063|ts=2026-09-05 22:23:57|ty=FREE_AGENT|td=dropped|cm=NA","17063","NFC","0009",2026-09-05 22:23:57,2026-09-07 09:00:00,FALSE,FALSE,"historical","Historical timing retained"
"txn=|fr=0021|pl=13354|ts=2026-09-05 22:01:19|ty=FREE_AGENT|td=dropped|cm=NA","13354","AFC","0021",2026-09-05 22:01:19,2026-09-07 09:00:00,FALSE,FALSE,"historical","Historical timing retained"
"txn=|fr=0021|pl=14985|ts=2026-09-05 22:01:19|ty=FREE_AGENT|td=dropped|cm=NA","14985","AFC","0021",2026-09-05 22:01:19,2026-09-07 09:00:00,FALSE,FALSE,"historical","Historical timing retained"
"txn=|fr=0021|pl=14924|ts=2026-09-05 21:59:07|ty=FREE_AGENT|td=dropped|cm=NA","14924","AFC","0021",2026-09-05 21:59:07,2026-09-07 09:00:00,FALSE,FALSE,"historical","Historical timing retained"
"txn=|fr=0021|pl=15173|ts=2026-09-05 21:58:51|ty=FREE_AGENT|td=dropped|cm=NA","15173","AFC","0021",2026-09-05 21:58:51,2026-09-07 09:00:00,FALSE,FALSE,"historical","Historical timing retained"
"txn=|fr=0021|pl=9051|ts=2026-09-05 21:58:44|ty=FREE_AGENT|td=dropped|cm=NA","9051","AFC","0021",2026-09-05 21:58:44,2026-09-07 09:00:00,FALSE,FALSE,"historical","Historical timing retained"
"txn=|fr=0014|pl=17061|ts=2026-09-05 21:14:15|ty=FREE_AGENT|td=dropped|cm=NA","17061","NFC","0014",2026-09-05 21:14:15,2026-09-07 09:00:00,FALSE,FALSE,"historical","Historical timing retained"
"txn=|fr=0014|pl=16191|ts=2026-09-05 21:14:15|ty=FREE_AGENT|td=dropped|cm=NA","16191","NFC","0014",2026-09-05 21:14:15,2026-09-07 09:00:00,FALSE,FALSE,"historical","Historical timing retained"
"txn=|fr=0014|pl=16642|ts=2026-09-05 21:14:15|ty=FREE_AGENT|td=dropped|cm=NA","16642","NFC","0014",2026-09-05 21:14:15,2026-09-07 09:00:00,FALSE,FALSE,"historical","Historical timing retained"
"txn=|fr=0014|pl=12735|ts=2026-09-05 21:14:15|ty=FREE_AGENT|td=dropped|cm=NA","12735","NFC","0014",2026-09-05 21:14:15,2026-09-07 09:00:00,FALSE,FALSE,"historical","Historical timing retained"
"txn=|fr=0014|pl=17487|ts=2026-09-05 21:14:15|ty=FREE_AGENT|td=dropped|cm=NA","17487","NFC","0014",2026-09-05 21:14:15,2026-09-07 09:00:00,FALSE,FALSE,"historical","Historical timing retained"
"txn=|fr=0014|pl=17536|ts=2026-09-05 21:14:15|ty=FREE_AGENT|td=dropped|cm=NA","17536","NFC","0014",2026-09-05 21:14:15,2026-09-07 09:00:00,FALSE,FALSE,"historical","Historical timing retained"
"txn=|fr=0014|pl=17675|ts=2026-09-05 21:14:15|ty=FREE_AGENT|td=dropped|cm=NA","17675","NFC","0014",2026-09-05 21:14:15,2026-09-07 09:00:00,FALSE,FALSE,"historical","Historical timing retained"
"txn=|fr=0014|pl=17538|ts=2026-09-05 21:14:15|ty=FREE_AGENT|td=dropped|cm=NA","17538","NFC","0014",2026-09-05 21:14:15,2026-09-07 09:00:00,FALSE,FALSE,"historical","Historical timing retained"
"txn=|fr=0014|pl=17642|ts=2026-09-05 21:14:15|ty=FREE_AGENT|td=dropped|cm=NA","17642","NFC","0014",2026-09-05 21:14:15,2026-09-07 09:00:00,FALSE,FALSE,"historical","Historical timing retained"
"txn=|fr=0032|pl=17035|ts=2026-09-05 20:10:40|ty=FREE_AGENT|td=dropped|cm=NA","17035","AFC","0032",2026-09-05 20:10:40,2026-09-07 09:00:00,FALSE,FALSE,"historical","Historical timing retained"
"txn=|fr=0012|pl=17480|ts=2026-09-05 14:46:10|ty=FREE_AGENT|td=dropped|cm=NA","17480","NFC","0012",2026-09-05 14:46:10,2026-09-07 09:00:00,FALSE,FALSE,"historical","Historical timing retained"
"txn=|fr=0012|pl=0804|ts=2026-09-05 14:46:10|ty=FREE_AGENT|td=dropped|cm=NA","0804","NFC","0012",2026-09-05 14:46:10,2026-09-07 09:00:00,FALSE,FALSE,"historical","Historical timing retained"
"txn=|fr=0012|pl=17603|ts=2026-09-05 14:46:10|ty=FREE_AGENT|td=dropped|cm=NA","17603","NFC","0012",2026-09-05 14:46:10,2026-09-07 09:00:00,FALSE,FALSE,"historical","Historical timing retained"
"txn=|fr=0012|pl=0803|ts=2026-09-05 14:46:10|ty=FREE_AGENT|td=dropped|cm=NA","0803","NFC","0012",2026-09-05 14:46:10,2026-09-07 09:00:00,FALSE,FALSE,"historical","Historical timing retained"
"txn=|fr=0015|pl=13172|ts=2026-09-05 00:43:00|ty=FREE_AGENT|td=dropped|cm=NA","13172","NFC","0015",2026-09-05 00:43:00,2026-09-06 09:00:00,FALSE,FALSE,"historical","Historical timing retained"
"txn=|fr=0015|pl=16286|ts=2026-09-05 00:43:00|ty=FREE_AGENT|td=dropped|cm=NA","16286","NFC","0015",2026-09-05 00:43:00,2026-09-06 09:00:00,FALSE,FALSE,"historical","Historical timing retained"
"txn=|fr=0015|pl=14901|ts=2026-09-05 00:43:00|ty=FREE_AGENT|td=dropped|cm=NA","14901","NFC","0015",2026-09-05 00:43:00,2026-09-06 09:00:00,FALSE,FALSE,"historical","Historical timing retained"
"txn=|fr=0015|pl=17683|ts=2026-09-05 00:43:00|ty=FREE_AGENT|td=dropped|cm=NA","17683","NFC","0015",2026-09-05 00:43:00,2026-09-06 09:00:00,FALSE,FALSE,"historical","Historical timing retained"
"txn=|fr=0015|pl=17700|ts=2026-09-05 00:43:00|ty=FREE_AGENT|td=dropped|cm=NA","17700","NFC","0015",2026-09-05 00:43:00,2026-09-06 09:00:00,FALSE,FALSE,"historical","Historical timing retained"
"txn=|fr=0010|pl=15749|ts=2026-09-04 22:32:55|ty=FREE_AGENT|td=dropped|cm=NA","15749","NFC","0010",2026-09-04 22:32:55,2026-09-06 09:00:00,FALSE,FALSE,"historical","Historical timing retained"
"txn=|fr=0010|pl=16344|ts=2026-09-04 22:31:16|ty=FREE_AGENT|td=dropped|cm=NA","16344","NFC","0010",2026-09-04 22:31:16,2026-09-06 09:00:00,FALSE,FALSE,"historical","Historical timing retained"
"txn=|fr=0010|pl=15890|ts=2026-09-04 22:31:16|ty=FREE_AGENT|td=dropped|cm=NA","15890","NFC","0010",2026-09-04 22:31:16,2026-09-06 09:00:00,FALSE,FALSE,"historical","Historical timing retained"
"txn=|fr=0010|pl=15076|ts=2026-09-04 22:31:16|ty=FREE_AGENT|td=dropped|cm=NA","15076","NFC","0010",2026-09-04 22:31:16,2026-09-06 09:00:00,FALSE,FALSE,"historical","Historical timing retained"
"txn=|fr=0010|pl=16263|ts=2026-09-04 22:31:16|ty=FREE_AGENT|td=dropped|cm=NA","16263","NFC","0010",2026-09-04 22:31:16,2026-09-06 09:00:00,FALSE,FALSE,"historical","Historical timing retained"
"txn=|fr=0010|pl=16640|ts=2026-09-04 22:31:16|ty=FREE_AGENT|td=dropped|cm=NA","16640","NFC","0010",2026-09-04 22:31:16,2026-09-06 09:00:00,FALSE,FALSE,"historical","Historical timing retained"
"txn=|fr=0010|pl=17686|ts=2026-09-04 22:31:16|ty=FREE_AGENT|td=dropped|cm=NA","17686","NFC","0010",2026-09-04 22:31:16,2026-09-06 09:00:00,FALSE,FALSE,"historical","Historical timing retained"
"txn=|fr=0010|pl=15565|ts=2026-09-04 22:31:16|ty=FREE_AGENT|td=dropped|cm=NA","15565","NFC","0010",2026-09-04 22:31:16,2026-09-06 09:00:00,FALSE,FALSE,"historical","Historical timing retained"
"txn=|fr=0010|pl=16738|ts=2026-09-04 22:31:16|ty=FREE_AGENT|td=dropped|cm=NA","16738","NFC","0010",2026-09-04 22:31:16,2026-09-06 09:00:00,FALSE,FALSE,"historical","Historical timing retained"
"txn=|fr=0029|pl=13189|ts=2026-09-04 21:14:05|ty=FREE_AGENT|td=dropped|cm=NA","13189","AFC","0029",2026-09-04 21:14:05,2026-09-06 09:00:00,FALSE,FALSE,"historical","Historical timing retained"
"txn=|fr=0021|pl=15140|ts=2026-09-04 21:12:23|ty=FREE_AGENT|td=dropped|cm=NA","15140","AFC","0021",2026-09-04 21:12:23,2026-09-06 09:00:00,FALSE,FALSE,"historical","Historical timing retained"
"txn=|fr=0021|pl=17116|ts=2026-09-04 21:09:52|ty=FREE_AGENT|td=dropped|cm=NA","17116","AFC","0021",2026-09-04 21:09:52,2026-09-06 09:00:00,FALSE,FALSE,"historical","Historical timing retained"
"txn=|fr=0012|pl=16520|ts=2026-09-04 16:15:14|ty=FREE_AGENT|td=dropped|cm=NA","16520","NFC","0012",2026-09-04 16:15:14,2026-09-06 09:00:00,FALSE,FALSE,"historical","Historical timing retained"
"txn=|fr=0012|pl=13810|ts=2026-09-04 16:15:14|ty=FREE_AGENT|td=dropped|cm=NA","13810","NFC","0012",2026-09-04 16:15:14,2026-09-06 09:00:00,FALSE,FALSE,"historical","Historical timing retained"
"txn=|fr=0012|pl=16257|ts=2026-09-04 16:15:14|ty=FREE_AGENT|td=dropped|cm=NA","16257","NFC","0012",2026-09-04 16:15:14,2026-09-06 09:00:00,FALSE,FALSE,"historical","Historical timing retained"
"txn=|fr=0012|pl=16253|ts=2026-09-04 16:15:14|ty=FREE_AGENT|td=dropped|cm=NA","16253","NFC","0012",2026-09-04 16:15:14,2026-09-06 09:00:00,FALSE,FALSE,"historical","Historical timing retained"
"txn=|fr=0012|pl=13738|ts=2026-09-04 16:15:14|ty=FREE_AGENT|td=dropped|cm=NA","13738","NFC","0012",2026-09-04 16:15:14,2026-09-06 09:00:00,FALSE,FALSE,"historical","Historical timing retained"
"txn=|fr=0012|pl=17713|ts=2026-09-04 16:15:14|ty=FREE_AGENT|td=dropped|cm=NA","17713","NFC","0012",2026-09-04 16:15:14,2026-09-06 09:00:00,FALSE,FALSE,"historical","Historical timing retained"
"txn=|fr=0012|pl=17471|ts=2026-09-04 16:15:14|ty=FREE_AGENT|td=dropped|cm=NA","17471","NFC","0012",2026-09-04 16:15:14,2026-09-06 09:00:00,FALSE,FALSE,"historical","Historical timing retained"
"txn=|fr=0012|pl=16255|ts=2026-09-04 16:15:14|ty=FREE_AGENT|td=dropped|cm=NA","16255","NFC","0012",2026-09-04 16:15:14,2026-09-06 09:00:00,FALSE,FALSE,"historical","Historical timing retained"
"txn=|fr=0006|pl=14244|ts=2026-09-04 01:47:59|ty=FREE_AGENT|td=dropped|cm=NA","14244","NFC","0006",2026-09-04 01:47:59,2026-09-05 09:00:00,FALSE,FALSE,"historical","Historical timing retained"
"txn=|fr=0006|pl=17226|ts=2026-09-04 01:47:59|ty=FREE_AGENT|td=dropped|cm=NA","17226","NFC","0006",2026-09-04 01:47:59,2026-09-05 09:00:00,FALSE,FALSE,"historical","Historical timing retained"
"txn=|fr=0006|pl=15849|ts=2026-09-04 01:47:59|ty=FREE_AGENT|td=dropped|cm=NA","15849","NFC","0006",2026-09-04 01:47:59,2026-09-05 09:00:00,FALSE,FALSE,"historical","Historical timing retained"
"txn=|fr=0006|pl=17620|ts=2026-09-04 01:47:59|ty=FREE_AGENT|td=dropped|cm=NA","17620","NFC","0006",2026-09-04 01:47:59,2026-09-05 09:00:00,FALSE,FALSE,"historical","Historical timing retained"
"txn=|fr=0006|pl=16330|ts=2026-09-03 23:59:43|ty=FREE_AGENT|td=dropped|cm=NA","16330","NFC","0006",2026-09-03 23:59:43,2026-09-05 09:00:00,FALSE,FALSE,"historical","Historical timing retained"
"txn=|fr=0006|pl=16153|ts=2026-09-03 23:59:43|ty=FREE_AGENT|td=dropped|cm=NA","16153","NFC","0006",2026-09-03 23:59:43,2026-09-05 09:00:00,FALSE,FALSE,"historical","Historical timing retained"
"txn=|fr=0006|pl=13146|ts=2026-09-03 23:59:43|ty=FREE_AGENT|td=dropped|cm=NA","13146","NFC","0006",2026-09-03 23:59:43,2026-09-05 09:00:00,FALSE,FALSE,"historical","Historical timing retained"
"txn=|fr=0006|pl=10313|ts=2026-09-03 23:59:43|ty=FREE_AGENT|td=dropped|cm=NA","10313","NFC","0006",2026-09-03 23:59:43,2026-09-05 09:00:00,FALSE,FALSE,"historical","Historical timing retained"
"txn=|fr=0006|pl=14930|ts=2026-09-03 23:59:43|ty=FREE_AGENT|td=dropped|cm=NA","14930","NFC","0006",2026-09-03 23:59:43,2026-09-05 09:00:00,FALSE,FALSE,"historical","Historical timing retained"
"txn=|fr=0006|pl=17064|ts=2026-09-03 23:59:43|ty=FREE_AGENT|td=dropped|cm=NA","17064","NFC","0006",2026-09-03 23:59:43,2026-09-05 09:00:00,FALSE,FALSE,"historical","Historical timing retained"
"txn=|fr=0006|pl=15461|ts=2026-09-03 23:59:43|ty=FREE_AGENT|td=dropped|cm=NA","15461","NFC","0006",2026-09-03 23:59:43,2026-09-05 09:00:00,FALSE,FALSE,"historical","Historical timing retained"
"txn=|fr=0006|pl=17662|ts=2026-09-03 23:59:43|ty=FREE_AGENT|td=dropped|cm=NA","17662","NFC","0006",2026-09-03 23:59:43,2026-09-05 09:00:00,FALSE,FALSE,"historical","Historical timing retained"
"txn=|fr=0029|pl=17222|ts=2026-09-03 21:22:10|ty=FREE_AGENT|td=dropped|cm=NA","17222","AFC","0029",2026-09-03 21:22:10,2026-09-05 09:00:00,FALSE,FALSE,"historical","Historical timing retained"
"txn=|fr=0018|pl=15716|ts=2026-09-03 19:33:23|ty=FREE_AGENT|td=dropped|cm=NA","15716","AFC","0018",2026-09-03 19:33:23,2026-09-05 09:00:00,FALSE,FALSE,"historical","Historical timing retained"
"txn=|fr=0021|pl=13172|ts=2026-09-03 19:23:30|ty=FREE_AGENT|td=dropped|cm=NA","13172","AFC","0021",2026-09-03 19:23:30,2026-09-05 09:00:00,FALSE,FALSE,"historical","Historical timing retained"
"txn=|fr=0021|pl=14215|ts=2026-09-03 19:23:30|ty=FREE_AGENT|td=dropped|cm=NA","14215","AFC","0021",2026-09-03 19:23:30,2026-09-05 09:00:00,FALSE,FALSE,"historical","Historical timing retained"
"txn=|fr=0021|pl=13201|ts=2026-09-03 19:23:30|ty=FREE_AGENT|td=dropped|cm=NA","13201","AFC","0021",2026-09-03 19:23:30,2026-09-05 09:00:00,FALSE,FALSE,"historical","Historical timing retained"
"txn=|fr=0021|pl=16235|ts=2026-09-03 19:23:30|ty=FREE_AGENT|td=dropped|cm=NA","16235","AFC","0021",2026-09-03 19:23:30,2026-09-05 09:00:00,FALSE,FALSE,"historical","Historical timing retained"
"txn=|fr=0021|pl=17622|ts=2026-09-03 19:23:30|ty=FREE_AGENT|td=dropped|cm=NA","17622","AFC","0021",2026-09-03 19:23:30,2026-09-05 09:00:00,FALSE,FALSE,"historical","Historical timing retained"
"txn=|fr=0021|pl=14328|ts=2026-09-03 19:23:30|ty=FREE_AGENT|td=dropped|cm=NA","14328","AFC","0021",2026-09-03 19:23:30,2026-09-05 09:00:00,FALSE,FALSE,"historical","Historical timing retained"
"txn=|fr=0001|pl=16850|ts=2026-09-03 14:25:12|ty=FREE_AGENT|td=dropped|cm=NA","16850","NFC","0001",2026-09-03 14:25:12,2026-09-05 09:00:00,FALSE,FALSE,"historical","Historical timing retained"
"txn=|fr=0001|pl=16704|ts=2026-09-03 14:25:12|ty=FREE_AGENT|td=dropped|cm=NA","16704","NFC","0001",2026-09-03 14:25:12,2026-09-05 09:00:00,FALSE,FALSE,"historical","Historical timing retained"
"txn=|fr=0001|pl=13470|ts=2026-09-03 14:25:12|ty=FREE_AGENT|td=dropped|cm=NA","13470","NFC","0001",2026-09-03 14:25:12,2026-09-05 09:00:00,FALSE,FALSE,"historical","Historical timing retained"
"txn=|fr=0001|pl=11327|ts=2026-09-03 14:25:12|ty=FREE_AGENT|td=dropped|cm=NA","11327","NFC","0001",2026-09-03 14:25:12,2026-09-05 09:00:00,FALSE,FALSE,"historical","Historical timing retained"
"txn=|fr=0001|pl=16688|ts=2026-09-03 14:25:12|ty=FREE_AGENT|td=dropped|cm=NA","16688","NFC","0001",2026-09-03 14:25:12,2026-09-05 09:00:00,FALSE,FALSE,"historical","Historical timing retained"
"txn=|fr=0001|pl=17483|ts=2026-09-03 14:25:12|ty=FREE_AGENT|td=dropped|cm=NA","17483","NFC","0001",2026-09-03 14:25:12,2026-09-05 09:00:00,FALSE,FALSE,"historical","Historical timing retained"
"txn=|fr=0001|pl=17709|ts=2026-09-03 14:25:12|ty=FREE_AGENT|td=dropped|cm=NA","17709","NFC","0001",2026-09-03 14:25:12,2026-09-05 09:00:00,FALSE,FALSE,"historical","Historical timing retained"
"txn=|fr=0001|pl=14086|ts=2026-09-03 14:25:12|ty=FREE_AGENT|td=dropped|cm=NA","14086","NFC","0001",2026-09-03 14:25:12,2026-09-05 09:00:00,FALSE,FALSE,"historical","Historical timing retained"
"txn=|fr=0001|pl=15727|ts=2026-09-03 14:25:12|ty=FREE_AGENT|td=dropped|cm=NA","15727","NFC","0001",2026-09-03 14:25:12,2026-09-05 09:00:00,FALSE,FALSE,"historical","Historical timing retained"
"txn=|fr=0001|pl=17541|ts=2026-09-03 14:25:12|ty=FREE_AGENT|td=dropped|cm=NA","17541","NFC","0001",2026-09-03 14:25:12,2026-09-05 09:00:00,FALSE,FALSE,"historical","Historical timing retained"
"txn=|fr=0001|pl=17097|ts=2026-09-03 14:25:12|ty=FREE_AGENT|td=dropped|cm=NA","17097","NFC","0001",2026-09-03 14:25:12,2026-09-05 09:00:00,FALSE,FALSE,"historical","Historical timing retained"
"txn=|fr=0001|pl=13066|ts=2026-09-03 14:25:12|ty=FREE_AGENT|td=dropped|cm=NA","13066","NFC","0001",2026-09-03 14:25:12,2026-09-05 09:00:00,FALSE,FALSE,"historical","Historical timing retained"
"txn=|fr=0001|pl=16216|ts=2026-09-03 14:25:12|ty=FREE_AGENT|td=dropped|cm=NA","16216","NFC","0001",2026-09-03 14:25:12,2026-09-05 09:00:00,FALSE,FALSE,"historical","Historical timing retained"
"txn=|fr=0001|pl=15369|ts=2026-09-03 14:25:12|ty=FREE_AGENT|td=dropped|cm=NA","15369","NFC","0001",2026-09-03 14:25:12,2026-09-05 09:00:00,FALSE,FALSE,"historical","Historical timing retained"
"txn=|fr=0001|pl=11945|ts=2026-09-03 14:25:12|ty=FREE_AGENT|td=dropped|cm=NA","11945","NFC","0001",2026-09-03 14:25:12,2026-09-05 09:00:00,FALSE,FALSE,"historical","Historical timing retained"
"txn=|fr=0001|pl=13844|ts=2026-09-03 14:25:12|ty=FREE_AGENT|td=dropped|cm=NA","13844","NFC","0001",2026-09-03 14:25:12,2026-09-05 09:00:00,FALSE,FALSE,"historical","Historical timing retained"
"txn=|fr=0001|pl=11383|ts=2026-09-03 14:25:12|ty=FREE_AGENT|td=dropped|cm=NA","11383","NFC","0001",2026-09-03 14:25:12,2026-09-05 09:00:00,FALSE,FALSE,"historical","Historical timing retained"
"txn=|fr=0001|pl=17625|ts=2026-09-03 14:25:12|ty=FREE_AGENT|td=dropped|cm=NA","17625","NFC","0001",2026-09-03 14:25:12,2026-09-05 09:00:00,FALSE,FALSE,"historical","Historical timing retained"
"txn=|fr=0001|pl=14903|ts=2026-09-03 14:25:12|ty=FREE_AGENT|td=dropped|cm=NA","14903","NFC","0001",2026-09-03 14:25:12,2026-09-05 09:00:00,FALSE,FALSE,"historical","Historical timing retained"
"txn=|fr=0001|pl=15464|ts=2026-09-03 14:25:12|ty=FREE_AGENT|td=dropped|cm=NA","15464","NFC","0001",2026-09-03 14:25:12,2026-09-05 09:00:00,FALSE,FALSE,"historical","Historical timing retained"
"txn=|fr=0001|pl=17670|ts=2026-09-03 14:25:12|ty=FREE_AGENT|td=dropped|cm=NA","17670","NFC","0001",2026-09-03 14:25:12,2026-09-05 09:00:00,FALSE,FALSE,"historical","Historical timing retained"
"txn=|fr=0001|pl=15881|ts=2026-09-03 14:25:12|ty=FREE_AGENT|td=dropped|cm=NA","15881","NFC","0001",2026-09-03 14:25:12,2026-09-05 09:00:00,FALSE,FALSE,"historical","Historical timing retained"
"txn=|fr=0004|pl=16227|ts=2026-09-03 03:01:08|ty=FREE_AGENT|td=dropped|cm=NA","16227","NFC","0004",2026-09-03 03:01:08,2026-09-04 09:00:00,FALSE,FALSE,"historical","Historical timing retained"
"txn=|fr=0021|pl=13633|ts=2026-09-03 01:13:51|ty=FREE_AGENT|td=dropped|cm=NA","13633","AFC","0021",2026-09-03 01:13:51,2026-09-04 09:00:00,FALSE,FALSE,"historical","Historical timing retained"
"txn=|fr=0029|pl=16585|ts=2026-09-02 21:24:17|ty=FREE_AGENT|td=dropped|cm=NA","16585","AFC","0029",2026-09-02 21:24:17,2026-09-04 09:00:00,FALSE,FALSE,"historical","Historical timing retained"
"txn=|fr=0032|pl=17487|ts=2026-09-02 20:57:08|ty=FREE_AGENT|td=dropped|cm=NA","17487","AFC","0032",2026-09-02 20:57:08,2026-09-04 09:00:00,FALSE,FALSE,"historical","Historical timing retained"
"txn=|fr=0032|pl=17523|ts=2026-09-02 20:57:08|ty=FREE_AGENT|td=dropped|cm=NA","17523","AFC","0032",2026-09-02 20:57:08,2026-09-04 09:00:00,FALSE,FALSE,"historical","Historical timing retained"
"txn=|fr=0032|pl=17528|ts=2026-09-02 20:57:08|ty=FREE_AGENT|td=dropped|cm=NA","17528","AFC","0032",2026-09-02 20:57:08,2026-09-04 09:00:00,FALSE,FALSE,"historical","Historical timing retained"
"txn=|fr=0032|pl=17527|ts=2026-09-02 20:57:08|ty=FREE_AGENT|td=dropped|cm=NA","17527","AFC","0032",2026-09-02 20:57:08,2026-09-04 09:00:00,FALSE,FALSE,"historical","Historical timing retained"
"txn=|fr=0032|pl=17522|ts=2026-09-02 20:57:08|ty=FREE_AGENT|td=dropped|cm=NA","17522","AFC","0032",2026-09-02 20:57:08,2026-09-04 09:00:00,FALSE,FALSE,"historical","Historical timing retained"
"txn=|fr=0032|pl=17261|ts=2026-09-02 20:57:08|ty=FREE_AGENT|td=dropped|cm=NA","17261","AFC","0032",2026-09-02 20:57:08,2026-09-04 09:00:00,FALSE,FALSE,"historical","Historical timing retained"
"txn=|fr=0032|pl=17662|ts=2026-09-02 20:57:08|ty=FREE_AGENT|td=dropped|cm=NA","17662","AFC","0032",2026-09-02 20:57:08,2026-09-04 09:00:00,FALSE,FALSE,"historical","Historical timing retained"
"txn=|fr=0026|pl=17697|ts=2026-09-02 17:50:48|ty=FREE_AGENT|td=dropped|cm=NA","17697","AFC","0026",2026-09-02 17:50:48,2026-09-04 09:00:00,FALSE,FALSE,"historical","Historical timing retained"
"txn=|fr=0019|pl=14947|ts=2026-09-02 13:30:43|ty=FREE_AGENT|td=dropped|cm=NA","14947","AFC","0019",2026-09-02 13:30:43,2026-09-04 09:00:00,FALSE,FALSE,"historical","Historical timing retained"
"txn=|fr=0019|pl=17156|ts=2026-09-02 13:30:43|ty=FREE_AGENT|td=dropped|cm=NA","17156","AFC","0019",2026-09-02 13:30:43,2026-09-04 09:00:00,FALSE,FALSE,"historical","Historical timing retained"
"txn=|fr=0019|pl=15388|ts=2026-09-01 12:57:44|ty=FREE_AGENT|td=dropped|cm=NA","15388","AFC","0019",2026-09-01 12:57:44,2026-09-03 09:00:00,FALSE,FALSE,"historical","Historical timing retained"
"txn=|fr=0019|pl=12238|ts=2026-09-01 12:36:54|ty=FREE_AGENT|td=dropped|cm=NA","12238","AFC","0019",2026-09-01 12:36:54,2026-09-03 09:00:00,FALSE,FALSE,"historical","Historical timing retained"
"txn=|fr=0019|pl=12739|ts=2026-09-01 12:34:14|ty=FREE_AGENT|td=dropped|cm=NA","12739","AFC","0019",2026-09-01 12:34:14,2026-09-03 09:00:00,FALSE,FALSE,"historical","Historical timing retained"
"txn=|fr=0019|pl=15681|ts=2026-09-01 12:33:10|ty=FREE_AGENT|td=dropped|cm=NA","15681","AFC","0019",2026-09-01 12:33:10,2026-09-03 09:00:00,FALSE,FALSE,"historical","Historical timing retained"
"txn=|fr=0019|pl=15076|ts=2026-09-01 12:33:10|ty=FREE_AGENT|td=dropped|cm=NA","15076","AFC","0019",2026-09-01 12:33:10,2026-09-03 09:00:00,FALSE,FALSE,"historical","Historical timing retained"
"txn=|fr=0007|pl=17267|ts=2026-09-01 00:33:18|ty=FREE_AGENT|td=dropped|cm=NA","17267","NFC","0007",2026-09-01 00:33:18,2026-09-02 09:00:00,FALSE,FALSE,"historical","Historical timing retained"
"txn=|fr=0007|pl=17631|ts=2026-09-01 00:32:45|ty=FREE_AGENT|td=dropped|cm=NA","17631","NFC","0007",2026-09-01 00:32:45,2026-09-02 09:00:00,FALSE,FALSE,"historical","Historical timing retained"
"txn=|fr=0013|pl=16665|ts=2026-08-31 23:32:25|ty=FREE_AGENT|td=dropped|cm=NA","16665","NFC","0013",2026-08-31 23:32:25,2026-09-02 09:00:00,FALSE,FALSE,"historical","Historical timing retained"
"txn=|fr=0013|pl=17525|ts=2026-08-31 23:32:25|ty=FREE_AGENT|td=dropped|cm=NA","17525","NFC","0013",2026-08-31 23:32:25,2026-09-02 09:00:00,FALSE,FALSE,"historical","Historical timing retained"
"txn=|fr=0013|pl=13430|ts=2026-08-31 23:32:25|ty=FREE_AGENT|td=dropped|cm=NA","13430","NFC","0013",2026-08-31 23:32:25,2026-09-02 09:00:00,FALSE,FALSE,"historical","Historical timing retained"
"txn=|fr=0016|pl=16585|ts=2026-08-31 22:39:44|ty=FREE_AGENT|td=dropped|cm=NA","16585","NFC","0016",2026-08-31 22:39:44,2026-09-02 09:00:00,FALSE,FALSE,"historical","Historical timing retained"
"txn=|fr=0029|pl=17069|ts=2026-08-31 21:21:50|ty=FREE_AGENT|td=dropped|cm=NA","17069","AFC","0029",2026-08-31 21:21:50,2026-09-02 09:00:00,FALSE,FALSE,"historical","Historical timing retained"
"txn=|fr=0029|pl=16665|ts=2026-08-31 21:21:50|ty=FREE_AGENT|td=dropped|cm=NA","16665","AFC","0029",2026-08-31 21:21:50,2026-09-02 09:00:00,FALSE,FALSE,"historical","Historical timing retained"
"txn=|fr=0016|pl=15921|ts=2026-08-31 17:01:01|ty=FREE_AGENT|td=dropped|cm=NA","15921","NFC","0016",2026-08-31 17:01:01,2026-09-02 09:00:00,FALSE,FALSE,"historical","Historical timing retained"
"txn=|fr=0016|pl=17202|ts=2026-08-31 17:01:01|ty=FREE_AGENT|td=dropped|cm=NA","17202","NFC","0016",2026-08-31 17:01:01,2026-09-02 09:00:00,FALSE,FALSE,"historical","Historical timing retained"
"txn=|fr=0016|pl=16298|ts=2026-08-31 16:50:19|ty=FREE_AGENT|td=dropped|cm=NA","16298","NFC","0016",2026-08-31 16:50:19,2026-09-02 09:00:00,FALSE,FALSE,"historical","Historical timing retained"
"txn=|fr=0016|pl=17076|ts=2026-08-31 16:47:25|ty=FREE_AGENT|td=dropped|cm=NA","17076","NFC","0016",2026-08-31 16:47:25,2026-09-02 09:00:00,FALSE,FALSE,"historical","Historical timing retained"
"txn=|fr=0016|pl=17750|ts=2026-08-31 16:47:25|ty=FREE_AGENT|td=dropped|cm=NA","17750","NFC","0016",2026-08-31 16:47:25,2026-09-02 09:00:00,FALSE,FALSE,"historical","Historical timing retained"
"txn=|fr=0016|pl=17527|ts=2026-08-31 16:47:25|ty=FREE_AGENT|td=dropped|cm=NA","17527","NFC","0016",2026-08-31 16:47:25,2026-09-02 09:00:00,FALSE,FALSE,"historical","Historical timing retained"
"txn=|fr=0016|pl=16621|ts=2026-08-31 16:47:25|ty=FREE_AGENT|td=dropped|cm=NA","16621","NFC","0016",2026-08-31 16:47:25,2026-09-02 09:00:00,FALSE,FALSE,"historical","Historical timing retained"
"txn=|fr=0016|pl=17192|ts=2026-08-31 16:47:25|ty=FREE_AGENT|td=dropped|cm=NA","17192","NFC","0016",2026-08-31 16:47:25,2026-09-02 09:00:00,FALSE,FALSE,"historical","Historical timing retained"
"txn=|fr=0016|pl=17542|ts=2026-08-31 16:47:25|ty=FREE_AGENT|td=dropped|cm=NA","17542","NFC","0016",2026-08-31 16:47:25,2026-09-02 09:00:00,FALSE,FALSE,"historical","Historical timing retained"
"txn=|fr=0005|pl=15473|ts=2026-08-31 15:53:38|ty=FREE_AGENT|td=dropped|cm=NA","15473","NFC","0005",2026-08-31 15:53:38,2026-09-02 09:00:00,FALSE,FALSE,"historical","Historical timing retained"
"txn=|fr=0005|pl=17614|ts=2026-08-31 15:53:38|ty=FREE_AGENT|td=dropped|cm=NA","17614","NFC","0005",2026-08-31 15:53:38,2026-09-02 09:00:00,FALSE,FALSE,"historical","Historical timing retained"
"txn=|fr=0028|pl=16691|ts=2026-08-31 15:41:03|ty=FREE_AGENT|td=dropped|cm=NA","16691","AFC","0028",2026-08-31 15:41:03,2026-09-02 09:00:00,FALSE,FALSE,"historical","Historical timing retained"
"txn=|fr=0028|pl=15332|ts=2026-08-31 15:41:03|ty=FREE_AGENT|td=dropped|cm=NA","15332","AFC","0028",2026-08-31 15:41:03,2026-09-02 09:00:00,FALSE,FALSE,"historical","Historical timing retained"
"txn=|fr=0028|pl=17614|ts=2026-08-31 15:41:03|ty=FREE_AGENT|td=dropped|cm=NA","17614","AFC","0028",2026-08-31 15:41:03,2026-09-02 09:00:00,FALSE,FALSE,"historical","Historical timing retained"
"txn=|fr=0028|pl=17624|ts=2026-08-31 15:41:03|ty=FREE_AGENT|td=dropped|cm=NA","17624","AFC","0028",2026-08-31 15:41:03,2026-09-02 09:00:00,FALSE,FALSE,"historical","Historical timing retained"
"txn=|fr=0028|pl=17142|ts=2026-08-31 15:41:03|ty=FREE_AGENT|td=dropped|cm=NA","17142","AFC","0028",2026-08-31 15:41:03,2026-09-02 09:00:00,FALSE,FALSE,"historical","Historical timing retained"
"txn=|fr=0017|pl=17214|ts=2026-08-31 15:35:49|ty=FREE_AGENT|td=dropped|cm=NA","17214","AFC","0017",2026-08-31 15:35:49,2026-09-02 09:00:00,FALSE,FALSE,"historical","Historical timing retained"
"txn=|fr=0028|pl=11760|ts=2026-08-31 15:29:19|ty=FREE_AGENT|td=dropped|cm=NA","11760","AFC","0028",2026-08-31 15:29:19,2026-09-02 09:00:00,FALSE,FALSE,"historical","Historical timing retained"
"txn=|fr=0028|pl=17483|ts=2026-08-31 15:29:19|ty=FREE_AGENT|td=dropped|cm=NA","17483","AFC","0028",2026-08-31 15:29:19,2026-09-02 09:00:00,FALSE,FALSE,"historical","Historical timing retained"
"txn=|fr=0028|pl=11947|ts=2026-08-31 15:29:19|ty=FREE_AGENT|td=dropped|cm=NA","11947","AFC","0028",2026-08-31 15:29:19,2026-09-02 09:00:00,FALSE,FALSE,"historical","Historical timing retained"
"txn=|fr=0028|pl=17698|ts=2026-08-31 15:29:19|ty=FREE_AGENT|td=dropped|cm=NA","17698","AFC","0028",2026-08-31 15:29:19,2026-09-02 09:00:00,FALSE,FALSE,"historical","Historical timing retained"
"txn=|fr=0028|pl=17639|ts=2026-08-31 15:29:19|ty=FREE_AGENT|td=dropped|cm=NA","17639","AFC","0028",2026-08-31 15:29:19,2026-09-02 09:00:00,FALSE,FALSE,"historical","Historical timing retained"
"txn=|fr=0016|pl=17616|ts=2026-08-31 14:42:02|ty=FREE_AGENT|td=dropped|cm=NA","17616","NFC","0016",2026-08-31 14:42:02,2026-09-02 09:00:00,FALSE,FALSE,"historical","Historical timing retained"
"txn=|fr=0016|pl=17572|ts=2026-08-31 14:42:02|ty=FREE_AGENT|td=dropped|cm=NA","17572","NFC","0016",2026-08-31 14:42:02,2026-09-02 09:00:00,FALSE,FALSE,"historical","Historical timing retained"
"txn=|fr=0016|pl=17530|ts=2026-08-31 14:29:43|ty=FREE_AGENT|td=dropped|cm=NA","17530","NFC","0016",2026-08-31 14:29:43,2026-09-02 09:00:00,FALSE,FALSE,"historical","Historical timing retained"
"txn=|fr=0003|pl=16603|ts=2026-08-31 13:59:22|ty=FREE_AGENT|td=dropped|cm=NA","16603","NFC","0003",2026-08-31 13:59:22,2026-09-02 09:00:00,FALSE,FALSE,"historical","Historical timing retained"
"txn=|fr=0003|pl=13289|ts=2026-08-31 13:59:22|ty=FREE_AGENT|td=dropped|cm=NA","13289","NFC","0003",2026-08-31 13:59:22,2026-09-02 09:00:00,FALSE,FALSE,"historical","Historical timing retained"
"txn=|fr=0003|pl=17128|ts=2026-08-31 13:59:22|ty=FREE_AGENT|td=dropped|cm=NA","17128","NFC","0003",2026-08-31 13:59:22,2026-09-02 09:00:00,FALSE,FALSE,"historical","Historical timing retained"
"txn=|fr=0003|pl=12785|ts=2026-08-31 13:59:22|ty=FREE_AGENT|td=dropped|cm=NA","12785","NFC","0003",2026-08-31 13:59:22,2026-09-02 09:00:00,FALSE,FALSE,"historical","Historical timing retained"
"txn=|fr=0003|pl=15332|ts=2026-08-31 13:59:22|ty=FREE_AGENT|td=dropped|cm=NA","15332","NFC","0003",2026-08-31 13:59:22,2026-09-02 09:00:00,FALSE,FALSE,"historical","Historical timing retained"
"txn=|fr=0003|pl=17689|ts=2026-08-31 13:59:22|ty=FREE_AGENT|td=dropped|cm=NA","17689","NFC","0003",2026-08-31 13:59:22,2026-09-02 09:00:00,FALSE,FALSE,"historical","Historical timing retained"
"txn=|fr=0003|pl=16324|ts=2026-08-31 13:59:22|ty=FREE_AGENT|td=dropped|cm=NA","16324","NFC","0003",2026-08-31 13:59:22,2026-09-02 09:00:00,FALSE,FALSE,"historical","Historical timing retained"
"txn=|fr=0003|pl=13317|ts=2026-08-31 13:59:22|ty=FREE_AGENT|td=dropped|cm=NA","13317","NFC","0003",2026-08-31 13:59:22,2026-09-02 09:00:00,FALSE,FALSE,"historical","Historical timing retained"
"txn=|fr=0003|pl=17214|ts=2026-08-31 13:59:22|ty=FREE_AGENT|td=dropped|cm=NA","17214","NFC","0003",2026-08-31 13:59:22,2026-09-02 09:00:00,FALSE,FALSE,"historical","Historical timing retained"
"txn=|fr=0017|pl=17604|ts=2026-08-31 06:04:48|ty=FREE_AGENT|td=dropped|cm=NA","17604","AFC","0017",2026-08-31 06:04:48,2026-09-01 09:00:00,FALSE,FALSE,"historical","Historical timing retained"
"txn=|fr=0017|pl=17651|ts=2026-08-31 05:56:00|ty=FREE_AGENT|td=dropped|cm=NA","17651","AFC","0017",2026-08-31 05:56:00,2026-09-01 09:00:00,FALSE,FALSE,"historical","Historical timing retained"
"txn=|fr=0017|pl=17609|ts=2026-08-31 05:56:00|ty=FREE_AGENT|td=dropped|cm=NA","17609","AFC","0017",2026-08-31 05:56:00,2026-09-01 09:00:00,FALSE,FALSE,"historical","Historical timing retained"
"txn=|fr=0017|pl=17249|ts=2026-08-31 05:20:22|ty=FREE_AGENT|td=dropped|cm=NA","17249","AFC","0017",2026-08-31 05:20:22,2026-09-01 09:00:00,FALSE,FALSE,"historical","Historical timing retained"
"txn=|fr=0013|pl=15713|ts=2026-08-31 05:18:34|ty=FREE_AGENT|td=dropped|cm=NA","15713","NFC","0013",2026-08-31 05:18:34,2026-09-01 09:00:00,FALSE,FALSE,"historical","Historical timing retained"
"txn=|fr=0013|pl=15882|ts=2026-08-31 05:17:34|ty=FREE_AGENT|td=dropped|cm=NA","15882","NFC","0013",2026-08-31 05:17:34,2026-09-01 09:00:00,FALSE,FALSE,"historical","Historical timing retained"
"txn=|fr=0013|pl=17212|ts=2026-08-31 05:17:34|ty=FREE_AGENT|td=dropped|cm=NA","17212","NFC","0013",2026-08-31 05:17:34,2026-09-01 09:00:00,FALSE,FALSE,"historical","Historical timing retained"
"txn=|fr=0013|pl=14213|ts=2026-08-31 05:17:34|ty=FREE_AGENT|td=dropped|cm=NA","14213","NFC","0013",2026-08-31 05:17:34,2026-09-01 09:00:00,FALSE,FALSE,"historical","Historical timing retained"
"txn=|fr=0017|pl=16225|ts=2026-08-31 05:16:48|ty=FREE_AGENT|td=dropped|cm=NA","16225","AFC","0017",2026-08-31 05:16:48,2026-09-01 09:00:00,FALSE,FALSE,"historical","Historical timing retained"
"txn=|fr=0005|pl=16384|ts=2026-08-31 05:05:21|ty=FREE_AGENT|td=dropped|cm=NA","16384","NFC","0005",2026-08-31 05:05:21,2026-09-01 09:00:00,FALSE,FALSE,"historical","Historical timing retained"
"txn=|fr=0005|pl=15252|ts=2026-08-31 05:05:21|ty=FREE_AGENT|td=dropped|cm=NA","15252","NFC","0005",2026-08-31 05:05:21,2026-09-01 09:00:00,FALSE,FALSE,"historical","Historical timing retained"
"txn=|fr=0005|pl=12140|ts=2026-08-31 05:05:21|ty=FREE_AGENT|td=dropped|cm=NA","12140","NFC","0005",2026-08-31 05:05:21,2026-09-01 09:00:00,FALSE,FALSE,"historical","Historical timing retained"
"txn=|fr=0005|pl=13702|ts=2026-08-31 05:05:21|ty=FREE_AGENT|td=dropped|cm=NA","13702","NFC","0005",2026-08-31 05:05:21,2026-09-01 09:00:00,FALSE,FALSE,"historical","Historical timing retained"
"txn=|fr=0008|pl=15292|ts=2026-08-31 03:35:03|ty=FREE_AGENT|td=dropped|cm=NA","15292","NFC","0008",2026-08-31 03:35:03,2026-09-01 09:00:00,FALSE,FALSE,"historical","Historical timing retained"
"txn=|fr=0008|pl=15109|ts=2026-08-31 03:34:21|ty=FREE_AGENT|td=dropped|cm=NA","15109","NFC","0008",2026-08-31 03:34:21,2026-09-01 09:00:00,FALSE,FALSE,"historical","Historical timing retained"
"txn=|fr=0008|pl=17046|ts=2026-08-31 02:19:58|ty=FREE_AGENT|td=dropped|cm=NA","17046","NFC","0008",2026-08-31 02:19:58,2026-09-01 09:00:00,FALSE,FALSE,"historical","Historical timing retained"
"txn=|fr=0008|pl=15081|ts=2026-08-31 02:18:59|ty=FREE_AGENT|td=dropped|cm=NA","15081","NFC","0008",2026-08-31 02:18:59,2026-09-01 09:00:00,FALSE,FALSE,"historical","Historical timing retained"
"txn=|fr=0008|pl=15871|ts=2026-08-31 02:18:59|ty=FREE_AGENT|td=dropped|cm=NA","15871","NFC","0008",2026-08-31 02:18:59,2026-09-01 09:00:00,FALSE,FALSE,"historical","Historical timing retained"
"txn=|fr=0007|pl=13782|ts=2026-08-31 01:25:30|ty=FREE_AGENT|td=dropped|cm=NA","13782","NFC","0007",2026-08-31 01:25:30,2026-09-01 09:00:00,FALSE,FALSE,"historical","Historical timing retained"
"txn=|fr=0021|pl=15914|ts=2026-08-31 01:18:16|ty=FREE_AGENT|td=dropped|cm=NA","15914","AFC","0021",2026-08-31 01:18:16,2026-09-01 09:00:00,FALSE,FALSE,"historical","Historical timing retained"
"txn=|fr=0002|pl=15003|ts=2026-08-31 00:48:01|ty=FREE_AGENT|td=dropped|cm=NA","15003","NFC","0002",2026-08-31 00:48:01,2026-09-01 09:00:00,FALSE,FALSE,"historical","Historical timing retained"
"txn=|fr=0032|pl=16159|ts=2026-08-31 00:20:30|ty=FREE_AGENT|td=dropped|cm=NA","16159","AFC","0032",2026-08-31 00:20:30,2026-09-01 09:00:00,FALSE,FALSE,"historical","Historical timing retained"
"txn=|fr=0029|pl=17700|ts=2026-08-31 00:08:50|ty=FREE_AGENT|td=dropped|cm=NA","17700","AFC","0029",2026-08-31 00:08:50,2026-09-01 09:00:00,FALSE,FALSE,"historical","Historical timing retained"
"txn=|fr=0021|pl=0802|ts=2026-08-30 23:48:05|ty=FREE_AGENT|td=dropped|cm=NA","0802","AFC","0021",2026-08-30 23:48:05,2026-09-01 09:00:00,FALSE,FALSE,"historical","Historical timing retained"
"txn=|fr=0004|pl=17545|ts=2026-08-30 22:44:59|ty=FREE_AGENT|td=dropped|cm=NA","17545","NFC","0004",2026-08-30 22:44:59,2026-09-01 09:00:00,FALSE,FALSE,"historical","Historical timing retained"
"txn=|fr=0004|pl=11247|ts=2026-08-30 22:44:59|ty=FREE_AGENT|td=dropped|cm=NA","11247","NFC","0004",2026-08-30 22:44:59,2026-09-01 09:00:00,FALSE,FALSE,"historical","Historical timing retained"
"txn=|fr=0004|pl=17605|ts=2026-08-30 22:44:59|ty=FREE_AGENT|td=dropped|cm=NA","17605","NFC","0004",2026-08-30 22:44:59,2026-09-01 09:00:00,FALSE,FALSE,"historical","Historical timing retained"
"txn=|fr=0004|pl=17697|ts=2026-08-30 22:44:59|ty=FREE_AGENT|td=dropped|cm=NA","17697","NFC","0004",2026-08-30 22:44:59,2026-09-01 09:00:00,FALSE,FALSE,"historical","Historical timing retained"
"txn=|fr=0016|pl=17546|ts=2026-08-30 22:15:17|ty=FREE_AGENT|td=dropped|cm=NA","17546","NFC","0016",2026-08-30 22:15:17,2026-09-01 09:00:00,FALSE,FALSE,"historical","Historical timing retained"
"txn=|fr=0030|pl=13933|ts=2026-08-30 21:04:26|ty=FREE_AGENT|td=dropped|cm=NA","13933","AFC","0030",2026-08-30 21:04:26,2026-09-01 09:00:00,FALSE,FALSE,"historical","Historical timing retained"
"txn=|fr=0006|pl=14921|ts=2026-08-30 20:36:20|ty=FREE_AGENT|td=dropped|cm=NA","14921","NFC","0006",2026-08-30 20:36:20,2026-09-01 09:00:00,FALSE,FALSE,"historical","Historical timing retained"
"txn=|fr=0006|pl=13683|ts=2026-08-30 20:36:20|ty=FREE_AGENT|td=dropped|cm=NA","13683","NFC","0006",2026-08-30 20:36:20,2026-09-01 09:00:00,FALSE,FALSE,"historical","Historical timing retained"
"txn=|fr=0006|pl=14095|ts=2026-08-30 20:36:20|ty=FREE_AGENT|td=dropped|cm=NA","14095","NFC","0006",2026-08-30 20:36:20,2026-09-01 09:00:00,FALSE,FALSE,"historical","Historical timing retained"
"txn=|fr=0006|pl=17559|ts=2026-08-30 20:36:20|ty=FREE_AGENT|td=dropped|cm=NA","17559","NFC","0006",2026-08-30 20:36:20,2026-09-01 09:00:00,FALSE,FALSE,"historical","Historical timing retained"
"txn=|fr=0006|pl=17152|ts=2026-08-30 20:36:20|ty=FREE_AGENT|td=dropped|cm=NA","17152","NFC","0006",2026-08-30 20:36:20,2026-09-01 09:00:00,FALSE,FALSE,"historical","Historical timing retained"
"txn=|fr=0006|pl=15382|ts=2026-08-30 20:36:20|ty=FREE_AGENT|td=dropped|cm=NA","15382","NFC","0006",2026-08-30 20:36:20,2026-09-01 09:00:00,FALSE,FALSE,"historical","Historical timing retained"
"txn=|fr=0006|pl=16457|ts=2026-08-30 20:36:20|ty=FREE_AGENT|td=dropped|cm=NA","16457","NFC","0006",2026-08-30 20:36:20,2026-09-01 09:00:00,FALSE,FALSE,"historical","Historical timing retained"
"txn=|fr=0009|pl=15402|ts=2026-08-30 19:16:16|ty=FREE_AGENT|td=dropped|cm=NA","15402","NFC","0009",2026-08-30 19:16:16,2026-09-01 09:00:00,FALSE,FALSE,"historical","Historical timing retained"
"txn=|fr=0009|pl=17424|ts=2026-08-30 19:16:16|ty=FREE_AGENT|td=dropped|cm=NA","17424","NFC","0009",2026-08-30 19:16:16,2026-09-01 09:00:00,FALSE,FALSE,"historical","Historical timing retained"
"txn=|fr=0009|pl=16662|ts=2026-08-30 19:16:16|ty=FREE_AGENT|td=dropped|cm=NA","16662","NFC","0009",2026-08-30 19:16:16,2026-09-01 09:00:00,FALSE,FALSE,"historical","Historical timing retained"
"txn=|fr=0009|pl=16513|ts=2026-08-30 19:16:16|ty=FREE_AGENT|td=dropped|cm=NA","16513","NFC","0009",2026-08-30 19:16:16,2026-09-01 09:00:00,FALSE,FALSE,"historical","Historical timing retained"
"txn=|fr=0009|pl=13682|ts=2026-08-30 19:16:16|ty=FREE_AGENT|td=dropped|cm=NA","13682","NFC","0009",2026-08-30 19:16:16,2026-09-01 09:00:00,FALSE,FALSE,"historical","Historical timing retained"
"txn=|fr=0009|pl=16799|ts=2026-08-30 19:16:16|ty=FREE_AGENT|td=dropped|cm=NA","16799","NFC","0009",2026-08-30 19:16:16,2026-09-01 09:00:00,FALSE,FALSE,"historical","Historical timing retained"
"txn=|fr=0009|pl=17636|ts=2026-08-30 19:16:16|ty=FREE_AGENT|td=dropped|cm=NA","17636","NFC","0009",2026-08-30 19:16:16,2026-09-01 09:00:00,FALSE,FALSE,"historical","Historical timing retained"
"txn=|fr=0009|pl=17126|ts=2026-08-30 19:16:16|ty=FREE_AGENT|td=dropped|cm=NA","17126","NFC","0009",2026-08-30 19:16:16,2026-09-01 09:00:00,FALSE,FALSE,"historical","Historical timing retained"
"txn=|fr=0009|pl=16664|ts=2026-08-30 19:16:16|ty=FREE_AGENT|td=dropped|cm=NA","16664","NFC","0009",2026-08-30 19:16:16,2026-09-01 09:00:00,FALSE,FALSE,"historical","Historical timing retained"
"txn=|fr=0009|pl=15875|ts=2026-08-30 19:16:16|ty=FREE_AGENT|td=dropped|cm=NA","15875","NFC","0009",2026-08-30 19:16:16,2026-09-01 09:00:00,FALSE,FALSE,"historical","Historical timing retained"
"txn=|fr=0009|pl=16271|ts=2026-08-30 19:16:16|ty=FREE_AGENT|td=dropped|cm=NA","16271","NFC","0009",2026-08-30 19:16:16,2026-09-01 09:00:00,FALSE,FALSE,"historical","Historical timing retained"
"txn=|fr=0009|pl=15364|ts=2026-08-30 19:16:16|ty=FREE_AGENT|td=dropped|cm=NA","15364","NFC","0009",2026-08-30 19:16:16,2026-09-01 09:00:00,FALSE,FALSE,"historical","Historical timing retained"
"txn=|fr=0009|pl=17250|ts=2026-08-30 19:16:16|ty=FREE_AGENT|td=dropped|cm=NA","17250","NFC","0009",2026-08-30 19:16:16,2026-09-01 09:00:00,FALSE,FALSE,"historical","Historical timing retained"
"txn=|fr=0029|pl=17636|ts=2026-08-30 17:13:38|ty=FREE_AGENT|td=dropped|cm=NA","17636","AFC","0029",2026-08-30 17:13:38,2026-09-01 09:00:00,FALSE,FALSE,"historical","Historical timing retained"
"txn=|fr=0029|pl=17610|ts=2026-08-30 17:13:38|ty=FREE_AGENT|td=dropped|cm=NA","17610","AFC","0029",2026-08-30 17:13:38,2026-09-01 09:00:00,FALSE,FALSE,"historical","Historical timing retained"
"txn=|fr=0008|pl=16149|ts=2026-08-30 16:52:44|ty=FREE_AGENT|td=dropped|cm=NA","16149","NFC","0008",2026-08-30 16:52:44,2026-09-01 09:00:00,FALSE,FALSE,"historical","Historical timing retained"
"txn=|fr=0008|pl=16333|ts=2026-08-30 16:52:44|ty=FREE_AGENT|td=dropped|cm=NA","16333","NFC","0008",2026-08-30 16:52:44,2026-09-01 09:00:00,FALSE,FALSE,"historical","Historical timing retained"
"txn=|fr=0016|pl=15330|ts=2026-08-30 15:53:40|ty=FREE_AGENT|td=dropped|cm=NA","15330","NFC","0016",2026-08-30 15:53:40,2026-09-01 09:00:00,FALSE,FALSE,"historical","Historical timing retained"
"txn=|fr=0030|pl=17193|ts=2026-08-30 13:45:41|ty=FREE_AGENT|td=dropped|cm=NA","17193","AFC","0030",2026-08-30 13:45:41,2026-09-01 09:00:00,FALSE,FALSE,"historical","Historical timing retained"
"txn=|fr=0030|pl=15852|ts=2026-08-30 13:45:41|ty=FREE_AGENT|td=dropped|cm=NA","15852","AFC","0030",2026-08-30 13:45:41,2026-09-01 09:00:00,FALSE,FALSE,"historical","Historical timing retained"
"txn=|fr=0010|pl=11947|ts=2026-08-29 23:33:31|ty=FREE_AGENT|td=dropped|cm=NA","11947","NFC","0010",2026-08-29 23:33:31,2026-08-31 09:00:00,FALSE,FALSE,"historical","Historical timing retained"
"txn=|fr=0010|pl=17712|ts=2026-08-29 23:33:31|ty=FREE_AGENT|td=dropped|cm=NA","17712","NFC","0010",2026-08-29 23:33:31,2026-08-31 09:00:00,FALSE,FALSE,"historical","Historical timing retained"
"txn=|fr=0029|pl=17192|ts=2026-08-29 23:05:33|ty=FREE_AGENT|td=dropped|cm=NA","17192","AFC","0029",2026-08-29 23:05:33,2026-08-31 09:00:00,FALSE,FALSE,"historical","Historical timing retained"
"txn=|fr=0029|pl=16633|ts=2026-08-29 23:05:33|ty=FREE_AGENT|td=dropped|cm=NA","16633","AFC","0029",2026-08-29 23:05:33,2026-08-31 09:00:00,FALSE,FALSE,"historical","Historical timing retained"
"txn=|fr=0029|pl=17201|ts=2026-08-29 18:37:08|ty=FREE_AGENT|td=dropped|cm=NA","17201","AFC","0029",2026-08-29 18:37:08,2026-08-31 09:00:00,FALSE,FALSE,"historical","Historical timing retained"
"txn=|fr=0029|pl=17159|ts=2026-08-29 18:16:17|ty=FREE_AGENT|td=dropped|cm=NA","17159","AFC","0029",2026-08-29 18:16:17,2026-08-31 09:00:00,FALSE,FALSE,"historical","Historical timing retained"
"txn=|fr=0029|pl=17221|ts=2026-08-29 18:16:17|ty=FREE_AGENT|td=dropped|cm=NA","17221","AFC","0029",2026-08-29 18:16:17,2026-08-31 09:00:00,FALSE,FALSE,"historical","Historical timing retained"
"txn=|fr=0029|pl=17184|ts=2026-08-29 15:06:20|ty=FREE_AGENT|td=dropped|cm=NA","17184","AFC","0029",2026-08-29 15:06:20,2026-08-31 09:00:00,FALSE,FALSE,"historical","Historical timing retained"
"txn=|fr=0029|pl=17165|ts=2026-08-29 12:23:53|ty=FREE_AGENT|td=dropped|cm=NA","17165","AFC","0029",2026-08-29 12:23:53,2026-08-31 09:00:00,FALSE,FALSE,"historical","Historical timing retained"
"txn=|fr=0016|pl=14888|ts=2026-08-29 01:15:18|ty=FREE_AGENT|td=dropped|cm=NA","14888","NFC","0016",2026-08-29 01:15:18,2026-08-30 09:00:00,FALSE,FALSE,"historical","Historical timing retained"
"txn=|fr=0016|pl=15363|ts=2026-08-29 01:15:18|ty=FREE_AGENT|td=dropped|cm=NA","15363","NFC","0016",2026-08-29 01:15:18,2026-08-30 09:00:00,FALSE,FALSE,"historical","Historical timing retained"
"txn=|fr=0029|pl=17196|ts=2026-08-28 23:30:20|ty=FREE_AGENT|td=dropped|cm=NA","17196","AFC","0029",2026-08-28 23:30:20,2026-08-30 09:00:00,FALSE,FALSE,"historical","Historical timing retained"
"txn=|fr=0029|pl=17627|ts=2026-08-28 21:35:27|ty=FREE_AGENT|td=dropped|cm=NA","17627","AFC","0029",2026-08-28 21:35:27,2026-08-30 09:00:00,FALSE,FALSE,"historical","Historical timing retained"
"txn=|fr=0029|pl=17655|ts=2026-08-28 21:35:27|ty=FREE_AGENT|td=dropped|cm=NA","17655","AFC","0029",2026-08-28 21:35:27,2026-08-30 09:00:00,FALSE,FALSE,"historical","Historical timing retained"
"txn=|fr=0029|pl=17160|ts=2026-08-28 21:35:27|ty=FREE_AGENT|td=dropped|cm=NA","17160","AFC","0029",2026-08-28 21:35:27,2026-08-30 09:00:00,FALSE,FALSE,"historical","Historical timing retained"
"txn=|fr=0016|pl=16722|ts=2026-08-28 17:41:52|ty=FREE_AGENT|td=dropped|cm=NA","16722","NFC","0016",2026-08-28 17:41:52,2026-08-30 09:00:00,FALSE,FALSE,"historical","Historical timing retained"
"txn=|fr=0016|pl=17707|ts=2026-08-28 17:41:52|ty=FREE_AGENT|td=dropped|cm=NA","17707","NFC","0016",2026-08-28 17:41:52,2026-08-30 09:00:00,FALSE,FALSE,"historical","Historical timing retained"
"txn=|fr=0016|pl=17665|ts=2026-08-28 17:41:52|ty=FREE_AGENT|td=dropped|cm=NA","17665","NFC","0016",2026-08-28 17:41:52,2026-08-30 09:00:00,FALSE,FALSE,"historical","Historical timing retained"
"txn=|fr=0016|pl=16613|ts=2026-08-28 15:46:04|ty=FREE_AGENT|td=dropped|cm=NA","16613","NFC","0016",2026-08-28 15:46:04,2026-08-30 09:00:00,FALSE,FALSE,"historical","Historical timing retained"
"txn=|fr=0021|pl=17709|ts=2026-08-28 11:27:49|ty=FREE_AGENT|td=dropped|cm=NA","17709","AFC","0021",2026-08-28 11:27:49,2026-08-30 09:00:00,FALSE,FALSE,"historical","Historical timing retained"
"txn=|fr=0018|pl=16324|ts=2026-08-27 02:56:01|ty=FREE_AGENT|td=dropped|cm=NA","16324","AFC","0018",2026-08-27 02:56:01,2026-08-28 09:00:00,FALSE,FALSE,"historical","Historical timing retained"
"txn=|fr=0018|pl=12782|ts=2026-08-27 02:46:13|ty=FREE_AGENT|td=dropped|cm=NA","12782","AFC","0018",2026-08-27 02:46:13,2026-08-28 09:00:00,FALSE,FALSE,"historical","Historical timing retained"
"txn=|fr=0018|pl=15895|ts=2026-08-27 02:46:13|ty=FREE_AGENT|td=dropped|cm=NA","15895","AFC","0018",2026-08-27 02:46:13,2026-08-28 09:00:00,FALSE,FALSE,"historical","Historical timing retained"
"txn=|fr=0018|pl=16342|ts=2026-08-27 02:31:19|ty=FREE_AGENT|td=dropped|cm=NA","16342","AFC","0018",2026-08-27 02:31:19,2026-08-28 09:00:00,FALSE,FALSE,"historical","Historical timing retained"
"txn=|fr=0018|pl=17097|ts=2026-08-27 02:31:19|ty=FREE_AGENT|td=dropped|cm=NA","17097","AFC","0018",2026-08-27 02:31:19,2026-08-28 09:00:00,FALSE,FALSE,"historical","Historical timing retained"
"txn=|fr=0018|pl=13844|ts=2026-08-27 02:31:19|ty=FREE_AGENT|td=dropped|cm=NA","13844","AFC","0018",2026-08-27 02:31:19,2026-08-28 09:00:00,FALSE,FALSE,"historical","Historical timing retained"
"txn=|fr=0018|pl=16231|ts=2026-08-27 02:31:19|ty=FREE_AGENT|td=dropped|cm=NA","16231","AFC","0018",2026-08-27 02:31:19,2026-08-28 09:00:00,FALSE,FALSE,"historical","Historical timing retained"
"txn=|fr=0018|pl=15445|ts=2026-08-27 02:31:19|ty=FREE_AGENT|td=dropped|cm=NA","15445","AFC","0018",2026-08-27 02:31:19,2026-08-28 09:00:00,FALSE,FALSE,"historical","Historical timing retained"
"txn=|fr=0018|pl=17060|ts=2026-08-27 02:31:19|ty=FREE_AGENT|td=dropped|cm=NA","17060","AFC","0018",2026-08-27 02:31:19,2026-08-28 09:00:00,FALSE,FALSE,"historical","Historical timing retained"
"txn=|fr=0018|pl=17064|ts=2026-08-27 02:31:19|ty=FREE_AGENT|td=dropped|cm=NA","17064","AFC","0018",2026-08-27 02:31:19,2026-08-28 09:00:00,FALSE,FALSE,"historical","Historical timing retained"
"txn=|fr=0018|pl=16870|ts=2026-08-27 02:31:19|ty=FREE_AGENT|td=dropped|cm=NA","16870","AFC","0018",2026-08-27 02:31:19,2026-08-28 09:00:00,FALSE,FALSE,"historical","Historical timing retained"
"txn=|fr=0018|pl=15888|ts=2026-08-27 02:31:19|ty=FREE_AGENT|td=dropped|cm=NA","15888","AFC","0018",2026-08-27 02:31:19,2026-08-28 09:00:00,FALSE,FALSE,"historical","Historical timing retained"
"txn=|fr=0018|pl=14213|ts=2026-08-27 02:31:19|ty=FREE_AGENT|td=dropped|cm=NA","14213","AFC","0018",2026-08-27 02:31:19,2026-08-28 09:00:00,FALSE,FALSE,"historical","Historical timing retained"
"txn=|fr=0018|pl=17166|ts=2026-08-27 02:31:19|ty=FREE_AGENT|td=dropped|cm=NA","17166","AFC","0018",2026-08-27 02:31:19,2026-08-28 09:00:00,FALSE,FALSE,"historical","Historical timing retained"
"txn=|fr=0018|pl=17608|ts=2026-08-27 02:31:19|ty=FREE_AGENT|td=dropped|cm=NA","17608","AFC","0018",2026-08-27 02:31:19,2026-08-28 09:00:00,FALSE,FALSE,"historical","Historical timing retained"
"txn=|fr=0004|pl=14867|ts=2026-08-26 22:22:33|ty=FREE_AGENT|td=dropped|cm=NA","14867","NFC","0004",2026-08-26 22:22:33,2026-08-28 09:00:00,FALSE,FALSE,"historical","Historical timing retained"
"txn=|fr=0011|pl=17611|ts=2026-08-26 20:09:53|ty=FREE_AGENT|td=dropped|cm=NA","17611","NFC","0011",2026-08-26 20:09:53,2026-08-28 09:00:00,FALSE,FALSE,"historical","Historical timing retained"
"txn=|fr=0015|pl=15777|ts=2026-08-26 17:20:49|ty=FREE_AGENT|td=dropped|cm=NA","15777","NFC","0015",2026-08-26 17:20:49,2026-08-28 09:00:00,FALSE,FALSE,"historical","Historical timing retained"
"txn=|fr=0016|pl=16691|ts=2026-08-26 17:07:17|ty=FREE_AGENT|td=dropped|cm=NA","16691","NFC","0016",2026-08-26 17:07:17,2026-08-28 09:00:00,FALSE,FALSE,"historical","Historical timing retained"
"txn=|fr=0016|pl=17626|ts=2026-08-26 17:07:17|ty=FREE_AGENT|td=dropped|cm=NA","17626","NFC","0016",2026-08-26 17:07:17,2026-08-28 09:00:00,FALSE,FALSE,"historical","Historical timing retained"
"txn=|fr=0006|pl=17523|ts=2026-08-26 13:49:56|ty=FREE_AGENT|td=dropped|cm=NA","17523","NFC","0006",2026-08-26 13:49:56,2026-08-28 09:00:00,FALSE,FALSE,"historical","Historical timing retained"
"txn=|fr=0021|pl=10783|ts=2026-08-25 18:53:54|ty=FREE_AGENT|td=dropped|cm=NA","10783","AFC","0021",2026-08-25 18:53:54,2026-08-28 09:00:00,FALSE,FALSE,"historical","Historical timing retained"
"txn=|fr=0026|pl=16262|ts=2026-08-25 15:48:53|ty=FREE_AGENT|td=dropped|cm=NA","16262","AFC","0026",2026-08-25 15:48:53,2026-08-28 09:00:00,FALSE,FALSE,"historical","Historical timing retained"
"txn=|fr=0025|pl=14257|ts=2026-08-25 15:30:28|ty=FREE_AGENT|td=dropped|cm=NA","14257","AFC","0025",2026-08-25 15:30:28,2026-08-28 09:00:00,FALSE,FALSE,"historical","Historical timing retained"
"txn=|fr=0009|pl=17597|ts=2026-08-24 16:04:40|ty=FREE_AGENT|td=dropped|cm=NA","17597","NFC","0009",2026-08-24 16:04:40,2026-08-27 09:00:00,FALSE,FALSE,"historical","Historical timing retained"
"txn=|fr=0023|pl=16642|ts=2026-08-22 15:53:15|ty=FREE_AGENT|td=dropped|cm=NA","16642","AFC","0023",2026-08-22 15:53:15,2026-08-25 09:00:00,FALSE,FALSE,"historical","Historical timing retained"
"txn=|fr=0023|pl=14210|ts=2026-08-22 15:51:42|ty=FREE_AGENT|td=dropped|cm=NA","14210","AFC","0023",2026-08-22 15:51:42,2026-08-25 09:00:00,FALSE,FALSE,"historical","Historical timing retained"
"txn=|fr=0023|pl=15094|ts=2026-08-22 15:51:21|ty=FREE_AGENT|td=dropped|cm=NA","15094","AFC","0023",2026-08-22 15:51:21,2026-08-25 09:00:00,FALSE,FALSE,"historical","Historical timing retained"
"txn=|fr=0023|pl=13228|ts=2026-08-22 15:47:55|ty=FREE_AGENT|td=dropped|cm=NA","13228","AFC","0023",2026-08-22 15:47:55,2026-08-25 09:00:00,FALSE,FALSE,"historical","Historical timing retained"
"txn=|fr=0023|pl=10783|ts=2026-08-22 15:45:05|ty=FREE_AGENT|td=dropped|cm=NA","10783","AFC","0023",2026-08-22 15:45:05,2026-08-25 09:00:00,FALSE,FALSE,"historical","Historical timing retained"
"txn=|fr=0023|pl=10775|ts=2026-08-22 15:23:21|ty=FREE_AGENT|td=dropped|cm=NA","10775","AFC","0023",2026-08-22 15:23:21,2026-08-25 09:00:00,FALSE,FALSE,"historical","Historical timing retained"
"txn=|fr=0023|pl=13307|ts=2026-08-22 15:23:01|ty=FREE_AGENT|td=dropped|cm=NA","13307","AFC","0023",2026-08-22 15:23:01,2026-08-25 09:00:00,FALSE,FALSE,"historical","Historical timing retained"
"txn=|fr=0023|pl=10768|ts=2026-08-22 15:20:00|ty=FREE_AGENT|td=dropped|cm=NA","10768","AFC","0023",2026-08-22 15:20:00,2026-08-25 09:00:00,FALSE,FALSE,"historical","Historical timing retained"
"txn=|fr=0023|pl=17588|ts=2026-08-22 15:00:55|ty=FREE_AGENT|td=dropped|cm=NA","17588","AFC","0023",2026-08-22 15:00:55,2026-08-25 09:00:00,FALSE,FALSE,"historical","Historical timing retained"
"txn=|fr=0023|pl=17151|ts=2026-08-22 14:52:44|ty=FREE_AGENT|td=dropped|cm=NA","17151","AFC","0023",2026-08-22 14:52:44,2026-08-25 09:00:00,FALSE,FALSE,"historical","Historical timing retained"
"txn=|fr=0023|pl=17591|ts=2026-08-22 14:50:32|ty=FREE_AGENT|td=dropped|cm=NA","17591","AFC","0023",2026-08-22 14:50:32,2026-08-25 09:00:00,FALSE,FALSE,"historical","Historical timing retained"
"txn=|fr=0023|pl=13138|ts=2026-08-22 14:29:54|ty=FREE_AGENT|td=dropped|cm=NA","13138","AFC","0023",2026-08-22 14:29:54,2026-08-25 09:00:00,FALSE,FALSE,"historical","Historical timing retained"
"txn=|fr=0019|pl=16387|ts=2026-08-22 09:46:44|ty=FREE_AGENT|td=dropped|cm=NA","16387","AFC","0019",2026-08-22 09:46:44,2026-08-25 09:00:00,FALSE,FALSE,"historical","Historical timing retained"
"txn=|fr=0021|pl=17653|ts=2026-08-22 00:37:42|ty=FREE_AGENT|td=dropped|cm=NA","17653","AFC","0021",2026-08-22 00:37:42,2026-08-24 09:00:00,FALSE,FALSE,"historical","Historical timing retained"
"txn=|fr=0021|pl=17602|ts=2026-08-21 19:01:49|ty=FREE_AGENT|td=dropped|cm=NA","17602","AFC","0021",2026-08-21 19:01:49,2026-08-24 09:00:00,FALSE,FALSE,"historical","Historical timing retained"
"txn=|fr=0021|pl=14080|ts=2026-08-21 19:01:49|ty=FREE_AGENT|td=dropped|cm=NA","14080","AFC","0021",2026-08-21 19:01:49,2026-08-24 09:00:00,FALSE,FALSE,"historical","Historical timing retained"
"txn=|fr=0021|pl=13672|ts=2026-08-21 19:01:49|ty=FREE_AGENT|td=dropped|cm=NA","13672","AFC","0021",2026-08-21 19:01:49,2026-08-24 09:00:00,FALSE,FALSE,"historical","Historical timing retained"
"txn=|fr=0021|pl=16727|ts=2026-08-21 19:01:49|ty=FREE_AGENT|td=dropped|cm=NA","16727","AFC","0021",2026-08-21 19:01:49,2026-08-24 09:00:00,FALSE,FALSE,"historical","Historical timing retained"
"txn=|fr=0028|pl=11640|ts=2026-08-21 15:15:09|ty=FREE_AGENT|td=dropped|cm=NA","11640","AFC","0028",2026-08-21 15:15:09,2026-08-24 09:00:00,FALSE,FALSE,"historical","Historical timing retained"
"txn=|fr=0001|pl=17484|ts=2026-08-21 11:41:39|ty=FREE_AGENT|td=dropped|cm=NA","17484","NFC","0001",2026-08-21 11:41:39,2026-08-24 09:00:00,FALSE,FALSE,"historical","Historical timing retained"
"txn=|fr=0016|pl=16586|ts=2026-08-20 22:05:56|ty=FREE_AGENT|td=dropped|cm=NA","16586","NFC","0016",2026-08-20 22:05:56,2026-08-23 09:00:00,FALSE,FALSE,"historical","Historical timing retained"
"txn=|fr=0016|pl=17079|ts=2026-08-20 19:36:07|ty=FREE_AGENT|td=dropped|cm=NA","17079","NFC","0016",2026-08-20 19:36:07,2026-08-23 09:00:00,FALSE,FALSE,"historical","Historical timing retained"
"txn=|fr=0016|pl=16711|ts=2026-08-20 19:36:07|ty=FREE_AGENT|td=dropped|cm=NA","16711","NFC","0016",2026-08-20 19:36:07,2026-08-23 09:00:00,FALSE,FALSE,"historical","Historical timing retained"
"txn=|fr=0021|pl=16385|ts=2026-08-20 01:31:39|ty=FREE_AGENT|td=dropped|cm=NA","16385","AFC","0021",2026-08-20 01:31:39,2026-08-22 09:00:00,FALSE,FALSE,"historical","Historical timing retained"
"txn=|fr=0021|pl=14983|ts=2026-08-20 01:31:39|ty=FREE_AGENT|td=dropped|cm=NA","14983","AFC","0021",2026-08-20 01:31:39,2026-08-22 09:00:00,FALSE,FALSE,"historical","Historical timing retained"
"txn=|fr=0021|pl=15870|ts=2026-08-20 01:31:39|ty=FREE_AGENT|td=dropped|cm=NA","15870","AFC","0021",2026-08-20 01:31:39,2026-08-22 09:00:00,FALSE,FALSE,"historical","Historical timing retained"
"txn=|fr=0021|pl=17410|ts=2026-08-20 01:31:39|ty=FREE_AGENT|td=dropped|cm=NA","17410","AFC","0021",2026-08-20 01:31:39,2026-08-22 09:00:00,FALSE,FALSE,"historical","Historical timing retained"
"txn=|fr=0008|pl=14080|ts=2026-08-19 23:39:32|ty=FREE_AGENT|td=dropped|cm=NA","14080","NFC","0008",2026-08-19 23:39:32,2026-08-22 09:00:00,FALSE,FALSE,"historical","Historical timing retained"
"txn=|fr=0008|pl=17277|ts=2026-08-19 23:39:32|ty=FREE_AGENT|td=dropped|cm=NA","17277","NFC","0008",2026-08-19 23:39:32,2026-08-22 09:00:00,FALSE,FALSE,"historical","Historical timing retained"
"txn=|fr=0008|pl=13307|ts=2026-08-19 23:39:32|ty=FREE_AGENT|td=dropped|cm=NA","13307","NFC","0008",2026-08-19 23:39:32,2026-08-22 09:00:00,FALSE,FALSE,"historical","Historical timing retained"
"txn=|fr=0008|pl=14904|ts=2026-08-19 23:39:32|ty=FREE_AGENT|td=dropped|cm=NA","14904","NFC","0008",2026-08-19 23:39:32,2026-08-22 09:00:00,FALSE,FALSE,"historical","Historical timing retained"
"txn=|fr=0008|pl=17592|ts=2026-08-19 23:39:32|ty=FREE_AGENT|td=dropped|cm=NA","17592","NFC","0008",2026-08-19 23:39:32,2026-08-22 09:00:00,FALSE,FALSE,"historical","Historical timing retained"
"txn=|fr=0008|pl=16350|ts=2026-08-19 23:39:32|ty=FREE_AGENT|td=dropped|cm=NA","16350","NFC","0008",2026-08-19 23:39:32,2026-08-22 09:00:00,FALSE,FALSE,"historical","Historical timing retained"
"txn=|fr=0008|pl=16356|ts=2026-08-19 23:39:32|ty=FREE_AGENT|td=dropped|cm=NA","16356","NFC","0008",2026-08-19 23:39:32,2026-08-22 09:00:00,FALSE,FALSE,"historical","Historical timing retained"
"txn=|fr=0029|pl=17061|ts=2026-08-19 20:59:14|ty=FREE_AGENT|td=dropped|cm=NA","17061","AFC","0029",2026-08-19 20:59:14,2026-08-22 09:00:00,FALSE,FALSE,"historical","Historical timing retained"
"txn=|fr=0003|pl=13675|ts=2026-08-19 20:06:55|ty=FREE_AGENT|td=dropped|cm=NA","13675","NFC","0003",2026-08-19 20:06:55,2026-08-22 09:00:00,FALSE,FALSE,"historical","Historical timing retained"
"txn=|fr=0003|pl=12956|ts=2026-08-19 20:06:55|ty=FREE_AGENT|td=dropped|cm=NA","12956","NFC","0003",2026-08-19 20:06:55,2026-08-22 09:00:00,FALSE,FALSE,"historical","Historical timing retained"
"txn=|fr=0003|pl=13869|ts=2026-08-19 20:06:55|ty=FREE_AGENT|td=dropped|cm=NA","13869","NFC","0003",2026-08-19 20:06:55,2026-08-22 09:00:00,FALSE,FALSE,"historical","Historical timing retained"
"txn=|fr=0003|pl=14934|ts=2026-08-19 20:06:55|ty=FREE_AGENT|td=dropped|cm=NA","14934","NFC","0003",2026-08-19 20:06:55,2026-08-22 09:00:00,FALSE,FALSE,"historical","Historical timing retained"
"txn=|fr=0003|pl=11286|ts=2026-08-19 20:06:55|ty=FREE_AGENT|td=dropped|cm=NA","11286","NFC","0003",2026-08-19 20:06:55,2026-08-22 09:00:00,FALSE,FALSE,"historical","Historical timing retained"
"txn=|fr=0003|pl=16300|ts=2026-08-19 20:06:55|ty=FREE_AGENT|td=dropped|cm=NA","16300","NFC","0003",2026-08-19 20:06:55,2026-08-22 09:00:00,FALSE,FALSE,"historical","Historical timing retained"
"txn=|fr=0003|pl=16077|ts=2026-08-19 20:06:55|ty=FREE_AGENT|td=dropped|cm=NA","16077","NFC","0003",2026-08-19 20:06:55,2026-08-22 09:00:00,FALSE,FALSE,"historical","Historical timing retained"
"txn=|fr=0003|pl=13263|ts=2026-08-19 20:06:55|ty=FREE_AGENT|td=dropped|cm=NA","13263","NFC","0003",2026-08-19 20:06:55,2026-08-22 09:00:00,FALSE,FALSE,"historical","Historical timing retained"
"txn=|fr=0003|pl=17618|ts=2026-08-19 16:31:47|ty=FREE_AGENT|td=dropped|cm=NA","17618","NFC","0003",2026-08-19 16:31:47,2026-08-22 09:00:00,FALSE,FALSE,"historical","Historical timing retained"
"txn=|fr=0003|pl=17690|ts=2026-08-19 16:31:47|ty=FREE_AGENT|td=dropped|cm=NA","17690","NFC","0003",2026-08-19 16:31:47,2026-08-22 09:00:00,FALSE,FALSE,"historical","Historical timing retained"
"txn=|fr=0003|pl=17676|ts=2026-08-19 16:31:47|ty=FREE_AGENT|td=dropped|cm=NA","17676","NFC","0003",2026-08-19 16:31:47,2026-08-22 09:00:00,FALSE,FALSE,"historical","Historical timing retained"
"txn=|fr=0003|pl=14205|ts=2026-08-19 16:31:47|ty=FREE_AGENT|td=dropped|cm=NA","14205","NFC","0003",2026-08-19 16:31:47,2026-08-22 09:00:00,FALSE,FALSE,"historical","Historical timing retained"
"txn=|fr=0011|pl=17465|ts=2026-08-18 21:29:41|ty=FREE_AGENT|td=dropped|cm=NA","17465","NFC","0011",2026-08-18 21:29:41,2026-08-21 09:00:00,FALSE,FALSE,"historical","Historical timing retained"
"txn=|fr=0011|pl=13610|ts=2026-08-18 21:29:41|ty=FREE_AGENT|td=dropped|cm=NA","13610","NFC","0011",2026-08-18 21:29:41,2026-08-21 09:00:00,FALSE,FALSE,"historical","Historical timing retained"
"txn=|fr=0011|pl=17651|ts=2026-08-18 21:29:41|ty=FREE_AGENT|td=dropped|cm=NA","17651","NFC","0011",2026-08-18 21:29:41,2026-08-21 09:00:00,FALSE,FALSE,"historical","Historical timing retained"
"txn=|fr=0011|pl=17196|ts=2026-08-18 21:29:41|ty=FREE_AGENT|td=dropped|cm=NA","17196","NFC","0011",2026-08-18 21:29:41,2026-08-21 09:00:00,FALSE,FALSE,"historical","Historical timing retained"
"txn=|fr=0011|pl=10267|ts=2026-08-18 21:29:41|ty=FREE_AGENT|td=dropped|cm=NA","10267","NFC","0011",2026-08-18 21:29:41,2026-08-21 09:00:00,FALSE,FALSE,"historical","Historical timing retained"
"txn=|fr=0011|pl=13245|ts=2026-08-18 21:29:41|ty=FREE_AGENT|td=dropped|cm=NA","13245","NFC","0011",2026-08-18 21:29:41,2026-08-21 09:00:00,FALSE,FALSE,"historical","Historical timing retained"
"txn=|fr=0011|pl=14903|ts=2026-08-18 21:29:41|ty=FREE_AGENT|td=dropped|cm=NA","14903","NFC","0011",2026-08-18 21:29:41,2026-08-21 09:00:00,FALSE,FALSE,"historical","Historical timing retained"
"txn=|fr=0026|pl=13303|ts=2026-08-18 14:41:29|ty=FREE_AGENT|td=dropped|cm=NA","13303","AFC","0026",2026-08-18 14:41:29,2026-08-21 09:00:00,FALSE,FALSE,"historical","Historical timing retained"
"txn=|fr=0003|pl=12218|ts=2026-08-18 11:35:10|ty=FREE_AGENT|td=dropped|cm=NA","12218","NFC","0003",2026-08-18 11:35:10,2026-08-21 09:00:00,FALSE,FALSE,"historical","Historical timing retained"
"txn=|fr=0005|pl=13131|ts=2026-08-18 01:59:06|ty=FREE_AGENT|td=dropped|cm=NA","13131","NFC","0005",2026-08-18 01:59:06,2026-08-20 09:00:00,FALSE,FALSE,"historical","Historical timing retained"
"txn=|fr=0009|pl=16221|ts=2026-08-17 23:50:26|ty=FREE_AGENT|td=dropped|cm=NA","16221","NFC","0009",2026-08-17 23:50:26,2026-08-20 09:00:00,FALSE,FALSE,"historical","Historical timing retained"
"txn=|fr=0009|pl=17165|ts=2026-08-17 23:50:26|ty=FREE_AGENT|td=dropped|cm=NA","17165","NFC","0009",2026-08-17 23:50:26,2026-08-20 09:00:00,FALSE,FALSE,"historical","Historical timing retained"
"txn=|fr=0009|pl=15446|ts=2026-08-17 23:50:26|ty=FREE_AGENT|td=dropped|cm=NA","15446","NFC","0009",2026-08-17 23:50:26,2026-08-20 09:00:00,FALSE,FALSE,"historical","Historical timing retained"
"txn=|fr=0009|pl=17486|ts=2026-08-17 23:50:26|ty=FREE_AGENT|td=dropped|cm=NA","17486","NFC","0009",2026-08-17 23:50:26,2026-08-20 09:00:00,FALSE,FALSE,"historical","Historical timing retained"
"txn=|fr=0009|pl=15173|ts=2026-08-17 23:50:26|ty=FREE_AGENT|td=dropped|cm=NA","15173","NFC","0009",2026-08-17 23:50:26,2026-08-20 09:00:00,FALSE,FALSE,"historical","Historical timing retained"
"txn=|fr=0009|pl=15877|ts=2026-08-17 23:50:26|ty=FREE_AGENT|td=dropped|cm=NA","15877","NFC","0009",2026-08-17 23:50:26,2026-08-20 09:00:00,FALSE,FALSE,"historical","Historical timing retained"
"txn=|fr=0009|pl=16273|ts=2026-08-17 23:50:26|ty=FREE_AGENT|td=dropped|cm=NA","16273","NFC","0009",2026-08-17 23:50:26,2026-08-20 09:00:00,FALSE,FALSE,"historical","Historical timing retained"
"txn=|fr=0009|pl=17265|ts=2026-08-17 23:50:26|ty=FREE_AGENT|td=dropped|cm=NA","17265","NFC","0009",2026-08-17 23:50:26,2026-08-20 09:00:00,FALSE,FALSE,"historical","Historical timing retained"
"txn=|fr=0009|pl=17645|ts=2026-08-17 23:50:26|ty=FREE_AGENT|td=dropped|cm=NA","17645","NFC","0009",2026-08-17 23:50:26,2026-08-20 09:00:00,FALSE,FALSE,"historical","Historical timing retained"
"txn=|fr=0009|pl=17634|ts=2026-08-17 23:50:26|ty=FREE_AGENT|td=dropped|cm=NA","17634","NFC","0009",2026-08-17 23:50:26,2026-08-20 09:00:00,FALSE,FALSE,"historical","Historical timing retained"
"txn=|fr=0009|pl=17208|ts=2026-08-17 23:50:26|ty=FREE_AGENT|td=dropped|cm=NA","17208","NFC","0009",2026-08-17 23:50:26,2026-08-20 09:00:00,FALSE,FALSE,"historical","Historical timing retained"
"txn=|fr=0009|pl=16383|ts=2026-08-17 23:50:26|ty=FREE_AGENT|td=dropped|cm=NA","16383","NFC","0009",2026-08-17 23:50:26,2026-08-20 09:00:00,FALSE,FALSE,"historical","Historical timing retained"
"txn=|fr=0029|pl=17644|ts=2026-08-17 23:03:11|ty=FREE_AGENT|td=dropped|cm=NA","17644","AFC","0029",2026-08-17 23:03:11,2026-08-20 09:00:00,FALSE,FALSE,"historical","Historical timing retained"
"txn=|fr=0029|pl=17191|ts=2026-08-17 21:45:54|ty=FREE_AGENT|td=dropped|cm=NA","17191","AFC","0029",2026-08-17 21:45:54,2026-08-20 09:00:00,FALSE,FALSE,"historical","Historical timing retained"
"txn=|fr=0003|pl=13633|ts=2026-08-17 19:18:51|ty=FREE_AGENT|td=dropped|cm=NA","13633","NFC","0003",2026-08-17 19:18:51,2026-08-20 09:00:00,FALSE,FALSE,"historical","Historical timing retained"
"txn=|fr=0003|pl=16439|ts=2026-08-17 19:18:51|ty=FREE_AGENT|td=dropped|cm=NA","16439","NFC","0003",2026-08-17 19:18:51,2026-08-20 09:00:00,FALSE,FALSE,"historical","Historical timing retained"
"txn=|fr=0003|pl=15240|ts=2026-08-17 19:18:51|ty=FREE_AGENT|td=dropped|cm=NA","15240","NFC","0003",2026-08-17 19:18:51,2026-08-20 09:00:00,FALSE,FALSE,"historical","Historical timing retained"
"txn=|fr=0003|pl=13595|ts=2026-08-17 19:18:51|ty=FREE_AGENT|td=dropped|cm=NA","13595","NFC","0003",2026-08-17 19:18:51,2026-08-20 09:00:00,FALSE,FALSE,"historical","Historical timing retained"
"txn=|fr=0003|pl=16788|ts=2026-08-17 19:18:51|ty=FREE_AGENT|td=dropped|cm=NA","16788","NFC","0003",2026-08-17 19:18:51,2026-08-20 09:00:00,FALSE,FALSE,"historical","Historical timing retained"
"txn=|fr=0016|pl=16390|ts=2026-08-17 05:08:08|ty=FREE_AGENT|td=dropped|cm=NA","16390","NFC","0016",2026-08-17 05:08:08,2026-08-19 09:00:00,FALSE,FALSE,"historical","Historical timing retained"
"txn=|fr=0016|pl=15752|ts=2026-08-17 05:05:35|ty=FREE_AGENT|td=dropped|cm=NA","15752","NFC","0016",2026-08-17 05:05:35,2026-08-19 09:00:00,FALSE,FALSE,"historical","Historical timing retained"
"txn=|fr=0016|pl=16643|ts=2026-08-17 05:05:35|ty=FREE_AGENT|td=dropped|cm=NA","16643","NFC","0016",2026-08-17 05:05:35,2026-08-19 09:00:00,FALSE,FALSE,"historical","Historical timing retained"
"txn=|fr=0016|pl=17205|ts=2026-08-17 05:05:35|ty=FREE_AGENT|td=dropped|cm=NA","17205","NFC","0016",2026-08-17 05:05:35,2026-08-19 09:00:00,FALSE,FALSE,"historical","Historical timing retained"
"txn=|fr=0016|pl=17175|ts=2026-08-17 05:05:35|ty=FREE_AGENT|td=dropped|cm=NA","17175","NFC","0016",2026-08-17 05:05:35,2026-08-19 09:00:00,FALSE,FALSE,"historical","Historical timing retained"
"txn=|fr=0016|pl=17087|ts=2026-08-17 05:05:35|ty=FREE_AGENT|td=dropped|cm=NA","17087","NFC","0016",2026-08-17 05:05:35,2026-08-19 09:00:00,FALSE,FALSE,"historical","Historical timing retained"
"txn=|fr=0008|pl=13230|ts=2026-08-17 00:37:41|ty=FREE_AGENT|td=dropped|cm=NA","13230","NFC","0008",2026-08-17 00:37:41,2026-08-19 09:00:00,FALSE,FALSE,"historical","Historical timing retained"
"txn=|fr=0008|pl=17040|ts=2026-08-17 00:37:41|ty=FREE_AGENT|td=dropped|cm=NA","17040","NFC","0008",2026-08-17 00:37:41,2026-08-19 09:00:00,FALSE,FALSE,"historical","Historical timing retained"
"txn=|fr=0006|pl=15376|ts=2026-08-16 20:36:29|ty=FREE_AGENT|td=dropped|cm=NA","15376","NFC","0006",2026-08-16 20:36:29,2026-08-19 09:00:00,FALSE,FALSE,"historical","Historical timing retained"
"txn=|fr=0029|pl=16643|ts=2026-08-16 13:36:17|ty=FREE_AGENT|td=dropped|cm=NA","16643","AFC","0029",2026-08-16 13:36:17,2026-08-19 09:00:00,FALSE,FALSE,"historical","Historical timing retained"
"txn=|fr=0029|pl=15301|ts=2026-08-16 13:36:17|ty=FREE_AGENT|td=dropped|cm=NA","15301","AFC","0029",2026-08-16 13:36:17,2026-08-19 09:00:00,FALSE,FALSE,"historical","Historical timing retained"
"txn=|fr=0029|pl=17109|ts=2026-08-16 13:36:17|ty=FREE_AGENT|td=dropped|cm=NA","17109","AFC","0029",2026-08-16 13:36:17,2026-08-19 09:00:00,FALSE,FALSE,"historical","Historical timing retained"
"txn=|fr=0029|pl=17566|ts=2026-08-16 13:36:17|ty=FREE_AGENT|td=dropped|cm=NA","17566","AFC","0029",2026-08-16 13:36:17,2026-08-19 09:00:00,FALSE,FALSE,"historical","Historical timing retained"
"txn=|fr=0019|pl=17486|ts=2026-08-14 18:10:11|ty=FREE_AGENT|td=dropped|cm=NA","17486","AFC","0019",2026-08-14 18:10:11,2026-08-17 09:00:00,FALSE,FALSE,"historical","Historical timing retained"
"txn=|fr=0019|pl=14162|ts=2026-08-14 18:10:11|ty=FREE_AGENT|td=dropped|cm=NA","14162","AFC","0019",2026-08-14 18:10:11,2026-08-17 09:00:00,FALSE,FALSE,"historical","Historical timing retained"
"txn=|fr=0019|pl=15914|ts=2026-08-14 18:10:11|ty=FREE_AGENT|td=dropped|cm=NA","15914","AFC","0019",2026-08-14 18:10:11,2026-08-17 09:00:00,FALSE,FALSE,"historical","Historical timing retained"
"txn=|fr=0019|pl=12218|ts=2026-08-14 18:04:09|ty=FREE_AGENT|td=dropped|cm=NA","12218","AFC","0019",2026-08-14 18:04:09,2026-08-17 09:00:00,FALSE,FALSE,"historical","Historical timing retained"
"txn=|fr=0019|pl=13759|ts=2026-08-14 18:04:09|ty=FREE_AGENT|td=dropped|cm=NA","13759","AFC","0019",2026-08-14 18:04:09,2026-08-17 09:00:00,FALSE,FALSE,"historical","Historical timing retained"
"txn=|fr=0019|pl=17510|ts=2026-08-14 18:00:58|ty=FREE_AGENT|td=dropped|cm=NA","17510","AFC","0019",2026-08-14 18:00:58,2026-08-17 09:00:00,FALSE,FALSE,"historical","Historical timing retained"
"txn=|fr=0019|pl=17605|ts=2026-08-14 18:00:58|ty=FREE_AGENT|td=dropped|cm=NA","17605","AFC","0019",2026-08-14 18:00:58,2026-08-17 09:00:00,FALSE,FALSE,"historical","Historical timing retained"
"txn=|fr=0019|pl=17689|ts=2026-08-14 18:00:58|ty=FREE_AGENT|td=dropped|cm=NA","17689","AFC","0019",2026-08-14 18:00:58,2026-08-17 09:00:00,FALSE,FALSE,"historical","Historical timing retained"
"txn=|fr=0019|pl=15337|ts=2026-08-14 17:50:17|ty=FREE_AGENT|td=dropped|cm=NA","15337","AFC","0019",2026-08-14 17:50:17,2026-08-17 09:00:00,FALSE,FALSE,"historical","Historical timing retained"
"txn=|fr=0019|pl=17220|ts=2026-08-14 17:50:17|ty=FREE_AGENT|td=dropped|cm=NA","17220","AFC","0019",2026-08-14 17:50:17,2026-08-17 09:00:00,FALSE,FALSE,"historical","Historical timing retained"
"txn=|fr=0019|pl=15446|ts=2026-08-14 17:40:05|ty=FREE_AGENT|td=dropped|cm=NA","15446","AFC","0019",2026-08-14 17:40:05,2026-08-17 09:00:00,FALSE,FALSE,"historical","Historical timing retained"
"txn=|fr=0019|pl=14205|ts=2026-08-14 17:40:05|ty=FREE_AGENT|td=dropped|cm=NA","14205","AFC","0019",2026-08-14 17:40:05,2026-08-17 09:00:00,FALSE,FALSE,"historical","Historical timing retained"
"txn=|fr=0019|pl=16714|ts=2026-08-14 17:32:26|ty=FREE_AGENT|td=dropped|cm=NA","16714","AFC","0019",2026-08-14 17:32:26,2026-08-17 09:00:00,FALSE,FALSE,"historical","Historical timing retained"
"txn=|fr=0019|pl=17234|ts=2026-08-14 17:32:26|ty=FREE_AGENT|td=dropped|cm=NA","17234","AFC","0019",2026-08-14 17:32:26,2026-08-17 09:00:00,FALSE,FALSE,"historical","Historical timing retained"
"txn=|fr=0019|pl=14592|ts=2026-08-14 17:24:15|ty=FREE_AGENT|td=dropped|cm=NA","14592","AFC","0019",2026-08-14 17:24:15,2026-08-17 09:00:00,FALSE,FALSE,"historical","Historical timing retained"
"txn=|fr=0019|pl=15395|ts=2026-08-14 17:24:15|ty=FREE_AGENT|td=dropped|cm=NA","15395","AFC","0019",2026-08-14 17:24:15,2026-08-17 09:00:00,FALSE,FALSE,"historical","Historical timing retained"
"txn=|fr=0019|pl=16263|ts=2026-08-14 17:24:15|ty=FREE_AGENT|td=dropped|cm=NA","16263","AFC","0019",2026-08-14 17:24:15,2026-08-17 09:00:00,FALSE,FALSE,"historical","Historical timing retained"
"txn=|fr=0019|pl=17702|ts=2026-08-14 17:24:15|ty=FREE_AGENT|td=dropped|cm=NA","17702","AFC","0019",2026-08-14 17:24:15,2026-08-17 09:00:00,FALSE,FALSE,"historical","Historical timing retained"
"txn=|fr=0019|pl=17475|ts=2026-08-14 17:24:15|ty=FREE_AGENT|td=dropped|cm=NA","17475","AFC","0019",2026-08-14 17:24:15,2026-08-17 09:00:00,FALSE,FALSE,"historical","Historical timing retained"
"txn=|fr=0019|pl=17712|ts=2026-08-14 17:24:15|ty=FREE_AGENT|td=dropped|cm=NA","17712","AFC","0019",2026-08-14 17:24:15,2026-08-17 09:00:00,FALSE,FALSE,"historical","Historical timing retained"
"txn=|fr=0004|pl=17531|ts=2026-08-14 04:02:33|ty=FREE_AGENT|td=dropped|cm=NA","17531","NFC","0004",2026-08-14 04:02:33,2026-08-16 09:00:00,FALSE,FALSE,"historical","Historical timing retained"
"txn=|fr=0030|pl=16701|ts=2026-08-13 12:17:41|ty=FREE_AGENT|td=dropped|cm=NA","16701","AFC","0030",2026-08-13 12:17:41,2026-08-16 09:00:00,FALSE,FALSE,"historical","Historical timing retained"
"txn=|fr=0030|pl=17239|ts=2026-08-13 12:17:41|ty=FREE_AGENT|td=dropped|cm=NA","17239","AFC","0030",2026-08-13 12:17:41,2026-08-16 09:00:00,FALSE,FALSE,"historical","Historical timing retained"
"txn=|fr=0009|pl=16288|ts=2026-08-12 00:47:50|ty=FREE_AGENT|td=dropped|cm=NA","16288","NFC","0009",2026-08-12 00:47:50,2026-08-14 09:00:00,FALSE,FALSE,"historical","Historical timing retained"
"txn=|fr=0009|pl=17564|ts=2026-08-12 00:47:50|ty=FREE_AGENT|td=dropped|cm=NA","17564","NFC","0009",2026-08-12 00:47:50,2026-08-14 09:00:00,FALSE,FALSE,"historical","Historical timing retained"
"txn=|fr=0008|pl=16293|ts=2026-08-10 15:16:17|ty=FREE_AGENT|td=dropped|cm=NA","16293","NFC","0008",2026-08-10 15:16:17,2026-08-13 09:00:00,FALSE,FALSE,"historical","Historical timing retained"
"txn=|fr=0009|pl=0800|ts=2026-08-08 21:32:52|ty=FREE_AGENT|td=dropped|cm=NA","0800","NFC","0009",2026-08-08 21:32:52,2026-08-11 09:00:00,FALSE,FALSE,"historical","Historical timing retained"
"txn=|fr=0006|pl=16678|ts=2026-08-07 22:27:07|ty=FREE_AGENT|td=dropped|cm=NA","16678","NFC","0006",2026-08-07 22:27:07,2026-08-10 09:00:00,FALSE,FALSE,"historical","Historical timing retained"
"txn=|fr=0030|pl=13347|ts=2026-08-07 04:59:25|ty=FREE_AGENT|td=dropped|cm=NA","13347","AFC","0030",2026-08-07 04:59:25,2026-08-09 09:00:00,FALSE,FALSE,"historical","Historical timing retained"
"txn=|fr=0016|pl=17303|ts=2026-08-06 22:19:01|ty=FREE_AGENT|td=dropped|cm=NA","17303","NFC","0016",2026-08-06 22:19:01,2026-08-09 09:00:00,FALSE,FALSE,"historical","Historical timing retained"
"txn=|fr=0019|pl=16175|ts=2026-08-06 13:17:30|ty=FREE_AGENT|td=dropped|cm=NA","16175","AFC","0019",2026-08-06 13:17:30,2026-08-09 09:00:00,FALSE,FALSE,"historical","Historical timing retained"
"txn=|fr=0021|pl=16773|ts=2026-08-03 20:09:18|ty=FREE_AGENT|td=dropped|cm=NA","16773","AFC","0021",2026-08-03 20:09:18,2026-08-06 09:00:00,FALSE,FALSE,"historical","Historical timing retained"
"txn=|fr=0029|pl=17699|ts=2026-08-01 22:21:29|ty=FREE_AGENT|td=dropped|cm=NA","17699","AFC","0029",2026-08-01 22:21:29,2026-08-04 09:00:00,FALSE,FALSE,"historical","Historical timing retained"
"txn=|fr=0029|pl=17684|ts=2026-08-01 22:21:29|ty=FREE_AGENT|td=dropped|cm=NA","17684","AFC","0029",2026-08-01 22:21:29,2026-08-04 09:00:00,FALSE,FALSE,"historical","Historical timing retained"
"txn=|fr=0029|pl=16736|ts=2026-08-01 22:20:22|ty=FREE_AGENT|td=dropped|cm=NA","16736","AFC","0029",2026-08-01 22:20:22,2026-08-04 09:00:00,FALSE,FALSE,"historical","Historical timing retained"
"txn=|fr=0008|pl=16217|ts=2026-08-01 14:18:41|ty=FREE_AGENT|td=dropped|cm=NA","16217","NFC","0008",2026-08-01 14:18:41,2026-08-04 09:00:00,FALSE,FALSE,"historical","Historical timing retained"
"txn=|fr=0024|pl=17268|ts=2026-07-30 11:56:48|ty=FREE_AGENT|td=dropped|cm=NA","17268","AFC","0024",2026-07-30 11:56:48,2026-08-02 09:00:00,FALSE,FALSE,"historical","Historical timing retained"
"txn=|fr=0031|pl=17710|ts=2026-07-29 17:22:25|ty=FREE_AGENT|td=dropped|cm=NA","17710","AFC","0031",2026-07-29 17:22:25,2026-08-01 09:00:00,FALSE,FALSE,"historical","Historical timing retained"
"txn=|fr=0008|pl=16889|ts=2026-07-28 20:24:52|ty=FREE_AGENT|td=dropped|cm=NA","16889","NFC","0008",2026-07-28 20:24:52,2026-07-31 09:00:00,FALSE,FALSE,"historical","Historical timing retained"
"txn=|fr=0009|pl=16333|ts=2026-07-13 19:46:14|ty=FREE_AGENT|td=dropped|cm=NA","16333","NFC","0009",2026-07-13 19:46:14,2026-07-16 09:00:00,FALSE,FALSE,"historical","Historical timing retained"
"txn=|fr=0009|pl=15441|ts=2026-07-13 19:46:14|ty=FREE_AGENT|td=dropped|cm=NA","15441","NFC","0009",2026-07-13 19:46:14,2026-07-16 09:00:00,FALSE,FALSE,"historical","Historical timing retained"
"txn=|fr=0002|pl=16923|ts=2026-07-13 17:56:28|ty=FREE_AGENT|td=dropped|cm=NA","16923","NFC","0002",2026-07-13 17:56:28,2026-07-16 09:00:00,FALSE,FALSE,"historical","Historical timing retained"
"txn=|fr=0002|pl=17698|ts=2026-07-13 17:56:10|ty=FREE_AGENT|td=dropped|cm=NA","17698","NFC","0002",2026-07-13 17:56:10,2026-07-16 09:00:00,FALSE,FALSE,"historical","Historical timing retained"
"txn=|fr=0002|pl=16428|ts=2026-07-13 17:55:58|ty=FREE_AGENT|td=dropped|cm=NA","16428","NFC","0002",2026-07-13 17:55:58,2026-07-16 09:00:00,FALSE,FALSE,"historical","Historical timing retained"
"txn=|fr=0002|pl=16608|ts=2026-07-13 17:55:58|ty=FREE_AGENT|td=dropped|cm=NA","16608","NFC","0002",2026-07-13 17:55:58,2026-07-16 09:00:00,FALSE,FALSE,"historical","Historical timing retained"
"txn=|fr=0002|pl=16262|ts=2026-07-13 17:55:58|ty=FREE_AGENT|td=dropped|cm=NA","16262","NFC","0002",2026-07-13 17:55:58,2026-07-16 09:00:00,FALSE,FALSE,"historical","Historical timing retained"
"txn=|fr=0002|pl=17056|ts=2026-07-13 17:52:33|ty=FREE_AGENT|td=dropped|cm=NA","17056","NFC","0002",2026-07-13 17:52:33,2026-07-16 09:00:00,FALSE,FALSE,"historical","Historical timing retained"
"txn=|fr=0002|pl=17261|ts=2026-07-13 17:52:33|ty=FREE_AGENT|td=dropped|cm=NA","17261","NFC","0002",2026-07-13 17:52:33,2026-07-16 09:00:00,FALSE,FALSE,"historical","Historical timing retained"
"txn=|fr=0002|pl=17190|ts=2026-07-13 17:52:33|ty=FREE_AGENT|td=dropped|cm=NA","17190","NFC","0002",2026-07-13 17:52:33,2026-07-16 09:00:00,FALSE,FALSE,"historical","Historical timing retained"
"txn=|fr=0002|pl=17633|ts=2026-07-13 17:52:33|ty=FREE_AGENT|td=dropped|cm=NA","17633","NFC","0002",2026-07-13 17:52:33,2026-07-16 09:00:00,FALSE,FALSE,"historical","Historical timing retained"
"txn=|fr=0002|pl=14154|ts=2026-07-13 17:52:33|ty=FREE_AGENT|td=dropped|cm=NA","14154","NFC","0002",2026-07-13 17:52:33,2026-07-16 09:00:00,FALSE,FALSE,"historical","Historical timing retained"
"txn=|fr=0002|pl=17630|ts=2026-07-13 17:43:40|ty=FREE_AGENT|td=dropped|cm=NA","17630","NFC","0002",2026-07-13 17:43:40,2026-07-16 09:00:00,FALSE,FALSE,"historical","Historical timing retained"
"txn=|fr=0002|pl=17635|ts=2026-07-13 17:43:40|ty=FREE_AGENT|td=dropped|cm=NA","17635","NFC","0002",2026-07-13 17:43:40,2026-07-16 09:00:00,FALSE,FALSE,"historical","Historical timing retained"
"txn=|fr=0002|pl=17694|ts=2026-07-13 17:43:40|ty=FREE_AGENT|td=dropped|cm=NA","17694","NFC","0002",2026-07-13 17:43:40,2026-07-16 09:00:00,FALSE,FALSE,"historical","Historical timing retained"
"txn=|fr=0002|pl=17680|ts=2026-07-13 17:43:40|ty=FREE_AGENT|td=dropped|cm=NA","17680","NFC","0002",2026-07-13 17:43:40,2026-07-16 09:00:00,FALSE,FALSE,"historical","Historical timing retained"
"txn=|fr=0002|pl=17650|ts=2026-07-13 17:42:44|ty=FREE_AGENT|td=dropped|cm=NA","17650","NFC","0002",2026-07-13 17:42:44,2026-07-16 09:00:00,FALSE,FALSE,"historical","Historical timing retained"
"txn=|fr=0022|pl=16775|ts=2026-07-13 16:47:50|ty=FREE_AGENT|td=dropped|cm=NA","16775","AFC","0022",2026-07-13 16:47:50,2026-07-16 09:00:00,FALSE,FALSE,"historical","Historical timing retained"
"txn=|fr=0008|pl=16671|ts=2026-07-01 13:56:00|ty=FREE_AGENT|td=dropped|cm=NA","16671","NFC","0008",2026-07-01 13:56:00,2026-07-04 09:00:00,FALSE,FALSE,"historical","Historical timing retained"
"txn=|fr=0006|pl=17226|ts=2026-06-29 01:57:27|ty=FREE_AGENT|td=dropped|cm=NA","17226","NFC","0006",2026-06-29 01:57:27,2026-07-01 09:00:00,FALSE,FALSE,"historical","Historical timing retained"
"txn=|fr=0009|pl=10814|ts=2026-06-25 23:39:08|ty=FREE_AGENT|td=dropped|cm=NA","10814","NFC","0009",2026-06-25 23:39:08,2026-06-28 09:00:00,FALSE,FALSE,"historical","Historical timing retained"
"txn=|fr=0005|pl=17656|ts=2026-06-25 23:21:57|ty=FREE_AGENT|td=dropped|cm=NA","17656","NFC","0005",2026-06-25 23:21:57,2026-06-28 09:00:00,FALSE,FALSE,"historical","Historical timing retained"
"txn=|fr=0005|pl=15807|ts=2026-06-25 23:17:36|ty=FREE_AGENT|td=dropped|cm=NA","15807","NFC","0005",2026-06-25 23:17:36,2026-06-28 09:00:00,FALSE,FALSE,"historical","Historical timing retained"
"txn=|fr=0005|pl=15858|ts=2026-06-25 23:01:12|ty=FREE_AGENT|td=dropped|cm=NA","15858","NFC","0005",2026-06-25 23:01:12,2026-06-28 09:00:00,FALSE,FALSE,"historical","Historical timing retained"
"txn=|fr=0005|pl=17515|ts=2026-06-25 22:45:50|ty=FREE_AGENT|td=dropped|cm=NA","17515","NFC","0005",2026-06-25 22:45:50,2026-06-28 09:00:00,FALSE,FALSE,"historical","Historical timing retained"
"txn=|fr=0005|pl=17710|ts=2026-06-25 22:45:50|ty=FREE_AGENT|td=dropped|cm=NA","17710","NFC","0005",2026-06-25 22:45:50,2026-06-28 09:00:00,FALSE,FALSE,"historical","Historical timing retained"
"txn=|fr=0029|pl=13675|ts=2026-06-23 22:34:30|ty=FREE_AGENT|td=dropped|cm=NA","13675","AFC","0029",2026-06-23 22:34:30,2026-06-26 09:00:00,FALSE,FALSE,"historical","Historical timing retained"
"txn=|fr=0029|pl=16257|ts=2026-06-23 22:34:30|ty=FREE_AGENT|td=dropped|cm=NA","16257","AFC","0029",2026-06-23 22:34:30,2026-06-26 09:00:00,FALSE,FALSE,"historical","Historical timing retained"
"txn=|fr=0005|pl=15515|ts=2026-06-22 19:13:39|ty=FREE_AGENT|td=dropped|cm=NA","15515","NFC","0005",2026-06-22 19:13:39,2026-06-25 09:00:00,FALSE,FALSE,"historical","Historical timing retained"
"txn=|fr=0005|pl=16662|ts=2026-06-22 18:10:54|ty=FREE_AGENT|td=dropped|cm=NA","16662","NFC","0005",2026-06-22 18:10:54,2026-06-25 09:00:00,FALSE,FALSE,"historical","Historical timing retained"
"txn=|fr=0005|pl=15140|ts=2026-06-22 18:01:07|ty=FREE_AGENT|td=dropped|cm=NA","15140","NFC","0005",2026-06-22 18:01:07,2026-06-25 09:00:00,FALSE,FALSE,"historical","Historical timing retained"
"txn=|fr=0009|pl=16746|ts=2026-06-21 17:54:56|ty=FREE_AGENT|td=dropped|cm=NA","16746","NFC","0009",2026-06-21 17:54:56,2026-06-24 09:00:00,FALSE,FALSE,"historical","Historical timing retained"
"txn=|fr=0009|pl=17681|ts=2026-06-21 17:54:56|ty=FREE_AGENT|td=dropped|cm=NA","17681","NFC","0009",2026-06-21 17:54:56,2026-06-24 09:00:00,FALSE,FALSE,"historical","Historical timing retained"
"txn=|fr=0009|pl=17655|ts=2026-06-21 17:54:56|ty=FREE_AGENT|td=dropped|cm=NA","17655","NFC","0009",2026-06-21 17:54:56,2026-06-24 09:00:00,FALSE,FALSE,"historical","Historical timing retained"
"txn=|fr=0009|pl=16292|ts=2026-06-21 17:54:56|ty=FREE_AGENT|td=dropped|cm=NA","16292","NFC","0009",2026-06-21 17:54:56,2026-06-24 09:00:00,FALSE,FALSE,"historical","Historical timing retained"
"txn=|fr=0009|pl=17658|ts=2026-06-21 17:54:56|ty=FREE_AGENT|td=dropped|cm=NA","17658","NFC","0009",2026-06-21 17:54:56,2026-06-24 09:00:00,FALSE,FALSE,"historical","Historical timing retained"
"txn=|fr=0009|pl=17604|ts=2026-06-21 17:54:56|ty=FREE_AGENT|td=dropped|cm=NA","17604","NFC","0009",2026-06-21 17:54:56,2026-06-24 09:00:00,FALSE,FALSE,"historical","Historical timing retained"
"txn=|fr=0009|pl=0802|ts=2026-06-21 17:54:56|ty=FREE_AGENT|td=dropped|cm=NA","0802","NFC","0009",2026-06-21 17:54:56,2026-06-24 09:00:00,FALSE,FALSE,"historical","Historical timing retained"
"txn=|fr=0009|pl=17684|ts=2026-06-21 17:54:56|ty=FREE_AGENT|td=dropped|cm=NA","17684","NFC","0009",2026-06-21 17:54:56,2026-06-24 09:00:00,FALSE,FALSE,"historical","Historical timing retained"
"txn=|fr=0030|pl=17632|ts=2026-06-20 13:19:47|ty=FREE_AGENT|td=dropped|cm=NA","17632","AFC","0030",2026-06-20 13:19:47,2026-06-23 09:00:00,FALSE,FALSE,"historical","Historical timing retained"
"txn=|fr=0030|pl=17631|ts=2026-06-20 13:19:47|ty=FREE_AGENT|td=dropped|cm=NA","17631","AFC","0030",2026-06-20 13:19:47,2026-06-23 09:00:00,FALSE,FALSE,"historical","Historical timing retained"
"txn=|fr=0030|pl=17490|ts=2026-06-20 13:12:32|ty=FREE_AGENT|td=dropped|cm=NA","17490","AFC","0030",2026-06-20 13:12:32,2026-06-23 09:00:00,FALSE,FALSE,"historical","Historical timing retained"
"txn=|fr=0030|pl=17637|ts=2026-06-20 13:12:32|ty=FREE_AGENT|td=dropped|cm=NA","17637","AFC","0030",2026-06-20 13:12:32,2026-06-23 09:00:00,FALSE,FALSE,"historical","Historical timing retained"
"txn=|fr=0006|pl=17672|ts=2026-06-20 03:51:21|ty=FREE_AGENT|td=dropped|cm=NA","17672","NFC","0006",2026-06-20 03:51:21,2026-06-22 09:00:00,FALSE,FALSE,"historical","Historical timing retained"
"txn=|fr=0006|pl=17678|ts=2026-06-20 03:51:21|ty=FREE_AGENT|td=dropped|cm=NA","17678","NFC","0006",2026-06-20 03:51:21,2026-06-22 09:00:00,FALSE,FALSE,"historical","Historical timing retained"
"txn=|fr=0021|pl=0800|ts=2026-06-18 23:11:00|ty=FREE_AGENT|td=dropped|cm=NA","0800","AFC","0021",2026-06-18 23:11:00,2026-06-21 09:00:00,FALSE,FALSE,"historical","Historical timing retained"
"txn=|fr=0021|pl=0801|ts=2026-06-18 23:11:00|ty=FREE_AGENT|td=dropped|cm=NA","0801","AFC","0021",2026-06-18 23:11:00,2026-06-21 09:00:00,FALSE,FALSE,"historical","Historical timing retained"
"txn=|fr=0021|pl=15499|ts=2026-06-18 23:11:00|ty=FREE_AGENT|td=dropped|cm=NA","15499","AFC","0021",2026-06-18 23:11:00,2026-06-21 09:00:00,FALSE,FALSE,"historical","Historical timing retained"
"txn=|fr=0016|pl=17564|ts=2026-06-18 19:56:36|ty=FREE_AGENT|td=dropped|cm=NA","17564","NFC","0016",2026-06-18 19:56:36,2026-06-21 09:00:00,FALSE,FALSE,"historical","Historical timing retained"
"txn=|fr=0021|pl=17605|ts=2026-06-18 19:19:59|ty=FREE_AGENT|td=dropped|cm=NA","17605","AFC","0021",2026-06-18 19:19:59,2026-06-21 09:00:00,FALSE,FALSE,"historical","Historical timing retained"
"txn=|fr=0011|pl=11644|ts=2026-06-18 12:34:55|ty=FREE_AGENT|td=dropped|cm=NA","11644","NFC","0011",2026-06-18 12:34:55,2026-06-21 09:00:00,FALSE,FALSE,"historical","Historical timing retained"
"txn=|fr=0011|pl=16139|ts=2026-06-18 12:34:55|ty=FREE_AGENT|td=dropped|cm=NA","16139","NFC","0011",2026-06-18 12:34:55,2026-06-21 09:00:00,FALSE,FALSE,"historical","Historical timing retained"
"txn=|fr=0011|pl=16016|ts=2026-06-18 12:34:55|ty=FREE_AGENT|td=dropped|cm=NA","16016","NFC","0011",2026-06-18 12:34:55,2026-06-21 09:00:00,FALSE,FALSE,"historical","Historical timing retained"
"txn=|fr=0021|pl=17647|ts=2026-06-17 23:12:29|ty=FREE_AGENT|td=dropped|cm=NA","17647","AFC","0021",2026-06-17 23:12:29,2026-06-20 09:00:00,FALSE,FALSE,"historical","Historical timing retained"
"txn=|fr=0021|pl=13424|ts=2026-06-17 23:12:29|ty=FREE_AGENT|td=dropped|cm=NA","13424","AFC","0021",2026-06-17 23:12:29,2026-06-20 09:00:00,FALSE,FALSE,"historical","Historical timing retained"
"txn=|fr=0021|pl=17352|ts=2026-06-17 23:12:29|ty=FREE_AGENT|td=dropped|cm=NA","17352","AFC","0021",2026-06-17 23:12:29,2026-06-20 09:00:00,FALSE,FALSE,"historical","Historical timing retained"
"txn=|fr=0021|pl=17369|ts=2026-06-17 23:12:29|ty=FREE_AGENT|td=dropped|cm=NA","17369","AFC","0021",2026-06-17 23:12:29,2026-06-20 09:00:00,FALSE,FALSE,"historical","Historical timing retained"
"txn=|fr=0014|pl=17394|ts=2026-06-17 17:18:44|ty=FREE_AGENT|td=dropped|cm=NA","17394","NFC","0014",2026-06-17 17:18:44,2026-06-20 09:00:00,FALSE,FALSE,"historical","Historical timing retained"
"txn=|fr=0014|pl=17479|ts=2026-06-17 17:18:44|ty=FREE_AGENT|td=dropped|cm=NA","17479","NFC","0014",2026-06-17 17:18:44,2026-06-20 09:00:00,FALSE,FALSE,"historical","Historical timing retained"
"txn=|fr=0006|pl=15258|ts=2026-06-17 16:37:48|ty=FREE_AGENT|td=dropped|cm=NA","15258","NFC","0006",2026-06-17 16:37:48,2026-06-20 09:00:00,FALSE,FALSE,"historical","Historical timing retained"
"txn=|fr=0006|pl=17234|ts=2026-06-17 16:37:48|ty=FREE_AGENT|td=dropped|cm=NA","17234","NFC","0006",2026-06-17 16:37:48,2026-06-20 09:00:00,FALSE,FALSE,"historical","Historical timing retained"
"txn=|fr=0006|pl=14805|ts=2026-06-17 15:03:41|ty=FREE_AGENT|td=dropped|cm=NA","14805","NFC","0006",2026-06-17 15:03:41,2026-06-20 09:00:00,FALSE,FALSE,"historical","Historical timing retained"
"txn=|fr=0006|pl=17334|ts=2026-06-17 15:03:41|ty=FREE_AGENT|td=dropped|cm=NA","17334","NFC","0006",2026-06-17 15:03:41,2026-06-20 09:00:00,FALSE,FALSE,"historical","Historical timing retained"
"txn=|fr=0031|pl=13193|ts=2026-06-16 19:26:26|ty=FREE_AGENT|td=dropped|cm=NA","13193","AFC","0031",2026-06-16 19:26:26,2026-06-19 09:00:00,FALSE,FALSE,"historical","Historical timing retained"
"txn=|fr=0016|pl=17610|ts=2026-06-16 18:46:54|ty=FREE_AGENT|td=dropped|cm=NA","17610","NFC","0016",2026-06-16 18:46:54,2026-06-19 09:00:00,FALSE,FALSE,"historical","Historical timing retained"
"txn=|fr=0016|pl=16199|ts=2026-06-16 14:24:19|ty=FREE_AGENT|td=dropped|cm=NA","16199","NFC","0016",2026-06-16 14:24:19,2026-06-19 09:00:00,FALSE,FALSE,"historical","Historical timing retained"
"txn=|fr=0029|pl=15351|ts=2026-05-13 11:24:11|ty=FREE_AGENT|td=dropped|cm=NA","15351","AFC","0029",2026-05-13 11:24:11,2026-05-16 09:00:00,FALSE,FALSE,"historical","Historical timing retained"
"txn=|fr=0029|pl=15855|ts=2026-05-09 20:04:02|ty=FREE_AGENT|td=dropped|cm=NA","15855","AFC","0029",2026-05-09 20:04:02,2026-05-12 09:00:00,FALSE,FALSE,"historical","Historical timing retained"
"txn=|fr=0018|pl=16738|ts=2026-04-28 14:37:30|ty=FREE_AGENT|td=dropped|cm=NA","16738","AFC","0018",2026-04-28 14:37:30,2026-05-01 09:00:00,FALSE,FALSE,"historical","Historical timing retained"
"txn=|fr=0002|pl=15757|ts=2026-04-27 18:26:40|ty=FREE_AGENT|td=dropped|cm=NA","15757","NFC","0002",2026-04-27 18:26:40,2026-04-30 09:00:00,FALSE,FALSE,"historical","Historical timing retained"
"txn=|fr=0032|pl=10700|ts=2026-04-27 17:48:45|ty=FREE_AGENT|td=dropped|cm=NA","10700","AFC","0032",2026-04-27 17:48:45,2026-04-30 09:00:00,FALSE,FALSE,"historical","Historical timing retained"
"txn=|fr=0032|pl=15238|ts=2026-04-27 17:48:45|ty=FREE_AGENT|td=dropped|cm=NA","15238","AFC","0032",2026-04-27 17:48:45,2026-04-30 09:00:00,FALSE,FALSE,"historical","Historical timing retained"
"txn=|fr=0032|pl=14789|ts=2026-04-27 17:48:45|ty=FREE_AGENT|td=dropped|cm=NA","14789","AFC","0032",2026-04-27 17:48:45,2026-04-30 09:00:00,FALSE,FALSE,"historical","Historical timing retained"
"txn=|fr=0032|pl=11150|ts=2026-04-27 17:48:45|ty=FREE_AGENT|td=dropped|cm=NA","11150","AFC","0032",2026-04-27 17:48:45,2026-04-30 09:00:00,FALSE,FALSE,"historical","Historical timing retained"
"txn=|fr=0032|pl=13131|ts=2026-04-27 17:48:45|ty=FREE_AGENT|td=dropped|cm=NA","13131","AFC","0032",2026-04-27 17:48:45,2026-04-30 09:00:00,FALSE,FALSE,"historical","Historical timing retained"
"txn=|fr=0032|pl=16195|ts=2026-04-27 17:48:45|ty=FREE_AGENT|td=dropped|cm=NA","16195","AFC","0032",2026-04-27 17:48:45,2026-04-30 09:00:00,FALSE,FALSE,"historical","Historical timing retained"
"txn=|fr=0032|pl=14985|ts=2026-04-27 17:48:45|ty=FREE_AGENT|td=dropped|cm=NA","14985","AFC","0032",2026-04-27 17:48:45,2026-04-30 09:00:00,FALSE,FALSE,"historical","Historical timing retained"
"txn=|fr=0032|pl=17209|ts=2026-04-27 17:48:45|ty=FREE_AGENT|td=dropped|cm=NA","17209","AFC","0032",2026-04-27 17:48:45,2026-04-30 09:00:00,FALSE,FALSE,"historical","Historical timing retained"
"txn=|fr=0032|pl=15928|ts=2026-04-27 17:48:45|ty=FREE_AGENT|td=dropped|cm=NA","15928","AFC","0032",2026-04-27 17:48:45,2026-04-30 09:00:00,FALSE,FALSE,"historical","Historical timing retained"
"txn=|fr=0032|pl=15853|ts=2026-04-27 17:48:45|ty=FREE_AGENT|td=dropped|cm=NA","15853","AFC","0032",2026-04-27 17:48:45,2026-04-30 09:00:00,FALSE,FALSE,"historical","Historical timing retained"
"txn=|fr=0032|pl=15858|ts=2026-04-27 17:48:45|ty=FREE_AGENT|td=dropped|cm=NA","15858","AFC","0032",2026-04-27 17:48:45,2026-04-30 09:00:00,FALSE,FALSE,"historical","Historical timing retained"
"txn=|fr=0032|pl=13987|ts=2026-04-27 17:48:45|ty=FREE_AGENT|td=dropped|cm=NA","13987","AFC","0032",2026-04-27 17:48:45,2026-04-30 09:00:00,FALSE,FALSE,"historical","Historical timing retained"
"txn=|fr=0032|pl=15832|ts=2026-04-27 17:48:45|ty=FREE_AGENT|td=dropped|cm=NA","15832","AFC","0032",2026-04-27 17:48:45,2026-04-30 09:00:00,FALSE,FALSE,"historical","Historical timing retained"
"txn=|fr=0032|pl=15950|ts=2026-04-27 17:48:45|ty=FREE_AGENT|td=dropped|cm=NA","15950","AFC","0032",2026-04-27 17:48:45,2026-04-30 09:00:00,FALSE,FALSE,"historical","Historical timing retained"
"txn=|fr=0032|pl=15850|ts=2026-04-27 17:48:45|ty=FREE_AGENT|td=dropped|cm=NA","15850","AFC","0032",2026-04-27 17:48:45,2026-04-30 09:00:00,FALSE,FALSE,"historical","Historical timing retained"
"txn=|fr=0031|pl=15752|ts=2026-04-27 17:47:58|ty=FREE_AGENT|td=dropped|cm=NA","15752","AFC","0031",2026-04-27 17:47:58,2026-04-30 09:00:00,FALSE,FALSE,"historical","Historical timing retained"
"txn=|fr=0031|pl=13163|ts=2026-04-27 17:47:58|ty=FREE_AGENT|td=dropped|cm=NA","13163","AFC","0031",2026-04-27 17:47:58,2026-04-30 09:00:00,FALSE,FALSE,"historical","Historical timing retained"
"txn=|fr=0031|pl=12676|ts=2026-04-27 17:47:58|ty=FREE_AGENT|td=dropped|cm=NA","12676","AFC","0031",2026-04-27 17:47:58,2026-04-30 09:00:00,FALSE,FALSE,"historical","Historical timing retained"
"txn=|fr=0031|pl=16846|ts=2026-04-27 17:47:58|ty=FREE_AGENT|td=dropped|cm=NA","16846","AFC","0031",2026-04-27 17:47:58,2026-04-30 09:00:00,FALSE,FALSE,"historical","Historical timing retained"
"txn=|fr=0031|pl=10814|ts=2026-04-27 17:47:58|ty=FREE_AGENT|td=dropped|cm=NA","10814","AFC","0031",2026-04-27 17:47:58,2026-04-30 09:00:00,FALSE,FALSE,"historical","Historical timing retained"
"txn=|fr=0031|pl=16663|ts=2026-04-27 17:47:58|ty=FREE_AGENT|td=dropped|cm=NA","16663","AFC","0031",2026-04-27 17:47:58,2026-04-30 09:00:00,FALSE,FALSE,"historical","Historical timing retained"
"txn=|fr=0031|pl=13317|ts=2026-04-27 17:47:58|ty=FREE_AGENT|td=dropped|cm=NA","13317","AFC","0031",2026-04-27 17:47:58,2026-04-30 09:00:00,FALSE,FALSE,"historical","Historical timing retained"
"txn=|fr=0031|pl=15385|ts=2026-04-27 17:47:58|ty=FREE_AGENT|td=dropped|cm=NA","15385","AFC","0031",2026-04-27 17:47:58,2026-04-30 09:00:00,FALSE,FALSE,"historical","Historical timing retained"
"txn=|fr=0031|pl=14217|ts=2026-04-27 17:47:58|ty=FREE_AGENT|td=dropped|cm=NA","14217","AFC","0031",2026-04-27 17:47:58,2026-04-30 09:00:00,FALSE,FALSE,"historical","Historical timing retained"
"txn=|fr=0031|pl=14260|ts=2026-04-27 17:47:58|ty=FREE_AGENT|td=dropped|cm=NA","14260","AFC","0031",2026-04-27 17:47:58,2026-04-30 09:00:00,FALSE,FALSE,"historical","Historical timing retained"
"txn=|fr=0031|pl=13764|ts=2026-04-27 17:47:58|ty=FREE_AGENT|td=dropped|cm=NA","13764","AFC","0031",2026-04-27 17:47:58,2026-04-30 09:00:00,FALSE,FALSE,"historical","Historical timing retained"
"txn=|fr=0031|pl=15375|ts=2026-04-27 17:47:58|ty=FREE_AGENT|td=dropped|cm=NA","15375","AFC","0031",2026-04-27 17:47:58,2026-04-30 09:00:00,FALSE,FALSE,"historical","Historical timing retained"
"txn=|fr=0031|pl=14669|ts=2026-04-27 17:47:58|ty=FREE_AGENT|td=dropped|cm=NA","14669","AFC","0031",2026-04-27 17:47:58,2026-04-30 09:00:00,FALSE,FALSE,"historical","Historical timing retained"
"txn=|fr=0031|pl=13959|ts=2026-04-27 17:47:58|ty=FREE_AGENT|td=dropped|cm=NA","13959","AFC","0031",2026-04-27 17:47:58,2026-04-30 09:00:00,FALSE,FALSE,"historical","Historical timing retained"
"txn=|fr=0031|pl=14414|ts=2026-04-27 17:47:58|ty=FREE_AGENT|td=dropped|cm=NA","14414","AFC","0031",2026-04-27 17:47:58,2026-04-30 09:00:00,FALSE,FALSE,"historical","Historical timing retained"
"txn=|fr=0030|pl=13604|ts=2026-04-27 17:47:08|ty=FREE_AGENT|td=dropped|cm=NA","13604","AFC","0030",2026-04-27 17:47:08,2026-04-30 09:00:00,FALSE,FALSE,"historical","Historical timing retained"
"txn=|fr=0030|pl=14085|ts=2026-04-27 17:47:08|ty=FREE_AGENT|td=dropped|cm=NA","14085","AFC","0030",2026-04-27 17:47:08,2026-04-30 09:00:00,FALSE,FALSE,"historical","Historical timing retained"
"txn=|fr=0030|pl=16403|ts=2026-04-27 17:47:08|ty=FREE_AGENT|td=dropped|cm=NA","16403","AFC","0030",2026-04-27 17:47:08,2026-04-30 09:00:00,FALSE,FALSE,"historical","Historical timing retained"
"txn=|fr=0030|pl=15337|ts=2026-04-27 17:47:08|ty=FREE_AGENT|td=dropped|cm=NA","15337","AFC","0030",2026-04-27 17:47:08,2026-04-30 09:00:00,FALSE,FALSE,"historical","Historical timing retained"
"txn=|fr=0030|pl=13772|ts=2026-04-27 17:47:08|ty=FREE_AGENT|td=dropped|cm=NA","13772","AFC","0030",2026-04-27 17:47:08,2026-04-30 09:00:00,FALSE,FALSE,"historical","Historical timing retained"
"txn=|fr=0030|pl=8851|ts=2026-04-27 17:47:08|ty=FREE_AGENT|td=dropped|cm=NA","8851","AFC","0030",2026-04-27 17:47:08,2026-04-30 09:00:00,FALSE,FALSE,"historical","Historical timing retained"
"txn=|fr=0030|pl=13430|ts=2026-04-27 17:47:08|ty=FREE_AGENT|td=dropped|cm=NA","13430","AFC","0030",2026-04-27 17:47:08,2026-04-30 09:00:00,FALSE,FALSE,"historical","Historical timing retained"
"txn=|fr=0030|pl=13448|ts=2026-04-27 17:47:08|ty=FREE_AGENT|td=dropped|cm=NA","13448","AFC","0030",2026-04-27 17:47:08,2026-04-30 09:00:00,FALSE,FALSE,"historical","Historical timing retained"
"txn=|fr=0030|pl=14251|ts=2026-04-27 17:47:08|ty=FREE_AGENT|td=dropped|cm=NA","14251","AFC","0030",2026-04-27 17:47:08,2026-04-30 09:00:00,FALSE,FALSE,"historical","Historical timing retained"
"txn=|fr=0030|pl=10816|ts=2026-04-27 17:47:08|ty=FREE_AGENT|td=dropped|cm=NA","10816","AFC","0030",2026-04-27 17:47:08,2026-04-30 09:00:00,FALSE,FALSE,"historical","Historical timing retained"
"txn=|fr=0030|pl=14169|ts=2026-04-27 17:47:08|ty=FREE_AGENT|td=dropped|cm=NA","14169","AFC","0030",2026-04-27 17:47:08,2026-04-30 09:00:00,FALSE,FALSE,"historical","Historical timing retained"
"txn=|fr=0030|pl=16145|ts=2026-04-27 17:47:08|ty=FREE_AGENT|td=dropped|cm=NA","16145","AFC","0030",2026-04-27 17:47:08,2026-04-30 09:00:00,FALSE,FALSE,"historical","Historical timing retained"
"txn=|fr=0030|pl=16267|ts=2026-04-27 17:47:08|ty=FREE_AGENT|td=dropped|cm=NA","16267","AFC","0030",2026-04-27 17:47:08,2026-04-30 09:00:00,FALSE,FALSE,"historical","Historical timing retained"
"txn=|fr=0030|pl=15872|ts=2026-04-27 17:47:08|ty=FREE_AGENT|td=dropped|cm=NA","15872","AFC","0030",2026-04-27 17:47:08,2026-04-30 09:00:00,FALSE,FALSE,"historical","Historical timing retained"
"txn=|fr=0030|pl=16295|ts=2026-04-27 17:47:08|ty=FREE_AGENT|td=dropped|cm=NA","16295","AFC","0030",2026-04-27 17:47:08,2026-04-30 09:00:00,FALSE,FALSE,"historical","Historical timing retained"
"txn=|fr=0029|pl=17034|ts=2026-04-27 17:46:14|ty=FREE_AGENT|td=dropped|cm=NA","17034","AFC","0029",2026-04-27 17:46:14,2026-04-30 09:00:00,FALSE,FALSE,"historical","Historical timing retained"
"txn=|fr=0029|pl=14056|ts=2026-04-27 17:46:14|ty=FREE_AGENT|td=dropped|cm=NA","14056","AFC","0029",2026-04-27 17:46:14,2026-04-30 09:00:00,FALSE,FALSE,"historical","Historical timing retained"
"txn=|fr=0029|pl=15716|ts=2026-04-27 17:46:14|ty=FREE_AGENT|td=dropped|cm=NA","15716","AFC","0029",2026-04-27 17:46:14,2026-04-30 09:00:00,FALSE,FALSE,"historical","Historical timing retained"
"txn=|fr=0029|pl=12801|ts=2026-04-27 17:46:14|ty=FREE_AGENT|td=dropped|cm=NA","12801","AFC","0029",2026-04-27 17:46:14,2026-04-30 09:00:00,FALSE,FALSE,"historical","Historical timing retained"
"txn=|fr=0029|pl=14974|ts=2026-04-27 17:46:14|ty=FREE_AGENT|td=dropped|cm=NA","14974","AFC","0029",2026-04-27 17:46:14,2026-04-30 09:00:00,FALSE,FALSE,"historical","Historical timing retained"
"txn=|fr=0029|pl=15331|ts=2026-04-27 17:46:14|ty=FREE_AGENT|td=dropped|cm=NA","15331","AFC","0029",2026-04-27 17:46:14,2026-04-30 09:00:00,FALSE,FALSE,"historical","Historical timing retained"
"txn=|fr=0029|pl=16240|ts=2026-04-27 17:46:14|ty=FREE_AGENT|td=dropped|cm=NA","16240","AFC","0029",2026-04-27 17:46:14,2026-04-30 09:00:00,FALSE,FALSE,"historical","Historical timing retained"
"txn=|fr=0028|pl=13610|ts=2026-04-27 17:45:44|ty=FREE_AGENT|td=dropped|cm=NA","13610","AFC","0028",2026-04-27 17:45:44,2026-04-30 09:00:00,FALSE,FALSE,"historical","Historical timing retained"
"txn=|fr=0028|pl=15301|ts=2026-04-27 17:45:44|ty=FREE_AGENT|td=dropped|cm=NA","15301","AFC","0028",2026-04-27 17:45:44,2026-04-30 09:00:00,FALSE,FALSE,"historical","Historical timing retained"
"txn=|fr=0028|pl=13672|ts=2026-04-27 17:45:44|ty=FREE_AGENT|td=dropped|cm=NA","13672","AFC","0028",2026-04-27 17:45:44,2026-04-30 09:00:00,FALSE,FALSE,"historical","Historical timing retained"
"txn=|fr=0028|pl=8930|ts=2026-04-27 17:45:44|ty=FREE_AGENT|td=dropped|cm=NA","8930","AFC","0028",2026-04-27 17:45:44,2026-04-30 09:00:00,FALSE,FALSE,"historical","Historical timing retained"
"txn=|fr=0028|pl=12218|ts=2026-04-27 17:45:44|ty=FREE_AGENT|td=dropped|cm=NA","12218","AFC","0028",2026-04-27 17:45:44,2026-04-30 09:00:00,FALSE,FALSE,"historical","Historical timing retained"
"txn=|fr=0028|pl=13268|ts=2026-04-27 17:45:44|ty=FREE_AGENT|td=dropped|cm=NA","13268","AFC","0028",2026-04-27 17:45:44,2026-04-30 09:00:00,FALSE,FALSE,"historical","Historical timing retained"
"txn=|fr=0028|pl=14889|ts=2026-04-27 17:45:44|ty=FREE_AGENT|td=dropped|cm=NA","14889","AFC","0028",2026-04-27 17:45:44,2026-04-30 09:00:00,FALSE,FALSE,"historical","Historical timing retained"
"txn=|fr=0028|pl=17263|ts=2026-04-27 17:45:44|ty=FREE_AGENT|td=dropped|cm=NA","17263","AFC","0028",2026-04-27 17:45:44,2026-04-30 09:00:00,FALSE,FALSE,"historical","Historical timing retained"
"txn=|fr=0028|pl=16731|ts=2026-04-27 17:45:44|ty=FREE_AGENT|td=dropped|cm=NA","16731","AFC","0028",2026-04-27 17:45:44,2026-04-30 09:00:00,FALSE,FALSE,"historical","Historical timing retained"
"txn=|fr=0028|pl=15392|ts=2026-04-27 17:45:44|ty=FREE_AGENT|td=dropped|cm=NA","15392","AFC","0028",2026-04-27 17:45:44,2026-04-30 09:00:00,FALSE,FALSE,"historical","Historical timing retained"
"txn=|fr=0028|pl=13717|ts=2026-04-27 17:45:44|ty=FREE_AGENT|td=dropped|cm=NA","13717","AFC","0028",2026-04-27 17:45:44,2026-04-30 09:00:00,FALSE,FALSE,"historical","Historical timing retained"
"txn=|fr=0028|pl=11768|ts=2026-04-27 17:45:44|ty=FREE_AGENT|td=dropped|cm=NA","11768","AFC","0028",2026-04-27 17:45:44,2026-04-30 09:00:00,FALSE,FALSE,"historical","Historical timing retained"
"txn=|fr=0028|pl=13325|ts=2026-04-27 17:45:44|ty=FREE_AGENT|td=dropped|cm=NA","13325","AFC","0028",2026-04-27 17:45:44,2026-04-30 09:00:00,FALSE,FALSE,"historical","Historical timing retained"
"txn=|fr=0027|pl=16385|ts=2026-04-27 17:45:00|ty=FREE_AGENT|td=dropped|cm=NA","16385","AFC","0027",2026-04-27 17:45:00,2026-04-30 09:00:00,FALSE,FALSE,"historical","Historical timing retained"
"txn=|fr=0027|pl=13132|ts=2026-04-27 17:45:00|ty=FREE_AGENT|td=dropped|cm=NA","13132","AFC","0027",2026-04-27 17:45:00,2026-04-30 09:00:00,FALSE,FALSE,"historical","Historical timing retained"
"txn=|fr=0027|pl=15727|ts=2026-04-27 17:45:00|ty=FREE_AGENT|td=dropped|cm=NA","15727","AFC","0027",2026-04-27 17:45:00,2026-04-30 09:00:00,FALSE,FALSE,"historical","Historical timing retained"
"txn=|fr=0027|pl=15777|ts=2026-04-27 17:45:00|ty=FREE_AGENT|td=dropped|cm=NA","15777","AFC","0027",2026-04-27 17:45:00,2026-04-30 09:00:00,FALSE,FALSE,"historical","Historical timing retained"
"txn=|fr=0027|pl=16809|ts=2026-04-27 17:45:00|ty=FREE_AGENT|td=dropped|cm=NA","16809","AFC","0027",2026-04-27 17:45:00,2026-04-30 09:00:00,FALSE,FALSE,"historical","Historical timing retained"
"txn=|fr=0027|pl=15282|ts=2026-04-27 17:45:00|ty=FREE_AGENT|td=dropped|cm=NA","15282","AFC","0027",2026-04-27 17:45:00,2026-04-30 09:00:00,FALSE,FALSE,"historical","Historical timing retained"
"txn=|fr=0027|pl=16215|ts=2026-04-27 17:45:00|ty=FREE_AGENT|td=dropped|cm=NA","16215","AFC","0027",2026-04-27 17:45:00,2026-04-30 09:00:00,FALSE,FALSE,"historical","Historical timing retained"
"txn=|fr=0027|pl=11985|ts=2026-04-27 17:45:00|ty=FREE_AGENT|td=dropped|cm=NA","11985","AFC","0027",2026-04-27 17:45:00,2026-04-30 09:00:00,FALSE,FALSE,"historical","Historical timing retained"
"txn=|fr=0027|pl=13683|ts=2026-04-27 17:45:00|ty=FREE_AGENT|td=dropped|cm=NA","13683","AFC","0027",2026-04-27 17:45:00,2026-04-30 09:00:00,FALSE,FALSE,"historical","Historical timing retained"
"txn=|fr=0027|pl=12764|ts=2026-04-27 17:45:00|ty=FREE_AGENT|td=dropped|cm=NA","12764","AFC","0027",2026-04-27 17:45:00,2026-04-30 09:00:00,FALSE,FALSE,"historical","Historical timing retained"
"txn=|fr=0027|pl=16787|ts=2026-04-27 17:45:00|ty=FREE_AGENT|td=dropped|cm=NA","16787","AFC","0027",2026-04-27 17:45:00,2026-04-30 09:00:00,FALSE,FALSE,"historical","Historical timing retained"
"txn=|fr=0027|pl=15808|ts=2026-04-27 17:45:00|ty=FREE_AGENT|td=dropped|cm=NA","15808","AFC","0027",2026-04-27 17:45:00,2026-04-30 09:00:00,FALSE,FALSE,"historical","Historical timing retained"
"txn=|fr=0027|pl=11721|ts=2026-04-27 17:45:00|ty=FREE_AGENT|td=dropped|cm=NA","11721","AFC","0027",2026-04-27 17:45:00,2026-04-30 09:00:00,FALSE,FALSE,"historical","Historical timing retained"
"txn=|fr=0027|pl=16298|ts=2026-04-27 17:45:00|ty=FREE_AGENT|td=dropped|cm=NA","16298","AFC","0027",2026-04-27 17:45:00,2026-04-30 09:00:00,FALSE,FALSE,"historical","Historical timing retained"
"txn=|fr=0027|pl=14893|ts=2026-04-27 17:45:00|ty=FREE_AGENT|td=dropped|cm=NA","14893","AFC","0027",2026-04-27 17:45:00,2026-04-30 09:00:00,FALSE,FALSE,"historical","Historical timing retained"
"txn=|fr=0027|pl=15862|ts=2026-04-27 17:45:00|ty=FREE_AGENT|td=dropped|cm=NA","15862","AFC","0027",2026-04-27 17:45:00,2026-04-30 09:00:00,FALSE,FALSE,"historical","Historical timing retained"
"txn=|fr=0027|pl=15836|ts=2026-04-27 17:45:00|ty=FREE_AGENT|td=dropped|cm=NA","15836","AFC","0027",2026-04-27 17:45:00,2026-04-30 09:00:00,FALSE,FALSE,"historical","Historical timing retained"
"txn=|fr=0027|pl=15418|ts=2026-04-27 17:45:00|ty=FREE_AGENT|td=dropped|cm=NA","15418","AFC","0027",2026-04-27 17:45:00,2026-04-30 09:00:00,FALSE,FALSE,"historical","Historical timing retained"
"txn=|fr=0027|pl=14982|ts=2026-04-27 17:45:00|ty=FREE_AGENT|td=dropped|cm=NA","14982","AFC","0027",2026-04-27 17:45:00,2026-04-30 09:00:00,FALSE,FALSE,"historical","Historical timing retained"
"txn=|fr=0027|pl=14434|ts=2026-04-27 17:45:00|ty=FREE_AGENT|td=dropped|cm=NA","14434","AFC","0027",2026-04-27 17:45:00,2026-04-30 09:00:00,FALSE,FALSE,"historical","Historical timing retained"
"txn=|fr=0026|pl=13138|ts=2026-04-27 17:43:51|ty=FREE_AGENT|td=dropped|cm=NA","13138","AFC","0026",2026-04-27 17:43:51,2026-04-30 09:00:00,FALSE,FALSE,"historical","Historical timing retained"
"txn=|fr=0026|pl=16178|ts=2026-04-27 17:43:51|ty=FREE_AGENT|td=dropped|cm=NA","16178","AFC","0026",2026-04-27 17:43:51,2026-04-30 09:00:00,FALSE,FALSE,"historical","Historical timing retained"
"txn=|fr=0026|pl=14861|ts=2026-04-27 17:43:51|ty=FREE_AGENT|td=dropped|cm=NA","14861","AFC","0026",2026-04-27 17:43:51,2026-04-30 09:00:00,FALSE,FALSE,"historical","Historical timing retained"
"txn=|fr=0026|pl=13303|ts=2026-04-27 17:43:51|ty=FREE_AGENT|td=dropped|cm=NA","13303","AFC","0026",2026-04-27 17:43:51,2026-04-30 09:00:00,FALSE,FALSE,"historical","Historical timing retained"
"txn=|fr=0026|pl=15369|ts=2026-04-27 17:43:51|ty=FREE_AGENT|td=dropped|cm=NA","15369","AFC","0026",2026-04-27 17:43:51,2026-04-30 09:00:00,FALSE,FALSE,"historical","Historical timing retained"
"txn=|fr=0026|pl=13330|ts=2026-04-27 17:43:51|ty=FREE_AGENT|td=dropped|cm=NA","13330","AFC","0026",2026-04-27 17:43:51,2026-04-30 09:00:00,FALSE,FALSE,"historical","Historical timing retained"
"txn=|fr=0026|pl=14943|ts=2026-04-27 17:43:51|ty=FREE_AGENT|td=dropped|cm=NA","14943","AFC","0026",2026-04-27 17:43:51,2026-04-30 09:00:00,FALSE,FALSE,"historical","Historical timing retained"
"txn=|fr=0026|pl=14180|ts=2026-04-27 17:43:51|ty=FREE_AGENT|td=dropped|cm=NA","14180","AFC","0026",2026-04-27 17:43:51,2026-04-30 09:00:00,FALSE,FALSE,"historical","Historical timing retained"
"txn=|fr=0026|pl=14186|ts=2026-04-27 17:43:51|ty=FREE_AGENT|td=dropped|cm=NA","14186","AFC","0026",2026-04-27 17:43:51,2026-04-30 09:00:00,FALSE,FALSE,"historical","Historical timing retained"
"txn=|fr=0025|pl=7394|ts=2026-04-27 17:43:19|ty=FREE_AGENT|td=dropped|cm=NA","7394","AFC","0025",2026-04-27 17:43:19,2026-04-30 09:00:00,FALSE,FALSE,"historical","Historical timing retained"
"txn=|fr=0025|pl=7836|ts=2026-04-27 17:43:19|ty=FREE_AGENT|td=dropped|cm=NA","7836","AFC","0025",2026-04-27 17:43:19,2026-04-30 09:00:00,FALSE,FALSE,"historical","Historical timing retained"
"txn=|fr=0025|pl=16752|ts=2026-04-27 17:43:19|ty=FREE_AGENT|td=dropped|cm=NA","16752","AFC","0025",2026-04-27 17:43:19,2026-04-30 09:00:00,FALSE,FALSE,"historical","Historical timing retained"
"txn=|fr=0025|pl=15710|ts=2026-04-27 17:43:19|ty=FREE_AGENT|td=dropped|cm=NA","15710","AFC","0025",2026-04-27 17:43:19,2026-04-30 09:00:00,FALSE,FALSE,"historical","Historical timing retained"
"txn=|fr=0025|pl=13299|ts=2026-04-27 17:43:19|ty=FREE_AGENT|td=dropped|cm=NA","13299","AFC","0025",2026-04-27 17:43:19,2026-04-30 09:00:00,FALSE,FALSE,"historical","Historical timing retained"
"txn=|fr=0025|pl=12437|ts=2026-04-27 17:43:19|ty=FREE_AGENT|td=dropped|cm=NA","12437","AFC","0025",2026-04-27 17:43:19,2026-04-30 09:00:00,FALSE,FALSE,"historical","Historical timing retained"
"txn=|fr=0025|pl=15884|ts=2026-04-27 17:43:19|ty=FREE_AGENT|td=dropped|cm=NA","15884","AFC","0025",2026-04-27 17:43:19,2026-04-30 09:00:00,FALSE,FALSE,"historical","Historical timing retained"
"txn=|fr=0025|pl=12305|ts=2026-04-27 17:43:19|ty=FREE_AGENT|td=dropped|cm=NA","12305","AFC","0025",2026-04-27 17:43:19,2026-04-30 09:00:00,FALSE,FALSE,"historical","Historical timing retained"
"txn=|fr=0025|pl=12782|ts=2026-04-27 17:43:19|ty=FREE_AGENT|td=dropped|cm=NA","12782","AFC","0025",2026-04-27 17:43:19,2026-04-30 09:00:00,FALSE,FALSE,"historical","Historical timing retained"
"txn=|fr=0025|pl=14154|ts=2026-04-27 17:43:19|ty=FREE_AGENT|td=dropped|cm=NA","14154","AFC","0025",2026-04-27 17:43:19,2026-04-30 09:00:00,FALSE,FALSE,"historical","Historical timing retained"
"txn=|fr=0025|pl=14249|ts=2026-04-27 17:43:19|ty=FREE_AGENT|td=dropped|cm=NA","14249","AFC","0025",2026-04-27 17:43:19,2026-04-30 09:00:00,FALSE,FALSE,"historical","Historical timing retained"
"txn=|fr=0025|pl=16009|ts=2026-04-27 17:43:19|ty=FREE_AGENT|td=dropped|cm=NA","16009","AFC","0025",2026-04-27 17:43:19,2026-04-30 09:00:00,FALSE,FALSE,"historical","Historical timing retained"
"txn=|fr=0025|pl=13447|ts=2026-04-27 17:43:19|ty=FREE_AGENT|td=dropped|cm=NA","13447","AFC","0025",2026-04-27 17:43:19,2026-04-30 09:00:00,FALSE,FALSE,"historical","Historical timing retained"
"txn=|fr=0025|pl=13281|ts=2026-04-27 17:43:19|ty=FREE_AGENT|td=dropped|cm=NA","13281","AFC","0025",2026-04-27 17:43:19,2026-04-30 09:00:00,FALSE,FALSE,"historical","Historical timing retained"
"txn=|fr=0025|pl=12711|ts=2026-04-27 17:43:19|ty=FREE_AGENT|td=dropped|cm=NA","12711","AFC","0025",2026-04-27 17:43:19,2026-04-30 09:00:00,FALSE,FALSE,"historical","Historical timing retained"
"txn=|fr=0025|pl=10783|ts=2026-04-27 17:43:19|ty=FREE_AGENT|td=dropped|cm=NA","10783","AFC","0025",2026-04-27 17:43:19,2026-04-30 09:00:00,FALSE,FALSE,"historical","Historical timing retained"
"txn=|fr=0024|pl=12141|ts=2026-04-27 17:42:28|ty=FREE_AGENT|td=dropped|cm=NA","12141","AFC","0024",2026-04-27 17:42:28,2026-04-30 09:00:00,FALSE,FALSE,"historical","Historical timing retained"
"txn=|fr=0024|pl=15749|ts=2026-04-27 17:42:28|ty=FREE_AGENT|td=dropped|cm=NA","15749","AFC","0024",2026-04-27 17:42:28,2026-04-30 09:00:00,FALSE,FALSE,"historical","Historical timing retained"
"txn=|fr=0024|pl=16432|ts=2026-04-27 17:42:28|ty=FREE_AGENT|td=dropped|cm=NA","16432","AFC","0024",2026-04-27 17:42:28,2026-04-30 09:00:00,FALSE,FALSE,"historical","Historical timing retained"
"txn=|fr=0024|pl=15319|ts=2026-04-27 17:42:28|ty=FREE_AGENT|td=dropped|cm=NA","15319","AFC","0024",2026-04-27 17:42:28,2026-04-30 09:00:00,FALSE,FALSE,"historical","Historical timing retained"
"txn=|fr=0024|pl=16623|ts=2026-04-27 17:42:28|ty=FREE_AGENT|td=dropped|cm=NA","16623","AFC","0024",2026-04-27 17:42:28,2026-04-30 09:00:00,FALSE,FALSE,"historical","Historical timing retained"
"txn=|fr=0024|pl=15981|ts=2026-04-27 17:42:28|ty=FREE_AGENT|td=dropped|cm=NA","15981","AFC","0024",2026-04-27 17:42:28,2026-04-30 09:00:00,FALSE,FALSE,"historical","Historical timing retained"
"txn=|fr=0024|pl=16216|ts=2026-04-27 17:42:28|ty=FREE_AGENT|td=dropped|cm=NA","16216","AFC","0024",2026-04-27 17:42:28,2026-04-30 09:00:00,FALSE,FALSE,"historical","Historical timing retained"
"txn=|fr=0024|pl=15979|ts=2026-04-27 17:42:28|ty=FREE_AGENT|td=dropped|cm=NA","15979","AFC","0024",2026-04-27 17:42:28,2026-04-30 09:00:00,FALSE,FALSE,"historical","Historical timing retained"
"txn=|fr=0024|pl=13844|ts=2026-04-27 17:42:28|ty=FREE_AGENT|td=dropped|cm=NA","13844","AFC","0024",2026-04-27 17:42:28,2026-04-30 09:00:00,FALSE,FALSE,"historical","Historical timing retained"
"txn=|fr=0024|pl=15357|ts=2026-04-27 17:42:28|ty=FREE_AGENT|td=dropped|cm=NA","15357","AFC","0024",2026-04-27 17:42:28,2026-04-30 09:00:00,FALSE,FALSE,"historical","Historical timing retained"
"txn=|fr=0024|pl=12739|ts=2026-04-27 17:42:28|ty=FREE_AGENT|td=dropped|cm=NA","12739","AFC","0024",2026-04-27 17:42:28,2026-04-30 09:00:00,FALSE,FALSE,"historical","Historical timing retained"
"txn=|fr=0024|pl=13770|ts=2026-04-27 17:42:28|ty=FREE_AGENT|td=dropped|cm=NA","13770","AFC","0024",2026-04-27 17:42:28,2026-04-30 09:00:00,FALSE,FALSE,"historical","Historical timing retained"
"txn=|fr=0024|pl=15382|ts=2026-04-27 17:42:28|ty=FREE_AGENT|td=dropped|cm=NA","15382","AFC","0024",2026-04-27 17:42:28,2026-04-30 09:00:00,FALSE,FALSE,"historical","Historical timing retained"
"txn=|fr=0024|pl=11706|ts=2026-04-27 17:42:28|ty=FREE_AGENT|td=dropped|cm=NA","11706","AFC","0024",2026-04-27 17:42:28,2026-04-30 09:00:00,FALSE,FALSE,"historical","Historical timing retained"
"txn=|fr=0024|pl=14879|ts=2026-04-27 17:42:28|ty=FREE_AGENT|td=dropped|cm=NA","14879","AFC","0024",2026-04-27 17:42:28,2026-04-30 09:00:00,FALSE,FALSE,"historical","Historical timing retained"
"txn=|fr=0024|pl=12217|ts=2026-04-27 17:42:28|ty=FREE_AGENT|td=dropped|cm=NA","12217","AFC","0024",2026-04-27 17:42:28,2026-04-30 09:00:00,FALSE,FALSE,"historical","Historical timing retained"
"txn=|fr=0024|pl=14877|ts=2026-04-27 17:42:28|ty=FREE_AGENT|td=dropped|cm=NA","14877","AFC","0024",2026-04-27 17:42:28,2026-04-30 09:00:00,FALSE,FALSE,"historical","Historical timing retained"
"txn=|fr=0024|pl=16283|ts=2026-04-27 17:42:28|ty=FREE_AGENT|td=dropped|cm=NA","16283","AFC","0024",2026-04-27 17:42:28,2026-04-30 09:00:00,FALSE,FALSE,"historical","Historical timing retained"
"txn=|fr=0024|pl=14412|ts=2026-04-27 17:42:28|ty=FREE_AGENT|td=dropped|cm=NA","14412","AFC","0024",2026-04-27 17:42:28,2026-04-30 09:00:00,FALSE,FALSE,"historical","Historical timing retained"
"txn=|fr=0024|pl=14903|ts=2026-04-27 17:42:28|ty=FREE_AGENT|td=dropped|cm=NA","14903","AFC","0024",2026-04-27 17:42:28,2026-04-30 09:00:00,FALSE,FALSE,"historical","Historical timing retained"
"txn=|fr=0024|pl=11348|ts=2026-04-27 17:42:28|ty=FREE_AGENT|td=dropped|cm=NA","11348","AFC","0024",2026-04-27 17:42:28,2026-04-30 09:00:00,FALSE,FALSE,"historical","Historical timing retained"
"txn=|fr=0024|pl=15362|ts=2026-04-27 17:42:28|ty=FREE_AGENT|td=dropped|cm=NA","15362","AFC","0024",2026-04-27 17:42:28,2026-04-30 09:00:00,FALSE,FALSE,"historical","Historical timing retained"
"txn=|fr=0024|pl=15859|ts=2026-04-27 17:42:28|ty=FREE_AGENT|td=dropped|cm=NA","15859","AFC","0024",2026-04-27 17:42:28,2026-04-30 09:00:00,FALSE,FALSE,"historical","Historical timing retained"
"txn=|fr=0024|pl=14918|ts=2026-04-27 17:42:28|ty=FREE_AGENT|td=dropped|cm=NA","14918","AFC","0024",2026-04-27 17:42:28,2026-04-30 09:00:00,FALSE,FALSE,"historical","Historical timing retained"
"txn=|fr=0024|pl=13737|ts=2026-04-27 17:42:28|ty=FREE_AGENT|td=dropped|cm=NA","13737","AFC","0024",2026-04-27 17:42:28,2026-04-30 09:00:00,FALSE,FALSE,"historical","Historical timing retained"
"txn=|fr=0023|pl=9064|ts=2026-04-27 17:41:14|ty=FREE_AGENT|td=dropped|cm=NA","9064","AFC","0023",2026-04-27 17:41:14,2026-04-30 09:00:00,FALSE,FALSE,"historical","Historical timing retained"
"txn=|fr=0023|pl=15241|ts=2026-04-27 17:41:14|ty=FREE_AGENT|td=dropped|cm=NA","15241","AFC","0023",2026-04-27 17:41:14,2026-04-30 09:00:00,FALSE,FALSE,"historical","Historical timing retained"
"txn=|fr=0023|pl=15258|ts=2026-04-27 17:41:14|ty=FREE_AGENT|td=dropped|cm=NA","15258","AFC","0023",2026-04-27 17:41:14,2026-04-30 09:00:00,FALSE,FALSE,"historical","Historical timing retained"
"txn=|fr=0023|pl=15255|ts=2026-04-27 17:41:14|ty=FREE_AGENT|td=dropped|cm=NA","15255","AFC","0023",2026-04-27 17:41:14,2026-04-30 09:00:00,FALSE,FALSE,"historical","Historical timing retained"
"txn=|fr=0023|pl=14086|ts=2026-04-27 17:41:14|ty=FREE_AGENT|td=dropped|cm=NA","14086","AFC","0023",2026-04-27 17:41:14,2026-04-30 09:00:00,FALSE,FALSE,"historical","Historical timing retained"
"txn=|fr=0023|pl=13133|ts=2026-04-27 17:41:14|ty=FREE_AGENT|td=dropped|cm=NA","13133","AFC","0023",2026-04-27 17:41:14,2026-04-30 09:00:00,FALSE,FALSE,"historical","Historical timing retained"
"txn=|fr=0023|pl=16757|ts=2026-04-27 17:41:14|ty=FREE_AGENT|td=dropped|cm=NA","16757","AFC","0023",2026-04-27 17:41:14,2026-04-30 09:00:00,FALSE,FALSE,"historical","Historical timing retained"
"txn=|fr=0023|pl=14860|ts=2026-04-27 17:41:14|ty=FREE_AGENT|td=dropped|cm=NA","14860","AFC","0023",2026-04-27 17:41:14,2026-04-30 09:00:00,FALSE,FALSE,"historical","Historical timing retained"
"txn=|fr=0023|pl=14833|ts=2026-04-27 17:41:14|ty=FREE_AGENT|td=dropped|cm=NA","14833","AFC","0023",2026-04-27 17:41:14,2026-04-30 09:00:00,FALSE,FALSE,"historical","Historical timing retained"
"txn=|fr=0023|pl=15288|ts=2026-04-27 17:41:14|ty=FREE_AGENT|td=dropped|cm=NA","15288","AFC","0023",2026-04-27 17:41:14,2026-04-30 09:00:00,FALSE,FALSE,"historical","Historical timing retained"
"txn=|fr=0023|pl=14592|ts=2026-04-27 17:41:14|ty=FREE_AGENT|td=dropped|cm=NA","14592","AFC","0023",2026-04-27 17:41:14,2026-04-30 09:00:00,FALSE,FALSE,"historical","Historical timing retained"
"txn=|fr=0023|pl=15889|ts=2026-04-27 17:41:14|ty=FREE_AGENT|td=dropped|cm=NA","15889","AFC","0023",2026-04-27 17:41:14,2026-04-30 09:00:00,FALSE,FALSE,"historical","Historical timing retained"
"txn=|fr=0023|pl=12263|ts=2026-04-27 17:41:14|ty=FREE_AGENT|td=dropped|cm=NA","12263","AFC","0023",2026-04-27 17:41:14,2026-04-30 09:00:00,FALSE,FALSE,"historical","Historical timing retained"
"txn=|fr=0023|pl=13719|ts=2026-04-27 17:41:14|ty=FREE_AGENT|td=dropped|cm=NA","13719","AFC","0023",2026-04-27 17:41:14,2026-04-30 09:00:00,FALSE,FALSE,"historical","Historical timing retained"
"txn=|fr=0023|pl=13723|ts=2026-04-27 17:41:14|ty=FREE_AGENT|td=dropped|cm=NA","13723","AFC","0023",2026-04-27 17:41:14,2026-04-30 09:00:00,FALSE,FALSE,"historical","Historical timing retained"
"txn=|fr=0023|pl=16927|ts=2026-04-27 17:41:14|ty=FREE_AGENT|td=dropped|cm=NA","16927","AFC","0023",2026-04-27 17:41:14,2026-04-30 09:00:00,FALSE,FALSE,"historical","Historical timing retained"
"txn=|fr=0023|pl=16294|ts=2026-04-27 17:41:14|ty=FREE_AGENT|td=dropped|cm=NA","16294","AFC","0023",2026-04-27 17:41:14,2026-04-30 09:00:00,FALSE,FALSE,"historical","Historical timing retained"
"txn=|fr=0023|pl=15386|ts=2026-04-27 17:41:14|ty=FREE_AGENT|td=dropped|cm=NA","15386","AFC","0023",2026-04-27 17:41:14,2026-04-30 09:00:00,FALSE,FALSE,"historical","Historical timing retained"
"txn=|fr=0023|pl=10768|ts=2026-04-27 17:41:14|ty=FREE_AGENT|td=dropped|cm=NA","10768","AFC","0023",2026-04-27 17:41:14,2026-04-30 09:00:00,FALSE,FALSE,"historical","Historical timing retained"
"txn=|fr=0023|pl=14210|ts=2026-04-27 17:41:14|ty=FREE_AGENT|td=dropped|cm=NA","14210","AFC","0023",2026-04-27 17:41:14,2026-04-30 09:00:00,FALSE,FALSE,"historical","Historical timing retained"
"txn=|fr=0023|pl=14168|ts=2026-04-27 17:41:14|ty=FREE_AGENT|td=dropped|cm=NA","14168","AFC","0023",2026-04-27 17:41:14,2026-04-30 09:00:00,FALSE,FALSE,"historical","Historical timing retained"
"txn=|fr=0023|pl=13223|ts=2026-04-27 17:41:14|ty=FREE_AGENT|td=dropped|cm=NA","13223","AFC","0023",2026-04-27 17:41:14,2026-04-30 09:00:00,FALSE,FALSE,"historical","Historical timing retained"
"txn=|fr=0023|pl=13249|ts=2026-04-27 17:41:14|ty=FREE_AGENT|td=dropped|cm=NA","13249","AFC","0023",2026-04-27 17:41:14,2026-04-30 09:00:00,FALSE,FALSE,"historical","Historical timing retained"
"txn=|fr=0023|pl=13713|ts=2026-04-27 17:41:14|ty=FREE_AGENT|td=dropped|cm=NA","13713","AFC","0023",2026-04-27 17:41:14,2026-04-30 09:00:00,FALSE,FALSE,"historical","Historical timing retained"
"txn=|fr=0023|pl=15448|ts=2026-04-27 17:41:14|ty=FREE_AGENT|td=dropped|cm=NA","15448","AFC","0023",2026-04-27 17:41:14,2026-04-30 09:00:00,FALSE,FALSE,"historical","Historical timing retained"
"txn=|fr=0022|pl=15692|ts=2026-04-27 17:39:56|ty=FREE_AGENT|td=dropped|cm=NA","15692","AFC","0022",2026-04-27 17:39:56,2026-04-30 09:00:00,FALSE,FALSE,"historical","Historical timing retained"
"txn=|fr=0022|pl=10703|ts=2026-04-27 17:39:56|ty=FREE_AGENT|td=dropped|cm=NA","10703","AFC","0022",2026-04-27 17:39:56,2026-04-30 09:00:00,FALSE,FALSE,"historical","Historical timing retained"
"txn=|fr=0022|pl=13404|ts=2026-04-27 17:39:56|ty=FREE_AGENT|td=dropped|cm=NA","13404","AFC","0022",2026-04-27 17:39:56,2026-04-30 09:00:00,FALSE,FALSE,"historical","Historical timing retained"
"txn=|fr=0022|pl=14223|ts=2026-04-27 17:39:56|ty=FREE_AGENT|td=dropped|cm=NA","14223","AFC","0022",2026-04-27 17:39:56,2026-04-30 09:00:00,FALSE,FALSE,"historical","Historical timing retained"
"txn=|fr=0022|pl=16174|ts=2026-04-27 17:39:56|ty=FREE_AGENT|td=dropped|cm=NA","16174","AFC","0022",2026-04-27 17:39:56,2026-04-30 09:00:00,FALSE,FALSE,"historical","Historical timing retained"
"txn=|fr=0022|pl=15292|ts=2026-04-27 17:39:56|ty=FREE_AGENT|td=dropped|cm=NA","15292","AFC","0022",2026-04-27 17:39:56,2026-04-30 09:00:00,FALSE,FALSE,"historical","Historical timing retained"
"txn=|fr=0022|pl=14136|ts=2026-04-27 17:39:56|ty=FREE_AGENT|td=dropped|cm=NA","14136","AFC","0022",2026-04-27 17:39:56,2026-04-30 09:00:00,FALSE,FALSE,"historical","Historical timing retained"
"txn=|fr=0022|pl=11938|ts=2026-04-27 17:39:56|ty=FREE_AGENT|td=dropped|cm=NA","11938","AFC","0022",2026-04-27 17:39:56,2026-04-30 09:00:00,FALSE,FALSE,"historical","Historical timing retained"
"txn=|fr=0022|pl=11247|ts=2026-04-27 17:39:56|ty=FREE_AGENT|td=dropped|cm=NA","11247","AFC","0022",2026-04-27 17:39:56,2026-04-30 09:00:00,FALSE,FALSE,"historical","Historical timing retained"
"txn=|fr=0022|pl=14867|ts=2026-04-27 17:39:56|ty=FREE_AGENT|td=dropped|cm=NA","14867","AFC","0022",2026-04-27 17:39:56,2026-04-30 09:00:00,FALSE,FALSE,"historical","Historical timing retained"
"txn=|fr=0022|pl=14244|ts=2026-04-27 17:39:56|ty=FREE_AGENT|td=dropped|cm=NA","14244","AFC","0022",2026-04-27 17:39:56,2026-04-30 09:00:00,FALSE,FALSE,"historical","Historical timing retained"
"txn=|fr=0022|pl=16724|ts=2026-04-27 17:39:56|ty=FREE_AGENT|td=dropped|cm=NA","16724","AFC","0022",2026-04-27 17:39:56,2026-04-30 09:00:00,FALSE,FALSE,"historical","Historical timing retained"
"txn=|fr=0022|pl=12697|ts=2026-04-27 17:39:56|ty=FREE_AGENT|td=dropped|cm=NA","12697","AFC","0022",2026-04-27 17:39:56,2026-04-30 09:00:00,FALSE,FALSE,"historical","Historical timing retained"
"txn=|fr=0022|pl=13692|ts=2026-04-27 17:39:56|ty=FREE_AGENT|td=dropped|cm=NA","13692","AFC","0022",2026-04-27 17:39:56,2026-04-30 09:00:00,FALSE,FALSE,"historical","Historical timing retained"
"txn=|fr=0022|pl=13294|ts=2026-04-27 17:39:56|ty=FREE_AGENT|td=dropped|cm=NA","13294","AFC","0022",2026-04-27 17:39:56,2026-04-30 09:00:00,FALSE,FALSE,"historical","Historical timing retained"
"txn=|fr=0022|pl=13888|ts=2026-04-27 17:39:56|ty=FREE_AGENT|td=dropped|cm=NA","13888","AFC","0022",2026-04-27 17:39:56,2026-04-30 09:00:00,FALSE,FALSE,"historical","Historical timing retained"
"txn=|fr=0022|pl=14164|ts=2026-04-27 17:39:56|ty=FREE_AGENT|td=dropped|cm=NA","14164","AFC","0022",2026-04-27 17:39:56,2026-04-30 09:00:00,FALSE,FALSE,"historical","Historical timing retained"
"txn=|fr=0022|pl=12238|ts=2026-04-27 17:39:56|ty=FREE_AGENT|td=dropped|cm=NA","12238","AFC","0022",2026-04-27 17:39:56,2026-04-30 09:00:00,FALSE,FALSE,"historical","Historical timing retained"
"txn=|fr=0022|pl=14200|ts=2026-04-27 17:39:56|ty=FREE_AGENT|td=dropped|cm=NA","14200","AFC","0022",2026-04-27 17:39:56,2026-04-30 09:00:00,FALSE,FALSE,"historical","Historical timing retained"
"txn=|fr=0022|pl=13707|ts=2026-04-27 17:39:56|ty=FREE_AGENT|td=dropped|cm=NA","13707","AFC","0022",2026-04-27 17:39:56,2026-04-30 09:00:00,FALSE,FALSE,"historical","Historical timing retained"
"txn=|fr=0022|pl=14328|ts=2026-04-27 17:39:56|ty=FREE_AGENT|td=dropped|cm=NA","14328","AFC","0022",2026-04-27 17:39:56,2026-04-30 09:00:00,FALSE,FALSE,"historical","Historical timing retained"
"txn=|fr=0021|pl=12616|ts=2026-04-27 17:38:52|ty=FREE_AGENT|td=dropped|cm=NA","12616","AFC","0021",2026-04-27 17:38:52,2026-04-30 09:00:00,FALSE,FALSE,"historical","Historical timing retained"
"txn=|fr=0021|pl=17097|ts=2026-04-27 17:38:52|ty=FREE_AGENT|td=dropped|cm=NA","17097","AFC","0021",2026-04-27 17:38:52,2026-04-30 09:00:00,FALSE,FALSE,"historical","Historical timing retained"
"txn=|fr=0021|pl=13633|ts=2026-04-27 17:38:52|ty=FREE_AGENT|td=dropped|cm=NA","13633","AFC","0021",2026-04-27 17:38:52,2026-04-30 09:00:00,FALSE,FALSE,"historical","Historical timing retained"
"txn=|fr=0021|pl=11936|ts=2026-04-27 17:38:52|ty=FREE_AGENT|td=dropped|cm=NA","11936","AFC","0021",2026-04-27 17:38:52,2026-04-30 09:00:00,FALSE,FALSE,"historical","Historical timing retained"
"txn=|fr=0021|pl=15051|ts=2026-04-27 17:38:52|ty=FREE_AGENT|td=dropped|cm=NA","15051","AFC","0021",2026-04-27 17:38:52,2026-04-30 09:00:00,FALSE,FALSE,"historical","Historical timing retained"
"txn=|fr=0021|pl=9051|ts=2026-04-27 17:38:52|ty=FREE_AGENT|td=dropped|cm=NA","9051","AFC","0021",2026-04-27 17:38:52,2026-04-30 09:00:00,FALSE,FALSE,"historical","Historical timing retained"
"txn=|fr=0021|pl=10266|ts=2026-04-27 17:38:52|ty=FREE_AGENT|td=dropped|cm=NA","10266","AFC","0021",2026-04-27 17:38:52,2026-04-30 09:00:00,FALSE,FALSE,"historical","Historical timing retained"
"txn=|fr=0021|pl=12225|ts=2026-04-27 17:38:52|ty=FREE_AGENT|td=dropped|cm=NA","12225","AFC","0021",2026-04-27 17:38:52,2026-04-30 09:00:00,FALSE,FALSE,"historical","Historical timing retained"
"txn=|fr=0021|pl=14148|ts=2026-04-27 17:38:52|ty=FREE_AGENT|td=dropped|cm=NA","14148","AFC","0021",2026-04-27 17:38:52,2026-04-30 09:00:00,FALSE,FALSE,"historical","Historical timing retained"
"txn=|fr=0021|pl=14472|ts=2026-04-27 17:38:52|ty=FREE_AGENT|td=dropped|cm=NA","14472","AFC","0021",2026-04-27 17:38:52,2026-04-30 09:00:00,FALSE,FALSE,"historical","Historical timing retained"
"txn=|fr=0021|pl=17201|ts=2026-04-27 17:38:52|ty=FREE_AGENT|td=dropped|cm=NA","17201","AFC","0021",2026-04-27 17:38:52,2026-04-30 09:00:00,FALSE,FALSE,"historical","Historical timing retained"
"txn=|fr=0021|pl=10775|ts=2026-04-27 17:38:52|ty=FREE_AGENT|td=dropped|cm=NA","10775","AFC","0021",2026-04-27 17:38:52,2026-04-30 09:00:00,FALSE,FALSE,"historical","Historical timing retained"
"txn=|fr=0021|pl=13774|ts=2026-04-27 17:38:52|ty=FREE_AGENT|td=dropped|cm=NA","13774","AFC","0021",2026-04-27 17:38:52,2026-04-30 09:00:00,FALSE,FALSE,"historical","Historical timing retained"
"txn=|fr=0020|pl=13319|ts=2026-04-27 17:38:06|ty=FREE_AGENT|td=dropped|cm=NA","13319","AFC","0020",2026-04-27 17:38:06,2026-04-30 09:00:00,FALSE,FALSE,"historical","Historical timing retained"
"txn=|fr=0020|pl=15256|ts=2026-04-27 17:38:06|ty=FREE_AGENT|td=dropped|cm=NA","15256","AFC","0020",2026-04-27 17:38:06,2026-04-30 09:00:00,FALSE,FALSE,"historical","Historical timing retained"
"txn=|fr=0020|pl=11222|ts=2026-04-27 17:38:06|ty=FREE_AGENT|td=dropped|cm=NA","11222","AFC","0020",2026-04-27 17:38:06,2026-04-30 09:00:00,FALSE,FALSE,"historical","Historical timing retained"
"txn=|fr=0020|pl=11232|ts=2026-04-27 17:38:06|ty=FREE_AGENT|td=dropped|cm=NA","11232","AFC","0020",2026-04-27 17:38:06,2026-04-30 09:00:00,FALSE,FALSE,"historical","Historical timing retained"
"txn=|fr=0020|pl=14137|ts=2026-04-27 17:38:06|ty=FREE_AGENT|td=dropped|cm=NA","14137","AFC","0020",2026-04-27 17:38:06,2026-04-30 09:00:00,FALSE,FALSE,"historical","Historical timing retained"
"txn=|fr=0020|pl=16333|ts=2026-04-27 17:38:06|ty=FREE_AGENT|td=dropped|cm=NA","16333","AFC","0020",2026-04-27 17:38:06,2026-04-30 09:00:00,FALSE,FALSE,"historical","Historical timing retained"
"txn=|fr=0020|pl=16292|ts=2026-04-27 17:38:06|ty=FREE_AGENT|td=dropped|cm=NA","16292","AFC","0020",2026-04-27 17:38:06,2026-04-30 09:00:00,FALSE,FALSE,"historical","Historical timing retained"
"txn=|fr=0020|pl=15911|ts=2026-04-27 17:38:06|ty=FREE_AGENT|td=dropped|cm=NA","15911","AFC","0020",2026-04-27 17:38:06,2026-04-30 09:00:00,FALSE,FALSE,"historical","Historical timing retained"
"txn=|fr=0020|pl=13208|ts=2026-04-27 17:38:06|ty=FREE_AGENT|td=dropped|cm=NA","13208","AFC","0020",2026-04-27 17:38:06,2026-04-30 09:00:00,FALSE,FALSE,"historical","Historical timing retained"
"txn=|fr=0020|pl=16767|ts=2026-04-27 17:38:06|ty=FREE_AGENT|td=dropped|cm=NA","16767","AFC","0020",2026-04-27 17:38:06,2026-04-30 09:00:00,FALSE,FALSE,"historical","Historical timing retained"
"txn=|fr=0020|pl=16369|ts=2026-04-27 17:38:06|ty=FREE_AGENT|td=dropped|cm=NA","16369","AFC","0020",2026-04-27 17:38:06,2026-04-30 09:00:00,FALSE,FALSE,"historical","Historical timing retained"
"txn=|fr=0020|pl=13693|ts=2026-04-27 17:38:06|ty=FREE_AGENT|td=dropped|cm=NA","13693","AFC","0020",2026-04-27 17:38:06,2026-04-30 09:00:00,FALSE,FALSE,"historical","Historical timing retained"
"txn=|fr=0020|pl=15861|ts=2026-04-27 17:38:06|ty=FREE_AGENT|td=dropped|cm=NA","15861","AFC","0020",2026-04-27 17:38:06,2026-04-30 09:00:00,FALSE,FALSE,"historical","Historical timing retained"
"txn=|fr=0020|pl=13685|ts=2026-04-27 17:38:06|ty=FREE_AGENT|td=dropped|cm=NA","13685","AFC","0020",2026-04-27 17:38:06,2026-04-30 09:00:00,FALSE,FALSE,"historical","Historical timing retained"
"txn=|fr=0020|pl=15907|ts=2026-04-27 17:38:06|ty=FREE_AGENT|td=dropped|cm=NA","15907","AFC","0020",2026-04-27 17:38:06,2026-04-30 09:00:00,FALSE,FALSE,"historical","Historical timing retained"
"txn=|fr=0020|pl=15355|ts=2026-04-27 17:38:06|ty=FREE_AGENT|td=dropped|cm=NA","15355","AFC","0020",2026-04-27 17:38:06,2026-04-30 09:00:00,FALSE,FALSE,"historical","Historical timing retained"
"txn=|fr=0020|pl=13952|ts=2026-04-27 17:38:06|ty=FREE_AGENT|td=dropped|cm=NA","13952","AFC","0020",2026-04-27 17:38:06,2026-04-30 09:00:00,FALSE,FALSE,"historical","Historical timing retained"
"txn=|fr=0020|pl=16383|ts=2026-04-27 17:38:06|ty=FREE_AGENT|td=dropped|cm=NA","16383","AFC","0020",2026-04-27 17:38:06,2026-04-30 09:00:00,FALSE,FALSE,"historical","Historical timing retained"
"txn=|fr=0020|pl=14896|ts=2026-04-27 17:38:06|ty=FREE_AGENT|td=dropped|cm=NA","14896","AFC","0020",2026-04-27 17:38:06,2026-04-30 09:00:00,FALSE,FALSE,"historical","Historical timing retained"
"txn=|fr=0020|pl=15001|ts=2026-04-27 17:38:06|ty=FREE_AGENT|td=dropped|cm=NA","15001","AFC","0020",2026-04-27 17:38:06,2026-04-30 09:00:00,FALSE,FALSE,"historical","Historical timing retained"
"txn=|fr=0020|pl=14302|ts=2026-04-27 17:38:06|ty=FREE_AGENT|td=dropped|cm=NA","14302","AFC","0020",2026-04-27 17:38:06,2026-04-30 09:00:00,FALSE,FALSE,"historical","Historical timing retained"
"txn=|fr=0020|pl=17207|ts=2026-04-27 17:38:06|ty=FREE_AGENT|td=dropped|cm=NA","17207","AFC","0020",2026-04-27 17:38:06,2026-04-30 09:00:00,FALSE,FALSE,"historical","Historical timing retained"
"txn=|fr=0020|pl=12767|ts=2026-04-27 17:38:06|ty=FREE_AGENT|td=dropped|cm=NA","12767","AFC","0020",2026-04-27 17:38:06,2026-04-30 09:00:00,FALSE,FALSE,"historical","Historical timing retained"
"txn=|fr=0020|pl=14283|ts=2026-04-27 17:38:06|ty=FREE_AGENT|td=dropped|cm=NA","14283","AFC","0020",2026-04-27 17:38:06,2026-04-30 09:00:00,FALSE,FALSE,"historical","Historical timing retained"
"txn=|fr=0019|pl=15712|ts=2026-04-27 17:36:59|ty=FREE_AGENT|td=dropped|cm=NA","15712","AFC","0019",2026-04-27 17:36:59,2026-04-30 09:00:00,FALSE,FALSE,"historical","Historical timing retained"
"txn=|fr=0019|pl=14080|ts=2026-04-27 17:36:59|ty=FREE_AGENT|td=dropped|cm=NA","14080","AFC","0019",2026-04-27 17:36:59,2026-04-30 09:00:00,FALSE,FALSE,"historical","Historical timing retained"
"txn=|fr=0019|pl=15293|ts=2026-04-27 17:36:59|ty=FREE_AGENT|td=dropped|cm=NA","15293","AFC","0019",2026-04-27 17:36:59,2026-04-30 09:00:00,FALSE,FALSE,"historical","Historical timing retained"
"txn=|fr=0019|pl=11244|ts=2026-04-27 17:36:59|ty=FREE_AGENT|td=dropped|cm=NA","11244","AFC","0019",2026-04-27 17:36:59,2026-04-30 09:00:00,FALSE,FALSE,"historical","Historical timing retained"
"txn=|fr=0019|pl=14600|ts=2026-04-27 17:36:59|ty=FREE_AGENT|td=dropped|cm=NA","14600","AFC","0019",2026-04-27 17:36:59,2026-04-30 09:00:00,FALSE,FALSE,"historical","Historical timing retained"
"txn=|fr=0019|pl=15032|ts=2026-04-27 17:36:59|ty=FREE_AGENT|td=dropped|cm=NA","15032","AFC","0019",2026-04-27 17:36:59,2026-04-30 09:00:00,FALSE,FALSE,"historical","Historical timing retained"
"txn=|fr=0019|pl=13933|ts=2026-04-27 17:36:59|ty=FREE_AGENT|td=dropped|cm=NA","13933","AFC","0019",2026-04-27 17:36:59,2026-04-30 09:00:00,FALSE,FALSE,"historical","Historical timing retained"
"txn=|fr=0019|pl=15089|ts=2026-04-27 17:36:59|ty=FREE_AGENT|td=dropped|cm=NA","15089","AFC","0019",2026-04-27 17:36:59,2026-04-30 09:00:00,FALSE,FALSE,"historical","Historical timing retained"
"txn=|fr=0019|pl=14162|ts=2026-04-27 17:36:59|ty=FREE_AGENT|td=dropped|cm=NA","14162","AFC","0019",2026-04-27 17:36:59,2026-04-30 09:00:00,FALSE,FALSE,"historical","Historical timing retained"
"txn=|fr=0018|pl=14800|ts=2026-04-27 17:36:20|ty=FREE_AGENT|td=dropped|cm=NA","14800","AFC","0018",2026-04-27 17:36:20,2026-04-30 09:00:00,FALSE,FALSE,"historical","Historical timing retained"
"txn=|fr=0018|pl=13143|ts=2026-04-27 17:36:20|ty=FREE_AGENT|td=dropped|cm=NA","13143","AFC","0018",2026-04-27 17:36:20,2026-04-30 09:00:00,FALSE,FALSE,"historical","Historical timing retained"
"txn=|fr=0018|pl=16342|ts=2026-04-27 17:36:20|ty=FREE_AGENT|td=dropped|cm=NA","16342","AFC","0018",2026-04-27 17:36:20,2026-04-30 09:00:00,FALSE,FALSE,"historical","Historical timing retained"
"txn=|fr=0018|pl=16778|ts=2026-04-27 17:36:20|ty=FREE_AGENT|td=dropped|cm=NA","16778","AFC","0018",2026-04-27 17:36:20,2026-04-30 09:00:00,FALSE,FALSE,"historical","Historical timing retained"
"txn=|fr=0018|pl=15757|ts=2026-04-27 17:36:20|ty=FREE_AGENT|td=dropped|cm=NA","15757","AFC","0018",2026-04-27 17:36:20,2026-04-30 09:00:00,FALSE,FALSE,"historical","Historical timing retained"
"txn=|fr=0018|pl=13192|ts=2026-04-27 17:36:20|ty=FREE_AGENT|td=dropped|cm=NA","13192","AFC","0018",2026-04-27 17:36:20,2026-04-30 09:00:00,FALSE,FALSE,"historical","Historical timing retained"
"txn=|fr=0018|pl=13810|ts=2026-04-27 17:36:20|ty=FREE_AGENT|td=dropped|cm=NA","13810","AFC","0018",2026-04-27 17:36:20,2026-04-30 09:00:00,FALSE,FALSE,"historical","Historical timing retained"
"txn=|fr=0018|pl=14151|ts=2026-04-27 17:36:20|ty=FREE_AGENT|td=dropped|cm=NA","14151","AFC","0018",2026-04-27 17:36:20,2026-04-30 09:00:00,FALSE,FALSE,"historical","Historical timing retained"
"txn=|fr=0018|pl=15121|ts=2026-04-27 17:36:20|ty=FREE_AGENT|td=dropped|cm=NA","15121","AFC","0018",2026-04-27 17:36:20,2026-04-30 09:00:00,FALSE,FALSE,"historical","Historical timing retained"
"txn=|fr=0018|pl=15815|ts=2026-04-27 17:36:20|ty=FREE_AGENT|td=dropped|cm=NA","15815","AFC","0018",2026-04-27 17:36:20,2026-04-30 09:00:00,FALSE,FALSE,"historical","Historical timing retained"
"txn=|fr=0018|pl=16279|ts=2026-04-27 17:36:20|ty=FREE_AGENT|td=dropped|cm=NA","16279","AFC","0018",2026-04-27 17:36:20,2026-04-30 09:00:00,FALSE,FALSE,"historical","Historical timing retained"
"txn=|fr=0018|pl=14907|ts=2026-04-27 17:36:20|ty=FREE_AGENT|td=dropped|cm=NA","14907","AFC","0018",2026-04-27 17:36:20,2026-04-30 09:00:00,FALSE,FALSE,"historical","Historical timing retained"
"txn=|fr=0018|pl=13806|ts=2026-04-27 17:36:20|ty=FREE_AGENT|td=dropped|cm=NA","13806","AFC","0018",2026-04-27 17:36:20,2026-04-30 09:00:00,FALSE,FALSE,"historical","Historical timing retained"
"txn=|fr=0018|pl=11327|ts=2026-04-27 17:36:20|ty=FREE_AGENT|td=dropped|cm=NA","11327","AFC","0018",2026-04-27 17:36:20,2026-04-30 09:00:00,FALSE,FALSE,"historical","Historical timing retained"
"txn=|fr=0018|pl=13767|ts=2026-04-27 17:36:20|ty=FREE_AGENT|td=dropped|cm=NA","13767","AFC","0018",2026-04-27 17:36:20,2026-04-30 09:00:00,FALSE,FALSE,"historical","Historical timing retained"
"txn=|fr=0018|pl=12772|ts=2026-04-27 17:36:20|ty=FREE_AGENT|td=dropped|cm=NA","12772","AFC","0018",2026-04-27 17:36:20,2026-04-30 09:00:00,FALSE,FALSE,"historical","Historical timing retained"
"txn=|fr=0017|pl=15702|ts=2026-04-27 17:35:22|ty=FREE_AGENT|td=dropped|cm=NA","15702","AFC","0017",2026-04-27 17:35:22,2026-04-30 09:00:00,FALSE,FALSE,"historical","Historical timing retained"
"txn=|fr=0017|pl=15252|ts=2026-04-27 17:35:22|ty=FREE_AGENT|td=dropped|cm=NA","15252","AFC","0017",2026-04-27 17:35:22,2026-04-30 09:00:00,FALSE,FALSE,"historical","Historical timing retained"
"txn=|fr=0017|pl=12140|ts=2026-04-27 17:35:22|ty=FREE_AGENT|td=dropped|cm=NA","12140","AFC","0017",2026-04-27 17:35:22,2026-04-30 09:00:00,FALSE,FALSE,"historical","Historical timing retained"
"txn=|fr=0017|pl=11671|ts=2026-04-27 17:35:22|ty=FREE_AGENT|td=dropped|cm=NA","11671","AFC","0017",2026-04-27 17:35:22,2026-04-30 09:00:00,FALSE,FALSE,"historical","Historical timing retained"
"txn=|fr=0017|pl=15797|ts=2026-04-27 17:35:22|ty=FREE_AGENT|td=dropped|cm=NA","15797","AFC","0017",2026-04-27 17:35:22,2026-04-30 09:00:00,FALSE,FALSE,"historical","Historical timing retained"
"txn=|fr=0017|pl=12323|ts=2026-04-27 17:35:22|ty=FREE_AGENT|td=dropped|cm=NA","12323","AFC","0017",2026-04-27 17:35:22,2026-04-30 09:00:00,FALSE,FALSE,"historical","Historical timing retained"
"txn=|fr=0017|pl=13839|ts=2026-04-27 17:35:22|ty=FREE_AGENT|td=dropped|cm=NA","13839","AFC","0017",2026-04-27 17:35:22,2026-04-30 09:00:00,FALSE,FALSE,"historical","Historical timing retained"
"txn=|fr=0017|pl=17116|ts=2026-04-27 17:35:22|ty=FREE_AGENT|td=dropped|cm=NA","17116","AFC","0017",2026-04-27 17:35:22,2026-04-30 09:00:00,FALSE,FALSE,"historical","Historical timing retained"
"txn=|fr=0017|pl=16799|ts=2026-04-27 17:35:22|ty=FREE_AGENT|td=dropped|cm=NA","16799","AFC","0017",2026-04-27 17:35:22,2026-04-30 09:00:00,FALSE,FALSE,"historical","Historical timing retained"
"txn=|fr=0017|pl=15396|ts=2026-04-27 17:35:22|ty=FREE_AGENT|td=dropped|cm=NA","15396","AFC","0017",2026-04-27 17:35:22,2026-04-30 09:00:00,FALSE,FALSE,"historical","Historical timing retained"
"txn=|fr=0017|pl=15822|ts=2026-04-27 17:35:22|ty=FREE_AGENT|td=dropped|cm=NA","15822","AFC","0017",2026-04-27 17:35:22,2026-04-30 09:00:00,FALSE,FALSE,"historical","Historical timing retained"
"txn=|fr=0017|pl=15380|ts=2026-04-27 17:35:22|ty=FREE_AGENT|td=dropped|cm=NA","15380","AFC","0017",2026-04-27 17:35:22,2026-04-30 09:00:00,FALSE,FALSE,"historical","Historical timing retained"
"txn=|fr=0017|pl=17187|ts=2026-04-27 17:35:22|ty=FREE_AGENT|td=dropped|cm=NA","17187","AFC","0017",2026-04-27 17:35:22,2026-04-30 09:00:00,FALSE,FALSE,"historical","Historical timing retained"
"txn=|fr=0017|pl=15405|ts=2026-04-27 17:35:22|ty=FREE_AGENT|td=dropped|cm=NA","15405","AFC","0017",2026-04-27 17:35:22,2026-04-30 09:00:00,FALSE,FALSE,"historical","Historical timing retained"
"txn=|fr=0017|pl=15875|ts=2026-04-27 17:35:22|ty=FREE_AGENT|td=dropped|cm=NA","15875","AFC","0017",2026-04-27 17:35:22,2026-04-30 09:00:00,FALSE,FALSE,"historical","Historical timing retained"
"txn=|fr=0016|pl=15752|ts=2026-04-27 17:34:30|ty=FREE_AGENT|td=dropped|cm=NA","15752","NFC","0016",2026-04-27 17:34:30,2026-04-30 09:00:00,FALSE,FALSE,"historical","Historical timing retained"
"txn=|fr=0016|pl=17204|ts=2026-04-27 17:34:30|ty=FREE_AGENT|td=dropped|cm=NA","17204","NFC","0016",2026-04-27 17:34:30,2026-04-30 09:00:00,FALSE,FALSE,"historical","Historical timing retained"
"txn=|fr=0016|pl=17160|ts=2026-04-27 17:34:30|ty=FREE_AGENT|td=dropped|cm=NA","17160","NFC","0016",2026-04-27 17:34:30,2026-04-30 09:00:00,FALSE,FALSE,"historical","Historical timing retained"
"txn=|fr=0016|pl=14180|ts=2026-04-27 17:34:30|ty=FREE_AGENT|td=dropped|cm=NA","14180","NFC","0016",2026-04-27 17:34:30,2026-04-30 09:00:00,FALSE,FALSE,"historical","Historical timing retained"
"txn=|fr=0016|pl=14995|ts=2026-04-27 17:34:30|ty=FREE_AGENT|td=dropped|cm=NA","14995","NFC","0016",2026-04-27 17:34:30,2026-04-30 09:00:00,FALSE,FALSE,"historical","Historical timing retained"
"txn=|fr=0016|pl=13325|ts=2026-04-27 17:34:30|ty=FREE_AGENT|td=dropped|cm=NA","13325","NFC","0016",2026-04-27 17:34:30,2026-04-30 09:00:00,FALSE,FALSE,"historical","Historical timing retained"
"txn=|fr=0015|pl=12141|ts=2026-04-27 17:34:01|ty=FREE_AGENT|td=dropped|cm=NA","12141","NFC","0015",2026-04-27 17:34:01,2026-04-30 09:00:00,FALSE,FALSE,"historical","Historical timing retained"
"txn=|fr=0015|pl=16385|ts=2026-04-27 17:34:01|ty=FREE_AGENT|td=dropped|cm=NA","16385","NFC","0015",2026-04-27 17:34:01,2026-04-30 09:00:00,FALSE,FALSE,"historical","Historical timing retained"
"txn=|fr=0015|pl=14095|ts=2026-04-27 17:34:01|ty=FREE_AGENT|td=dropped|cm=NA","14095","NFC","0015",2026-04-27 17:34:01,2026-04-30 09:00:00,FALSE,FALSE,"historical","Historical timing retained"
"txn=|fr=0015|pl=11675|ts=2026-04-27 17:34:01|ty=FREE_AGENT|td=dropped|cm=NA","11675","NFC","0015",2026-04-27 17:34:01,2026-04-30 09:00:00,FALSE,FALSE,"historical","Historical timing retained"
"txn=|fr=0015|pl=12187|ts=2026-04-27 17:34:01|ty=FREE_AGENT|td=dropped|cm=NA","12187","NFC","0015",2026-04-27 17:34:01,2026-04-30 09:00:00,FALSE,FALSE,"historical","Historical timing retained"
"txn=|fr=0015|pl=13156|ts=2026-04-27 17:34:01|ty=FREE_AGENT|td=dropped|cm=NA","13156","NFC","0015",2026-04-27 17:34:01,2026-04-30 09:00:00,FALSE,FALSE,"historical","Historical timing retained"
"txn=|fr=0015|pl=12678|ts=2026-04-27 17:34:01|ty=FREE_AGENT|td=dropped|cm=NA","12678","NFC","0015",2026-04-27 17:34:01,2026-04-30 09:00:00,FALSE,FALSE,"historical","Historical timing retained"
"txn=|fr=0015|pl=15368|ts=2026-04-27 17:34:01|ty=FREE_AGENT|td=dropped|cm=NA","15368","NFC","0015",2026-04-27 17:34:01,2026-04-30 09:00:00,FALSE,FALSE,"historical","Historical timing retained"
"txn=|fr=0015|pl=14985|ts=2026-04-27 17:34:01|ty=FREE_AGENT|td=dropped|cm=NA","14985","NFC","0015",2026-04-27 17:34:01,2026-04-30 09:00:00,FALSE,FALSE,"historical","Historical timing retained"
"txn=|fr=0015|pl=13933|ts=2026-04-27 17:34:01|ty=FREE_AGENT|td=dropped|cm=NA","13933","NFC","0015",2026-04-27 17:34:01,2026-04-30 09:00:00,FALSE,FALSE,"historical","Historical timing retained"
"txn=|fr=0015|pl=12686|ts=2026-04-27 17:34:01|ty=FREE_AGENT|td=dropped|cm=NA","12686","NFC","0015",2026-04-27 17:34:01,2026-04-30 09:00:00,FALSE,FALSE,"historical","Historical timing retained"
"txn=|fr=0015|pl=11723|ts=2026-04-27 17:34:01|ty=FREE_AGENT|td=dropped|cm=NA","11723","NFC","0015",2026-04-27 17:34:01,2026-04-30 09:00:00,FALSE,FALSE,"historical","Historical timing retained"
"txn=|fr=0015|pl=12231|ts=2026-04-27 17:34:01|ty=FREE_AGENT|td=dropped|cm=NA","12231","NFC","0015",2026-04-27 17:34:01,2026-04-30 09:00:00,FALSE,FALSE,"historical","Historical timing retained"
"txn=|fr=0015|pl=15850|ts=2026-04-27 17:34:01|ty=FREE_AGENT|td=dropped|cm=NA","15850","NFC","0015",2026-04-27 17:34:01,2026-04-30 09:00:00,FALSE,FALSE,"historical","Historical timing retained"
"txn=|fr=0014|pl=15241|ts=2026-04-27 17:33:17|ty=FREE_AGENT|td=dropped|cm=NA","15241","NFC","0014",2026-04-27 17:33:17,2026-04-30 09:00:00,FALSE,FALSE,"historical","Historical timing retained"
"txn=|fr=0014|pl=15712|ts=2026-04-27 17:33:17|ty=FREE_AGENT|td=dropped|cm=NA","15712","NFC","0014",2026-04-27 17:33:17,2026-04-30 09:00:00,FALSE,FALSE,"historical","Historical timing retained"
"txn=|fr=0014|pl=13604|ts=2026-04-27 17:33:17|ty=FREE_AGENT|td=dropped|cm=NA","13604","NFC","0014",2026-04-27 17:33:17,2026-04-30 09:00:00,FALSE,FALSE,"historical","Historical timing retained"
"txn=|fr=0014|pl=15319|ts=2026-04-27 17:33:17|ty=FREE_AGENT|td=dropped|cm=NA","15319","NFC","0014",2026-04-27 17:33:17,2026-04-30 09:00:00,FALSE,FALSE,"historical","Historical timing retained"
"txn=|fr=0014|pl=12785|ts=2026-04-27 17:33:17|ty=FREE_AGENT|td=dropped|cm=NA","12785","NFC","0014",2026-04-27 17:33:17,2026-04-30 09:00:00,FALSE,FALSE,"historical","Historical timing retained"
"txn=|fr=0014|pl=13674|ts=2026-04-27 17:33:17|ty=FREE_AGENT|td=dropped|cm=NA","13674","NFC","0014",2026-04-27 17:33:17,2026-04-30 09:00:00,FALSE,FALSE,"historical","Historical timing retained"
"txn=|fr=0014|pl=13193|ts=2026-04-27 17:33:17|ty=FREE_AGENT|td=dropped|cm=NA","13193","NFC","0014",2026-04-27 17:33:17,2026-04-30 09:00:00,FALSE,FALSE,"historical","Historical timing retained"
"txn=|fr=0014|pl=14600|ts=2026-04-27 17:33:17|ty=FREE_AGENT|td=dropped|cm=NA","14600","NFC","0014",2026-04-27 17:33:17,2026-04-30 09:00:00,FALSE,FALSE,"historical","Historical timing retained"
"txn=|fr=0014|pl=15032|ts=2026-04-27 17:33:17|ty=FREE_AGENT|td=dropped|cm=NA","15032","NFC","0014",2026-04-27 17:33:17,2026-04-30 09:00:00,FALSE,FALSE,"historical","Historical timing retained"
"txn=|fr=0014|pl=12764|ts=2026-04-27 17:33:17|ty=FREE_AGENT|td=dropped|cm=NA","12764","NFC","0014",2026-04-27 17:33:17,2026-04-30 09:00:00,FALSE,FALSE,"historical","Historical timing retained"
"txn=|fr=0014|pl=15851|ts=2026-04-27 17:33:17|ty=FREE_AGENT|td=dropped|cm=NA","15851","NFC","0014",2026-04-27 17:33:17,2026-04-30 09:00:00,FALSE,FALSE,"historical","Historical timing retained"
"txn=|fr=0014|pl=15821|ts=2026-04-27 17:33:17|ty=FREE_AGENT|td=dropped|cm=NA","15821","NFC","0014",2026-04-27 17:33:17,2026-04-30 09:00:00,FALSE,FALSE,"historical","Historical timing retained"
"txn=|fr=0014|pl=15394|ts=2026-04-27 17:33:17|ty=FREE_AGENT|td=dropped|cm=NA","15394","NFC","0014",2026-04-27 17:33:17,2026-04-30 09:00:00,FALSE,FALSE,"historical","Historical timing retained"
"txn=|fr=0014|pl=16267|ts=2026-04-27 17:33:17|ty=FREE_AGENT|td=dropped|cm=NA","16267","NFC","0014",2026-04-27 17:33:17,2026-04-30 09:00:00,FALSE,FALSE,"historical","Historical timing retained"
"txn=|fr=0014|pl=15950|ts=2026-04-27 17:33:17|ty=FREE_AGENT|td=dropped|cm=NA","15950","NFC","0014",2026-04-27 17:33:17,2026-04-30 09:00:00,FALSE,FALSE,"historical","Historical timing retained"
"txn=|fr=0014|pl=14182|ts=2026-04-27 17:33:17|ty=FREE_AGENT|td=dropped|cm=NA","14182","NFC","0014",2026-04-27 17:33:17,2026-04-30 09:00:00,FALSE,FALSE,"historical","Historical timing retained"
"txn=|fr=0014|pl=14302|ts=2026-04-27 17:33:17|ty=FREE_AGENT|td=dropped|cm=NA","14302","NFC","0014",2026-04-27 17:33:17,2026-04-30 09:00:00,FALSE,FALSE,"historical","Historical timing retained"
"txn=|fr=0014|pl=14328|ts=2026-04-27 17:33:17|ty=FREE_AGENT|td=dropped|cm=NA","14328","NFC","0014",2026-04-27 17:33:17,2026-04-30 09:00:00,FALSE,FALSE,"historical","Historical timing retained"
"txn=|fr=0013|pl=10700|ts=2026-04-27 17:32:23|ty=FREE_AGENT|td=dropped|cm=NA","10700","NFC","0013",2026-04-27 17:32:23,2026-04-30 09:00:00,FALSE,FALSE,"historical","Historical timing retained"
"txn=|fr=0013|pl=15713|ts=2026-04-27 17:32:23|ty=FREE_AGENT|td=dropped|cm=NA","15713","NFC","0013",2026-04-27 17:32:23,2026-04-30 09:00:00,FALSE,FALSE,"historical","Historical timing retained"
"txn=|fr=0013|pl=13632|ts=2026-04-27 17:32:23|ty=FREE_AGENT|td=dropped|cm=NA","13632","NFC","0013",2026-04-27 17:32:23,2026-04-30 09:00:00,FALSE,FALSE,"historical","Historical timing retained"
"txn=|fr=0013|pl=15788|ts=2026-04-27 17:32:23|ty=FREE_AGENT|td=dropped|cm=NA","15788","NFC","0013",2026-04-27 17:32:23,2026-04-30 09:00:00,FALSE,FALSE,"historical","Historical timing retained"
"txn=|fr=0013|pl=13192|ts=2026-04-27 17:32:23|ty=FREE_AGENT|td=dropped|cm=NA","13192","NFC","0013",2026-04-27 17:32:23,2026-04-30 09:00:00,FALSE,FALSE,"historical","Historical timing retained"
"txn=|fr=0013|pl=13303|ts=2026-04-27 17:32:23|ty=FREE_AGENT|td=dropped|cm=NA","13303","NFC","0013",2026-04-27 17:32:23,2026-04-30 09:00:00,FALSE,FALSE,"historical","Historical timing retained"
"txn=|fr=0013|pl=15668|ts=2026-04-27 17:32:23|ty=FREE_AGENT|td=dropped|cm=NA","15668","NFC","0013",2026-04-27 17:32:23,2026-04-30 09:00:00,FALSE,FALSE,"historical","Historical timing retained"
"txn=|fr=0013|pl=13199|ts=2026-04-27 17:32:23|ty=FREE_AGENT|td=dropped|cm=NA","13199","NFC","0013",2026-04-27 17:32:23,2026-04-30 09:00:00,FALSE,FALSE,"historical","Historical timing retained"
"txn=|fr=0013|pl=16733|ts=2026-04-27 17:32:23|ty=FREE_AGENT|td=dropped|cm=NA","16733","NFC","0013",2026-04-27 17:32:23,2026-04-30 09:00:00,FALSE,FALSE,"historical","Historical timing retained"
"txn=|fr=0013|pl=10768|ts=2026-04-27 17:32:23|ty=FREE_AGENT|td=dropped|cm=NA","10768","NFC","0013",2026-04-27 17:32:23,2026-04-30 09:00:00,FALSE,FALSE,"historical","Historical timing retained"
"txn=|fr=0013|pl=15835|ts=2026-04-27 17:32:23|ty=FREE_AGENT|td=dropped|cm=NA","15835","NFC","0013",2026-04-27 17:32:23,2026-04-30 09:00:00,FALSE,FALSE,"historical","Historical timing retained"
"txn=|fr=0013|pl=17229|ts=2026-04-27 17:32:23|ty=FREE_AGENT|td=dropped|cm=NA","17229","NFC","0013",2026-04-27 17:32:23,2026-04-30 09:00:00,FALSE,FALSE,"historical","Historical timing retained"
"txn=|fr=0013|pl=11768|ts=2026-04-27 17:32:23|ty=FREE_AGENT|td=dropped|cm=NA","11768","NFC","0013",2026-04-27 17:32:23,2026-04-30 09:00:00,FALSE,FALSE,"historical","Historical timing retained"
"txn=|fr=0012|pl=14358|ts=2026-04-27 17:31:39|ty=FREE_AGENT|td=dropped|cm=NA","14358","NFC","0012",2026-04-27 17:31:39,2026-04-30 09:00:00,FALSE,FALSE,"historical","Historical timing retained"
"txn=|fr=0012|pl=14789|ts=2026-04-27 17:31:39|ty=FREE_AGENT|td=dropped|cm=NA","14789","NFC","0012",2026-04-27 17:31:39,2026-04-30 09:00:00,FALSE,FALSE,"historical","Historical timing retained"
"txn=|fr=0012|pl=15692|ts=2026-04-27 17:31:39|ty=FREE_AGENT|td=dropped|cm=NA","15692","NFC","0012",2026-04-27 17:31:39,2026-04-30 09:00:00,FALSE,FALSE,"historical","Historical timing retained"
"txn=|fr=0012|pl=16752|ts=2026-04-27 17:31:39|ty=FREE_AGENT|td=dropped|cm=NA","16752","NFC","0012",2026-04-27 17:31:39,2026-04-30 09:00:00,FALSE,FALSE,"historical","Historical timing retained"
"txn=|fr=0012|pl=13319|ts=2026-04-27 17:31:39|ty=FREE_AGENT|td=dropped|cm=NA","13319","NFC","0012",2026-04-27 17:31:39,2026-04-30 09:00:00,FALSE,FALSE,"historical","Historical timing retained"
"txn=|fr=0012|pl=15717|ts=2026-04-27 17:31:39|ty=FREE_AGENT|td=dropped|cm=NA","15717","NFC","0012",2026-04-27 17:31:39,2026-04-30 09:00:00,FALSE,FALSE,"historical","Historical timing retained"
"txn=|fr=0012|pl=14108|ts=2026-04-27 17:31:39|ty=FREE_AGENT|td=dropped|cm=NA","14108","NFC","0012",2026-04-27 17:31:39,2026-04-30 09:00:00,FALSE,FALSE,"historical","Historical timing retained"
"txn=|fr=0012|pl=13163|ts=2026-04-27 17:31:39|ty=FREE_AGENT|td=dropped|cm=NA","13163","NFC","0012",2026-04-27 17:31:39,2026-04-30 09:00:00,FALSE,FALSE,"historical","Historical timing retained"
"txn=|fr=0012|pl=14849|ts=2026-04-27 17:31:39|ty=FREE_AGENT|td=dropped|cm=NA","14849","NFC","0012",2026-04-27 17:31:39,2026-04-30 09:00:00,FALSE,FALSE,"historical","Historical timing retained"
"txn=|fr=0012|pl=11232|ts=2026-04-27 17:31:39|ty=FREE_AGENT|td=dropped|cm=NA","11232","NFC","0012",2026-04-27 17:31:39,2026-04-30 09:00:00,FALSE,FALSE,"historical","Historical timing retained"
"txn=|fr=0012|pl=15759|ts=2026-04-27 17:31:39|ty=FREE_AGENT|td=dropped|cm=NA","15759","NFC","0012",2026-04-27 17:31:39,2026-04-30 09:00:00,FALSE,FALSE,"historical","Historical timing retained"
"txn=|fr=0012|pl=14122|ts=2026-04-27 17:31:39|ty=FREE_AGENT|td=dropped|cm=NA","14122","NFC","0012",2026-04-27 17:31:39,2026-04-30 09:00:00,FALSE,FALSE,"historical","Historical timing retained"
"txn=|fr=0012|pl=15787|ts=2026-04-27 17:31:39|ty=FREE_AGENT|td=dropped|cm=NA","15787","NFC","0012",2026-04-27 17:31:39,2026-04-30 09:00:00,FALSE,FALSE,"historical","Historical timing retained"
"txn=|fr=0012|pl=12263|ts=2026-04-27 17:31:39|ty=FREE_AGENT|td=dropped|cm=NA","12263","NFC","0012",2026-04-27 17:31:39,2026-04-30 09:00:00,FALSE,FALSE,"historical","Historical timing retained"
"txn=|fr=0012|pl=13693|ts=2026-04-27 17:31:39|ty=FREE_AGENT|td=dropped|cm=NA","13693","NFC","0012",2026-04-27 17:31:39,2026-04-30 09:00:00,FALSE,FALSE,"historical","Historical timing retained"
"txn=|fr=0012|pl=15622|ts=2026-04-27 17:31:39|ty=FREE_AGENT|td=dropped|cm=NA","15622","NFC","0012",2026-04-27 17:31:39,2026-04-30 09:00:00,FALSE,FALSE,"historical","Historical timing retained"
"txn=|fr=0012|pl=13987|ts=2026-04-27 17:31:39|ty=FREE_AGENT|td=dropped|cm=NA","13987","NFC","0012",2026-04-27 17:31:39,2026-04-30 09:00:00,FALSE,FALSE,"historical","Historical timing retained"
"txn=|fr=0012|pl=14252|ts=2026-04-27 17:31:39|ty=FREE_AGENT|td=dropped|cm=NA","14252","NFC","0012",2026-04-27 17:31:39,2026-04-30 09:00:00,FALSE,FALSE,"historical","Historical timing retained"
"txn=|fr=0012|pl=15895|ts=2026-04-27 17:31:39|ty=FREE_AGENT|td=dropped|cm=NA","15895","NFC","0012",2026-04-27 17:31:39,2026-04-30 09:00:00,FALSE,FALSE,"historical","Historical timing retained"
"txn=|fr=0011|pl=17061|ts=2026-04-27 17:30:47|ty=FREE_AGENT|td=dropped|cm=NA","17061","NFC","0011",2026-04-27 17:30:47,2026-04-30 09:00:00,FALSE,FALSE,"historical","Historical timing retained"
"txn=|fr=0011|pl=13146|ts=2026-04-27 17:30:47|ty=FREE_AGENT|td=dropped|cm=NA","13146","NFC","0011",2026-04-27 17:30:47,2026-04-30 09:00:00,FALSE,FALSE,"historical","Historical timing retained"
"txn=|fr=0011|pl=16773|ts=2026-04-27 17:30:47|ty=FREE_AGENT|td=dropped|cm=NA","16773","NFC","0011",2026-04-27 17:30:47,2026-04-30 09:00:00,FALSE,FALSE,"historical","Historical timing retained"
"txn=|fr=0011|pl=15802|ts=2026-04-27 17:30:47|ty=FREE_AGENT|td=dropped|cm=NA","15802","NFC","0011",2026-04-27 17:30:47,2026-04-30 09:00:00,FALSE,FALSE,"historical","Historical timing retained"
"txn=|fr=0011|pl=16843|ts=2026-04-27 17:30:47|ty=FREE_AGENT|td=dropped|cm=NA","16843","NFC","0011",2026-04-27 17:30:47,2026-04-30 09:00:00,FALSE,FALSE,"historical","Historical timing retained"
"txn=|fr=0011|pl=11985|ts=2026-04-27 17:30:47|ty=FREE_AGENT|td=dropped|cm=NA","11985","NFC","0011",2026-04-27 17:30:47,2026-04-30 09:00:00,FALSE,FALSE,"historical","Historical timing retained"
"txn=|fr=0011|pl=17191|ts=2026-04-27 17:30:47|ty=FREE_AGENT|td=dropped|cm=NA","17191","NFC","0011",2026-04-27 17:30:47,2026-04-30 09:00:00,FALSE,FALSE,"historical","Historical timing retained"
"txn=|fr=0011|pl=17150|ts=2026-04-27 17:30:47|ty=FREE_AGENT|td=dropped|cm=NA","17150","NFC","0011",2026-04-27 17:30:47,2026-04-30 09:00:00,FALSE,FALSE,"historical","Historical timing retained"
"txn=|fr=0011|pl=17221|ts=2026-04-27 17:30:47|ty=FREE_AGENT|td=dropped|cm=NA","17221","NFC","0011",2026-04-27 17:30:47,2026-04-30 09:00:00,FALSE,FALSE,"historical","Historical timing retained"
"txn=|fr=0011|pl=17156|ts=2026-04-27 17:30:47|ty=FREE_AGENT|td=dropped|cm=NA","17156","NFC","0011",2026-04-27 17:30:47,2026-04-30 09:00:00,FALSE,FALSE,"historical","Historical timing retained"
"txn=|fr=0011|pl=17187|ts=2026-04-27 17:30:47|ty=FREE_AGENT|td=dropped|cm=NA","17187","NFC","0011",2026-04-27 17:30:47,2026-04-30 09:00:00,FALSE,FALSE,"historical","Historical timing retained"
"txn=|fr=0011|pl=15364|ts=2026-04-27 17:30:47|ty=FREE_AGENT|td=dropped|cm=NA","15364","NFC","0011",2026-04-27 17:30:47,2026-04-30 09:00:00,FALSE,FALSE,"historical","Historical timing retained"
"txn=|fr=0010|pl=12676|ts=2026-04-27 17:30:01|ty=FREE_AGENT|td=dropped|cm=NA","12676","NFC","0010",2026-04-27 17:30:01,2026-04-30 09:00:00,FALSE,FALSE,"historical","Historical timing retained"
"txn=|fr=0010|pl=9051|ts=2026-04-27 17:30:01|ty=FREE_AGENT|td=dropped|cm=NA","9051","NFC","0010",2026-04-27 17:30:01,2026-04-30 09:00:00,FALSE,FALSE,"historical","Historical timing retained"
"txn=|fr=0010|pl=11872|ts=2026-04-27 17:30:01|ty=FREE_AGENT|td=dropped|cm=NA","11872","NFC","0010",2026-04-27 17:30:01,2026-04-30 09:00:00,FALSE,FALSE,"historical","Historical timing retained"
"txn=|fr=0010|pl=13710|ts=2026-04-27 17:30:01|ty=FREE_AGENT|td=dropped|cm=NA","13710","NFC","0010",2026-04-27 17:30:01,2026-04-30 09:00:00,FALSE,FALSE,"historical","Historical timing retained"
"txn=|fr=0010|pl=16253|ts=2026-04-27 17:30:01|ty=FREE_AGENT|td=dropped|cm=NA","16253","NFC","0010",2026-04-27 17:30:01,2026-04-30 09:00:00,FALSE,FALSE,"historical","Historical timing retained"
"txn=|fr=0010|pl=13226|ts=2026-04-27 17:30:01|ty=FREE_AGENT|td=dropped|cm=NA","13226","NFC","0010",2026-04-27 17:30:01,2026-04-30 09:00:00,FALSE,FALSE,"historical","Historical timing retained"
"txn=|fr=0010|pl=14927|ts=2026-04-27 17:30:01|ty=FREE_AGENT|td=dropped|cm=NA","14927","NFC","0010",2026-04-27 17:30:01,2026-04-30 09:00:00,FALSE,FALSE,"historical","Historical timing retained"
"txn=|fr=0009|pl=15261|ts=2026-04-27 17:29:17|ty=FREE_AGENT|td=dropped|cm=NA","15261","NFC","0009",2026-04-27 17:29:17,2026-04-30 09:00:00,FALSE,FALSE,"historical","Historical timing retained"
"txn=|fr=0009|pl=14105|ts=2026-04-27 17:29:17|ty=FREE_AGENT|td=dropped|cm=NA","14105","NFC","0009",2026-04-27 17:29:17,2026-04-30 09:00:00,FALSE,FALSE,"historical","Historical timing retained"
"txn=|fr=0009|pl=16788|ts=2026-04-27 17:29:17|ty=FREE_AGENT|td=dropped|cm=NA","16788","NFC","0009",2026-04-27 17:29:17,2026-04-30 09:00:00,FALSE,FALSE,"historical","Historical timing retained"
"txn=|fr=0009|pl=12437|ts=2026-04-27 17:29:17|ty=FREE_AGENT|td=dropped|cm=NA","12437","NFC","0009",2026-04-27 17:29:17,2026-04-30 09:00:00,FALSE,FALSE,"historical","Historical timing retained"
"txn=|fr=0009|pl=12323|ts=2026-04-27 17:29:17|ty=FREE_AGENT|td=dropped|cm=NA","12323","NFC","0009",2026-04-27 17:29:17,2026-04-30 09:00:00,FALSE,FALSE,"historical","Historical timing retained"
"txn=|fr=0009|pl=13208|ts=2026-04-27 17:29:17|ty=FREE_AGENT|td=dropped|cm=NA","13208","NFC","0009",2026-04-27 17:29:17,2026-04-30 09:00:00,FALSE,FALSE,"historical","Historical timing retained"
"txn=|fr=0009|pl=14162|ts=2026-04-27 17:29:17|ty=FREE_AGENT|td=dropped|cm=NA","14162","NFC","0009",2026-04-27 17:29:17,2026-04-30 09:00:00,FALSE,FALSE,"historical","Historical timing retained"
"txn=|fr=0009|pl=14210|ts=2026-04-27 17:29:17|ty=FREE_AGENT|td=dropped|cm=NA","14210","NFC","0009",2026-04-27 17:29:17,2026-04-30 09:00:00,FALSE,FALSE,"historical","Historical timing retained"
"txn=|fr=0009|pl=14982|ts=2026-04-27 17:29:17|ty=FREE_AGENT|td=dropped|cm=NA","14982","NFC","0009",2026-04-27 17:29:17,2026-04-30 09:00:00,FALSE,FALSE,"historical","Historical timing retained"
"txn=|fr=0008|pl=17348|ts=2026-04-27 17:28:35|ty=FREE_AGENT|td=dropped|cm=NA","17348","NFC","0008",2026-04-27 17:28:35,2026-04-30 09:00:00,FALSE,FALSE,"historical","Historical timing retained"
"txn=|fr=0008|pl=16957|ts=2026-04-27 17:28:35|ty=FREE_AGENT|td=dropped|cm=NA","16957","NFC","0008",2026-04-27 17:28:35,2026-04-30 09:00:00,FALSE,FALSE,"historical","Historical timing retained"
"txn=|fr=0008|pl=13289|ts=2026-04-27 17:28:35|ty=FREE_AGENT|td=dropped|cm=NA","13289","NFC","0008",2026-04-27 17:28:35,2026-04-30 09:00:00,FALSE,FALSE,"historical","Historical timing retained"
"txn=|fr=0008|pl=16207|ts=2026-04-27 17:28:35|ty=FREE_AGENT|td=dropped|cm=NA","16207","NFC","0008",2026-04-27 17:28:35,2026-04-30 09:00:00,FALSE,FALSE,"historical","Historical timing retained"
"txn=|fr=0008|pl=14137|ts=2026-04-27 17:28:35|ty=FREE_AGENT|td=dropped|cm=NA","14137","NFC","0008",2026-04-27 17:28:35,2026-04-30 09:00:00,FALSE,FALSE,"historical","Historical timing retained"
"txn=|fr=0008|pl=17312|ts=2026-04-27 17:28:35|ty=FREE_AGENT|td=dropped|cm=NA","17312","NFC","0008",2026-04-27 17:28:35,2026-04-30 09:00:00,FALSE,FALSE,"historical","Historical timing retained"
"txn=|fr=0008|pl=13810|ts=2026-04-27 17:28:35|ty=FREE_AGENT|td=dropped|cm=NA","13810","NFC","0008",2026-04-27 17:28:35,2026-04-30 09:00:00,FALSE,FALSE,"historical","Historical timing retained"
"txn=|fr=0008|pl=16707|ts=2026-04-27 17:28:35|ty=FREE_AGENT|td=dropped|cm=NA","16707","NFC","0008",2026-04-27 17:28:35,2026-04-30 09:00:00,FALSE,FALSE,"historical","Historical timing retained"
"txn=|fr=0008|pl=16383|ts=2026-04-27 17:28:35|ty=FREE_AGENT|td=dropped|cm=NA","16383","NFC","0008",2026-04-27 17:28:35,2026-04-30 09:00:00,FALSE,FALSE,"historical","Historical timing retained"
"txn=|fr=0008|pl=16236|ts=2026-04-27 17:28:35|ty=FREE_AGENT|td=dropped|cm=NA","16236","NFC","0008",2026-04-27 17:28:35,2026-04-30 09:00:00,FALSE,FALSE,"historical","Historical timing retained"
"txn=|fr=0008|pl=14235|ts=2026-04-27 17:28:35|ty=FREE_AGENT|td=dropped|cm=NA","14235","NFC","0008",2026-04-27 17:28:35,2026-04-30 09:00:00,FALSE,FALSE,"historical","Historical timing retained"
"txn=|fr=0008|pl=17295|ts=2026-04-27 17:28:35|ty=FREE_AGENT|td=dropped|cm=NA","17295","NFC","0008",2026-04-27 17:28:35,2026-04-30 09:00:00,FALSE,FALSE,"historical","Historical timing retained"
"txn=|fr=0008|pl=16702|ts=2026-04-27 17:28:35|ty=FREE_AGENT|td=dropped|cm=NA","16702","NFC","0008",2026-04-27 17:28:35,2026-04-30 09:00:00,FALSE,FALSE,"historical","Historical timing retained"
"txn=|fr=0008|pl=17368|ts=2026-04-27 17:28:35|ty=FREE_AGENT|td=dropped|cm=NA","17368","NFC","0008",2026-04-27 17:28:35,2026-04-30 09:00:00,FALSE,FALSE,"historical","Historical timing retained"
"txn=|fr=0008|pl=13470|ts=2026-04-27 17:28:35|ty=FREE_AGENT|td=dropped|cm=NA","13470","NFC","0008",2026-04-27 17:28:35,2026-04-30 09:00:00,FALSE,FALSE,"historical","Historical timing retained"
"txn=|fr=0008|pl=15860|ts=2026-04-27 17:28:35|ty=FREE_AGENT|td=dropped|cm=NA","15860","NFC","0008",2026-04-27 17:28:35,2026-04-30 09:00:00,FALSE,FALSE,"historical","Historical timing retained"
"txn=|fr=0008|pl=16727|ts=2026-04-27 17:28:35|ty=FREE_AGENT|td=dropped|cm=NA","16727","NFC","0008",2026-04-27 17:28:35,2026-04-30 09:00:00,FALSE,FALSE,"historical","Historical timing retained"
"txn=|fr=0008|pl=17239|ts=2026-04-27 17:28:35|ty=FREE_AGENT|td=dropped|cm=NA","17239","NFC","0008",2026-04-27 17:28:35,2026-04-30 09:00:00,FALSE,FALSE,"historical","Historical timing retained"
"txn=|fr=0007|pl=10313|ts=2026-04-27 17:27:42|ty=FREE_AGENT|td=dropped|cm=NA","10313","NFC","0007",2026-04-27 17:27:42,2026-04-30 09:00:00,FALSE,FALSE,"historical","Historical timing retained"
"txn=|fr=0007|pl=16682|ts=2026-04-27 17:27:42|ty=FREE_AGENT|td=dropped|cm=NA","16682","NFC","0007",2026-04-27 17:27:42,2026-04-30 09:00:00,FALSE,FALSE,"historical","Historical timing retained"
"txn=|fr=0007|pl=10703|ts=2026-04-27 17:27:42|ty=FREE_AGENT|td=dropped|cm=NA","10703","NFC","0007",2026-04-27 17:27:42,2026-04-30 09:00:00,FALSE,FALSE,"historical","Historical timing retained"
"txn=|fr=0007|pl=15288|ts=2026-04-27 17:27:42|ty=FREE_AGENT|td=dropped|cm=NA","15288","NFC","0007",2026-04-27 17:27:42,2026-04-30 09:00:00,FALSE,FALSE,"historical","Historical timing retained"
"txn=|fr=0007|pl=13354|ts=2026-04-27 17:27:42|ty=FREE_AGENT|td=dropped|cm=NA","13354","NFC","0007",2026-04-27 17:27:42,2026-04-30 09:00:00,FALSE,FALSE,"historical","Historical timing retained"
"txn=|fr=0007|pl=12860|ts=2026-04-27 17:27:42|ty=FREE_AGENT|td=dropped|cm=NA","12860","NFC","0007",2026-04-27 17:27:42,2026-04-30 09:00:00,FALSE,FALSE,"historical","Historical timing retained"
"txn=|fr=0007|pl=15884|ts=2026-04-27 17:27:42|ty=FREE_AGENT|td=dropped|cm=NA","15884","NFC","0007",2026-04-27 17:27:42,2026-04-30 09:00:00,FALSE,FALSE,"historical","Historical timing retained"
"txn=|fr=0007|pl=16010|ts=2026-04-27 17:27:42|ty=FREE_AGENT|td=dropped|cm=NA","16010","NFC","0007",2026-04-27 17:27:42,2026-04-30 09:00:00,FALSE,FALSE,"historical","Historical timing retained"
"txn=|fr=0007|pl=17209|ts=2026-04-27 17:27:42|ty=FREE_AGENT|td=dropped|cm=NA","17209","NFC","0007",2026-04-27 17:27:42,2026-04-30 09:00:00,FALSE,FALSE,"historical","Historical timing retained"
"txn=|fr=0007|pl=12782|ts=2026-04-27 17:27:42|ty=FREE_AGENT|td=dropped|cm=NA","12782","NFC","0007",2026-04-27 17:27:42,2026-04-30 09:00:00,FALSE,FALSE,"historical","Historical timing retained"
"txn=|fr=0007|pl=16294|ts=2026-04-27 17:27:42|ty=FREE_AGENT|td=dropped|cm=NA","16294","NFC","0007",2026-04-27 17:27:42,2026-04-30 09:00:00,FALSE,FALSE,"historical","Historical timing retained"
"txn=|fr=0007|pl=12217|ts=2026-04-27 17:27:42|ty=FREE_AGENT|td=dropped|cm=NA","12217","NFC","0007",2026-04-27 17:27:42,2026-04-30 09:00:00,FALSE,FALSE,"historical","Historical timing retained"
"txn=|fr=0007|pl=15869|ts=2026-04-27 17:27:42|ty=FREE_AGENT|td=dropped|cm=NA","15869","NFC","0007",2026-04-27 17:27:42,2026-04-30 09:00:00,FALSE,FALSE,"historical","Historical timing retained"
"txn=|fr=0007|pl=15396|ts=2026-04-27 17:27:42|ty=FREE_AGENT|td=dropped|cm=NA","15396","NFC","0007",2026-04-27 17:27:42,2026-04-30 09:00:00,FALSE,FALSE,"historical","Historical timing retained"
"txn=|fr=0007|pl=14168|ts=2026-04-27 17:27:42|ty=FREE_AGENT|td=dropped|cm=NA","14168","NFC","0007",2026-04-27 17:27:42,2026-04-30 09:00:00,FALSE,FALSE,"historical","Historical timing retained"
"txn=|fr=0007|pl=17214|ts=2026-04-27 17:27:42|ty=FREE_AGENT|td=dropped|cm=NA","17214","NFC","0007",2026-04-27 17:27:42,2026-04-30 09:00:00,FALSE,FALSE,"historical","Historical timing retained"
"txn=|fr=0007|pl=15361|ts=2026-04-27 17:27:42|ty=FREE_AGENT|td=dropped|cm=NA","15361","NFC","0007",2026-04-27 17:27:42,2026-04-30 09:00:00,FALSE,FALSE,"historical","Historical timing retained"
"txn=|fr=0007|pl=16316|ts=2026-04-27 17:27:42|ty=FREE_AGENT|td=dropped|cm=NA","16316","NFC","0007",2026-04-27 17:27:42,2026-04-30 09:00:00,FALSE,FALSE,"historical","Historical timing retained"
"txn=|fr=0007|pl=15445|ts=2026-04-27 17:27:42|ty=FREE_AGENT|td=dropped|cm=NA","15445","NFC","0007",2026-04-27 17:27:42,2026-04-30 09:00:00,FALSE,FALSE,"historical","Historical timing retained"
"txn=|fr=0007|pl=15402|ts=2026-04-27 17:27:42|ty=FREE_AGENT|td=dropped|cm=NA","15402","NFC","0007",2026-04-27 17:27:42,2026-04-30 09:00:00,FALSE,FALSE,"historical","Historical timing retained"
"txn=|fr=0007|pl=14207|ts=2026-04-27 17:27:42|ty=FREE_AGENT|td=dropped|cm=NA","14207","NFC","0007",2026-04-27 17:27:42,2026-04-30 09:00:00,FALSE,FALSE,"historical","Historical timing retained"
"txn=|fr=0006|pl=7836|ts=2026-04-27 17:26:27|ty=FREE_AGENT|td=dropped|cm=NA","7836","NFC","0006",2026-04-27 17:26:27,2026-04-30 09:00:00,FALSE,FALSE,"historical","Historical timing retained"
"txn=|fr=0006|pl=13418|ts=2026-04-27 17:26:27|ty=FREE_AGENT|td=dropped|cm=NA","13418","NFC","0006",2026-04-27 17:26:27,2026-04-30 09:00:00,FALSE,FALSE,"historical","Historical timing retained"
"txn=|fr=0006|pl=13672|ts=2026-04-27 17:26:27|ty=FREE_AGENT|td=dropped|cm=NA","13672","NFC","0006",2026-04-27 17:26:27,2026-04-30 09:00:00,FALSE,FALSE,"historical","Historical timing retained"
"txn=|fr=0006|pl=13347|ts=2026-04-27 17:26:27|ty=FREE_AGENT|td=dropped|cm=NA","13347","NFC","0006",2026-04-27 17:26:27,2026-04-30 09:00:00,FALSE,FALSE,"historical","Historical timing retained"
"txn=|fr=0006|pl=12218|ts=2026-04-27 17:26:27|ty=FREE_AGENT|td=dropped|cm=NA","12218","NFC","0006",2026-04-27 17:26:27,2026-04-30 09:00:00,FALSE,FALSE,"historical","Historical timing retained"
"txn=|fr=0006|pl=13681|ts=2026-04-27 17:26:27|ty=FREE_AGENT|td=dropped|cm=NA","13681","NFC","0006",2026-04-27 17:26:27,2026-04-30 09:00:00,FALSE,FALSE,"historical","Historical timing retained"
"txn=|fr=0006|pl=12744|ts=2026-04-27 17:26:27|ty=FREE_AGENT|td=dropped|cm=NA","12744","NFC","0006",2026-04-27 17:26:27,2026-04-30 09:00:00,FALSE,FALSE,"historical","Historical timing retained"
"txn=|fr=0006|pl=13268|ts=2026-04-27 17:26:27|ty=FREE_AGENT|td=dropped|cm=NA","13268","NFC","0006",2026-04-27 17:26:27,2026-04-30 09:00:00,FALSE,FALSE,"historical","Historical timing retained"
"txn=|fr=0006|pl=15409|ts=2026-04-27 17:26:27|ty=FREE_AGENT|td=dropped|cm=NA","15409","NFC","0006",2026-04-27 17:26:27,2026-04-30 09:00:00,FALSE,FALSE,"historical","Historical timing retained"
"txn=|fr=0006|pl=14889|ts=2026-04-27 17:26:27|ty=FREE_AGENT|td=dropped|cm=NA","14889","NFC","0006",2026-04-27 17:26:27,2026-04-30 09:00:00,FALSE,FALSE,"historical","Historical timing retained"
"txn=|fr=0006|pl=13263|ts=2026-04-27 17:26:27|ty=FREE_AGENT|td=dropped|cm=NA","13263","NFC","0006",2026-04-27 17:26:27,2026-04-30 09:00:00,FALSE,FALSE,"historical","Historical timing retained"
"txn=|fr=0006|pl=15833|ts=2026-04-27 17:26:27|ty=FREE_AGENT|td=dropped|cm=NA","15833","NFC","0006",2026-04-27 17:26:27,2026-04-30 09:00:00,FALSE,FALSE,"historical","Historical timing retained"
"txn=|fr=0006|pl=14918|ts=2026-04-27 17:26:27|ty=FREE_AGENT|td=dropped|cm=NA","14918","NFC","0006",2026-04-27 17:26:27,2026-04-30 09:00:00,FALSE,FALSE,"historical","Historical timing retained"
"txn=|fr=0006|pl=15871|ts=2026-04-27 17:26:27|ty=FREE_AGENT|td=dropped|cm=NA","15871","NFC","0006",2026-04-27 17:26:27,2026-04-30 09:00:00,FALSE,FALSE,"historical","Historical timing retained"
"txn=|fr=0006|pl=11317|ts=2026-04-27 17:26:27|ty=FREE_AGENT|td=dropped|cm=NA","11317","NFC","0006",2026-04-27 17:26:27,2026-04-30 09:00:00,FALSE,FALSE,"historical","Historical timing retained"
"txn=|fr=0005|pl=11760|ts=2026-04-27 17:25:29|ty=FREE_AGENT|td=dropped|cm=NA","11760","NFC","0005",2026-04-27 17:25:29,2026-04-30 09:00:00,FALSE,FALSE,"historical","Historical timing retained"
"txn=|fr=0005|pl=14823|ts=2026-04-27 17:25:29|ty=FREE_AGENT|td=dropped|cm=NA","14823","NFC","0005",2026-04-27 17:25:29,2026-04-30 09:00:00,FALSE,FALSE,"historical","Historical timing retained"
"txn=|fr=0005|pl=12626|ts=2026-04-27 17:25:29|ty=FREE_AGENT|td=dropped|cm=NA","12626","NFC","0005",2026-04-27 17:25:29,2026-04-30 09:00:00,FALSE,FALSE,"historical","Historical timing retained"
"txn=|fr=0005|pl=13131|ts=2026-04-27 17:25:29|ty=FREE_AGENT|td=dropped|cm=NA","13131","NFC","0005",2026-04-27 17:25:29,2026-04-30 09:00:00,FALSE,FALSE,"historical","Historical timing retained"
"txn=|fr=0005|pl=11222|ts=2026-04-27 17:25:29|ty=FREE_AGENT|td=dropped|cm=NA","11222","NFC","0005",2026-04-27 17:25:29,2026-04-30 09:00:00,FALSE,FALSE,"historical","Historical timing retained"
"txn=|fr=0005|pl=16342|ts=2026-04-27 17:25:29|ty=FREE_AGENT|td=dropped|cm=NA","16342","NFC","0005",2026-04-27 17:25:29,2026-04-30 09:00:00,FALSE,FALSE,"historical","Historical timing retained"
"txn=|fr=0005|pl=13633|ts=2026-04-27 17:25:29|ty=FREE_AGENT|td=dropped|cm=NA","13633","NFC","0005",2026-04-27 17:25:29,2026-04-30 09:00:00,FALSE,FALSE,"historical","Historical timing retained"
"txn=|fr=0005|pl=13164|ts=2026-04-27 17:25:29|ty=FREE_AGENT|td=dropped|cm=NA","13164","NFC","0005",2026-04-27 17:25:29,2026-04-30 09:00:00,FALSE,FALSE,"historical","Historical timing retained"
"txn=|fr=0005|pl=13629|ts=2026-04-27 17:25:29|ty=FREE_AGENT|td=dropped|cm=NA","13629","NFC","0005",2026-04-27 17:25:29,2026-04-30 09:00:00,FALSE,FALSE,"historical","Historical timing retained"
"txn=|fr=0005|pl=17353|ts=2026-04-27 17:25:29|ty=FREE_AGENT|td=dropped|cm=NA","17353","NFC","0005",2026-04-27 17:25:29,2026-04-30 09:00:00,FALSE,FALSE,"historical","Historical timing retained"
"txn=|fr=0005|pl=13671|ts=2026-04-27 17:25:29|ty=FREE_AGENT|td=dropped|cm=NA","13671","NFC","0005",2026-04-27 17:25:29,2026-04-30 09:00:00,FALSE,FALSE,"historical","Historical timing retained"
"txn=|fr=0005|pl=13719|ts=2026-04-27 17:25:29|ty=FREE_AGENT|td=dropped|cm=NA","13719","NFC","0005",2026-04-27 17:25:29,2026-04-30 09:00:00,FALSE,FALSE,"historical","Historical timing retained"
"txn=|fr=0005|pl=15812|ts=2026-04-27 17:25:29|ty=FREE_AGENT|td=dropped|cm=NA","15812","NFC","0005",2026-04-27 17:25:29,2026-04-30 09:00:00,FALSE,FALSE,"historical","Historical timing retained"
"txn=|fr=0005|pl=13742|ts=2026-04-27 17:25:29|ty=FREE_AGENT|td=dropped|cm=NA","13742","NFC","0005",2026-04-27 17:25:29,2026-04-30 09:00:00,FALSE,FALSE,"historical","Historical timing retained"
"txn=|fr=0005|pl=15121|ts=2026-04-27 17:25:29|ty=FREE_AGENT|td=dropped|cm=NA","15121","NFC","0005",2026-04-27 17:25:29,2026-04-30 09:00:00,FALSE,FALSE,"historical","Historical timing retained"
"txn=|fr=0005|pl=15858|ts=2026-04-27 17:25:29|ty=FREE_AGENT|td=dropped|cm=NA","15858","NFC","0005",2026-04-27 17:25:29,2026-04-30 09:00:00,FALSE,FALSE,"historical","Historical timing retained"
"txn=|fr=0005|pl=14251|ts=2026-04-27 17:25:29|ty=FREE_AGENT|td=dropped|cm=NA","14251","NFC","0005",2026-04-27 17:25:29,2026-04-30 09:00:00,FALSE,FALSE,"historical","Historical timing retained"
"txn=|fr=0005|pl=14322|ts=2026-04-27 17:25:29|ty=FREE_AGENT|td=dropped|cm=NA","14322","NFC","0005",2026-04-27 17:25:29,2026-04-30 09:00:00,FALSE,FALSE,"historical","Historical timing retained"
"txn=|fr=0005|pl=13281|ts=2026-04-27 17:25:29|ty=FREE_AGENT|td=dropped|cm=NA","13281","NFC","0005",2026-04-27 17:25:29,2026-04-30 09:00:00,FALSE,FALSE,"historical","Historical timing retained"
"txn=|fr=0005|pl=13774|ts=2026-04-27 17:25:29|ty=FREE_AGENT|td=dropped|cm=NA","13774","NFC","0005",2026-04-27 17:25:29,2026-04-30 09:00:00,FALSE,FALSE,"historical","Historical timing retained"
"txn=|fr=0005|pl=14957|ts=2026-04-27 17:25:29|ty=FREE_AGENT|td=dropped|cm=NA","14957","NFC","0005",2026-04-27 17:25:29,2026-04-30 09:00:00,FALSE,FALSE,"historical","Historical timing retained"
"txn=|fr=0005|pl=15856|ts=2026-04-27 17:25:29|ty=FREE_AGENT|td=dropped|cm=NA","15856","NFC","0005",2026-04-27 17:25:29,2026-04-30 09:00:00,FALSE,FALSE,"historical","Historical timing retained"
"txn=|fr=0005|pl=17143|ts=2026-04-27 17:25:29|ty=FREE_AGENT|td=dropped|cm=NA","17143","NFC","0005",2026-04-27 17:25:29,2026-04-30 09:00:00,FALSE,FALSE,"historical","Historical timing retained"
"txn=|fr=0005|pl=13920|ts=2026-04-27 17:25:29|ty=FREE_AGENT|td=dropped|cm=NA","13920","NFC","0005",2026-04-27 17:25:29,2026-04-30 09:00:00,FALSE,FALSE,"historical","Historical timing retained"
"txn=|fr=0005|pl=16014|ts=2026-04-27 17:25:29|ty=FREE_AGENT|td=dropped|cm=NA","16014","NFC","0005",2026-04-27 17:25:29,2026-04-30 09:00:00,FALSE,FALSE,"historical","Historical timing retained"
"txn=|fr=0005|pl=13713|ts=2026-04-27 17:25:29|ty=FREE_AGENT|td=dropped|cm=NA","13713","NFC","0005",2026-04-27 17:25:29,2026-04-30 09:00:00,FALSE,FALSE,"historical","Historical timing retained"
"txn=|fr=0004|pl=17034|ts=2026-04-27 17:23:41|ty=FREE_AGENT|td=dropped|cm=NA","17034","NFC","0004",2026-04-27 17:23:41,2026-04-30 09:00:00,FALSE,FALSE,"historical","Historical timing retained"
"txn=|fr=0004|pl=16757|ts=2026-04-27 17:23:41|ty=FREE_AGENT|td=dropped|cm=NA","16757","NFC","0004",2026-04-27 17:23:41,2026-04-30 09:00:00,FALSE,FALSE,"historical","Historical timing retained"
"txn=|fr=0004|pl=16778|ts=2026-04-27 17:23:41|ty=FREE_AGENT|td=dropped|cm=NA","16778","NFC","0004",2026-04-27 17:23:41,2026-04-30 09:00:00,FALSE,FALSE,"historical","Historical timing retained"
"txn=|fr=0004|pl=11247|ts=2026-04-27 17:23:41|ty=FREE_AGENT|td=dropped|cm=NA","11247","NFC","0004",2026-04-27 17:23:41,2026-04-30 09:00:00,FALSE,FALSE,"historical","Historical timing retained"
"txn=|fr=0004|pl=16663|ts=2026-04-27 17:23:41|ty=FREE_AGENT|td=dropped|cm=NA","16663","NFC","0004",2026-04-27 17:23:41,2026-04-30 09:00:00,FALSE,FALSE,"historical","Historical timing retained"
"txn=|fr=0004|pl=16227|ts=2026-04-27 17:23:41|ty=FREE_AGENT|td=dropped|cm=NA","16227","NFC","0004",2026-04-27 17:23:41,2026-04-30 09:00:00,FALSE,FALSE,"historical","Historical timing retained"
"txn=|fr=0004|pl=15806|ts=2026-04-27 17:23:41|ty=FREE_AGENT|td=dropped|cm=NA","15806","NFC","0004",2026-04-27 17:23:41,2026-04-30 09:00:00,FALSE,FALSE,"historical","Historical timing retained"
"txn=|fr=0004|pl=15857|ts=2026-04-27 17:23:41|ty=FREE_AGENT|td=dropped|cm=NA","15857","NFC","0004",2026-04-27 17:23:41,2026-04-30 09:00:00,FALSE,FALSE,"historical","Historical timing retained"
"txn=|fr=0004|pl=14590|ts=2026-04-27 17:23:41|ty=FREE_AGENT|td=dropped|cm=NA","14590","NFC","0004",2026-04-27 17:23:41,2026-04-30 09:00:00,FALSE,FALSE,"historical","Historical timing retained"
"txn=|fr=0004|pl=15387|ts=2026-04-27 17:23:41|ty=FREE_AGENT|td=dropped|cm=NA","15387","NFC","0004",2026-04-27 17:23:41,2026-04-30 09:00:00,FALSE,FALSE,"historical","Historical timing retained"
"txn=|fr=0004|pl=15868|ts=2026-04-27 17:23:41|ty=FREE_AGENT|td=dropped|cm=NA","15868","NFC","0004",2026-04-27 17:23:41,2026-04-30 09:00:00,FALSE,FALSE,"historical","Historical timing retained"
"txn=|fr=0004|pl=12711|ts=2026-04-27 17:23:41|ty=FREE_AGENT|td=dropped|cm=NA","12711","NFC","0004",2026-04-27 17:23:41,2026-04-30 09:00:00,FALSE,FALSE,"historical","Historical timing retained"
"txn=|fr=0004|pl=15362|ts=2026-04-27 17:23:41|ty=FREE_AGENT|td=dropped|cm=NA","15362","NFC","0004",2026-04-27 17:23:41,2026-04-30 09:00:00,FALSE,FALSE,"historical","Historical timing retained"
"txn=|fr=0004|pl=14910|ts=2026-04-27 17:23:41|ty=FREE_AGENT|td=dropped|cm=NA","14910","NFC","0004",2026-04-27 17:23:41,2026-04-30 09:00:00,FALSE,FALSE,"historical","Historical timing retained"
"txn=|fr=0004|pl=16572|ts=2026-04-27 17:23:41|ty=FREE_AGENT|td=dropped|cm=NA","16572","NFC","0004",2026-04-27 17:23:41,2026-04-30 09:00:00,FALSE,FALSE,"historical","Historical timing retained"
"txn=|fr=0004|pl=14518|ts=2026-04-27 17:23:41|ty=FREE_AGENT|td=dropped|cm=NA","14518","NFC","0004",2026-04-27 17:23:41,2026-04-30 09:00:00,FALSE,FALSE,"historical","Historical timing retained"
"txn=|fr=0003|pl=14071|ts=2026-04-27 17:22:50|ty=FREE_AGENT|td=dropped|cm=NA","14071","NFC","0003",2026-04-27 17:22:50,2026-04-30 09:00:00,FALSE,FALSE,"historical","Historical timing retained"
"txn=|fr=0003|pl=14860|ts=2026-04-27 17:22:50|ty=FREE_AGENT|td=dropped|cm=NA","14860","NFC","0003",2026-04-27 17:22:50,2026-04-30 09:00:00,FALSE,FALSE,"historical","Historical timing retained"
"txn=|fr=0003|pl=14717|ts=2026-04-27 17:22:50|ty=FREE_AGENT|td=dropped|cm=NA","14717","NFC","0003",2026-04-27 17:22:50,2026-04-30 09:00:00,FALSE,FALSE,"historical","Historical timing retained"
"txn=|fr=0003|pl=13791|ts=2026-04-27 17:22:50|ty=FREE_AGENT|td=dropped|cm=NA","13791","NFC","0003",2026-04-27 17:22:50,2026-04-30 09:00:00,FALSE,FALSE,"historical","Historical timing retained"
"txn=|fr=0003|pl=13448|ts=2026-04-27 17:22:50|ty=FREE_AGENT|td=dropped|cm=NA","13448","NFC","0003",2026-04-27 17:22:50,2026-04-30 09:00:00,FALSE,FALSE,"historical","Historical timing retained"
"txn=|fr=0003|pl=13744|ts=2026-04-27 17:22:50|ty=FREE_AGENT|td=dropped|cm=NA","13744","NFC","0003",2026-04-27 17:22:50,2026-04-30 09:00:00,FALSE,FALSE,"historical","Historical timing retained"
"txn=|fr=0003|pl=15446|ts=2026-04-27 17:22:50|ty=FREE_AGENT|td=dropped|cm=NA","15446","NFC","0003",2026-04-27 17:22:50,2026-04-30 09:00:00,FALSE,FALSE,"historical","Historical timing retained"
"txn=|fr=0003|pl=15809|ts=2026-04-27 17:22:50|ty=FREE_AGENT|td=dropped|cm=NA","15809","NFC","0003",2026-04-27 17:22:50,2026-04-30 09:00:00,FALSE,FALSE,"historical","Historical timing retained"
"txn=|fr=0003|pl=16077|ts=2026-04-27 17:22:50|ty=FREE_AGENT|td=dropped|cm=NA","16077","NFC","0003",2026-04-27 17:22:50,2026-04-30 09:00:00,FALSE,FALSE,"historical","Historical timing retained"
"txn=|fr=0003|pl=15836|ts=2026-04-27 17:22:50|ty=FREE_AGENT|td=dropped|cm=NA","15836","NFC","0003",2026-04-27 17:22:50,2026-04-30 09:00:00,FALSE,FALSE,"historical","Historical timing retained"
"txn=|fr=0003|pl=13223|ts=2026-04-27 17:22:50|ty=FREE_AGENT|td=dropped|cm=NA","13223","NFC","0003",2026-04-27 17:22:50,2026-04-30 09:00:00,FALSE,FALSE,"historical","Historical timing retained"
"txn=|fr=0003|pl=13737|ts=2026-04-27 17:22:50|ty=FREE_AGENT|td=dropped|cm=NA","13737","NFC","0003",2026-04-27 17:22:50,2026-04-30 09:00:00,FALSE,FALSE,"historical","Historical timing retained"
"txn=|fr=0003|pl=15003|ts=2026-04-27 17:22:50|ty=FREE_AGENT|td=dropped|cm=NA","15003","NFC","0003",2026-04-27 17:22:50,2026-04-30 09:00:00,FALSE,FALSE,"historical","Historical timing retained"
"txn=|fr=0002|pl=7394|ts=2026-04-27 17:21:28|ty=FREE_AGENT|td=dropped|cm=NA","7394","NFC","0002",2026-04-27 17:21:28,2026-04-30 09:00:00,FALSE,FALSE,"historical","Historical timing retained"
"txn=|fr=0002|pl=13595|ts=2026-04-27 17:21:28|ty=FREE_AGENT|td=dropped|cm=NA","13595","NFC","0002",2026-04-27 17:21:28,2026-04-30 09:00:00,FALSE,FALSE,"historical","Historical timing retained"
"txn=|fr=0002|pl=12140|ts=2026-04-27 17:21:28|ty=FREE_AGENT|td=dropped|cm=NA","12140","NFC","0002",2026-04-27 17:21:28,2026-04-30 09:00:00,FALSE,FALSE,"historical","Historical timing retained"
"txn=|fr=0002|pl=15254|ts=2026-04-27 17:21:28|ty=FREE_AGENT|td=dropped|cm=NA","15254","NFC","0002",2026-04-27 17:21:28,2026-04-30 09:00:00,FALSE,FALSE,"historical","Historical timing retained"
"txn=|fr=0002|pl=14871|ts=2026-04-27 17:21:28|ty=FREE_AGENT|td=dropped|cm=NA","14871","NFC","0002",2026-04-27 17:21:28,2026-04-30 09:00:00,FALSE,FALSE,"historical","Historical timing retained"
"txn=|fr=0002|pl=16680|ts=2026-04-27 17:21:28|ty=FREE_AGENT|td=dropped|cm=NA","16680","NFC","0002",2026-04-27 17:21:28,2026-04-30 09:00:00,FALSE,FALSE,"historical","Historical timing retained"
"txn=|fr=0002|pl=14256|ts=2026-04-27 17:21:28|ty=FREE_AGENT|td=dropped|cm=NA","14256","NFC","0002",2026-04-27 17:21:28,2026-04-30 09:00:00,FALSE,FALSE,"historical","Historical timing retained"
"txn=|fr=0002|pl=12305|ts=2026-04-27 17:21:28|ty=FREE_AGENT|td=dropped|cm=NA","12305","NFC","0002",2026-04-27 17:21:28,2026-04-30 09:00:00,FALSE,FALSE,"historical","Historical timing retained"
"txn=|fr=0002|pl=12225|ts=2026-04-27 17:21:28|ty=FREE_AGENT|td=dropped|cm=NA","12225","NFC","0002",2026-04-27 17:21:28,2026-04-30 09:00:00,FALSE,FALSE,"historical","Historical timing retained"
"txn=|fr=0002|pl=14151|ts=2026-04-27 17:21:28|ty=FREE_AGENT|td=dropped|cm=NA","14151","NFC","0002",2026-04-27 17:21:28,2026-04-30 09:00:00,FALSE,FALSE,"historical","Historical timing retained"
"txn=|fr=0002|pl=16300|ts=2026-04-27 17:21:28|ty=FREE_AGENT|td=dropped|cm=NA","16300","NFC","0002",2026-04-27 17:21:28,2026-04-30 09:00:00,FALSE,FALSE,"historical","Historical timing retained"
"txn=|fr=0002|pl=15378|ts=2026-04-27 17:21:28|ty=FREE_AGENT|td=dropped|cm=NA","15378","NFC","0002",2026-04-27 17:21:28,2026-04-30 09:00:00,FALSE,FALSE,"historical","Historical timing retained"
"txn=|fr=0002|pl=14249|ts=2026-04-27 17:21:28|ty=FREE_AGENT|td=dropped|cm=NA","14249","NFC","0002",2026-04-27 17:21:28,2026-04-30 09:00:00,FALSE,FALSE,"historical","Historical timing retained"
"txn=|fr=0002|pl=16450|ts=2026-04-27 17:21:28|ty=FREE_AGENT|td=dropped|cm=NA","16450","NFC","0002",2026-04-27 17:21:28,2026-04-30 09:00:00,FALSE,FALSE,"historical","Historical timing retained"
"txn=|fr=0002|pl=16145|ts=2026-04-27 17:21:28|ty=FREE_AGENT|td=dropped|cm=NA","16145","NFC","0002",2026-04-27 17:21:28,2026-04-30 09:00:00,FALSE,FALSE,"historical","Historical timing retained"
"txn=|fr=0002|pl=14997|ts=2026-04-27 17:21:28|ty=FREE_AGENT|td=dropped|cm=NA","14997","NFC","0002",2026-04-27 17:21:28,2026-04-30 09:00:00,FALSE,FALSE,"historical","Historical timing retained"
"txn=|fr=0002|pl=15832|ts=2026-04-27 17:21:28|ty=FREE_AGENT|td=dropped|cm=NA","15832","NFC","0002",2026-04-27 17:21:28,2026-04-30 09:00:00,FALSE,FALSE,"historical","Historical timing retained"
"txn=|fr=0002|pl=15875|ts=2026-04-27 17:21:28|ty=FREE_AGENT|td=dropped|cm=NA","15875","NFC","0002",2026-04-27 17:21:28,2026-04-30 09:00:00,FALSE,FALSE,"historical","Historical timing retained"
"txn=|fr=0002|pl=11327|ts=2026-04-27 17:21:28|ty=FREE_AGENT|td=dropped|cm=NA","11327","NFC","0002",2026-04-27 17:21:28,2026-04-30 09:00:00,FALSE,FALSE,"historical","Historical timing retained"
"txn=|fr=0002|pl=15923|ts=2026-04-27 17:21:28|ty=FREE_AGENT|td=dropped|cm=NA","15923","NFC","0002",2026-04-27 17:21:28,2026-04-30 09:00:00,FALSE,FALSE,"historical","Historical timing retained"
"txn=|fr=0002|pl=10783|ts=2026-04-27 17:21:28|ty=FREE_AGENT|td=dropped|cm=NA","10783","NFC","0002",2026-04-27 17:21:28,2026-04-30 09:00:00,FALSE,FALSE,"historical","Historical timing retained"
"txn=|fr=0002|pl=14283|ts=2026-04-27 17:21:28|ty=FREE_AGENT|td=dropped|cm=NA","14283","NFC","0002",2026-04-27 17:21:28,2026-04-30 09:00:00,FALSE,FALSE,"historical","Historical timing retained"
"txn=|fr=0001|pl=13590|ts=2026-04-27 17:20:21|ty=FREE_AGENT|td=dropped|cm=NA","13590","NFC","0001",2026-04-27 17:20:21,2026-04-30 09:00:00,FALSE,FALSE,"historical","Historical timing retained"
"txn=|fr=0001|pl=13404|ts=2026-04-27 17:20:21|ty=FREE_AGENT|td=dropped|cm=NA","13404","NFC","0001",2026-04-27 17:20:21,2026-04-30 09:00:00,FALSE,FALSE,"historical","Historical timing retained"
"txn=|fr=0001|pl=13431|ts=2026-04-27 17:20:21|ty=FREE_AGENT|td=dropped|cm=NA","13431","NFC","0001",2026-04-27 17:20:21,2026-04-30 09:00:00,FALSE,FALSE,"historical","Historical timing retained"
"txn=|fr=0001|pl=15358|ts=2026-04-27 17:20:21|ty=FREE_AGENT|td=dropped|cm=NA","15358","NFC","0001",2026-04-27 17:20:21,2026-04-30 09:00:00,FALSE,FALSE,"historical","Historical timing retained"
"txn=|fr=0001|pl=13888|ts=2026-04-27 17:20:21|ty=FREE_AGENT|td=dropped|cm=NA","13888","NFC","0001",2026-04-27 17:20:21,2026-04-30 09:00:00,FALSE,FALSE,"historical","Historical timing retained"
"txn=|fr=0001|pl=14893|ts=2026-04-27 17:20:21|ty=FREE_AGENT|td=dropped|cm=NA","14893","NFC","0001",2026-04-27 17:20:21,2026-04-30 09:00:00,FALSE,FALSE,"historical","Historical timing retained"
"txn=|fr=0001|pl=15890|ts=2026-04-27 17:20:21|ty=FREE_AGENT|td=dropped|cm=NA","15890","NFC","0001",2026-04-27 17:20:21,2026-04-30 09:00:00,FALSE,FALSE,"historical","Historical timing retained"
"txn=|fr=0001|pl=14412|ts=2026-04-27 17:20:21|ty=FREE_AGENT|td=dropped|cm=NA","14412","NFC","0001",2026-04-27 17:20:21,2026-04-30 09:00:00,FALSE,FALSE,"historical","Historical timing retained"
"txn=|fr=0001|pl=15380|ts=2026-04-27 17:20:21|ty=FREE_AGENT|td=dropped|cm=NA","15380","NFC","0001",2026-04-27 17:20:21,2026-04-30 09:00:00,FALSE,FALSE,"historical","Historical timing retained"
"txn=|fr=0001|pl=16279|ts=2026-04-27 17:20:21|ty=FREE_AGENT|td=dropped|cm=NA","16279","NFC","0001",2026-04-27 17:20:21,2026-04-30 09:00:00,FALSE,FALSE,"historical","Historical timing retained"
"txn=|fr=0001|pl=14933|ts=2026-04-27 17:20:21|ty=FREE_AGENT|td=dropped|cm=NA","14933","NFC","0001",2026-04-27 17:20:21,2026-04-30 09:00:00,FALSE,FALSE,"historical","Historical timing retained"
"txn=|fr=0009|pl=16730|ts=2026-04-26 02:13:55|ty=FREE_AGENT|td=dropped|cm=NA","16730","NFC","0009",2026-04-26 02:13:55,2026-04-28 09:00:00,FALSE,FALSE,"historical","Historical timing retained"
"txn=|fr=0009|pl=16170|ts=2026-04-24 13:35:17|ty=FREE_AGENT|td=dropped|cm=NA","16170","NFC","0009",2026-04-24 13:35:17,2026-04-27 09:00:00,FALSE,FALSE,"historical","Historical timing retained"
"txn=|fr=0003|pl=14918|ts=1789722000|ty=WAIVER|td=dropped|cm=NA","14918","NFC","0003",2026-09-18 09:00:00,2026-09-19 09:00:00,FALSE,FALSE,"not_listed","Not individually locked after estimated hold; claim outcome still comes from transactions/contracts"
"txn=|fr=0008|pl=15981|ts=1789635600|ty=WAIVER|td=dropped|cm=NA","15981","NFC","0008",2026-09-17 09:00:00,2026-09-18 09:00:00,FALSE,FALSE,"not_listed","Not individually locked after estimated hold; claim outcome still comes from transactions/contracts"
"txn=|fr=0030|pl=17189|ts=1788944400|ty=WAIVER|td=dropped|cm=NA","17189","AFC","0030",2026-09-09 09:00:00,2026-09-10 09:00:00,FALSE,FALSE,"historical","Historical timing retained"
"txn=|fr=0011|pl=17156|ts=1788944400|ty=WAIVER|td=dropped|cm=NA","17156","NFC","0011",2026-09-09 09:00:00,2026-09-10 09:00:00,FALSE,FALSE,"historical","Historical timing retained"
"txn=|fr=0006|pl=16649|ts=1788944400|ty=WAIVER|td=dropped|cm=NA","16649","NFC","0006",2026-09-09 09:00:00,2026-09-10 09:00:00,FALSE,FALSE,"historical","Historical timing retained"
"txn=|fr=0003|pl=15319|ts=1788944400|ty=WAIVER|td=dropped|cm=NA","15319","NFC","0003",2026-09-09 09:00:00,2026-09-10 09:00:00,FALSE,FALSE,"historical","Historical timing retained"
"txn=|fr=0007|pl=16741|ts=1788944400|ty=WAIVER|td=dropped|cm=NA","16741","NFC","0007",2026-09-09 09:00:00,2026-09-10 09:00:00,FALSE,FALSE,"historical","Historical timing retained"
"txn=|fr=0016|pl=16657|ts=1788944400|ty=WAIVER|td=dropped|cm=NA","16657","NFC","0016",2026-09-09 09:00:00,2026-09-10 09:00:00,FALSE,FALSE,"historical","Historical timing retained"
"txn=|fr=0007|pl=17077|ts=1788858000|ty=WAIVER|td=dropped|cm=NA","17077","NFC","0007",2026-09-08 09:00:00,2026-09-09 09:00:00,FALSE,FALSE,"historical","Historical timing retained"
"txn=|fr=0032|pl=15469|ts=1788858000|ty=WAIVER|td=dropped|cm=NA","15469","AFC","0032",2026-09-08 09:00:00,2026-09-09 09:00:00,FALSE,FALSE,"historical","Historical timing retained"
"txn=|fr=0010|pl=16717|ts=1788858000|ty=WAIVER|td=dropped|cm=NA","16717","NFC","0010",2026-09-08 09:00:00,2026-09-09 09:00:00,FALSE,FALSE,"historical","Historical timing retained"
"txn=|fr=0003|pl=16102|ts=1788858000|ty=WAIVER|td=dropped|cm=NA","16102","NFC","0003",2026-09-08 09:00:00,2026-09-09 09:00:00,FALSE,FALSE,"historical","Historical timing retained"
"txn=|fr=0007|pl=15377|ts=1788858000|ty=WAIVER|td=dropped|cm=NA","15377","NFC","0007",2026-09-08 09:00:00,2026-09-09 09:00:00,FALSE,FALSE,"historical","Historical timing retained"
"txn=|fr=0008|pl=17180|ts=1788771600|ty=WAIVER|td=dropped|cm=NA","17180","NFC","0008",2026-09-07 09:00:00,2026-09-08 09:00:00,FALSE,FALSE,"historical","Historical timing retained"
"txn=|fr=0010|pl=16702|ts=1788771600|ty=WAIVER|td=dropped|cm=NA","16702","NFC","0010",2026-09-07 09:00:00,2026-09-08 09:00:00,FALSE,FALSE,"historical","Historical timing retained"
"txn=|fr=0008|pl=15911|ts=1788771600|ty=WAIVER|td=dropped|cm=NA","15911","NFC","0008",2026-09-07 09:00:00,2026-09-08 09:00:00,FALSE,FALSE,"historical","Historical timing retained"
"txn=|fr=0009|pl=17202|ts=1788771600|ty=WAIVER|td=dropped|cm=NA","17202","NFC","0009",2026-09-07 09:00:00,2026-09-08 09:00:00,FALSE,FALSE,"historical","Historical timing retained"
"txn=|fr=0002|pl=17076|ts=1788685200|ty=WAIVER|td=dropped|cm=NA","17076","NFC","0002",2026-09-06 09:00:00,2026-09-07 09:00:00,FALSE,FALSE,"historical","Historical timing retained"
"txn=|fr=0009|pl=13718|ts=1788598800|ty=WAIVER|td=dropped|cm=NA","13718","NFC","0009",2026-09-05 09:00:00,2026-09-06 09:00:00,FALSE,FALSE,"historical","Historical timing retained"
"txn=|fr=0009|pl=16212|ts=1788598800|ty=WAIVER|td=dropped|cm=NA","16212","NFC","0009",2026-09-05 09:00:00,2026-09-06 09:00:00,FALSE,FALSE,"historical","Historical timing retained"
"txn=|fr=0002|pl=14911|ts=1788339600|ty=WAIVER|td=dropped|cm=NA","14911","NFC","0002",2026-09-02 09:00:00,2026-09-03 09:00:00,FALSE,FALSE,"historical","Historical timing retained"
"txn=|fr=0010|pl=12686|ts=1788339600|ty=WAIVER|td=dropped|cm=NA","12686","NFC","0010",2026-09-02 09:00:00,2026-09-03 09:00:00,FALSE,FALSE,"historical","Historical timing retained"
"txn=|fr=0009|pl=15032|ts=1788253200|ty=WAIVER|td=dropped|cm=NA","15032","NFC","0009",2026-09-01 09:00:00,2026-09-02 09:00:00,FALSE,FALSE,"historical","Historical timing retained"
"txn=|fr=0030|pl=15492|ts=1788080400|ty=WAIVER|td=dropped|cm=NA","15492","AFC","0030",2026-08-30 09:00:00,2026-08-31 09:00:00,FALSE,FALSE,"historical","Historical timing retained"
"txn=|fr=0021|pl=17592|ts=1787648400|ty=WAIVER|td=dropped|cm=NA","17592","AFC","0021",2026-08-25 09:00:00,2026-08-27 09:00:00,FALSE,FALSE,"historical","Historical timing retained"
"txn=|fr=0021|pl=17207|ts=1787648400|ty=WAIVER|td=dropped|cm=NA","17207","AFC","0021",2026-08-25 09:00:00,2026-08-27 09:00:00,FALSE,FALSE,"historical","Historical timing retained"
"txn=|fr=0008|pl=10945|ts=1787302800|ty=WAIVER|td=dropped|cm=NA","10945","NFC","0008",2026-08-21 09:00:00,2026-08-23 09:00:00,FALSE,FALSE,"historical","Historical timing retained"
"txn=|fr=0008|pl=0801|ts=1784192400|ty=WAIVER|td=dropped|cm=NA","0801","NFC","0008",2026-07-16 09:00:00,2026-07-18 09:00:00,FALSE,FALSE,"historical","Historical timing retained"
"txn=|fr=0009|pl=16016|ts=1784192400|ty=WAIVER|td=dropped|cm=NA","16016","NFC","0009",2026-07-16 09:00:00,2026-07-18 09:00:00,FALSE,FALSE,"historical","Historical timing retained"
