FRANCHISE,PLAYER,INJ,SALARY,YEARS,CONTRACT,ROSTER
Dallas Cowboys,"Randall, Adam BAL RB",IR-R,$1.00,4,2026 4.25,INJURED_RESERVE
Dallas Cowboys,"Mayfield, Baker TBB QB",,$14.88,4,2026 UFA,ACTIVE_ROSTER
Dallas Cowboys,"Prescott, Dak DAL QB",,$25.50,4,2026 B/R,ACTIVE_ROSTER
Dallas Cowboys,"Sanders, Shedeur CLE QB",,$1.17,3,2025 4.02,ACTIVE_ROSTER
Dallas Cowboys,"Holani, George SEA RB",,$1.10,1,2026 R/F,ACTIVE_ROSTER
Dallas Cowboys,"Irving, Bucky TBB RB",,$1.17,2,2024 4.06,ACTIVE_ROSTER
Dallas Cowboys,"Perine, Samaje CIN RB",,$1.10,1,2026 R/F,ACTIVE_ROSTER
Dallas Cowboys,"Spears, Tyjae TEN RB",,$1.47,1,2023 3.07,ACTIVE_ROSTER
Dallas Cowboys,"Swift, D'Andre CHI RB",Questionable,$13.07,1,2024 UFA,ACTIVE_ROSTER
Dallas Cowboys,"Cooper Jr., Omar NYJ WR",,$4.52,4,2026 1.08,ACTIVE_ROSTER
Dallas Cowboys,"Harris, Tre LAC WR",Questionable,$2.25,3,2025 2.03,ACTIVE_ROSTER
Dallas Cowboys,"Jeudy, Jerry CLE WR",,$4.05,3,2026 B/R,ACTIVE_ROSTER
Dallas Cowboys,"McConkey, Ladd LAC WR",,$3.03,2,2024 1.12,ACTIVE_ROSTER
Dallas Cowboys,"Metcalf, DK PIT WR",Questionable,$13.60,3,2026 oEXT,ACTIVE_ROSTER
Dallas Cowboys,"Robinson, Wan'Dale TEN WR",Questionable,$20.00,1,2026 UFA,ACTIVE_ROSTER
Dallas Cowboys,"Vele, Devaughn NOS WR",,$1.10,1,2026 UFA,ACTIVE_ROSTER
Dallas Cowboys,"Dulcich, Greg MIA TE",,$1.10,1,2026 R/F,ACTIVE_ROSTER
Dallas Cowboys,"Freiermuth, Pat PIT TE",,$4.53,1,2024 iEXT,ACTIVE_ROSTER
Dallas Cowboys,"Warren, Tyler IND TE",Questionable,$3.66,3,2025 1.10,ACTIVE_ROSTER
Dallas Cowboys,"Little, Cam JAC PK",,$2.00,1,2026 UFA,ACTIVE_ROSTER
Dallas Cowboys,"Wright, Ryan NOS PN",,$1.10,1,2026 UFA,ACTIVE_ROSTER
Dallas Cowboys,"Collins, Alfred SFO DT",,$1.14,3,2025 4.04,ACTIVE_ROSTER
Dallas Cowboys,"Heyward, Cameron PIT DT",,$13.59,1,2025 UFA,ACTIVE_ROSTER
Dallas Cowboys,"Payne, Da'Ron WAS DT",,$7.99,1,2023 SRFA,ACTIVE_ROSTER
Dallas Cowboys,"Sieler, Zach MIA DT",Questionable,$16.50,2,2025 RRFA,ACTIVE_ROSTER
Dallas Cowboys,"Granderson, Carl NOS DE",,$10.03,1,2023 iEXT,ACTIVE_ROSTER
Dallas Cowboys,"Lawrence, Demarcus SEA DE",,$1.10,1,2025 R/F,ACTIVE_ROSTER
Dallas Cowboys,"Sweat, Montez CHI DE",,$8.44,3,2025 oEXT,ACTIVE_ROSTER
Dallas Cowboys,"Wilson, Tyree NOS DE",,$2.10,1,2023 2.06,ACTIVE_ROSTER
Dallas Cowboys,"Brooks, Jordyn MIA LB",,$7.66,1,2023 iEXT,ACTIVE_ROSTER
Dallas Cowboys,"Bush, Devin CHI LB",,$10.78,2,2026 oEXT,ACTIVE_ROSTER
Dallas Cowboys,"Golday, Jake MIN LB",,$1.52,4,2026 3.01,ACTIVE_ROSTER
Dallas Cowboys,"Spillane, Robert NEP LB",,$3.24,3,2026 UFA,ACTIVE_ROSTER
Dallas Cowboys,"Trotter, Josiah TBB LB",,$1.71,4,2026 2.12,ACTIVE_ROSTER
Dallas Cowboys,"Benford, Christian BUF CB",,$1.10,1,2026 ERFA,ACTIVE_ROSTER
Dallas Cowboys,"Dean, Jamel PIT CB",,$2.25,2,2026 oEXT,ACTIVE_ROSTER
Dallas Cowboys,"Durant, Decobie DAL CB",,$1.10,1,2026 R/F,ACTIVE_ROSTER
Dallas Cowboys,"Hughes, Mike ATL CB",,$1.10,1,2026 R/F,ACTIVE_ROSTER
Dallas Cowboys,"McCollum, Zyon TBB CB",,$2.00,1,2026 UFA,ACTIVE_ROSTER
Dallas Cowboys,"Stephens, Brandon NYJ CB",,$1.10,1,2026 R/F,ACTIVE_ROSTER
Dallas Cowboys,"Stevenson, Tyrique CHI CB",Questionable,$4.20,1,2026 UFA,ACTIVE_ROSTER
Dallas Cowboys,"Epps, Marcus PHI S",,$1.10,1,2026 R/F,ACTIVE_ROSTER
Dallas Cowboys,"Holland, Jevon NYG S",,$7.30,2,2024 B/R,ACTIVE_ROSTER
Dallas Cowboys,"Moehrig, Trevon CAR S",,$7.18,3,2026 oEXT,ACTIVE_ROSTER
Dallas Cowboys,"Watts, Xavier ATL S",,$1.29,3,2025 3.13,ACTIVE_ROSTER
Dallas Cowboys,"Pearce, James ATL DE",Suspended,$1.43,3,2025 3.05,TAXI_SQUAD
New York Giants,"Brazzell II, Chris CAR WR",IR,$1.56,4,2026 2.16,INJURED_RESERVE
New York Giants,"Beck, Carson ARI QB",,$1.06,4,2026 4.12,ACTIVE_ROSTER
New York Giants,"Herbert, Justin LAC QB",,$16.65,3,2023 iEXT,ACTIVE_ROSTER
New York Giants,"Milroe, Jalen SEA QB",,$1.23,3,2025 3.17,ACTIVE_ROSTER
New York Giants,"Watson, Deshaun CLE QB",,$1.10,1,2026 R/F,ACTIVE_ROSTER
New York Giants,"Brown, Chase CIN RB",,$1.33,1,2023 3.17,ACTIVE_ROSTER
New York Giants,"Taylor, Jonathan IND RB",,$19.36,1,2024 iEXT,ACTIVE_ROSTER
New York Giants,"Cameron, Josh JAC WR",,$0.94,3,2026 UDFA,ACTIVE_ROSTER
New York Giants,"Collins, Nico HOU WR",,$37.38,3,2026 oEXT,ACTIVE_ROSTER
New York Giants,"Jennings, Jauan MIN WR",,$2.00,1,2026 UFA,ACTIVE_ROSTER
New York Giants,"Lamb, CeeDee DAL WR",,$41.50,2,2024 NEFToff,ACTIVE_ROSTER
New York Giants,"Samuel, Deebo SFO WR",,$15.49,1,2025 ORFA2,ACTIVE_ROSTER
New York Giants,"Thomas, Zavion CHI WR",,$0.99,4,2026 5.09,ACTIVE_ROSTER
New York Giants,"Kmet, Cole CHI TE",,$1.10,1,2026 UFA,ACTIVE_ROSTER
New York Giants,"Knox, Dawson BUF TE",,$1.10,1,2026 R/F,ACTIVE_ROSTER
New York Giants,"McBride, Trey ARI TE",,$22.66,1,2026 NEFT,ACTIVE_ROSTER
New York Giants,"Dicker, Cameron LAC PK",Questionable,$2.05,2,2025 UFA,ACTIVE_ROSTER
New York Giants,"Sanchez, Rigoberto IND PN",,$1.20,1,2026 UFA,ACTIVE_ROSTER
New York Giants,"Allen, Zach DEN DT",,$16.16,1,2025 oEXT,ACTIVE_ROSTER
New York Giants,"Brown, Derrick CAR DT",Questionable,$23.66,2,2024 UFA,ACTIVE_ROSTER
New York Giants,"Grant, Kenneth MIA DT",IR-R,$1.26,3,2025 3.14,ACTIVE_ROSTER
New York Giants,"Phillips, Jordan MIA DT",,$1.10,1,2026 UFA,ACTIVE_ROSTER
New York Giants,"Burch, Jordan ARI DE",,$0.99,2,2025 UDFA,ACTIVE_ROSTER
New York Giants,"Hoecht, Michael BUF DE",Questionable,$1.10,1,2026 R/F,ACTIVE_ROSTER
New York Giants,"Howell, Cashius CIN DE",,$1.23,4,2026 3.14,ACTIVE_ROSTER
New York Giants,"Johnson, Jermaine TEN DE",,$2.00,1,2026 UFA,ACTIVE_ROSTER
New York Giants,"Mesidor, Akheem LAC DE",,$1.49,4,2026 3.02,ACTIVE_ROSTER
New York Giants,"Oweh, Odafe WAS DE",Questionable,$2.00,1,2026 UFA,ACTIVE_ROSTER
New York Giants,"Robinson, Chop MIA DE",,$1.56,2,2024 2.16,ACTIVE_ROSTER
New York Giants,"Sawyer, Jack PIT DE",,$0.99,2,2025 UDFA,ACTIVE_ROSTER
New York Giants,"Tillman, Dondrea DEN DE",,$1.10,1,2026 UFA,ACTIVE_ROSTER
New York Giants,"Franklin, Zaire GBP LB",,$11.00,1,2024 UFA,ACTIVE_ROSTER
New York Giants,"Gibbens, Jack ARI LB",,$1.10,1,2026 R/F,ACTIVE_ROSTER
New York Giants,"Rolder, Jimmy DET LB",Questionable,$0.94,3,2026 UDFA,ACTIVE_ROSTER
New York Giants,"Sherwood, Jamien NYJ LB",,$5.77,1,2026 SRFA,ACTIVE_ROSTER
New York Giants,"Brownlee, Jarvis NYJ CB",,$1.10,1,2025 R/F,ACTIVE_ROSTER
New York Giants,"Gonzalez, Christian NEP CB",,$1.21,1,2023 4.15,ACTIVE_ROSTER
New York Giants,"Jones, Jarrian JAC CB",,$1.10,1,2026 R/F,ACTIVE_ROSTER
New York Giants,"McKinstry, Kool-Aid NOS CB",,$1.08,2,2024 5.13,ACTIVE_ROSTER
New York Giants,"Nixon, Keisean GBP CB",,$3.26,1,2026 oEXT,ACTIVE_ROSTER
New York Giants,"Belton, Dane NYJ S",,$1.10,1,2026 UFA,ACTIVE_ROSTER
New York Giants,"Downs, Caleb DAL S",,$2.62,4,2026 1.16,ACTIVE_ROSTER
New York Giants,"Fitzpatrick, Minkah NYJ S",,$2.00,1,2026 UFA,ACTIVE_ROSTER
New York Giants,"Ransaw, Caleb JAC S",,$0.99,2,2025 UDFA,ACTIVE_ROSTER
New York Giants,"Smith, Harrison MIN S",,$1.10,1,2026 UFA,ACTIVE_ROSTER
Philadelphia Eagles,"Higgins, Jayden HOU WR",IR,$3.19,3,2025 1.12,INJURED_RESERVE
Philadelphia Eagles,"Goff, Jared DET QB",,$20.57,2,2024 UFA,ACTIVE_ROSTER
Philadelphia Eagles,"Williams, Caleb CHI QB",,$8.15,2,2024 1.02,ACTIVE_ROSTER
Philadelphia Eagles,"Hall, Breece NYJ RB",Questionable,$11.30,3,2025 iEXT,ACTIVE_ROSTER
Philadelphia Eagles,"Love, Jeremiyah ARI RB",Questionable,$9.73,4,2026 1.02,ACTIVE_ROSTER
Philadelphia Eagles,"Tuten, Bhayshul JAC RB",Questionable,$1.80,3,2025 2.10,ACTIVE_ROSTER
Philadelphia Eagles,"Vidal, Kimani LAC RB",,$2.00,1,2026 UFA,ACTIVE_ROSTER
Philadelphia Eagles,"Warren, Jaylen PIT RB",,$9.99,1,2025 iEXT,ACTIVE_ROSTER
Philadelphia Eagles,"Douglas, Demario NEP WR",,$2.01,1,2026 UFA,ACTIVE_ROSTER
Philadelphia Eagles,"Egbuka, Emeka TBB WR",Questionable,$2.84,3,2025 1.14,ACTIVE_ROSTER
Philadelphia Eagles,"Palmer, Joshua BUF WR",,$2.00,1,2026 UFA,ACTIVE_ROSTER
Philadelphia Eagles,"Reed, Jayden GBP WR",,$1.75,1,2023 2.13,ACTIVE_ROSTER
Philadelphia Eagles,"Sutton, Courtland DEN WR",,$24.97,3,2026 oEXT,ACTIVE_ROSTER
Philadelphia Eagles,"Williams, Jameson DET WR",,$24.75,6,2026 mEXT,ACTIVE_ROSTER
Philadelphia Eagles,"Bowers, Brock LVR TE",,$4.42,2,2024 1.07,ACTIVE_ROSTER
Philadelphia Eagles,"Ferguson, Jake DAL TE",,$5.20,2,2026 oEXT,ACTIVE_ROSTER
Philadelphia Eagles,"McLaughlin, Chase TBB PK",,$2.00,1,2026 UFA,ACTIVE_ROSTER
Philadelphia Eagles,"Mann, Braden PHI PN",,$1.10,1,2026 UFA,ACTIVE_ROSTER
Philadelphia Eagles,"Butler, Adam LVR DT",,$2.00,1,2026 UFA,ACTIVE_ROSTER
Philadelphia Eagles,"Halton, Gracen SFO DT",Questionable,$0.98,4,2026 5.18,ACTIVE_ROSTER
Philadelphia Eagles,"Lawrence, Dexter CIN DT",,$15.84,1,2023 UFA,ACTIVE_ROSTER
Philadelphia Eagles,"Robinson, Darius ARI DT",,$1.33,2,2024 3.11,ACTIVE_ROSTER
Philadelphia Eagles,"Shepherd, Nathan NOS DT",,$1.10,1,2026 UFA,ACTIVE_ROSTER
Philadelphia Eagles,"Wyatt, Devonte GBP DT",,$5.00,2,2026 oEXT,ACTIVE_ROSTER
Philadelphia Eagles,"Bosa, Nick SFO DE",Questionable,$21.30,2,2023 UFA,ACTIVE_ROSTER
Philadelphia Eagles,"Burns, Brian NYG DE",,$11.98,1,2024 B/R,ACTIVE_ROSTER
Philadelphia Eagles,"Faulk, Keldric TEN DE",Questionable,$1.20,4,2026 3.16,ACTIVE_ROSTER
Philadelphia Eagles,"McDonald, Will NYJ DE",,$3.70,1,2023 3.18^,ACTIVE_ROSTER
Philadelphia Eagles,"Turner, Dallas MIN DE",,$2.05,2,2024 2.05,ACTIVE_ROSTER
Philadelphia Eagles,"Barham, Jaishawn DAL LB",,$0.98,4,2026 5.20,ACTIVE_ROSTER
Philadelphia Eagles,"Elliss, Kaden NOS LB",,$3.39,2,2024 oEXT,ACTIVE_ROSTER
Philadelphia Eagles,"Knight, Demetrius CIN LB",,$1.30,3,2025 3.12,ACTIVE_ROSTER
Philadelphia Eagles,"Luvu, Frankie WAS LB",,$5.64,1,2025 UFA,ACTIVE_ROSTER
Philadelphia Eagles,"Singleton, Alex DEN LB",,$2.00,1,2026 UFA,ACTIVE_ROSTER
Philadelphia Eagles,"Werner, Pete NOS LB",Questionable,$2.00,1,2026 UFA,ACTIVE_ROSTER
Philadelphia Eagles,"Hood, Colton NYG CB",Questionable,$0.98,4,2026 5.14,ACTIVE_ROSTER
Philadelphia Eagles,"Lenoir, Deommodore SFO CB",,$1.10,1,2026 UFA,ACTIVE_ROSTER
Philadelphia Eagles,"McCoy, Jermod LVR CB",,$0.94,3,2026 UDFA,ACTIVE_ROSTER
Philadelphia Eagles,"Rodgers, Isaiah MIN CB",,$1.10,1,2026 UFA,ACTIVE_ROSTER
Philadelphia Eagles,"Scott, Keionte TBB CB",,$0.99,4,2026 5.10,ACTIVE_ROSTER
Philadelphia Eagles,"Stout, Upton SFO CB",Questionable,$1.10,1,2026 ERFA,ACTIVE_ROSTER
Philadelphia Eagles,"Terrell, A.J. ATL CB",,$2.00,1,2026 UFA,ACTIVE_ROSTER
Philadelphia Eagles,"Bullock, Calen HOU S",,$1.10,1,2026 ERFA,ACTIVE_ROSTER
Philadelphia Eagles,"Emmanwori, Nick SEA S",Questionable,$1.61,3,2025 2.15,ACTIVE_ROSTER
Philadelphia Eagles,"Love, Julian SEA S",,$7.94,1,2024 iEXT,ACTIVE_ROSTER
Philadelphia Eagles,"Scott, Nick CAR S",,$1.10,1,2026 UFA,ACTIVE_ROSTER
Washington Commanders,"Gabriel, Dillon CLE QB",IR-R,$1.07,3,2025 4.19,INJURED_RESERVE
Washington Commanders,"Williams, Mykel SFO DE",IR-PUP,$1.64,3,2025 2.14,INJURED_RESERVE
Washington Commanders,"Joseph, Kerby DET S",IR-PUP,$2.10,1,2026 UFA,INJURED_RESERVE
Washington Commanders,"Love, Jordan GBP QB",,$11.53,1,2023 iEXT,ACTIVE_ROSTER
Washington Commanders,"Stafford, Matthew LAR QB",,$14.18,1,2024 SRFA,ACTIVE_ROSTER
Washington Commanders,"Brooks, Jonathon CAR RB",Questionable,$2.71,2,2024 1.14,ACTIVE_ROSTER
Washington Commanders,"Croskey-Merritt, Jacory WAS RB",Questionable,$0.99,2,2025 UDFA,ACTIVE_ROSTER
Washington Commanders,"Tracy, Tyrone NYG RB",Questionable,$1.11,2,2024 4.16,ACTIVE_ROSTER
Washington Commanders,"Williams, Kyren LAR RB",,$8.21,3,2025 FRFA,ACTIVE_ROSTER
Washington Commanders,"Bech, Jack LVR WR",,$2.18,3,2025 2.04,ACTIVE_ROSTER
Washington Commanders,"Bell, Chris MIA WR",,$1.76,4,2026 2.11,ACTIVE_ROSTER
Washington Commanders,"Chase, Ja'Marr CIN WR",Questionable,$44.70,4,2025 iEXT,ACTIVE_ROSTER
Washington Commanders,"Flowers, Zay BAL WR",Questionable,$3.80,1,2023 1.10,ACTIVE_ROSTER
Washington Commanders,"Jefferson, Justin MIN WR",,$45.38,2,2024 NEFToff,ACTIVE_ROSTER
Washington Commanders,"Wilson, Garrett NYJ WR",,$11.55,4,2025 iEXT,ACTIVE_ROSTER
Washington Commanders,"Joly, Justin MIA TE",,$1.01,4,2026 4.22,ACTIVE_ROSTER
Washington Commanders,"Kincaid, Dalton BUF TE",,$4.92,1,2023 1.07,ACTIVE_ROSTER
Washington Commanders,"Kittle, George SFO TE",Questionable,$20.00,1,2026 B/R,ACTIVE_ROSTER
Washington Commanders,"Klein, Marlin HOU TE",,$0.98,4,2026 5.11,ACTIVE_ROSTER
Washington Commanders,"Tonges, Jake SFO TE",,$1.10,1,2026 R/F,ACTIVE_ROSTER
Washington Commanders,"Smack, Trey GBP PK",,$1.01,4,2026 4.24,ACTIVE_ROSTER
Washington Commanders,"Crawshaw, Jeremy DEN PN",,$0.99,2,2025 UDFA,ACTIVE_ROSTER
Washington Commanders,"Davis, Tyler LAR DT",,$1.10,1,2026 ERFA,ACTIVE_ROSTER
Washington Commanders,"Eboigbe, Justin LAC DT",,$3.04,2,2026 UFA,ACTIVE_ROSTER
Washington Commanders,"Graham, Mason CLE DT",,$2.56,3,2025 1.16,ACTIVE_ROSTER
Washington Commanders,"McDonald, Kayden HOU DT",,$1.28,4,2026 3.11,ACTIVE_ROSTER
Washington Commanders,"Onyemata, David NYJ DT",,$2.00,1,2026 UFA,ACTIVE_ROSTER
Washington Commanders,"Vea, Vita TBB DT",,$3.27,1,2024 UFA,ACTIVE_ROSTER
Washington Commanders,"Anderson, Will HOU DE",,$3.53,1,2023 1.11+,ACTIVE_ROSTER
Washington Commanders,"Bailey, David NYJ DE",,$3.52,4,2026 1.11,ACTIVE_ROSTER
Washington Commanders,"Booker, Austin CHI DE",Questionable,$1.10,2,2024 4.19,ACTIVE_ROSTER
Washington Commanders,"Gary, Rashan DAL DE",,$3.30,1,2024 iEXT,ACTIVE_ROSTER
Washington Commanders,"Latu, Laiatu IND DE",,$2.37,2,2024 2.01,ACTIVE_ROSTER
Washington Commanders,"Al-Shaair, Azeez HOU LB",,$2.61,3,2026 UFA,ACTIVE_ROSTER
Washington Commanders,"Daniels, Kendal ATL LB",,$0.94,3,2026 UDFA,ACTIVE_ROSTER
Washington Commanders,"Davis-Gaither, Akeem IND LB",,$1.10,1,2026 ERFA,ACTIVE_ROSTER
Washington Commanders,"Harris, Christian ATL LB",,$1.10,1,2026 R/F,ACTIVE_ROSTER
Washington Commanders,"Hill Jr., Anthony TEN LB",,$1.63,4,2026 2.14,ACTIVE_ROSTER
Washington Commanders,"Williams, Dorian BUF LB",,$1.10,1,2026 R/F,ACTIVE_ROSTER
Washington Commanders,"Winters, Dee DAL LB",,$1.10,1,2026 ERFA,ACTIVE_ROSTER
Washington Commanders,"Ramsey, Jalen PIT CB",Questionable,$2.60,1,2026 UFA,ACTIVE_ROSTER
Washington Commanders,"Robertson, Amik WAS CB",,$2.20,1,2026 UFA,ACTIVE_ROSTER
Washington Commanders,"Haulcy, A.J. IND S",Questionable,$1.26,4,2026 3.12,ACTIVE_ROSTER
Washington Commanders,"Johnson, Antonio JAC S",,$2.45,2,2025 iEXT,ACTIVE_ROSTER
Washington Commanders,"Pitre, Jalen HOU S",,$2.70,3,2026 UFA,ACTIVE_ROSTER
Washington Commanders,"Sanker, Jonas NOS S",,$0.99,2,2025 UDFA,ACTIVE_ROSTER
Chicago Bears,"Mahomes, Patrick KCC QB",Questionable,$41.48,3,2023 oEXT,ACTIVE_ROSTER
Chicago Bears,"Shough, Tyler NOS QB",,$1.35,3,2025 3.09,ACTIVE_ROSTER
Chicago Bears,"Dowdle, Rico PIT RB",,$4.70,1,2026 UFA,ACTIVE_ROSTER
Chicago Bears,"Henry, Derrick BAL RB",,$22.80,2,2026 UFA,ACTIVE_ROSTER
Chicago Bears,"James, Jordan SFO RB",,$1.14,3,2025 4.05,ACTIVE_ROSTER
Chicago Bears,"Lloyd, MarShawn GBP RB",,$1.42,2,2024 3.06,ACTIVE_ROSTER
Chicago Bears,"McGowan, Seth IND RB",,$0.94,3,2026 UDFA,ACTIVE_ROSTER
Chicago Bears,"Skattebo, Cam NYG RB",,$1.86,3,2025 2.09,ACTIVE_ROSTER
Chicago Bears,"Allen, Keenan IND WR",,$2.00,1,2026 UFA,ACTIVE_ROSTER
Chicago Bears,"Bernard, Germie PIT WR",,$1.92,4,2026 2.08,ACTIVE_ROSTER
Chicago Bears,"Concepcion, KC CLE WR",,$5.56,4,2026 1.06,ACTIVE_ROSTER
Chicago Bears,"Hunter, Travis JAC WR",,$7.73,3,2025 1.03,ACTIVE_ROSTER
Chicago Bears,"Lance, Bryce NOS WR",,$1.02,4,2026 4.20,ACTIVE_ROSTER
Chicago Bears,"McLaurin, Terry WAS WR",,$22.80,2,2026 B/R,ACTIVE_ROSTER
Chicago Bears,"Olave, Chris NOS WR",,$7.33,5,2025 iEXT,ACTIVE_ROSTER
Chicago Bears,"Rice, Rashee KCC WR",,$3.70,1,2023 2.04^,ACTIVE_ROSTER
Chicago Bears,"Royals, Jalen KCC WR",,$1.24,3,2025 3.16,ACTIVE_ROSTER
Chicago Bears,"Sarratt, Elijah BAL WR",,$1.36,4,2026 3.07,ACTIVE_ROSTER
Chicago Bears,"Loveland, Colston CHI TE",,$4.32,3,2025 1.08,ACTIVE_ROSTER
Chicago Bears,"Waller, Darren CAR TE",,$1.10,1,2026 UFA,ACTIVE_ROSTER
Chicago Bears,"Aubrey, Brandon DAL PK",,$3.15,5,2025 iEXT,ACTIVE_ROSTER
Chicago Bears,"Cole, A.J. LVR PN",,$2.05,1,2025 UFA,ACTIVE_ROSTER
Chicago Bears,"Hill, B.J. CIN DT",,$2.00,1,2026 UFA,ACTIVE_ROSTER
Chicago Bears,"Hunter, Lee CAR DT",,$1.02,4,2026 4.21,ACTIVE_ROSTER
Chicago Bears,"Redmond, Jalen MIN DT",,$1.10,1,2026 ERFA,ACTIVE_ROSTER
Chicago Bears,"Simmons, Jeffery TEN DT",,$20.43,2,2025 iEXT,ACTIVE_ROSTER
Chicago Bears,"Togiai, Tommy HOU DT",,$7.20,3,2026 UFA,ACTIVE_ROSTER
Chicago Bears,"Highsmith, Alex PIT DE",,$7.01,2,2022 oEXT,ACTIVE_ROSTER
Chicago Bears,"Karlaftis, George KCC DE",,$3.91,4,2025 iEXT,ACTIVE_ROSTER
Chicago Bears,"Mafe, Boye CIN DE",,$1.10,1,2026 R/F,ACTIVE_ROSTER
Chicago Bears,"Young, Byron LAR DE",,$5.81,1,2023 3.19^,ACTIVE_ROSTER
Chicago Bears,"Boettcher, Bryce IND LB",,$0.94,3,2026 UDFA,ACTIVE_ROSTER
Chicago Bears,"Cashman, Blake MIN LB",,$7.50,1,2026 UFA,ACTIVE_ROSTER
Chicago Bears,"Dean, Nakobe LVR LB",,$4.75,2,2026 UFA,ACTIVE_ROSTER
Chicago Bears,"Edmunds, Tremaine NYG LB",,$3.40,1,2023 UFA,ACTIVE_ROSTER
Chicago Bears,"Wilson, Payton PIT LB",,$1.24,2,2024 3.18,ACTIVE_ROSTER
Chicago Bears,"Adebo, Paulson NYG CB",Questionable,$2.00,1,2026 UFA,ACTIVE_ROSTER
Chicago Bears,"Bland, DaRon DAL CB",,$6.87,2,2026 oEXT,ACTIVE_ROSTER
Chicago Bears,"Humphrey, Marlon BAL CB",,$4.28,2,2026 UFA,ACTIVE_ROSTER
Chicago Bears,"Johnson, Chris MIA CB",,$1.12,4,2026 4.04,ACTIVE_ROSTER
Chicago Bears,"Reed, D.J. DET CB",Questionable,$2.00,1,2026 UFA,ACTIVE_ROSTER
Chicago Bears,"Byard, Kevin NEP S",,$4.18,1,2025 UFA,ACTIVE_ROSTER
Chicago Bears,"Bynum, Camryn IND S",,$6.27,1,2025 UFA,ACTIVE_ROSTER
Chicago Bears,"Jones, Brandon DEN S",,$2.00,1,2026 UFA,ACTIVE_ROSTER
Chicago Bears,"Mukuba, Andrew PHI S",,$1.11,3,2025 4.09,ACTIVE_ROSTER
Detroit Lions,"Benson, Trey ARI RB",IR,$2.46,2,2024 1.16,INJURED_RESERVE
Detroit Lions,"Aiyuk, Brandon SFO WR",Holdout,$7.20,3,2026 B/R,INJURED_RESERVE
Detroit Lions,"Howard, Will PIT QB",,$1.06,3,2025 5.04,ACTIVE_ROSTER
Detroit Lions,"Hurts, Jalen PHI QB",,$25.87,4,2024 iEXT,ACTIVE_ROSTER
Detroit Lions,"Rodgers, Aaron PIT QB",,$8.70,1,2026 UFA,ACTIVE_ROSTER
Detroit Lions,"Simpson, Ty LAR QB",,$2.91,4,2026 1.14,ACTIVE_ROSTER
Detroit Lions,"Coleman, Jonah DEN RB",,$1.81,4,2026 2.10,ACTIVE_ROSTER
Detroit Lions,"Cook, James BUF RB",,$13.73,1,2025 iEXT,ACTIVE_ROSTER
Detroit Lions,"Hubbard, Chuba CAR RB",Questionable,$6.20,1,2026 UFA,ACTIVE_ROSTER
Detroit Lions,"Jones, Aaron MIN RB",,$3.30,1,2026 UFA,ACTIVE_ROSTER
Detroit Lions,"Boutte, Kayshon HOU WR",,$5.78,3,2026 SRFA,ACTIVE_ROSTER
Detroit Lions,"Kupp, Cooper SEA WR",,$2.00,1,2026 UFA,ACTIVE_ROSTER
Detroit Lions,"McMillan, Tetairoa CAR WR",,$6.72,3,2025 1.04,ACTIVE_ROSTER
Detroit Lions,"Shakir, Khalil BUF WR",Questionable,$7.98,3,2025 iEXT,ACTIVE_ROSTER
Detroit Lions,"Smith, DeVonta PHI WR",,$20.53,3,2024 iEXT,ACTIVE_ROSTER
Detroit Lions,"TeSlaa, Isaac DET WR",,$1.33,3,2025 3.10,ACTIVE_ROSTER
Detroit Lions,"Thompson, Brenen LAC WR",Questionable,$1.07,4,2026 4.10,ACTIVE_ROSTER
Detroit Lions,"Williams, Kyle NEP WR",,$1.97,3,2025 2.07,ACTIVE_ROSTER
Detroit Lions,"Ferguson, Terrance LAR TE",Questionable,$1.76,3,2025 2.11,ACTIVE_ROSTER
Detroit Lions,"Hibner, Matthew BAL TE",,$0.98,4,2026 5.12,ACTIVE_ROSTER
Detroit Lions,"Johnson, Theo NYG TE",Questionable,$1.29,2,2024 3.14,ACTIVE_ROSTER
Detroit Lions,"Parkinson, Colby LAR TE",,$2.00,1,2026 UFA,ACTIVE_ROSTER
Detroit Lions,"Shrader, Spencer IND PK",,$1.10,1,2026 R/F,ACTIVE_ROSTER
Detroit Lions,"Fox, Jack DET PN",,$1.10,1,2026 UFA,ACTIVE_ROSTER
Detroit Lions,"Donald, Aaron LAR DT",,$3.00,1,2026 UFA,ACTIVE_ROSTER
Detroit Lions,"Gill-Howard, Skyler DET DT",,$1.10,1,2026 UFA,ACTIVE_ROSTER
Detroit Lions,"McNeill, Alim DET DT",,$2.06,2,2024 iEXT,ACTIVE_ROSTER
Detroit Lions,"Turner, Kobie LAR DT",Questionable,$11.00,3,2026 SRFA,ACTIVE_ROSTER
Detroit Lions,"Williams, Tyleik DET DT",,$1.09,3,2025 4.14,ACTIVE_ROSTER
Detroit Lions,"Woods, Peter KCC DT",,$1.30,4,2026 3.10,ACTIVE_ROSTER
Detroit Lions,"Bain Jr., Rueben TBB DE",Questionable,$3.80,4,2026 1.10,ACTIVE_ROSTER
Detroit Lions,"Crosby, Maxx LVR DE",,$26.66,3,2024 iEXT,ACTIVE_ROSTER
Detroit Lions,"Elliss, Jonah DEN DE",,$1.10,2,2024 4.23,ACTIVE_ROSTER
Detroit Lions,"Ossai, Joseph NYJ DE",Questionable,$3.67,2,2026 ORFA3,ACTIVE_ROSTER
Detroit Lions,"Anzalone, Alex TBB LB",,$2.00,1,2026 UFA,ACTIVE_ROSTER
Detroit Lions,"Baun, Zack PHI LB",,$6.00,1,2026 UFA,ACTIVE_ROSTER
Detroit Lions,"Edwards, T.J. CHI LB",,$2.70,1,2026 UFA,ACTIVE_ROSTER
Detroit Lions,"Overshown, DeMarvion DAL LB",,$5.17,1,2024 iEXT,ACTIVE_ROSTER
Detroit Lions,"Walker, Quay LVR LB",,$5.70,2,2025 iEXT,ACTIVE_ROSTER
Detroit Lions,"Horn, Jaycee CAR CB",,$2.00,1,2026 UFA,ACTIVE_ROSTER
Detroit Lions,"Surtain II, Patrick DEN CB",,$2.00,1,2026 UFA,ACTIVE_ROSTER
Detroit Lions,"Ward, Denzel CLE CB",,$1.10,1,2026 R/F,ACTIVE_ROSTER
Detroit Lions,"Brown, Ji'Ayir SFO S",,$1.17,1,2023 5.10,ACTIVE_ROSTER
Detroit Lions,"Chinn, Jeremy LVR S",,$2.10,1,2026 UFA,ACTIVE_ROSTER
Detroit Lions,"Clark, Chuck DET S",,$2.00,1,2026 UFA,ACTIVE_ROSTER
Detroit Lions,"Gardner-Johnson, Chauncey BUF S",,$2.00,1,2026 UFA,ACTIVE_ROSTER
Detroit Lions,"Hufanga, Talanoa DEN S",,$5.92,1,2024 SRFA,ACTIVE_ROSTER
Green Bay Packers,"Tyson, Jordyn NOS WR",IR-R,$6.27,4,2026 1.05,INJURED_RESERVE
Green Bay Packers,"Newton, Jer'Zhan WAS DT",IR,$1.54,2,2024 3.01,INJURED_RESERVE
Green Bay Packers,"Martin, Nick SFO LB",IR,$1.16,3,2025 4.03,INJURED_RESERVE
Green Bay Packers,"Branch, Brian DET S",IR-PUP,$3.70,1,2023 4.02^,INJURED_RESERVE
Green Bay Packers,"Brissett, Jacoby ARI QB",,$12.66,1,2026 oEXT,ACTIVE_ROSTER
Green Bay Packers,"Murray, Kyler MIN QB",,$24.40,2,2025 oEXT,ACTIVE_ROSTER
Green Bay Packers,"Johnson, Emmett KCC RB",,$1.14,4,2026 4.02,ACTIVE_ROSTER
Green Bay Packers,"Robinson, Bijan ATL RB",,$9.22,1,2023 1.02,ACTIVE_ROSTER
Green Bay Packers,"Walker III, Kenneth KCC RB",,$10.80,3,2026 oEXT,ACTIVE_ROSTER
Green Bay Packers,"Wilson, Emanuel SEA RB",,$3.50,1,2026 mEXT,ACTIVE_ROSTER
Green Bay Packers,"Boston, Denzel CLE WR",,$2.12,4,2026 2.05,ACTIVE_ROSTER
Green Bay Packers,"Harrison Jr., Marvin ARI WR",,$9.67,2,2024 1.01,ACTIVE_ROSTER
Green Bay Packers,"Horton, Tory SEA WR",Questionable,$1.11,3,2025 4.10,ACTIVE_ROSTER
Green Bay Packers,"Lane, Ja'Kobi BAL WR",,$1.11,4,2026 4.05,ACTIVE_ROSTER
Green Bay Packers,"Moore, D.J. BUF WR",,$22.26,1,2025 UFA,ACTIVE_ROSTER
Green Bay Packers,"Shaheed, Rashid SEA WR",,$5.96,2,2025 oEXT,ACTIVE_ROSTER
Green Bay Packers,"Waddle, Jaylen DEN WR",,$16.36,4,2025 oEXT,ACTIVE_ROSTER
Green Bay Packers,"Gadsden, Oronde LAC TE",,$1.04,3,2025 5.10,ACTIVE_ROSTER
Green Bay Packers,"Njoku, David LAC TE",,$2.00,1,2026 UFA,ACTIVE_ROSTER
Green Bay Packers,"Pitts, Kyle ATL TE",,$9.39,4,2024 iEXT,ACTIVE_ROSTER
Green Bay Packers,"Pineiro, Eddy SFO PK",,$1.10,1,2026 UFA,ACTIVE_ROSTER
Green Bay Packers,"Eckley, Ryan BAL PN",,$0.99,4,2026 5.05,ACTIVE_ROSTER
Green Bay Packers,"Hargrave, Javon GBP DT",,$2.10,1,2026 UFA,ACTIVE_ROSTER
Green Bay Packers,"Harmon, Derrick PIT DT",,$1.91,3,2025 2.08,ACTIVE_ROSTER
Green Bay Packers,"Jones, Chris KCC DT",,$5.64,1,2025 UFA,ACTIVE_ROSTER
Green Bay Packers,"Williams, Milton NEP DT",,$5.00,1,2024 UFA,ACTIVE_ROSTER
Green Bay Packers,"Ezeiruaku, Donovan DAL DE",,$1.39,3,2025 3.07,ACTIVE_ROSTER
Green Bay Packers,"Herbig, Nick PIT DE",,$9.00,1,2026 ORFA5,ACTIVE_ROSTER
Green Bay Packers,"Moore, Derrick DET DE",Questionable,$1.41,4,2026 3.05,ACTIVE_ROSTER
Green Bay Packers,"Phillips, Jaelan CAR DE",Questionable,$9.41,1,2025 UFA,ACTIVE_ROSTER
Green Bay Packers,"Ponder, Elijah NEP DE",,$1.10,1,2026 ERFA,ACTIVE_ROSTER
Green Bay Packers,"Van Ness, Lukas GBP DE",,$1.59,1,2023 3.02,ACTIVE_ROSTER
Green Bay Packers,"Bolton, Nick KCC LB",,$7.43,1,2025 UFA,ACTIVE_ROSTER
Green Bay Packers,"Buchanan, Teddye BAL LB",Questionable,$0.99,2,2025 UDFA,ACTIVE_ROSTER
Green Bay Packers,"Dodson, Tyrel CAR LB",,$5.00,1,2026 mEXT,ACTIVE_ROSTER
Green Bay Packers,"Strnad, Justin DEN LB",,$1.10,1,2026 R/F,ACTIVE_ROSTER
Green Bay Packers,"Tranquill, Drue KCC LB",Questionable,$2.10,1,2026 UFA,ACTIVE_ROSTER
Green Bay Packers,"White, Devin DET LB",,$1.10,1,2026 UFA,ACTIVE_ROSTER
Green Bay Packers,"Woodaz, Wade HOU LB",Questionable,$0.94,3,2026 UDFA,ACTIVE_ROSTER
Green Bay Packers,"Abney, Keith DET CB",,$0.94,3,2026 UDFA,ACTIVE_ROSTER
Green Bay Packers,"Smith-Wade, Chau CAR CB",,$1.10,1,2026 R/F,ACTIVE_ROSTER
Green Bay Packers,"Still, Tarheeb LAC CB",,$3.34,1,2025 UFA,ACTIVE_ROSTER
Green Bay Packers,"Taylor, Alontae TEN CB",,$2.70,3,2026 UFA,ACTIVE_ROSTER
Green Bay Packers,"Woolen, Tariq PHI CB",,$1.10,1,2026 R/F,ACTIVE_ROSTER
Green Bay Packers,"Brisker, Jaquan PIT S",Questionable,$2.09,2,2026 UFA,ACTIVE_ROSTER
Green Bay Packers,"Bullard, Javon GBP S",,$1.30,2,2024 3.13,ACTIVE_ROSTER
Green Bay Packers,"Lake, Quentin LAR S",,$3.90,2,2026 UFA,ACTIVE_ROSTER
Green Bay Packers,"Ransom, Lathan CAR S",,$0.99,2,2025 UDFA,ACTIVE_ROSTER
Green Bay Packers,"Williams, Evan GBP S",,$5.05,2,2025 UFA,ACTIVE_ROSTER
Minnesota Vikings,"Dell, Tank HOU WR",IR-R,$1.35,1,2023 3.15,INJURED_RESERVE
Minnesota Vikings,"Turner, Shemar CHI DT",IR-PUP,$1.07,3,2025 5.01,INJURED_RESERVE
Minnesota Vikings,"Parsons, Micah GBP DE",IR-PUP,$9.92,3,2024 iEXT,INJURED_RESERVE
Minnesota Vikings,"Elliott, DeShon PIT S",IR-R,$7.70,2,2025 RRFA,INJURED_RESERVE
Minnesota Vikings,"Darnold, Sam SEA QB",,$24.98,2,2025 iEXT,ACTIVE_ROSTER
Minnesota Vikings,"Jones, Daniel IND QB",,$11.88,2,2026 mEXT,ACTIVE_ROSTER
Minnesota Vikings,"Willis, Malik MIA QB",,$8.00,3,2026 ORFA2,ACTIVE_ROSTER
Minnesota Vikings,"Gainwell, Kenneth TBB RB",,$4.28,2,2026 mEXT,ACTIVE_ROSTER
Minnesota Vikings,"Price, Jadarian SEA RB",,$4.99,4,2026 1.07,ACTIVE_ROSTER
Minnesota Vikings,"Williams, Javonte DAL RB",,$12.42,3,2026 oEXT,ACTIVE_ROSTER
Minnesota Vikings,"Adams, Davante LAR WR",,$26.10,1,2026 UFA,ACTIVE_ROSTER
Minnesota Vikings,"Branch, Zachariah ATL WR",,$1.34,4,2026 3.08,ACTIVE_ROSTER
Minnesota Vikings,"Downs, Josh IND WR",Questionable,$1.98,1,2023 2.08,ACTIVE_ROSTER
Minnesota Vikings,"Nailor, Jalen LVR WR",,$1.10,1,2026 ERFA,ACTIVE_ROSTER
Minnesota Vikings,"Turpin, KaVontae DAL WR",,$1.10,1,2026 R/F,ACTIVE_ROSTER
Minnesota Vikings,"Williams, Antonio WAS WR",,$2.39,4,2026 2.02,ACTIVE_ROSTER
Minnesota Vikings,"Henry, Hunter NEP TE",,$3.00,1,2026 UFA,ACTIVE_ROSTER
Minnesota Vikings,"LaPorta, Sam DET TE",Questionable,$3.10,1,2023 1.13+,ACTIVE_ROSTER
Minnesota Vikings,"Raridon, Eli NEP TE",,$1.03,4,2026 4.17,ACTIVE_ROSTER
Minnesota Vikings,"Wright, Brock DET TE",,$1.10,1,2026 R/F,ACTIVE_ROSTER
Minnesota Vikings,"Myers, Jason SEA PK",,$2.00,1,2026 UFA,ACTIVE_ROSTER
Minnesota Vikings,"Whelan, Daniel GBP PN",,$1.10,1,2026 ERFA,ACTIVE_ROSTER
Minnesota Vikings,"Davis, Jordan PHI DT",,$15.36,3,2025 iEXT,ACTIVE_ROSTER
Minnesota Vikings,"Drake-Rodriguez, Levi MIN DT",,$1.10,1,2026 ERFA,ACTIVE_ROSTER
Minnesota Vikings,"Murphy, Byron SEA DT",,$1.98,2,2024 2.06,ACTIVE_ROSTER
Minnesota Vikings,"Ojomo, Moro PHI DT",,$1.10,1,2025 R/F,ACTIVE_ROSTER
Minnesota Vikings,"Bonitto, Nik DEN DE",,$5.93,2,2024 iEXT,ACTIVE_ROSTER
Minnesota Vikings,"Jordan, Cameron NOS DE",Questionable,$1.10,1,2025 R/F,ACTIVE_ROSTER
Minnesota Vikings,"Miller, Von DAL DE",,$1.10,1,2026 R/F,ACTIVE_ROSTER
Minnesota Vikings,"Rousseau, Gregory BUF DE",,$12.67,1,2024 iEXT,ACTIVE_ROSTER
Minnesota Vikings,"Uche, Josh MIA DE",,$1.10,1,2026 UFA,ACTIVE_ROSTER
Minnesota Vikings,"Landman, Nate LAR LB",,$1.10,1,2025 R/F,ACTIVE_ROSTER
Minnesota Vikings,"Oluokun, Foyesade JAC LB",,$12.58,2,2026 oEXT,ACTIVE_ROSTER
Minnesota Vikings,"Wilson, Eric MIN LB",,$5.77,1,2026 SRFA,ACTIVE_ROSTER
Minnesota Vikings,"DeJean, Cooper PHI CB",Questionable,$1.24,2,2024 3.17,ACTIVE_ROSTER
Minnesota Vikings,"Demmings, Charles MIN CB",,$0.94,3,2026 UDFA,ACTIVE_ROSTER
Minnesota Vikings,"Hill, Daxton CIN CB",Questionable,$2.00,1,2026 UFA,ACTIVE_ROSTER
Minnesota Vikings,"Jackson, Michael CAR CB",,$5.10,1,2026 UFA,ACTIVE_ROSTER
Minnesota Vikings,"Stingley Jr., Derek HOU CB",,$2.25,3,2026 UFA,ACTIVE_ROSTER
Minnesota Vikings,"Hooker, Amani TEN S",,$2.00,1,2026 UFA,ACTIVE_ROSTER
Minnesota Vikings,"Jenkins, Rayshawn PIT S",,$1.10,1,2026 UFA,ACTIVE_ROSTER
Minnesota Vikings,"Maddox, Avonte DET S",,$1.10,1,2026 UFA,ACTIVE_ROSTER
Minnesota Vikings,"Murray, Eric JAC S",,$1.10,1,2025 R/F,ACTIVE_ROSTER
Minnesota Vikings,"Nubin, Tyler NYG S",,$1.38,2,2024 3.08,ACTIVE_ROSTER
Minnesota Vikings,"Thomas, Jakobe MIN S",Questionable,$0.94,3,2026 UDFA,ACTIVE_ROSTER
Minnesota Vikings,"Winfield, Antoine TBB S",,$15.43,2,2024 UFA,ACTIVE_ROSTER
Atlanta Falcons,"Walker, Jalon ATL DE",IR,$1.72,3,2025 2.12,INJURED_RESERVE
Atlanta Falcons,"Bagent, Tyson CHI QB",,$1.10,1,2026 R/F,ACTIVE_ROSTER
Atlanta Falcons,"Fields, Justin KCC QB",,$10.71,4,2024 iEXT,ACTIVE_ROSTER
Atlanta Falcons,"McCarthy, J.J. MIN QB",,$4.87,2,2024 1.06,ACTIVE_ROSTER
Atlanta Falcons,"Nix, Bo DEN QB",,$1.69,2,2024 2.12,ACTIVE_ROSTER
Atlanta Falcons,"Smith, Geno NYJ QB",,$8.36,1,2025 B/R,ACTIVE_ROSTER
Atlanta Falcons,"Allen, Braelon NYJ RB",,$1.25,2,2024 3.16,ACTIVE_ROSTER
Atlanta Falcons,"Gordon, Ollie MIA RB",Questionable,$1.04,3,2025 5.09,ACTIVE_ROSTER
Atlanta Falcons,"Stevenson, Rhamondre NEP RB",,$5.28,1,2026 oEXT,ACTIVE_ROSTER
Atlanta Falcons,"White, Rachaad WAS RB",Questionable,$3.75,1,2025 ORFA3,ACTIVE_ROSTER
Atlanta Falcons,"Allen, Cyrus KCC WR",,$1.00,4,2026 5.01,ACTIVE_ROSTER
Atlanta Falcons,"Brown, A.J. NEP WR",,$36.61,1,2024 oEXT,ACTIVE_ROSTER
Atlanta Falcons,"Bryant, Pat DEN WR",,$1.19,3,2025 3.21,ACTIVE_ROSTER
Atlanta Falcons,"Hill, Tyreek FA WR",Out,$6.65,2,2026 mEXT,ACTIVE_ROSTER
Atlanta Falcons,"Hurst, Ted TBB WR",,$1.39,4,2026 3.06,ACTIVE_ROSTER
Atlanta Falcons,"Noel, Jaylin HOU WR",Questionable,$1.46,3,2025 3.04,ACTIVE_ROSTER
Atlanta Falcons,"Washington, Parker JAC WR",,$12.00,4,2026 SRFA,ACTIVE_ROSTER
Atlanta Falcons,"Wilson, Michael ARI WR",,$25.00,3,2026 SRFA,ACTIVE_ROSTER
Atlanta Falcons,"Arroyo, Elijah SEA TE",,$1.38,3,2025 3.08,ACTIVE_ROSTER
Atlanta Falcons,"Delp, Oscar NOS TE",Questionable,$1.15,4,2026 4.01,ACTIVE_ROSTER
Atlanta Falcons,"Washington, Darnell PIT TE",,$1.10,1,2026 R/F,ACTIVE_ROSTER
Atlanta Falcons,"McPherson, Evan CIN PK",,$1.10,1,2026 UFA,ACTIVE_ROSTER
Atlanta Falcons,"Santos, Cairo CHI PK",,$1.10,1,2026 R/F,ACTIVE_ROSTER
Atlanta Falcons,"Dickson, Michael SEA PN",,$1.10,1,2026 R/F,ACTIVE_ROSTER
Atlanta Falcons,"Kroeger, Kai HOU PN",,$1.10,1,2026 R/F,ACTIVE_ROSTER
Atlanta Falcons,"Armstead, Arik JAC DT",,$1.10,1,2026 UFA,ACTIVE_ROSTER
Atlanta Falcons,"Sweat, T'Vondre NYJ DT",,$1.23,2,2024 3.19,ACTIVE_ROSTER
Atlanta Falcons,"van den Berg, Jordan CHI DT",,$0.94,3,2026 UDFA,ACTIVE_ROSTER
Atlanta Falcons,"Clowney, Jadeveon HOU DE",Questionable,$1.10,1,2026 UFA,ACTIVE_ROSTER
Atlanta Falcons,"Dennis-Sutton, Dani GBP DE",Questionable,$1.07,4,2026 4.11,ACTIVE_ROSTER
Atlanta Falcons,"Gillotte, Ashton KCC DE",Questionable,$1.03,3,2025 5.21,ACTIVE_ROSTER
Atlanta Falcons,"Green, Mike BAL DE",,$1.57,3,2025 2.16,ACTIVE_ROSTER
Atlanta Falcons,"Deablo, Divine ATL LB",,$2.00,1,2026 UFA,ACTIVE_ROSTER
Atlanta Falcons,"Greenlaw, Dre SFO LB",,$6.06,1,2025 UFA,ACTIVE_ROSTER
Atlanta Falcons,"Okereke, Bobby CAR LB",,$6.48,1,2025 UFA,ACTIVE_ROSTER
Atlanta Falcons,"Moss, Riley DEN CB",Questionable,$2.00,1,2026 UFA,ACTIVE_ROSTER
Atlanta Falcons,"Phillips, Andru NYG CB",Questionable,$1.03,1,2024 UDFA,ACTIVE_ROSTER
Atlanta Falcons,"Porter Jr., Joey PIT CB",,$2.01,1,2026 oEXT,ACTIVE_ROSTER
Atlanta Falcons,"Walley, Justin IND CB",,$1.10,1,2026 UFA,ACTIVE_ROSTER
Atlanta Falcons,"Williams, Nohl KCC CB",,$1.10,1,2026 R/F,ACTIVE_ROSTER
Atlanta Falcons,"Witherspoon, Devon SEA CB",,$3.70,1,2023 4.08^,ACTIVE_ROSTER
Atlanta Falcons,"Blankenship, Reed HOU S",,$2.01,3,2026 mEXT,ACTIVE_ROSTER
Atlanta Falcons,"Okada, Ty SEA S",Questionable,$2.00,1,2026 UFA,ACTIVE_ROSTER
Atlanta Falcons,"Wingard, Andrew ARI S",,$1.10,1,2026 UFA,ACTIVE_ROSTER
Carolina Panthers,"Gordon, Kyler CHI CB",IR-PUP,$1.10,1,2026 R/F,INJURED_RESERVE
Carolina Panthers,"Allen, Josh BUF QB",,$27.24,1,2021 EXT,ACTIVE_ROSTER
Carolina Panthers,"Black, Kaelon SFO RB",,$1.04,4,2026 4.15,ACTIVE_ROSTER
Carolina Panthers,"Davis, Ray BUF RB",,$1.10,1,2026 UFA,ACTIVE_ROSTER
Carolina Panthers,"Judkins, Quinshon CLE RB",,$4.75,3,2025 1.07,ACTIVE_ROSTER
Carolina Panthers,"Mitchell, Keaton LAC RB",Questionable,$6.05,1,2024 RRFA,ACTIVE_ROSTER
Carolina Panthers,"Franklin, Troy DEN WR",,$1.52,2,2024 3.02,ACTIVE_ROSTER
Carolina Panthers,"Golden, Matthew GBP WR",,$2.99,3,2025 1.13,ACTIVE_ROSTER
Carolina Panthers,"Legette, Xavier CAR WR",Questionable,$2.28,2,2024 2.02,ACTIVE_ROSTER
Carolina Panthers,"Mitchell, Adonai NYJ WR",,$2.10,2,2024 2.04,ACTIVE_ROSTER
Carolina Panthers,"Pickens, George DAL WR",,$33.75,6,2026 mEXT,ACTIVE_ROSTER
Carolina Panthers,"Pierce, Alec IND WR",,$20.65,3,2026 oEXT,ACTIVE_ROSTER
Carolina Panthers,"Smith-Njigba, Jaxon SEA WR",,$5.45,1,2023 1.06,ACTIVE_ROSTER
Carolina Panthers,"Washington, Malik MIA WR",,$1.09,2,2024 5.04,ACTIVE_ROSTER
Carolina Panthers,"Worthy, Xavier KCC WR",,$5.43,2,2024 1.05,ACTIVE_ROSTER
Carolina Panthers,"Fannin, Harold CLE TE",,$1.51,3,2025 3.02,ACTIVE_ROSTER
Carolina Panthers,"Klare, Max LAR TE",,$1.09,4,2026 4.08,ACTIVE_ROSTER
Carolina Panthers,"Likely, Isaiah NYG TE",,$4.26,4,2024 iEXT,ACTIVE_ROSTER
Carolina Panthers,"Folk, Nick ATL PK",,$1.10,1,2025 R/F,ACTIVE_ROSTER
Carolina Panthers,"Townsend, Tommy TEN PN",,$2.07,3,2026 oEXT,ACTIVE_ROSTER
Carolina Panthers,"Clark, Kenny DAL DT",,$5.23,1,2024 UFA,ACTIVE_ROSTER
Carolina Panthers,"Collins, Maliek CLE DT",,$2.30,1,2026 oEXT,ACTIVE_ROSTER
Carolina Panthers,"Hall Jr., Michael CLE DT",,$1.10,1,2026 UFA,ACTIVE_ROSTER
Carolina Panthers,"Jarrett, Grady CHI DT",,$2.10,1,2026 UFA,ACTIVE_ROSTER
Carolina Panthers,"Mills, Rylie SEA DT",,$1.10,1,2026 R/F,ACTIVE_ROSTER
Carolina Panthers,"Oliver, Ed BUF DT",,$7.13,2,2025 UFA,ACTIVE_ROSTER
Carolina Panthers,"Reed, Jarran SEA DT",,$1.10,1,2025 R/F,ACTIVE_ROSTER
Carolina Panthers,"Walker, Deone BUF DT",,$2.73,6,2026 oEXT,ACTIVE_ROSTER
Carolina Panthers,"Collins, Zaven ARI DE",,$2.90,1,2025 oEXT,ACTIVE_ROSTER
Carolina Panthers,"Garrett, Myles LAR DE",Questionable,$19.60,1,2024 UFA,ACTIVE_ROSTER
Carolina Panthers,"Hunter, Danielle HOU DE",,$10.45,1,2025 UFA,ACTIVE_ROSTER
Carolina Panthers,"Walker, Travon JAC DE",,$10.19,3,2026 oEXT,ACTIVE_ROSTER
Carolina Panthers,"Bernard, Terrel BUF LB",,$3.70,1,2026 UFA,ACTIVE_ROSTER
Carolina Panthers,"Elarms-Orr, Kaleb BUF LB",,$0.94,3,2026 UDFA,ACTIVE_ROSTER
Carolina Panthers,"Reese, Arvell NYG LB",,$2.76,4,2026 1.15,ACTIVE_ROSTER
Carolina Panthers,"Speights, Omar LAR LB",,$2.06,2,2025 oEXT,ACTIVE_ROSTER
Carolina Panthers,"Williams, Quincy CLE LB",,$5.75,1,2025 UFA,ACTIVE_ROSTER
Carolina Panthers,"Burke, Denzel ARI CB",,$1.10,1,2026 UFA,ACTIVE_ROSTER
Carolina Panthers,"Davis, Carlton NEP CB",,$2.00,1,2026 UFA,ACTIVE_ROSTER
Carolina Panthers,"Jobe, Josh SEA CB",,$1.10,1,2026 R/F,ACTIVE_ROSTER
Carolina Panthers,"Johnson, Taron LVR CB",,$1.10,1,2026 R/F,ACTIVE_ROSTER
Carolina Panthers,"Murphy, Byron MIN CB",,$3.10,1,2026 UFA,ACTIVE_ROSTER
Carolina Panthers,"Delpit, Grant CLE S",,$2.98,1,2024 iEXT,ACTIVE_ROSTER
Carolina Panthers,"Mustapha, Malik SFO S",Questionable,$1.03,1,2024 UDFA,ACTIVE_ROSTER
Carolina Panthers,"Taaffe, Michael MIA S",,$0.94,3,2026 UDFA,ACTIVE_ROSTER
Carolina Panthers,"Woodson, Craig NEP S",,$0.99,2,2025 UDFA,ACTIVE_ROSTER
Carolina Panthers,"Jacobs, Josh GBP RB",Suspended,$21.20,1,2026 mEXT,TAXI_SQUAD
New Orleans Saints,"Charbonnet, Zach SEA RB",IR-PUP,$2.54,1,2023 2.01,INJURED_RESERVE
New Orleans Saints,"Conner, James ARI RB",IR-R,$1.10,1,2026 UFA,INJURED_RESERVE
New Orleans Saints,"Bryant, Coby CHI S",IR,$4.02,3,2026 oEXT,INJURED_RESERVE
New Orleans Saints,"Dart, Jaxson NYG QB",,$2.35,3,2025 2.02,ACTIVE_ROSTER
New Orleans Saints,"Maye, Drake NEP QB",,$4.04,2,2024 1.08,ACTIVE_ROSTER
New Orleans Saints,"Penix Jr., Michael ATL QB",Out,$2.86,2,2024 1.13,ACTIVE_ROSTER
New Orleans Saints,"Tagovailoa, Tua ATL QB",,$2.20,1,2026 B/R,ACTIVE_ROSTER
New Orleans Saints,"Etienne, Travis NOS RB",,$7.32,1,2025 UFA,ACTIVE_ROSTER
New Orleans Saints,"Hampton, Omarion LAC RB",,$9.05,3,2025 1.02,ACTIVE_ROSTER
New Orleans Saints,"Johnson, Kaleb GBP RB",,$3.41,3,2025 1.11,ACTIVE_ROSTER
New Orleans Saints,"Marks, Woody HOU RB",,$1.20,2,2025 3.20,ACTIVE_ROSTER
New Orleans Saints,"Rodriguez, Chris JAC RB",,$1.10,1,2026 ERFA,ACTIVE_ROSTER
New Orleans Saints,"Sampson, Dylan CLE RB",,$1.22,3,2025 3.18,ACTIVE_ROSTER
New Orleans Saints,"Doubs, Romeo NEP WR",,$5.30,4,2024 iEXT,ACTIVE_ROSTER
New Orleans Saints,"Douglas, Caleb MIA WR",,$1.22,4,2026 3.15,ACTIVE_ROSTER
New Orleans Saints,"Higgins, Tee CIN WR",Questionable,$19.09,2,2023 iEXT,ACTIVE_ROSTER
New Orleans Saints,"London, Drake ATL WR",,$19.15,4,2025 iEXT,ACTIVE_ROSTER
New Orleans Saints,"Odunze, Rome CHI WR",Questionable,$6.14,2,2024 1.04,ACTIVE_ROSTER
New Orleans Saints,"Pittman, Michael PIT WR",Questionable,$8.38,2,2023 iEXT,ACTIVE_ROSTER
New Orleans Saints,"Stribling, De'Zhaun SFO WR",Questionable,$2.20,4,2026 2.04,ACTIVE_ROSTER
New Orleans Saints,"All, Erick CIN TE",,$1.08,2,2024 5.20,ACTIVE_ROSTER
New Orleans Saints,"Barner, AJ SEA TE",,$6.51,3,2026 oEXT,ACTIVE_ROSTER
New Orleans Saints,"Hockenson, T.J. MIN TE",,$11.00,1,2026 mEXT,ACTIVE_ROSTER
New Orleans Saints,"Schultz, Dalton HOU TE",,$8.18,1,2024 iEXT,ACTIVE_ROSTER
New Orleans Saints,"Strange, Brenton JAC TE",,$4.60,3,2025 iEXT,ACTIVE_ROSTER
New Orleans Saints,"Mevis, Harrison LAR PK",,$1.10,1,2026 UFA,ACTIVE_ROSTER
New Orleans Saints,"Way, Tress WAS PN",,$1.10,1,2026 UFA,ACTIVE_ROSTER
New Orleans Saints,"Alexander, Darius NYG DT",,$1.10,1,2026 ERFA,ACTIVE_ROSTER
New Orleans Saints,"Franklin-Myers, John TEN DT",,$1.10,1,2026 R/F,ACTIVE_ROSTER
New Orleans Saints,"Kinlaw, Javon WAS DT",,$2.09,3,2026 oEXT,ACTIVE_ROSTER
New Orleans Saints,"Odighizuwa, Osa SFO DT",,$2.20,2,2024 oEXT,ACTIVE_ROSTER
New Orleans Saints,"Williams, Quinnen DAL DT",,$14.06,2,2023 UFA,ACTIVE_ROSTER
New Orleans Saints,"Hall, Derick SEA DE",,$3.11,4,2025 iEXT,ACTIVE_ROSTER
New Orleans Saints,"Hendrickson, Trey BAL DE",,$6.00,2,2024 oEXT,ACTIVE_ROSTER
New Orleans Saints,"Stewart, Shemar CIN DE",Questionable,$1.25,2,2025 3.15,ACTIVE_ROSTER
New Orleans Saints,"Sweat, Josh ARI DE",,$4.38,2,2025 iEXT,ACTIVE_ROSTER
New Orleans Saints,"Thibodeaux, Kayvon NYG DE",,$2.01,3,2026 UFA,ACTIVE_ROSTER
New Orleans Saints,"Tuipulotu, Tuli LAC DE",,$3.51,4,2025 iEXT,ACTIVE_ROSTER
New Orleans Saints,"Young, Chase NOS DE",,$5.40,3,2026 mEXT,ACTIVE_ROSTER
New Orleans Saints,"Carter, Barrett CIN LB",,$0.99,2,2025 UDFA,ACTIVE_ROSTER
New Orleans Saints,"Jones, Ernest SEA LB",,$3.75,2,2023 iEXT,ACTIVE_ROSTER
New Orleans Saints,"Campbell, Tyson CLE CB",,$3.40,4,2026 UFA,ACTIVE_ROSTER
New Orleans Saints,"Flott, Cordale TEN CB",,$1.10,1,2026 ERFA,ACTIVE_ROSTER
New Orleans Saints,"Porter, Darien LVR CB",,$1.10,1,2026 UFA,ACTIVE_ROSTER
New Orleans Saints,"Cook, Bryan CIN S",,$2.01,2,2026 UFA,ACTIVE_ROSTER
New Orleans Saints,"Curl, Kamren LAR S",,$2.88,2,2024 oEXT,ACTIVE_ROSTER
New Orleans Saints,"Hickman, Ronnie CLE S",,$1.10,1,2025 R/F,ACTIVE_ROSTER
New Orleans Saints,"Thompson, Jalen DAL S",,$2.47,2,2026 UFA,ACTIVE_ROSTER
New Orleans Saints,"Arnold, Terrion SEA CB",Suspended,$1.10,1,2026 UFA,TAXI_SQUAD
Tampa Bay Buccaneers,"Law, Kendrick DET WR",IR,$0.94,3,2026 UDFA,INJURED_RESERVE
Tampa Bay Buccaneers,"Huntley, Tyler BAL QB",,$1.10,1,2026 UFA,ACTIVE_ROSTER
Tampa Bay Buccaneers,"Jackson, Lamar BAL QB",,$37.58,5,2026 oEXT,ACTIVE_ROSTER
Tampa Bay Buccaneers,"Allen, Kaytron WAS RB",,$1.18,4,2026 3.18,ACTIVE_ROSTER
Tampa Bay Buccaneers,"Barkley, Saquon PHI RB",,$31.35,2,2026 UFA,ACTIVE_ROSTER
Tampa Bay Buccaneers,"Brooks, Tahj CIN RB",,$1.03,3,2025 5.13,ACTIVE_ROSTER
Tampa Bay Buccaneers,"Claiborne, Demond MIN RB",,$1.59,4,2026 2.15,ACTIVE_ROSTER
Tampa Bay Buccaneers,"Harvey, RJ DEN RB",,$2.70,3,2025 1.15,ACTIVE_ROSTER
Tampa Bay Buccaneers,"Kamara, Alvin NOS RB",Questionable,$16.72,1,2025 UFA,ACTIVE_ROSTER
Tampa Bay Buccaneers,"Mason, Jordan MIN RB",,$8.36,1,2025 UFA,ACTIVE_ROSTER
Tampa Bay Buccaneers,"Montgomery, David HOU RB",,$17.10,2,2026 UFA,ACTIVE_ROSTER
Tampa Bay Buccaneers,"Smith, Brashard KCC RB",,$1.03,3,2025 5.15,ACTIVE_ROSTER
Tampa Bay Buccaneers,"Tucker, Sean TBB RB",Questionable,$3.67,2,2026 ORFA5,ACTIVE_ROSTER
Tampa Bay Buccaneers,"Addison, Jordan MIN WR",,$4.48,1,2023 1.08,ACTIVE_ROSTER
Tampa Bay Buccaneers,"Atwell, Tutu LAR WR",,$1.10,1,2026 R/F,ACTIVE_ROSTER
Tampa Bay Buccaneers,"Benson, Malik LVR WR",,$0.94,3,2026 UDFA,ACTIVE_ROSTER
Tampa Bay Buccaneers,"Burks, Deion IND WR",,$0.99,4,2026 5.08,ACTIVE_ROSTER
Tampa Bay Buccaneers,"Coleman, Kevin MIA WR",,$0.94,3,2026 UDFA,ACTIVE_ROSTER
Tampa Bay Buccaneers,"Dotson, Jahan ATL WR",,$1.10,1,2026 R/F,ACTIVE_ROSTER
Tampa Bay Buccaneers,"Nabers, Malik NYG WR",Questionable,$7.02,2,2024 1.03,ACTIVE_ROSTER
Tampa Bay Buccaneers,"Nacua, Puka LAR WR",Questionable,$5.81,1,2023 3.10^,ACTIVE_ROSTER
Tampa Bay Buccaneers,"Thornton, Tyquan KCC WR",,$2.10,1,2026 UFA,ACTIVE_ROSTER
Tampa Bay Buccaneers,"Andrews, Mark BAL TE",,$3.04,2,2026 UFA,ACTIVE_ROSTER
Tampa Bay Buccaneers,"Helm, Gunnar TEN TE",,$0.99,2,2025 UDFA,ACTIVE_ROSTER
Tampa Bay Buccaneers,"Sadiq, Kenyon NYJ TE",Questionable,$4.13,4,2026 1.09,ACTIVE_ROSTER
Tampa Bay Buccaneers,"Bates, Jake DET PK",,$1.10,1,2026 ERFA,ACTIVE_ROSTER
Tampa Bay Buccaneers,"Rehkow, Ryan CIN PN",,$1.10,1,2026 ERFA,ACTIVE_ROSTER
Tampa Bay Buccaneers,"Jones, Travis BAL DT",,$3.71,4,2026 oEXT,ACTIVE_ROSTER
Tampa Bay Buccaneers,"Phillips, Harrison NYJ DT",,$1.20,1,2026 UFA,ACTIVE_ROSTER
Tampa Bay Buccaneers,"Hines-Allen, Josh JAC DE",,$16.45,1,2022 iEXT,ACTIVE_ROSTER
Tampa Bay Buccaneers,"Jones, Dre'Mont NEP DE",,$3.72,1,2023 oEXT,ACTIVE_ROSTER
Tampa Bay Buccaneers,"Nwosu, Uchenna SEA DE",,$4.14,1,2024 UFA,ACTIVE_ROSTER
Tampa Bay Buccaneers,"Verse, Jared CLE DE",,$2.19,2,2024 2.03,ACTIVE_ROSTER
Tampa Bay Buccaneers,"Dennis, SirVocea TBB LB",,$4.10,5,2026 oEXT,ACTIVE_ROSTER
Tampa Bay Buccaneers,"Gray, Cedric TEN LB",Questionable,$1.19,1,2024 4.03,ACTIVE_ROSTER
Tampa Bay Buccaneers,"Louis, Kyle MIA LB",,$1.04,4,2026 4.16,ACTIVE_ROSTER
Tampa Bay Buccaneers,"Rodriguez, Jacob MIA LB",Questionable,$2.05,4,2026 2.06,ACTIVE_ROSTER
Tampa Bay Buccaneers,"Thomas, Drake SEA LB",,$2.10,1,2026 UFA,ACTIVE_ROSTER
Tampa Bay Buccaneers,"Warner, Fred SFO LB",,$10.20,4,2026 mEXT,ACTIVE_ROSTER
Tampa Bay Buccaneers,"Douglas, Rasul WAS CB",,$1.10,1,2026 UFA,ACTIVE_ROSTER
Tampa Bay Buccaneers,"Johnson, Jaylon CHI CB",Questionable,$1.10,1,2026 R/F,ACTIVE_ROSTER
Tampa Bay Buccaneers,"Watson, Jaylen LAR CB",,$2.50,1,2026 UFA,ACTIVE_ROSTER
Tampa Bay Buccaneers,"Battle, Jordan CIN S",,$5.81,1,2023 3.14^,ACTIVE_ROSTER
Tampa Bay Buccaneers,"Bishop, Cole BUF S",,$1.32,2,2024 3.12,ACTIVE_ROSTER
Tampa Bay Buccaneers,"Kinchens, Kamren LAR S",,$1.11,2,2024 4.17,ACTIVE_ROSTER
Tampa Bay Buccaneers,"Smith, Tykee TBB S",,$1.12,2,2024 4.14,ACTIVE_ROSTER
Arizona Cardinals,"Bresee, Bryan NOS DT",IR,$3.70,1,2023 3.01^,INJURED_RESERVE
Arizona Cardinals,"Landry, Harold NEP DE",IR-PUP,$10.89,1,2024 B/R,INJURED_RESERVE
Arizona Cardinals,"Oliver, Collin GBP DE",IR-R,$0.99,2,2025 UDFA,INJURED_RESERVE
Arizona Cardinals,"Lawrence, Trevor JAC QB",,$18.84,3,2024 iEXT,ACTIVE_ROSTER
Arizona Cardinals,"Ward, Cam TEN QB",,$5.92,3,2025 1.05,ACTIVE_ROSTER
Arizona Cardinals,"Gibbs, Jahmyr DET RB",,$7.93,1,2023 1.03,ACTIVE_ROSTER
Arizona Cardinals,"McCaffrey, Christian SFO RB",Questionable,$30.00,1,2026 mEXT,ACTIVE_ROSTER
Arizona Cardinals,"Saylors, Jacob DET RB",,$1.10,1,2026 UFA,ACTIVE_ROSTER
Arizona Cardinals,"Bateman, Rashod BAL WR",,$5.00,3,2024 iEXT,ACTIVE_ROSTER
Arizona Cardinals,"Coleman, Keon BUF WR",Questionable,$3.22,2,2024 1.11,ACTIVE_ROSTER
Arizona Cardinals,"Flournoy, Ryan DAL WR",,$2.01,2,2026 UFA,ACTIVE_ROSTER
Arizona Cardinals,"Godwin, Chris TBB WR",,$15.00,1,2026 UFA,ACTIVE_ROSTER
Arizona Cardinals,"Mooney, Darnell NYG WR",,$9.08,1,2025 SRFA,ACTIVE_ROSTER
Arizona Cardinals,"Ridley, Calvin TEN WR",,$2.10,1,2026 UFA,ACTIVE_ROSTER
Arizona Cardinals,"Tate, Carnell TEN WR",Questionable,$8.26,4,2026 1.03,ACTIVE_ROSTER
Arizona Cardinals,"Thomas Jr., Brian JAC WR",,$3.45,2,2024 1.10,ACTIVE_ROSTER
Arizona Cardinals,"Johnson, Juwan NOS TE",,$8.11,3,2025 iEXT,ACTIVE_ROSTER
Arizona Cardinals,"Sinnott, Ben WAS TE",Questionable,$1.78,2,2024 2.10,ACTIVE_ROSTER
Arizona Cardinals,"Elliott, Jake PHI PK",,$1.10,1,2026 UFA,ACTIVE_ROSTER
Arizona Cardinals,"Bojorquez, Corey CLE PN",,$1.10,1,2026 UFA,ACTIVE_ROSTER
Arizona Cardinals,"Buckner, DeForest IND DT",,$21.96,1,2026 oEXT,ACTIVE_ROSTER
Arizona Cardinals,"Kancey, Calijah TBB DT",,$1.93,1,2023 2.09,ACTIVE_ROSTER
Arizona Cardinals,"Laulu, Jonah LVR DT",,$7.76,4,2026 oEXT,ACTIVE_ROSTER
Arizona Cardinals,"Tart, Teair LAC DT",,$1.10,1,2026 UFA,ACTIVE_ROSTER
Arizona Cardinals,"Diaby, YaYa TBB DE",,$7.00,2,2026 RRFA,ACTIVE_ROSTER
Arizona Cardinals,"Enagbare, Kingsley NYJ DE",,$1.10,1,2026 R/F,ACTIVE_ROSTER
Arizona Cardinals,"Epenesa, A.J. PHI DE",,$3.77,2,2024 ORFA4,ACTIVE_ROSTER
Arizona Cardinals,"Greenard, Jonathan PHI DE",Questionable,$9.90,3,2026 mEXT,ACTIVE_ROSTER
Arizona Cardinals,"Mack, Khalil LAC DE",,$4.08,1,2025 UFA,ACTIVE_ROSTER
Arizona Cardinals,"Thomas, R Mason KCC DE",Questionable,$1.13,4,2026 4.03,ACTIVE_ROSTER
Arizona Cardinals,"Allen, CJ IND LB",,$2.29,4,2026 2.03,ACTIVE_ROSTER
Arizona Cardinals,"Campbell, Jack DET LB",,$2.93,1,2023 1.14,ACTIVE_ROSTER
Arizona Cardinals,"Campbell, Jihaad PHI LB",,$2.10,3,2025 2.05,ACTIVE_ROSTER
Arizona Cardinals,"Perkins, Harold ATL LB",,$0.94,3,2026 UDFA,ACTIVE_ROSTER
Arizona Cardinals,"Simpson, Trenton BAL LB",,$1.41,1,2023 3.12,ACTIVE_ROSTER
Arizona Cardinals,"Bowman, Billy ATL CB",Questionable,$1.02,3,2025 5.23,ACTIVE_ROSTER
Arizona Cardinals,"Jones, Marcus NEP CB",,$3.99,2,2026 UFA,ACTIVE_ROSTER
Arizona Cardinals,"Lassiter, Kamari HOU CB",,$1.09,2,2024 5.07,ACTIVE_ROSTER
Arizona Cardinals,"Lewis, Jourdan JAC CB",,$2.01,3,2026 oEXT,ACTIVE_ROSTER
Arizona Cardinals,"Muhammad, Malik CHI CB",,$0.94,3,2026 UDFA,ACTIVE_ROSTER
Arizona Cardinals,"Sainristil, Mike WAS CB",,$1.17,2,2024 4.07,ACTIVE_ROSTER
Arizona Cardinals,"Turner, DJ CIN CB",,$3.48,2,2025 iEXT,ACTIVE_ROSTER
Arizona Cardinals,"Wiggins, Nate BAL CB",,$2.57,4,2026 oEXT,ACTIVE_ROSTER
Arizona Cardinals,"Conner, Chamarri KCC S",,$1.10,1,2026 ERFA,ACTIVE_ROSTER
Arizona Cardinals,"Hamilton, Kyle BAL S",,$8.45,3,2025 iEXT,ACTIVE_ROSTER
Arizona Cardinals,"Reid, Justin NOS S",,$3.61,3,2026 oEXT,ACTIVE_ROSTER
Arizona Cardinals,"Stukes, Treydan LVR S",,$1.17,4,2026 3.19,ACTIVE_ROSTER
Arizona Cardinals,"Thieneman, Dillon CHI S",,$3.08,4,2026 1.13,ACTIVE_ROSTER
Los Angeles Rams,"Pearsall, Ricky SFO WR",IR,$2.57,2,2024 1.15,INJURED_RESERVE
Los Angeles Rams,"Proctor, Kaleb ARI DT",IR,$0.94,3,2026 UDFA,INJURED_RESERVE
Los Angeles Rams,"Crawford, Keyron LVR DE",IR,$0.98,4,2026 5.19,INJURED_RESERVE
Los Angeles Rams,"Scourton, Nic CAR DE",IR,$1.09,3,2025 4.13,INJURED_RESERVE
Los Angeles Rams,"Amos, Trey WAS CB",IR-R,$0.99,2,2025 UDFA,INJURED_RESERVE
Los Angeles Rams,"Clark, Bud SEA S",IR,$1.10,4,2026 4.07,INJURED_RESERVE
Los Angeles Rams,"Allar, Drew PIT QB",,$1.01,4,2026 4.23,ACTIVE_ROSTER
Los Angeles Rams,"Jones, Mac SFO QB",,$2.00,1,2026 UFA,ACTIVE_ROSTER
Los Angeles Rams,"Purdy, Brock SFO QB",,$32.78,6,2026 oEXT,ACTIVE_ROSTER
Los Angeles Rams,"Young, Bryce CAR QB",,$6.09,1,2023 1.05,ACTIVE_ROSTER
Los Angeles Rams,"Achane, De'Von MIA RB",,$5.81,1,2023 2.02^,ACTIVE_ROSTER
Los Angeles Rams,"Allgeier, Tyler ARI RB",,$2.00,1,2026 UFA,ACTIVE_ROSTER
Los Angeles Rams,"Brooks, Chris GBP RB",,$1.10,1,2026 UFA,ACTIVE_ROSTER
Los Angeles Rams,"Ayomanor, Elic TEN WR",,$1.21,3,2025 3.19,ACTIVE_ROSTER
Los Angeles Rams,"Bourne, Kendrick ARI WR",,$2.00,1,2026 UFA,ACTIVE_ROSTER
Los Angeles Rams,"Evans, Mike SFO WR",Questionable,$37.24,3,2025 iEXT,ACTIVE_ROSTER
Los Angeles Rams,"Meyers, Jakobi JAC WR",Questionable,$8.12,2,2026 oEXT,ACTIVE_ROSTER
Los Angeles Rams,"Mumpfield, Konata LAR WR",,$0.99,2,2025 UDFA,ACTIVE_ROSTER
Los Angeles Rams,"Whittington, Jordan LAR WR",,$1.10,1,2026 R/F,ACTIVE_ROSTER
Los Angeles Rams,"Boerkircher, Nate JAC TE",,$0.94,3,2026 UDFA,ACTIVE_ROSTER
Los Angeles Rams,"Goedert, Dallas PHI TE",,$2.95,2,2026 UFA,ACTIVE_ROSTER
Los Angeles Rams,"Taylor, Mason NYJ TE",,$1.67,3,2025 2.13,ACTIVE_ROSTER
Los Angeles Rams,"Fairbairn, Ka'imi HOU PK",,$2.34,3,2026 UFA,ACTIVE_ROSTER
Los Angeles Rams,"Taylor, Tory CHI PN",,$1.13,2,2024 4.12,ACTIVE_ROSTER
Los Angeles Rams,"Allen, Jonathan CIN DT",,$5.70,2,2026 UFA,ACTIVE_ROSTER
Los Angeles Rams,"Benton, Keeanu PIT DT",,$3.70,1,2023 5.08^,ACTIVE_ROSTER
Los Angeles Rams,"Campbell, Calais BAL DT",,$2.09,2,2026 UFA,ACTIVE_ROSTER
Los Angeles Rams,"Fiske, Braden LAR DT",,$1.46,2,2024 3.04,ACTIVE_ROSTER
Los Angeles Rams,"Miller, Christen NOS DT",,$1.05,4,2026 4.14,ACTIVE_ROSTER
Los Angeles Rams,"Regis, Albert JAC DT",,$0.94,3,2026 UDFA,ACTIVE_ROSTER
Los Angeles Rams,"Stewart, Grover IND DT",,$5.88,1,2025 SRFA,ACTIVE_ROSTER
Los Angeles Rams,"West, CJ SFO DT",,$0.99,2,2025 UDFA,ACTIVE_ROSTER
Los Angeles Rams,"Carter, Abdul NYG DE",,$3.97,3,2025 1.09,ACTIVE_ROSTER
Los Angeles Rams,"Paye, Kwity LVR DE",,$4.08,2,2024 iEXT,ACTIVE_ROSTER
Los Angeles Rams,"Van Ginkel, Andrew MIN DE",,$16.10,1,2026 UFA,ACTIVE_ROSTER
Los Angeles Rams,"Watt, T.J. PIT DE",,$25.36,5,2025 iEXT,ACTIVE_ROSTER
Los Angeles Rams,"Cooper, Edgerrin GBP LB",,$1.58,2,2024 2.15,ACTIVE_ROSTER
Los Angeles Rams,"Davis, Demario NYJ LB",,$3.38,1,2024 UFA,ACTIVE_ROSTER
Los Angeles Rams,"Styles, Sonny WAS LB",,$3.28,4,2026 1.12,ACTIVE_ROSTER
Los Angeles Rams,"Wilson, Mack ARI LB",,$1.10,1,2025 R/F,ACTIVE_ROSTER
Los Angeles Rams,"Brown, Montaric JAC CB",,$1.10,1,2026 R/F,ACTIVE_ROSTER
Los Angeles Rams,"Cisse, Brandon GBP CB",,$0.98,4,2026 5.17,ACTIVE_ROSTER
Los Angeles Rams,"Delane, Mansoor KCC CB",,$1.19,4,2026 3.17,ACTIVE_ROSTER
Los Angeles Rams,"Gardner, Sauce IND CB",Questionable,$2.00,1,2026 UFA,ACTIVE_ROSTER
Los Angeles Rams,"Johnson, Will ARI CB",Questionable,$1.06,3,2025 5.05,ACTIVE_ROSTER
Los Angeles Rams,"Baker, Budda ARI S",,$3.27,1,2024 B/R,ACTIVE_ROSTER
Los Angeles Rams,"Bates, Jessie ATL S",,$3.80,2,2026 UFA,ACTIVE_ROSTER
Los Angeles Rams,"Blackmon, Julian NOS S",,$1.10,1,2026 UFA,ACTIVE_ROSTER
Los Angeles Rams,"Washington, Ar'Darius NYG S",,$1.10,1,2026 R/F,ACTIVE_ROSTER
Los Angeles Rams,"Wheatley, Zakee CAR S",,$0.94,3,2026 UDFA,ACTIVE_ROSTER
Los Angeles Rams,"Winston, Kevin TEN S",,$1.03,3,2025 5.16,ACTIVE_ROSTER
San Francisco 49ers,"Musgrave, Luke GBP TE",IR-PUP,$1.88,1,2023 2.10,INJURED_RESERVE
San Francisco 49ers,"Armstrong, Dorance WAS DE",Suspended,$3.45,1,2026 oEXT,INJURED_RESERVE
San Francisco 49ers,"Burrow, Joe CIN QB",,$26.97,2,2023 iEXT,ACTIVE_ROSTER
San Francisco 49ers,"Daniels, Jayden WAS QB",,$3.72,2,2024 1.09,ACTIVE_ROSTER
San Francisco 49ers,"Corum, Blake LAR RB",,$1.49,2,2024 3.03,ACTIVE_ROSTER
San Francisco 49ers,"Heidenreich, Eli PIT RB",,$0.99,4,2026 5.04,ACTIVE_ROSTER
San Francisco 49ers,"Henderson, TreVeyon NEP RB",Questionable,$5.28,3,2025 1.06,ACTIVE_ROSTER
San Francisco 49ers,"Monangai, Kyle CHI RB",Questionable,$0.99,2,2025 UDFA,ACTIVE_ROSTER
San Francisco 49ers,"Pollard, Tony TEN RB",,$8.15,1,2025 UFA,ACTIVE_ROSTER
San Francisco 49ers,"Diggs, Stefon WAS WR",,$12.00,1,2026 B/R,ACTIVE_ROSTER
San Francisco 49ers,"Hutchinson, Xavier HOU WR",,$1.10,1,2026 R/F,ACTIVE_ROSTER
San Francisco 49ers,"Iosivas, Andrei CIN WR",,$2.00,1,2026 UFA,ACTIVE_ROSTER
San Francisco 49ers,"Lemon, Makai PHI WR",,$7.14,4,2026 1.04,ACTIVE_ROSTER
San Francisco 49ers,"McMillan, Jalen TBB WR",Questionable,$1.36,2,2024 3.09,ACTIVE_ROSTER
San Francisco 49ers,"St. Brown, Amon-Ra DET WR",,$37.66,3,2024 iEXT,ACTIVE_ROSTER
San Francisco 49ers,"Tolbert, Jalen MIA WR",,$2.00,1,2026 UFA,ACTIVE_ROSTER
San Francisco 49ers,"Tucker, Tre LVR WR",,$5.77,3,2026 SRFA,ACTIVE_ROSTER
San Francisco 49ers,"Gesicki, Mike CIN TE",,$2.00,1,2026 UFA,ACTIVE_ROSTER
San Francisco 49ers,"Gray, Noah KCC TE",,$5.20,2,2026 oEXT,ACTIVE_ROSTER
San Francisco 49ers,"Kelce, Travis KCC TE",,$9.90,1,2026 mEXT,ACTIVE_ROSTER
San Francisco 49ers,"Stevens, Drew WAS PK",,$1.10,1,2026 UFA,ACTIVE_ROSTER
San Francisco 49ers,"Stout, Jordan NYG PN",,$2.00,1,2026 UFA,ACTIVE_ROSTER
San Francisco 49ers,"Carter, Jalen PHI DT",,$3.30,1,2023 1.12,ACTIVE_ROSTER
San Francisco 49ers,"Ford, Poona LAR DT",,$2.00,1,2026 UFA,ACTIVE_ROSTER
San Francisco 49ers,"Robinson, A'Shawn TBB DT",,$8.36,1,2025 UFA,ACTIVE_ROSTER
San Francisco 49ers,"Sanders, T.J. BUF DT",,$1.10,3,2025 4.12,ACTIVE_ROSTER
San Francisco 49ers,"Williams, Leonard SEA DT",,$8.28,3,2026 UFA,ACTIVE_ROSTER
San Francisco 49ers,"Chubb, Bradley BUF DE",,$2.10,1,2026 UFA,ACTIVE_ROSTER
San Francisco 49ers,"Hutchinson, Aidan DET DE",,$10.78,4,2025 iEXT,ACTIVE_ROSTER
San Francisco 49ers,"Lawrence, Malachi DAL DE",,$1.98,4,2026 2.07,ACTIVE_ROSTER
San Francisco 49ers,"Martin, Jake TEN DE",,$1.10,1,2026 ERFA,ACTIVE_ROSTER
San Francisco 49ers,"Murphy, Myles CIN DE",Questionable,$1.42,1,2023 3.11,ACTIVE_ROSTER
San Francisco 49ers,"Wonnum, D.J. DET DE",,$3.92,1,2024 UFA,ACTIVE_ROSTER
San Francisco 49ers,"Young, Zion BAL DE",,$1.05,4,2026 4.13,ACTIVE_ROSTER
San Francisco 49ers,"Henley, Daiyan LAC LB",,$3.70,1,2023 3.13^,ACTIVE_ROSTER
San Francisco 49ers,"Schwesinger, Carson CLE LB",,$2.04,3,2025 2.06,ACTIVE_ROSTER
San Francisco 49ers,"Smith, Roquan BAL LB",,$9.90,2,2025 B/R,ACTIVE_ROSTER
San Francisco 49ers,"Wagner, Bobby FA LB",,$4.81,1,2025 UFA,ACTIVE_ROSTER
San Francisco 49ers,"Alford, Dee BUF CB",,$1.10,1,2025 R/F,ACTIVE_ROSTER
San Francisco 49ers,"McDuffie, Trent LAR CB",,$3.51,1,2024 oEXT,ACTIVE_ROSTER
San Francisco 49ers,"Mitchell, Quinyon PHI CB",,$1.21,2,2024 3.21,ACTIVE_ROSTER
San Francisco 49ers,"Ponds, D'Angelo NYJ CB",Questionable,$1.08,4,2026 4.09,ACTIVE_ROSTER
San Francisco 49ers,"Ward, Charvarius IND CB",Questionable,$2.47,2,2026 UFA,ACTIVE_ROSTER
San Francisco 49ers,"James, Derwin LAC S",,$5.67,1,2024 B/R,ACTIVE_ROSTER
San Francisco 49ers,"McKinney, Xavier GBP S",,$4.74,1,2024 oEXT,ACTIVE_ROSTER
San Francisco 49ers,"McNeil-Warren, Emmanuel CLE S",,$1.44,4,2026 3.04,ACTIVE_ROSTER
San Francisco 49ers,"Starks, Malaki BAL S",,$1.41,3,2025 3.06,ACTIVE_ROSTER
Seattle Seahawks,"Williams, Savion GBP WR",IR-R,$1.08,3,2025 4.15,INJURED_RESERVE
Seattle Seahawks,"Owusu-Koramoah, Jeremiah CLE LB",IR-PUP,$6.55,3,2025 B/R,INJURED_RESERVE
Seattle Seahawks,"Cousins, Kirk LVR QB",,$3.60,1,2026 UFA,ACTIVE_ROSTER
Seattle Seahawks,"Green, Taylen CLE QB",,$0.94,3,2026 UDFA,ACTIVE_ROSTER
Seattle Seahawks,"Mendoza, Fernando LVR QB",,$11.67,4,2026 1.01,ACTIVE_ROSTER
Seattle Seahawks,"Strand, Jack ATL QB",,$1.10,1,2026 UFA,ACTIVE_ROSTER
Seattle Seahawks,"Stroud, C.J. HOU QB",,$6.90,1,2023 1.04,ACTIVE_ROSTER
Seattle Seahawks,"Bigsby, Tank PHI RB",,$3.67,1,2026 ORFA3,ACTIVE_ROSTER
Seattle Seahawks,"Dobbins, J.K. DEN RB",,$7.45,1,2025 SRFA,ACTIVE_ROSTER
Seattle Seahawks,"Harris, Najee NYG RB",,$1.10,1,2026 UFA,ACTIVE_ROSTER
Seattle Seahawks,"Jeanty, Ashton LVR RB",Questionable,$10.80,3,2025 1.01,ACTIVE_ROSTER
Seattle Seahawks,"Robinson, Brian ATL RB",,$5.88,3,2025 SRFA,ACTIVE_ROSTER
Seattle Seahawks,"Washington Jr., Mike LVR RB",,$1.10,4,2026 4.06,ACTIVE_ROSTER
Seattle Seahawks,"Bell, Skyler BUF WR",,$1.25,4,2026 3.13,ACTIVE_ROSTER
Seattle Seahawks,"Burden, Luther CHI WR",Questionable,$2.45,3,2025 2.01,ACTIVE_ROSTER
Seattle Seahawks,"Coker, Jalen CAR WR",,$5.10,4,2024 iEXT,ACTIVE_ROSTER
Seattle Seahawks,"Fields, Malachi NYG WR",,$1.67,4,2026 2.13,ACTIVE_ROSTER
Seattle Seahawks,"Johnston, Quentin LAC WR",,$4.10,1,2023 1.09,ACTIVE_ROSTER
Seattle Seahawks,"Watson, Christian GBP WR",,$30.01,4,2026 mEXT,ACTIVE_ROSTER
Seattle Seahawks,"Wicks, Dontayvion PHI WR",,$3.74,4,2024 oEXT,ACTIVE_ROSTER
Seattle Seahawks,"Kolar, Charlie LAC TE",,$1.10,1,2026 R/F,ACTIVE_ROSTER
Seattle Seahawks,"Kraft, Tucker GBP TE",Questionable,$3.70,1,2023 4.04^,ACTIVE_ROSTER
Seattle Seahawks,"Okonkwo, Chigoziem WAS TE",,$4.96,3,2023 oEXT,ACTIVE_ROSTER
Seattle Seahawks,"Stowers, Eli PHI TE",Questionable,$2.50,4,2026 2.01,ACTIVE_ROSTER
Seattle Seahawks,"Reichard, Will MIN PK",,$2.05,3,2025 iEXT,ACTIVE_ROSTER
Seattle Seahawks,"McNamara, Austin NYJ PN",,$2.01,3,2026 oEXT,ACTIVE_ROSTER
Seattle Seahawks,"Banks, Caleb MIN DT",,$1.32,4,2026 3.09,ACTIVE_ROSTER
Seattle Seahawks,"Briggs, Jowon NYJ DT",,$2.09,3,2026 oEXT,ACTIVE_ROSTER
Seattle Seahawks,"Dexter, Gervon ATL DT",,$3.70,1,2023 5.03^,ACTIVE_ROSTER
Seattle Seahawks,"Dorlus, Brandon ATL DT",,$2.09,3,2026 oEXT,ACTIVE_ROSTER
Seattle Seahawks,"Nolen, Walter ARI DT",,$1.54,3,2025 3.01,ACTIVE_ROSTER
Seattle Seahawks,"Hunt, Jalyx PHI DE",,$2.81,3,2025 UFA,ACTIVE_ROSTER
Seattle Seahawks,"Jacas, Gabe NEP DE",,$1.02,4,2026 4.19,ACTIVE_ROSTER
Seattle Seahawks,"McGuire, Isaiah CLE DE",,$1.10,1,2026 UFA,ACTIVE_ROSTER
Seattle Seahawks,"Parker, T.J. BUF DE",,$1.86,4,2026 2.09,ACTIVE_ROSTER
Seattle Seahawks,"Smith, Nolan PHI DE",,$1.55,1,2023 3.04,ACTIVE_ROSTER
Seattle Seahawks,"Barton, Cody TEN LB",,$4.95,2,2025 UFA,ACTIVE_ROSTER
Seattle Seahawks,"Elliss, Christian NEP LB",,$1.10,1,2026 R/F,ACTIVE_ROSTER
Seattle Seahawks,"Lloyd, Devin CAR LB",Questionable,$8.01,3,2026 mEXT,ACTIVE_ROSTER
Seattle Seahawks,"Queen, Patrick PIT LB",,$8.72,1,2024 oEXT,ACTIVE_ROSTER
Seattle Seahawks,"McMillian, Ja'Quan DEN CB",,$2.00,1,2026 UFA,ACTIVE_ROSTER
Seattle Seahawks,"Parrish, Jacob TBB CB",,$0.99,2,2025 UDFA,ACTIVE_ROSTER
Seattle Seahawks,"Williams, Garrett ARI CB",,$1.10,1,2025 R/F,ACTIVE_ROSTER
Seattle Seahawks,"Cross, Nick WAS S",,$7.80,3,2026 ORFA5,ACTIVE_ROSTER
Seattle Seahawks,"Gilman, Alohi KCC S",Questionable,$2.00,1,2026 UFA,ACTIVE_ROSTER
Seattle Seahawks,"Hawkins, Jaylinn BAL S",,$3.45,2,2025 iEXT,ACTIVE_ROSTER
Seattle Seahawks,"Metellus, Josh MIN S",,$2.10,1,2026 UFA,ACTIVE_ROSTER
Seattle Seahawks,"Cooper, Jonathon DEN DE",Suspended,$6.94,3,2025 iEXT,TAXI_SQUAD
Buffalo Bills,"Bresee, Bryan NOS DT",IR,$3.70,1,2023 2.04^,INJURED_RESERVE
Buffalo Bills,"Newton, Jer'Zhan WAS DT",IR,$1.49,2,2024 3.03,INJURED_RESERVE
Buffalo Bills,"Burrow, Joe CIN QB",,$27.27,3,2023 iEXT,ACTIVE_ROSTER
Buffalo Bills,"Young, Bryce CAR QB",,$7.93,1,2023 1.03,ACTIVE_ROSTER
Buffalo Bills,"Gibbs, Jahmyr DET RB",,$6.90,1,2023 1.04,ACTIVE_ROSTER
Buffalo Bills,"Heidenreich, Eli PIT RB",,$0.94,3,2026 UDFA,ACTIVE_ROSTER
Buffalo Bills,"James, Jordan SFO RB",,$1.13,3,2025 4.04,ACTIVE_ROSTER
Buffalo Bills,"Jeanty, Ashton LVR RB",Questionable,$10.80,3,2025 1.01,ACTIVE_ROSTER
Buffalo Bills,"Spears, Tyjae TEN RB",,$1.46,1,2023 3.08,ACTIVE_ROSTER
Buffalo Bills,"Doubs, Romeo NEP WR",,$6.17,3,2025 iEXT,ACTIVE_ROSTER
Buffalo Bills,"Egbuka, Emeka TBB WR",Questionable,$3.19,3,2025 1.12,ACTIVE_ROSTER
Buffalo Bills,"Harrison Jr., Marvin ARI WR",,$6.14,2,2024 1.04,ACTIVE_ROSTER
Buffalo Bills,"Johnson, Tez TBB WR",,$1.10,1,2026 ERFA,ACTIVE_ROSTER
Buffalo Bills,"McLaurin, Terry WAS WR",,$10.29,2,2024 B/R,ACTIVE_ROSTER
Buffalo Bills,"Nabers, Malik NYG WR",Questionable,$8.15,2,2024 1.02,ACTIVE_ROSTER
Buffalo Bills,"Vele, Devaughn NOS WR",,$1.10,1,2026 ERFA,ACTIVE_ROSTER
Buffalo Bills,"Washington, Parker JAC WR",,$8.27,3,2026 oEXT,ACTIVE_ROSTER
Buffalo Bills,"Arroyo, Elijah SEA TE",,$1.35,3,2025 3.09,ACTIVE_ROSTER
Buffalo Bills,"Bowers, Brock LVR TE",,$7.02,2,2024 1.03,ACTIVE_ROSTER
Buffalo Bills,"Reichard, Will MIN PK",,$1.03,1,2024 UDFA,ACTIVE_ROSTER
Buffalo Bills,"Eckley, Ryan BAL PN",,$0.99,4,2026 5.06,ACTIVE_ROSTER
Buffalo Bills,"Dexter, Gervon ATL DT",,$3.70,1,2023 5.13^,ACTIVE_ROSTER
Buffalo Bills,"Halton, Gracen SFO DT",Questionable,$1.08,4,2026 4.08,ACTIVE_ROSTER
Buffalo Bills,"Robinson, A'Shawn TBB DT",,$4.56,2,2026 UFA,ACTIVE_ROSTER
Buffalo Bills,"Sanders, T.J. BUF DT",,$1.03,3,2025 5.09,ACTIVE_ROSTER
Buffalo Bills,"Anderson, Will HOU DE",,$4.48,1,2023 1.08,ACTIVE_ROSTER
Buffalo Bills,"Dennis-Sutton, Dani GBP DE",Questionable,$1.04,4,2026 4.14,ACTIVE_ROSTER
Buffalo Bills,"Karlaftis, George KCC DE",,$7.89,2,2026 UFA,ACTIVE_ROSTER
Buffalo Bills,"Latu, Laiatu IND DE",,$2.37,2,2024 2.01,ACTIVE_ROSTER
Buffalo Bills,"Thibodeaux, Kayvon NYG DE",,$5.51,4,2025 iEXT,ACTIVE_ROSTER
Buffalo Bills,"Boettcher, Bryce IND LB",,$0.99,4,2026 5.08,ACTIVE_ROSTER
Buffalo Bills,"Chenal, Leo WAS LB",,$2.10,3,2026 oEXT,ACTIVE_ROSTER
Buffalo Bills,"Gray, Cedric TEN LB",Questionable,$1.17,2,2024 4.09,ACTIVE_ROSTER
Buffalo Bills,"Simpson, Trenton BAL LB",,$1.10,1,2026 R/F,ACTIVE_ROSTER
Buffalo Bills,"Stutsman, Danny NOS LB",,$1.30,3,2025 3.12,ACTIVE_ROSTER
Buffalo Bills,"Styles, Sonny WAS LB",,$4.52,4,2026 1.08,ACTIVE_ROSTER
Buffalo Bills,"Cisse, Brandon GBP CB",,$0.94,3,2026 UDFA,ACTIVE_ROSTER
Buffalo Bills,"Green, Renardo SFO CB",Questionable,$4.81,1,2025 UFA,ACTIVE_ROSTER
Buffalo Bills,"Morrison, Benjamin TBB CB",,$0.99,2,2025 UDFA,ACTIVE_ROSTER
Buffalo Bills,"Stephens, Brandon NYJ CB",,$1.10,1,2026 UFA,ACTIVE_ROSTER
Buffalo Bills,"Terrell, A.J. ATL CB",,$1.10,1,2026 UFA,ACTIVE_ROSTER
Buffalo Bills,"Ward, Charvarius IND CB",Questionable,$2.09,1,2025 UFA,ACTIVE_ROSTER
Buffalo Bills,"Bullard, Javon GBP S",,$1.44,2,2024 3.05,ACTIVE_ROSTER
Buffalo Bills,"Cross, Nick WAS S",,$6.66,2,2025 iEXT,ACTIVE_ROSTER
Buffalo Bills,"Haulcy, A.J. IND S",Questionable,$1.34,4,2026 3.08,ACTIVE_ROSTER
Buffalo Bills,"McNeil-Warren, Emmanuel CLE S",,$1.67,4,2026 2.13,ACTIVE_ROSTER
Buffalo Bills,"Thompson, Jalen DAL S",,$2.18,1,2026 oEXT,ACTIVE_ROSTER
Buffalo Bills,"Cooper, Jonathon DEN DE",Suspended,$9.26,2,2024 UFA,TAXI_SQUAD
Buffalo Bills,"Arnold, Terrion SEA CB",Suspended,$1.18,2,2024 4.07,TAXI_SQUAD
Miami Dolphins,"Elliott, DeShon PIT S",IR-R,$4.94,2,2026 UFA,INJURED_RESERVE
Miami Dolphins,"Maye, Drake NEP QB",,$3.22,2,2024 1.11,ACTIVE_ROSTER
Miami Dolphins,"Stafford, Matthew LAR QB",,$10.66,1,2025 UFA,ACTIVE_ROSTER
Miami Dolphins,"Dobbins, J.K. DEN RB",,$10.08,3,2026 UFA,ACTIVE_ROSTER
Miami Dolphins,"Hall, Breece NYJ RB",Questionable,$15.12,1,2026 5YO,ACTIVE_ROSTER
Miami Dolphins,"Hill, Justice BAL RB",,$1.10,1,2026 UFA,ACTIVE_ROSTER
Miami Dolphins,"Washington Jr., Mike LVR RB",,$1.04,4,2026 4.15,ACTIVE_ROSTER
Miami Dolphins,"Bateman, Rashod BAL WR",,$2.00,1,2026 UFA,ACTIVE_ROSTER
Miami Dolphins,"Flournoy, Ryan DAL WR",,$2.00,1,2026 UFA,ACTIVE_ROSTER
Miami Dolphins,"Flowers, Zay BAL WR",Questionable,$3.53,1,2023 1.11,ACTIVE_ROSTER
Miami Dolphins,"Johnston, Quentin LAC WR",,$4.92,1,2023 1.07,ACTIVE_ROSTER
Miami Dolphins,"Kupp, Cooper SEA WR",,$4.18,1,2025 UFA,ACTIVE_ROSTER
Miami Dolphins,"Lance, Bryce NOS WR",,$0.94,3,2026 UDFA,ACTIVE_ROSTER
Miami Dolphins,"St. Brown, Amon-Ra DET WR",,$37.05,3,2024 iEXT,ACTIVE_ROSTER
Miami Dolphins,"Klare, Max LAR TE",,$1.05,4,2026 4.12,ACTIVE_ROSTER
Miami Dolphins,"Schultz, Dalton HOU TE",,$2.10,1,2026 UFA,ACTIVE_ROSTER
Miami Dolphins,"Warren, Tyler IND TE",Questionable,$3.41,3,2025 1.11,ACTIVE_ROSTER
Miami Dolphins,"McLaughlin, Chase TBB PK",,$2.11,2,2025 iEXT,ACTIVE_ROSTER
Miami Dolphins,"Cole, A.J. LVR PN",,$3.99,1,2024 iEXT,ACTIVE_ROSTER
Miami Dolphins,"Hill, B.J. CIN DT",,$3.25,1,2025 UFA,ACTIVE_ROSTER
Miami Dolphins,"Miller, Christen NOS DT",,$1.05,4,2026 4.13,ACTIVE_ROSTER
Miami Dolphins,"Murphy, Byron SEA DT",,$1.73,2,2024 2.11,ACTIVE_ROSTER
Miami Dolphins,"Togiai, Tommy HOU DT",,$1.10,1,2026 ERFA,ACTIVE_ROSTER
Miami Dolphins,"Hendrickson, Trey BAL DE",,$5.67,1,2024 iEXT,ACTIVE_ROSTER
Miami Dolphins,"Lawrence, Demarcus SEA DE",,$3.34,1,2025 UFA,ACTIVE_ROSTER
Miami Dolphins,"Mack, Khalil LAC DE",,$2.20,1,2026 UFA,ACTIVE_ROSTER
Miami Dolphins,"Stewart, Josaiah LAR DE",,$1.23,3,2025 3.17,ACTIVE_ROSTER
Miami Dolphins,"Thomas, R Mason KCC DE",Questionable,$1.32,4,2026 3.09,ACTIVE_ROSTER
Miami Dolphins,"Watt, T.J. PIT DE",,$22.63,2,2024 B/R,ACTIVE_ROSTER
Miami Dolphins,"Baun, Zack PHI LB",,$6.39,3,2026 UFA,ACTIVE_ROSTER
Miami Dolphins,"Franklin, Zaire GBP LB",,$9.41,1,2024 iEXT,ACTIVE_ROSTER
Miami Dolphins,"Hill Jr., Anthony TEN LB",,$1.86,4,2026 2.09,ACTIVE_ROSTER
Miami Dolphins,"Knight, Demetrius CIN LB",,$1.32,3,2025 3.11,ACTIVE_ROSTER
Miami Dolphins,"Landman, Nate LAR LB",,$3.27,1,2024 UFA,ACTIVE_ROSTER
Miami Dolphins,"Adebo, Paulson NYG CB",Questionable,$6.42,2,2024 iEXT,ACTIVE_ROSTER
Miami Dolphins,"Bland, DaRon DAL CB",,$5.88,2,2025 SRFA,ACTIVE_ROSTER
Miami Dolphins,"Lewis, Jourdan JAC CB",,$1.10,1,2026 R/F,ACTIVE_ROSTER
Miami Dolphins,"Moss, Riley DEN CB",Questionable,$2.20,1,2026 UFA,ACTIVE_ROSTER
Miami Dolphins,"Reed, D.J. DET CB",Questionable,$2.10,1,2026 UFA,ACTIVE_ROSTER
Miami Dolphins,"Terrell, Avieon ATL CB",,$1.22,4,2026 3.15,ACTIVE_ROSTER
Miami Dolphins,"Delpit, Grant CLE S",,$2.20,1,2026 UFA,ACTIVE_ROSTER
Miami Dolphins,"Gardner-Johnson, Chauncey BUF S",,$6.75,1,2024 UFA,ACTIVE_ROSTER
Miami Dolphins,"Metellus, Josh MIN S",,$5.88,1,2025 SRFA,ACTIVE_ROSTER
Miami Dolphins,"Reid, Justin NOS S",,$1.20,1,2026 UFA,ACTIVE_ROSTER
Miami Dolphins,"Starks, Malaki BAL S",,$1.72,3,2025 2.12,ACTIVE_ROSTER
New England Patriots,"Bryant, Coby CHI S",IR,$3.83,4,2026 UFA,INJURED_RESERVE
New England Patriots,"Jones, Daniel IND QB",,$6.38,1,2025 UFA,ACTIVE_ROSTER
New England Patriots,"Love, Jordan GBP QB",,$11.50,3,2023 iEXT,ACTIVE_ROSTER
New England Patriots,"Allen, Kaytron WAS RB",,$1.10,4,2026 4.05,ACTIVE_ROSTER
New England Patriots,"Henry, Derrick BAL RB",,$20.33,2,2026 B/R,ACTIVE_ROSTER
New England Patriots,"Jones, Aaron MIN RB",,$10.00,1,2026 UFA,ACTIVE_ROSTER
New England Patriots,"Benson, Malik LVR WR",,$0.94,3,2026 UDFA,ACTIVE_ROSTER
New England Patriots,"Boston, Denzel CLE WR",,$3.08,4,2026 1.13,ACTIVE_ROSTER
New England Patriots,"Branch, Zachariah ATL WR",,$1.26,4,2026 3.12,ACTIVE_ROSTER
New England Patriots,"Dike, Chimere TEN WR",,$1.06,3,2025 5.03,ACTIVE_ROSTER
New England Patriots,"Nailor, Jalen LVR WR",,$1.10,1,2026 ERFA,ACTIVE_ROSTER
New England Patriots,"Noel, Jaylin HOU WR",Questionable,$1.38,3,2025 3.08,ACTIVE_ROSTER
New England Patriots,"Shaheed, Rashid SEA WR",,$7.28,4,2025 iEXT,ACTIVE_ROSTER
New England Patriots,"Williams, Kyle NEP WR",,$1.49,3,2025 3.03,ACTIVE_ROSTER
New England Patriots,"Wilson, Garrett NYJ WR",,$12.96,5,2025 iEXT,ACTIVE_ROSTER
New England Patriots,"Wilson, Michael ARI WR",,$1.14,1,2023 5.22,ACTIVE_ROSTER
New England Patriots,"Wilson, Roman PIT WR",,$1.93,2,2024 2.07,ACTIVE_ROSTER
New England Patriots,"Young, Colbie CIN WR",,$0.94,3,2026 UDFA,ACTIVE_ROSTER
New England Patriots,"Likely, Isaiah NYG TE",,$4.26,4,2024 iEXT,ACTIVE_ROSTER
New England Patriots,"Sadiq, Kenyon NYJ TE",Questionable,$3.80,4,2026 1.10,ACTIVE_ROSTER
New England Patriots,"Folk, Nick ATL PK",,$1.10,1,2026 UFA,ACTIVE_ROSTER
New England Patriots,"Bailey, Jake ATL PN",,$1.10,1,2026 R/F,ACTIVE_ROSTER
New England Patriots,"Banks, Caleb MIN DT",,$1.36,4,2026 3.07,ACTIVE_ROSTER
New England Patriots,"Collins, Alfred SFO DT",,$1.16,3,2025 4.01,ACTIVE_ROSTER
New England Patriots,"Madubuike, Nnamdi BAL DT",Questionable,$7.39,3,2025 B/R,ACTIVE_ROSTER
New England Patriots,"McDonald, Kayden HOU DT",,$1.59,4,2026 2.15,ACTIVE_ROSTER
New England Patriots,"Simmons, Jeffery TEN DT",,$16.18,5,2025 oEXT,ACTIVE_ROSTER
New England Patriots,"Vea, Vita TBB DT",,$1.10,1,2026 UFA,ACTIVE_ROSTER
New England Patriots,"Bonitto, Nik DEN DE",,$11.05,4,2026 UFA,ACTIVE_ROSTER
New England Patriots,"Elliss, Jonah DEN DE",,$1.10,2,2024 4.24,ACTIVE_ROSTER
New England Patriots,"Height, Romello SFO DE",Questionable,$0.94,3,2026 UDFA,ACTIVE_ROSTER
New England Patriots,"Hines-Allen, Josh JAC DE",,$14.64,1,2023 B/R,ACTIVE_ROSTER
New England Patriots,"Phillips, Jaelan CAR DE",Questionable,$11.89,4,2024 B/R,ACTIVE_ROSTER
New England Patriots,"Van Ginkel, Andrew MIN DE",,$10.55,2,2026 UFA,ACTIVE_ROSTER
New England Patriots,"Al-Shaair, Azeez HOU LB",,$4.44,1,2024 iEXT,ACTIVE_ROSTER
New England Patriots,"Jefferson, Justin CLE LB",,$1.00,4,2026 5.03,ACTIVE_ROSTER
New England Patriots,"Okereke, Bobby CAR LB",,$8.02,2,2025 UFA,ACTIVE_ROSTER
New England Patriots,"To'oTo'o, Henry HOU LB",,$1.14,1,2023 5.21,ACTIVE_ROSTER
New England Patriots,"Jones, Marcus NEP CB",,$3.85,2,2026 oEXT,ACTIVE_ROSTER
New England Patriots,"Sainristil, Mike WAS CB",,$1.20,2,2024 4.04,ACTIVE_ROSTER
New England Patriots,"Turner, DJ CIN CB",,$1.14,1,2023 5.17,ACTIVE_ROSTER
New England Patriots,"Byard, Kevin NEP S",,$9.48,1,2026 TT,ACTIVE_ROSTER
New England Patriots,"Mukuba, Andrew PHI S",,$1.14,3,2025 4.03,ACTIVE_ROSTER
New England Patriots,"Smith, Genesis LAC S",,$0.94,3,2026 UDFA,ACTIVE_ROSTER
New England Patriots,"Stukes, Treydan LVR S",,$1.09,4,2026 4.07,ACTIVE_ROSTER
New England Patriots,"Taaffe, Michael MIA S",,$0.94,3,2026 UDFA,ACTIVE_ROSTER
New York Jets,"Etienne, Trevor CAR RB",IR-R,$1.14,3,2025 4.02,INJURED_RESERVE
New York Jets,"Hughes, Parker JAC LB",IR,$0.94,3,2026 UDFA,INJURED_RESERVE
New York Jets,"Prescott, Dak DAL QB",,$40.93,2,2021 EXT,ACTIVE_ROSTER
New York Jets,"Ward, Cam TEN QB",,$6.72,3,2025 1.04,ACTIVE_ROSTER
New York Jets,"Allen, Braelon NYJ RB",,$1.33,2,2024 3.11,ACTIVE_ROSTER
New York Jets,"Davis, Isaiah NYJ RB",Questionable,$1.10,1,2026 UFA,ACTIVE_ROSTER
New York Jets,"Taylor, Jonathan IND RB",,$18.67,2,2025 oEXT,ACTIVE_ROSTER
New York Jets,"Adams, Davante LAR WR",,$23.96,1,2024 UFA,ACTIVE_ROSTER
New York Jets,"Brown, Marquise PHI WR",,$3.90,2,2026 B/R,ACTIVE_ROSTER
New York Jets,"Franklin, Troy DEN WR",,$1.52,2,2024 3.02,ACTIVE_ROSTER
New York Jets,"Harris, Tre LAC WR",Questionable,$2.18,3,2025 2.04,ACTIVE_ROSTER
New York Jets,"Lambert-Smith, KeAndre LAC WR",,$0.99,2,2025 UDFA,ACTIVE_ROSTER
New York Jets,"Palmer, Joshua BUF WR",,$1.10,1,2026 UFA,ACTIVE_ROSTER
New York Jets,"Pittman, Michael PIT WR",Questionable,$14.56,1,2024 oEXT,ACTIVE_ROSTER
New York Jets,"Higgins, Elijah ARI TE",,$1.10,1,2026 UFA,ACTIVE_ROSTER
New York Jets,"Kittle, George SFO TE",Questionable,$18.05,2,2026 UFA,ACTIVE_ROSTER
New York Jets,"McBride, Trey ARI TE",,$16.57,5,2025 iEXT,ACTIVE_ROSTER
New York Jets,"Santos, Cairo CHI PK",,$1.10,1,2026 UFA,ACTIVE_ROSTER
New York Jets,"Araiza, Matt KCC PN",,$1.10,1,2026 UFA,ACTIVE_ROSTER
New York Jets,"Benton, Keeanu PIT DT",,$3.70,1,2023 5.02^,ACTIVE_ROSTER
New York Jets,"Sieler, Zach MIA DT",Questionable,$4.75,2,2026 UFA,ACTIVE_ROSTER
New York Jets,"Smith, Maason ATL DT",,$1.08,2,2024 5.16,ACTIVE_ROSTER
New York Jets,"Williams, Leonard SEA DT",,$14.94,3,2026 UFA,ACTIVE_ROSTER
New York Jets,"Chaisson, K'Lavon WAS DE",,$3.49,2,2026 oEXT,ACTIVE_ROSTER
New York Jets,"Diaby, YaYa TBB DE",,$7.50,3,2026 RRFA,ACTIVE_ROSTER
New York Jets,"Key, Arden IND DE",,$1.10,1,2026 R/F,ACTIVE_ROSTER
New York Jets,"Uche, Josh MIA DE",,$1.10,1,2026 R/F,ACTIVE_ROSTER
New York Jets,"Wilson, Tyree NOS DE",,$2.78,1,2023 1.15,ACTIVE_ROSTER
New York Jets,"Bolton, Nick KCC LB",,$10.40,5,2026 UFA,ACTIVE_ROSTER
New York Jets,"Brooks, Jordyn MIA LB",,$14.84,1,2026 NEFT,ACTIVE_ROSTER
New York Jets,"Lawson, Deontae FA LB",,$0.94,3,2026 UDFA,ACTIVE_ROSTER
New York Jets,"Pace, Ivan MIN LB",,$1.10,1,2026 UFA,ACTIVE_ROSTER
New York Jets,"Reese, Arvell NYG LB",,$3.28,4,2026 1.12,ACTIVE_ROSTER
New York Jets,"DeJean, Cooper PHI CB",Questionable,$1.25,2,2024 3.16,ACTIVE_ROSTER
New York Jets,"Gonzalez, Christian NEP CB",,$3.70,1,2023 4.05^,ACTIVE_ROSTER
New York Jets,"Hall, TJ NOS CB",,$0.94,3,2026 UDFA,ACTIVE_ROSTER
New York Jets,"Williams, Garrett ARI CB",,$1.14,1,2023 5.26,ACTIVE_ROSTER
New York Jets,"Brown, Ji'Ayir SFO S",,$1.10,1,2026 ERFA,ACTIVE_ROSTER
New York Jets,"Bullock, Calen HOU S",,$1.08,2,2024 5.11,ACTIVE_ROSTER
New York Jets,"Murray, Eric JAC S",,$1.10,1,2026 UFA,ACTIVE_ROSTER
New York Jets,"Ransom, Lathan CAR S",,$0.99,2,2025 UDFA,ACTIVE_ROSTER
New York Jets,"Wheatley, Zakee CAR S",,$0.94,3,2026 UDFA,ACTIVE_ROSTER
Baltimore Ravens,"Aiyuk, Brandon SFO WR",Holdout,$2.38,2,2026 B/R,INJURED_RESERVE
Baltimore Ravens,"Pearsall, Ricky SFO WR",IR,$2.71,2,2024 1.14,INJURED_RESERVE
Baltimore Ravens,"Turner, Shemar CHI DT",IR-PUP,$1.18,3,2025 3.22,INJURED_RESERVE
Baltimore Ravens,"Wright, Alex CLE DE",IR,$3.17,2,2025 iEXT,INJURED_RESERVE
Baltimore Ravens,"Brissett, Jacoby ARI QB",,$5.00,1,2026 UFA,ACTIVE_ROSTER
Baltimore Ravens,"Herbert, Justin LAC QB",,$15.59,3,2023 iEXT,ACTIVE_ROSTER
Baltimore Ravens,"Sanders, Shedeur CLE QB",,$1.24,3,2025 3.16,ACTIVE_ROSTER
Baltimore Ravens,"Watson, Deshaun CLE QB",,$1.10,1,2026 R/F,ACTIVE_ROSTER
Baltimore Ravens,"Hampton, Omarion LAC RB",,$5.92,3,2025 1.05,ACTIVE_ROSTER
Baltimore Ravens,"Mitchell, Keaton LAC RB",Questionable,$2.00,1,2026 UFA,ACTIVE_ROSTER
Baltimore Ravens,"Singleton, Nicholas TEN RB",,$1.14,4,2026 4.01,ACTIVE_ROSTER
Baltimore Ravens,"Walker III, Kenneth KCC RB",,$10.99,1,2025 iEXT,ACTIVE_ROSTER
Baltimore Ravens,"Addison, Jordan MIN WR",,$5.45,1,2023 1.06,ACTIVE_ROSTER
Baltimore Ravens,"Bryant, Pat DEN WR",,$1.09,3,2025 4.12,ACTIVE_ROSTER
Baltimore Ravens,"Douglas, Demario NEP WR",,$1.10,1,2026 UFA,ACTIVE_ROSTER
Baltimore Ravens,"Downs, Josh IND WR",Questionable,$1.57,1,2023 3.03,ACTIVE_ROSTER
Baltimore Ravens,"Hunter, Travis JAC WR",,$9.05,3,2025 1.02,ACTIVE_ROSTER
Baltimore Ravens,"Pickens, George DAL WR",,$36.00,3,2026 mEXT,ACTIVE_ROSTER
Baltimore Ravens,"Samuel, Deebo SFO WR",,$2.00,1,2026 UFA,ACTIVE_ROSTER
Baltimore Ravens,"Worthy, Xavier KCC WR",,$4.04,2,2024 1.08,ACTIVE_ROSTER
Baltimore Ravens,"Engram, Evan DEN TE",,$1.10,1,2026 UFA,ACTIVE_ROSTER
Baltimore Ravens,"Ferguson, Terrance LAR TE",Questionable,$1.25,3,2025 3.15,ACTIVE_ROSTER
Baltimore Ravens,"Kelce, Travis KCC TE",,$5.00,1,2026 UFA,ACTIVE_ROSTER
Baltimore Ravens,"Okonkwo, Chigoziem WAS TE",,$2.00,1,2026 UFA,ACTIVE_ROSTER
Baltimore Ravens,"McPherson, Evan CIN PK",,$1.10,1,2026 R/F,ACTIVE_ROSTER
Baltimore Ravens,"Townsend, Tommy TEN PN",,$1.10,1,2026 UFA,ACTIVE_ROSTER
Baltimore Ravens,"Barmore, Christian NEP DT",Questionable,$2.00,1,2026 UFA,ACTIVE_ROSTER
Baltimore Ravens,"Clark, Kenny DAL DT",,$1.10,1,2026 UFA,ACTIVE_ROSTER
Baltimore Ravens,"Donald, Aaron LAR DT",,$5.50,1,2026 UFA,ACTIVE_ROSTER
Baltimore Ravens,"Oliver, Ed BUF DT",,$7.60,1,2023 iEXT,ACTIVE_ROSTER
Baltimore Ravens,"Redmond, Jalen MIN DT",,$11.34,3,2026 UFA,ACTIVE_ROSTER
Baltimore Ravens,"Woods, Peter KCC DT",,$1.49,4,2026 3.02,ACTIVE_ROSTER
Baltimore Ravens,"McGuire, Isaiah CLE DE",,$1.10,1,2026 R/F,ACTIVE_ROSTER
Baltimore Ravens,"Moore, Derrick DET DE",Questionable,$1.41,4,2026 3.05,ACTIVE_ROSTER
Baltimore Ravens,"Murphy, Myles CIN DE",Questionable,$3.30,2,2026 oEXT,ACTIVE_ROSTER
Baltimore Ravens,"Rousseau, Gregory BUF DE",,$7.37,2,2024 iEXT,ACTIVE_ROSTER
Baltimore Ravens,"Turner, Dallas MIN DE",,$2.10,2,2024 2.04,ACTIVE_ROSTER
Baltimore Ravens,"Walker, Travon JAC DE",,$6.03,3,2026 UFA,ACTIVE_ROSTER
Baltimore Ravens,"Allen, CJ IND LB",,$1.98,4,2026 2.07,ACTIVE_ROSTER
Baltimore Ravens,"Cashman, Blake MIN LB",,$6.70,1,2026 UFA,ACTIVE_ROSTER
Baltimore Ravens,"Elliss, Kaden NOS LB",,$5.85,1,2025 UFA,ACTIVE_ROSTER
Baltimore Ravens,"Wilson, Payton PIT LB",,$1.29,2,2024 3.14,ACTIVE_ROSTER
Baltimore Ravens,"Ramsey, Jalen PIT CB",Questionable,$2.20,1,2026 UFA,ACTIVE_ROSTER
Baltimore Ravens,"Stevenson, Tyrique CHI CB",Questionable,$2.00,1,2026 UFA,ACTIVE_ROSTER
Baltimore Ravens,"Watson, Jaylen LAR CB",,$2.00,1,2026 UFA,ACTIVE_ROSTER
Baltimore Ravens,"Bates, Jessie ATL S",,$5.10,1,2026 UFA,ACTIVE_ROSTER
Baltimore Ravens,"Chinn, Jeremy LVR S",,$5.01,2,2026 oEXT,ACTIVE_ROSTER
Baltimore Ravens,"Mustapha, Malik SFO S",Questionable,$2.06,3,2025 iEXT,ACTIVE_ROSTER
Baltimore Ravens,"Winfield, Antoine TBB S",,$9.11,2,2026 oEXT,ACTIVE_ROSTER
Cincinnati Bengals,"Williams, Caleb CHI QB",,$9.67,2,2024 1.01,ACTIVE_ROSTER
Cincinnati Bengals,"Willis, Malik MIA QB",,$10.10,1,2026 mEXT,ACTIVE_ROSTER
Cincinnati Bengals,"Davis, Malik DAL RB",,$1.10,1,2026 R/F,ACTIVE_ROSTER
Cincinnati Bengals,"Harris, Najee NYG RB",,$4.16,2,2025 UFA,ACTIVE_ROSTER
Cincinnati Bengals,"Judkins, Quinshon CLE RB",,$5.28,3,2025 1.06,ACTIVE_ROSTER
Cincinnati Bengals,"Price, Jadarian SEA RB",,$8.26,4,2026 1.03,ACTIVE_ROSTER
Cincinnati Bengals,"Douglas, Caleb MIA WR",,$1.07,4,2026 4.10,ACTIVE_ROSTER
Cincinnati Bengals,"Evans, Mike SFO WR",Questionable,$24.80,2,2026 UFA,ACTIVE_ROSTER
Cincinnati Bengals,"Horton, Tory SEA WR",Questionable,$1.12,3,2025 4.06,ACTIVE_ROSTER
Cincinnati Bengals,"Meyers, Jakobi JAC WR",Questionable,$9.12,2,2026 mEXT,ACTIVE_ROSTER
Cincinnati Bengals,"Moore, D.J. BUF WR",,$14.42,3,2026 oEXT,ACTIVE_ROSTER
Cincinnati Bengals,"Thompson, Brenen LAC WR",Questionable,$1.12,4,2026 4.03,ACTIVE_ROSTER
Cincinnati Bengals,"Washington, Malik MIA WR",,$1.10,2,2024 5.01,ACTIVE_ROSTER
Cincinnati Bengals,"Wicks, Dontayvion PHI WR",,$1.10,1,2026 UFA,ACTIVE_ROSTER
Cincinnati Bengals,"Johnson, Juwan NOS TE",,$4.85,2,2026 UFA,ACTIVE_ROSTER
Cincinnati Bengals,"Njoku, David LAC TE",,$2.00,1,2026 UFA,ACTIVE_ROSTER
Cincinnati Bengals,"Parkinson, Colby LAR TE",,$1.10,1,2026 R/F,ACTIVE_ROSTER
Cincinnati Bengals,"Pineiro, Eddy SFO PK",,$2.00,1,2026 UFA,ACTIVE_ROSTER
Cincinnati Bengals,"Evans, Ethan LAR PN",,$1.14,1,2023 5.25,ACTIVE_ROSTER
Cincinnati Bengals,"Buckner, DeForest IND DT",,$17.56,1,2025 UFA,ACTIVE_ROSTER
Cincinnati Bengals,"Jones, Justin FA DT",Questionable,$3.86,2,2025 UFA,ACTIVE_ROSTER
Cincinnati Bengals,"Onyedim, Tyler DEN DT",,$0.94,3,2026 UDFA,ACTIVE_ROSTER
Cincinnati Bengals,"Stewart, Grover IND DT",,$16.41,1,2025 UFA,ACTIVE_ROSTER
Cincinnati Bengals,"Enagbare, Kingsley NYJ DE",,$1.10,1,2026 R/F,ACTIVE_ROSTER
Cincinnati Bengals,"Granderson, Carl NOS DE",,$5.92,1,2026 ORFAN,ACTIVE_ROSTER
Cincinnati Bengals,"Green, Mike BAL DE",,$1.41,3,2025 3.06,ACTIVE_ROSTER
Cincinnati Bengals,"Parker, T.J. BUF DE",,$1.46,4,2026 3.03,ACTIVE_ROSTER
Cincinnati Bengals,"Trice, Bralen ATL DE",,$1.54,2,2024 3.01,ACTIVE_ROSTER
Cincinnati Bengals,"Young, Byron LAR DE",,$5.81,1,2023 3.12^,ACTIVE_ROSTER
Cincinnati Bengals,"Bush, Devin CHI LB",,$10.26,3,2026 oEXT,ACTIVE_ROSTER
Cincinnati Bengals,"Campbell, Jihaad PHI LB",,$2.04,3,2025 2.06,ACTIVE_ROSTER
Cincinnati Bengals,"Overshown, DeMarvion DAL LB",,$7.51,2,2026 UFA,ACTIVE_ROSTER
Cincinnati Bengals,"Simon, Cody ARI LB",,$1.04,3,2025 5.06,ACTIVE_ROSTER
Cincinnati Bengals,"Williams, Dorian BUF LB",,$1.17,1,2023 5.10,ACTIVE_ROSTER
Cincinnati Bengals,"Davis, Carlton NEP CB",,$2.22,1,2024 iEXT,ACTIVE_ROSTER
Cincinnati Bengals,"Humphrey, Marlon BAL CB",,$3.80,2,2026 UFA,ACTIVE_ROSTER
Cincinnati Bengals,"Moore, Kenny FA CB",,$3.07,2,2025 UFA,ACTIVE_ROSTER
Cincinnati Bengals,"Robertson, Amik WAS CB",,$1.10,1,2025 R/F,ACTIVE_ROSTER
Cincinnati Bengals,"Surtain II, Patrick DEN CB",,$3.15,3,2026 UFA,ACTIVE_ROSTER
Cincinnati Bengals,"Blankenship, Reed HOU S",,$3.75,1,2026 ORFAN,ACTIVE_ROSTER
Cincinnati Bengals,"Conner, Chamarri KCC S",,$4.95,3,2026 UFA,ACTIVE_ROSTER
Cincinnati Bengals,"Jones, Brandon DEN S",,$5.88,1,2025 SRFA,ACTIVE_ROSTER
Cincinnati Bengals,"Moehrig, Trevon CAR S",,$6.92,1,2024 iEXT,ACTIVE_ROSTER
Cincinnati Bengals,"Thieneman, Dillon CHI S",,$2.29,4,2026 2.03,ACTIVE_ROSTER
Cincinnati Bengals,"Jacobs, Josh GBP RB",Suspended,$14.27,1,2024 UFA,TAXI_SQUAD
Cleveland Browns,"Owusu-Koramoah, Jeremiah CLE LB",IR-PUP,$2.01,2,2026 UFA,INJURED_RESERVE
Cleveland Browns,"Branch, Brian DET S",IR-PUP,$3.70,1,2023 2.10^,INJURED_RESERVE
Cleveland Browns,"Green, Taylen CLE QB",,$0.98,4,2026 5.18,ACTIVE_ROSTER
Cleveland Browns,"Mayfield, Baker TBB QB",,$22.96,1,2024 iEXT,ACTIVE_ROSTER
Cleveland Browns,"Rodgers, Aaron PIT QB",,$2.20,1,2026 UFA,ACTIVE_ROSTER
Cleveland Browns,"Allgeier, Tyler ARI RB",,$4.37,2,2026 UFA,ACTIVE_ROSTER
Cleveland Browns,"Gainwell, Kenneth TBB RB",,$9.60,1,2026 UFA,ACTIVE_ROSTER
Cleveland Browns,"Sampson, Dylan CLE RB",,$1.61,3,2025 2.15,ACTIVE_ROSTER
Cleveland Browns,"Tucker, Sean TBB RB",Questionable,$3.52,1,2026 RRFA,ACTIVE_ROSTER
Cleveland Browns,"Williams, Kyren LAR RB",,$30.20,1,2026 UFA,ACTIVE_ROSTER
Cleveland Browns,"Wright, Jaylen MIA RB",,$1.42,2,2024 3.06,ACTIVE_ROSTER
Cleveland Browns,"Allen, Keenan IND WR",,$2.00,1,2026 UFA,ACTIVE_ROSTER
Cleveland Browns,"Bell, Skyler BUF WR",,$1.23,4,2026 3.14,ACTIVE_ROSTER
Cleveland Browns,"Bernard, Germie PIT WR",,$2.12,4,2026 2.05,ACTIVE_ROSTER
Cleveland Browns,"Coker, Jalen CAR WR",,$6.65,2,2026 UFA,ACTIVE_ROSTER
Cleveland Browns,"Olave, Chris NOS WR",,$14.15,2,2025 iEXT,ACTIVE_ROSTER
Cleveland Browns,"Robinson, Wan'Dale TEN WR",Questionable,$6.94,2,2026 UFA,ACTIVE_ROSTER
Cleveland Browns,"Tillman, Cedric NOS WR",,$4.85,1,2025 oEXT,ACTIVE_ROSTER
Cleveland Browns,"Knox, Dawson BUF TE",,$1.10,1,2026 R/F,ACTIVE_ROSTER
Cleveland Browns,"Taylor, Mason NYJ TE",,$1.91,3,2025 2.08,ACTIVE_ROSTER
Cleveland Browns,"Boswell, Chris PIT PK",,$2.00,1,2026 UFA,ACTIVE_ROSTER
Cleveland Browns,"Dickson, Michael SEA PN",,$4.73,1,2024 iEXT,ACTIVE_ROSTER
Cleveland Browns,"Carter, Jalen PHI DT",,$3.80,1,2023 1.10+,ACTIVE_ROSTER
Cleveland Browns,"Jones, Travis BAL DT",,$6.00,1,2026 RRFA,ACTIVE_ROSTER
Cleveland Browns,"Wooden, Colby NOS DT",,$1.10,1,2026 UFA,ACTIVE_ROSTER
Cleveland Browns,"Wyatt, Devonte GBP DT",,$2.05,2,2025 iEXT,ACTIVE_ROSTER
Cleveland Browns,"Burns, Brian NYG DE",,$24.31,4,2025 iEXT,ACTIVE_ROSTER
Cleveland Browns,"Collins, Zaven ARI DE",,$4.10,1,2024 iEXT,ACTIVE_ROSTER
Cleveland Browns,"Jacas, Gabe NEP DE",,$1.00,4,2026 5.05,ACTIVE_ROSTER
Cleveland Browns,"Tuimoloau, JT IND DE",,$1.21,3,2025 3.19,ACTIVE_ROSTER
Cleveland Browns,"Tuipulotu, Tuli LAC DE",,$1.29,1,2023 4.04,ACTIVE_ROSTER
Cleveland Browns,"Van Ness, Lukas GBP DE",,$1.43,1,2023 3.10,ACTIVE_ROSTER
Cleveland Browns,"Verse, Jared CLE DE",,$2.46,2,2024 1.16,ACTIVE_ROSTER
Cleveland Browns,"Carter, Barrett CIN LB",,$1.03,3,2025 5.18,ACTIVE_ROSTER
Cleveland Browns,"Greenlaw, Dre SFO LB",,$5.47,2,2025 oEXT,ACTIVE_ROSTER
Cleveland Browns,"Lloyd, Devin CAR LB",Questionable,$8.20,1,2026 UFA,ACTIVE_ROSTER
Cleveland Browns,"White, Devin DET LB",,$1.10,1,2026 UFA,ACTIVE_ROSTER
Cleveland Browns,"Campbell, Tyson CLE CB",,$5.10,1,2026 UFA,ACTIVE_ROSTER
Cleveland Browns,"Jackson, Donte LAC CB",,$1.10,1,2025 R/F,ACTIVE_ROSTER
Cleveland Browns,"Jones, Jack SFO CB",,$1.10,1,2026 UFA,ACTIVE_ROSTER
Cleveland Browns,"Taylor, Alontae TEN CB",,$6.01,1,2025 oEXT,ACTIVE_ROSTER
Cleveland Browns,"Wright, Nahshon NYJ CB",Questionable,$1.10,1,2026 ERFA,ACTIVE_ROSTER
Cleveland Browns,"Belton, Dane NYJ S",,$1.10,1,2026 UFA,ACTIVE_ROSTER
Cleveland Browns,"Blackmon, Julian NOS S",,$1.10,1,2026 R/F,ACTIVE_ROSTER
Cleveland Browns,"James, Derwin LAC S",,$6.04,2,2025 iEXT,ACTIVE_ROSTER
Cleveland Browns,"Stone, Geno BUF S",,$3.52,1,2026 RRFA,ACTIVE_ROSTER
Pittsburgh Steelers,"Charbonnet, Zach SEA RB",IR-PUP,$2.65,1,2023 1.16,INJURED_RESERVE
Pittsburgh Steelers,"Brazzell II, Chris CAR WR",IR,$1.30,4,2026 3.10,INJURED_RESERVE
Pittsburgh Steelers,"Walker, Jalon ATL DE",IR,$1.76,3,2025 2.11,INJURED_RESERVE
Pittsburgh Steelers,"Williams, Mykel SFO DE",IR-PUP,$1.97,3,2025 2.07,INJURED_RESERVE
Pittsburgh Steelers,"Hurts, Jalen PHI QB",,$41.47,1,2024 oEXT,ACTIVE_ROSTER
Pittsburgh Steelers,"Murray, Kyler MIN QB",,$13.50,1,2026 UFA,ACTIVE_ROSTER
Pittsburgh Steelers,"Richardson, Anthony IND QB",,$9.22,1,2023 1.02,ACTIVE_ROSTER
Pittsburgh Steelers,"Gordon, Ollie MIA RB",Questionable,$0.99,2,2025 UDFA,ACTIVE_ROSTER
Pittsburgh Steelers,"Henderson, TreVeyon NEP RB",Questionable,$4.75,3,2025 1.07,ACTIVE_ROSTER
Pittsburgh Steelers,"Johnson, Kaleb GBP RB",,$2.45,3,2025 2.01,ACTIVE_ROSTER
Pittsburgh Steelers,"Pollard, Tony TEN RB",,$15.10,1,2026 UFA,ACTIVE_ROSTER
Pittsburgh Steelers,"Dell, Tank HOU WR",IR-R,$1.50,1,2023 3.06,ACTIVE_ROSTER
Pittsburgh Steelers,"Mitchell, Adonai NYJ WR",,$2.28,2,2024 2.02,ACTIVE_ROSTER
Pittsburgh Steelers,"Ridley, Calvin TEN WR",,$13.31,1,2022 UFA,ACTIVE_ROSTER
Pittsburgh Steelers,"Tate, Carnell TEN WR",Questionable,$9.73,4,2026 1.02,ACTIVE_ROSTER
Pittsburgh Steelers,"Waddle, Jaylen DEN WR",,$24.02,2,2026 oEXT,ACTIVE_ROSTER
Pittsburgh Steelers,"Williams, Antonio WAS WR",,$1.81,4,2026 2.10,ACTIVE_ROSTER
Pittsburgh Steelers,"Andrews, Mark BAL TE",,$8.57,1,2025 B/R,ACTIVE_ROSTER
Pittsburgh Steelers,"Freiermuth, Pat PIT TE",,$2.10,1,2026 UFA,ACTIVE_ROSTER
Pittsburgh Steelers,"Mevis, Harrison LAR PK",,$1.10,1,2026 R/F,ACTIVE_ROSTER
Pittsburgh Steelers,"Scott, J.K. LAC PN",,$1.10,1,2026 R/F,ACTIVE_ROSTER
Pittsburgh Steelers,"Booker, Thomas LVR DT",,$1.10,1,2026 R/F,ACTIVE_ROSTER
Pittsburgh Steelers,"Hamilton, Davon JAC DT",,$1.10,1,2026 R/F,ACTIVE_ROSTER
Pittsburgh Steelers,"Heyward, Cameron PIT DT",,$9.10,1,2026 UFA,ACTIVE_ROSTER
Pittsburgh Steelers,"Clowney, Jadeveon HOU DE",Questionable,$1.10,1,2026 UFA,ACTIVE_ROSTER
Pittsburgh Steelers,"Ezeiruaku, Donovan DAL DE",,$1.39,3,2025 3.07,ACTIVE_ROSTER
Pittsburgh Steelers,"Lawrence, Malachi DAL DE",,$1.63,4,2026 2.14,ACTIVE_ROSTER
Pittsburgh Steelers,"Oweh, Odafe WAS DE",Questionable,$3.60,2,2024 iEXT,ACTIVE_ROSTER
Pittsburgh Steelers,"Stewart, Shemar CIN DE",Questionable,$1.54,3,2025 3.01,ACTIVE_ROSTER
Pittsburgh Steelers,"Cooper, Edgerrin GBP LB",,$1.86,2,2024 2.08,ACTIVE_ROSTER
Pittsburgh Steelers,"Perkins, Harold ATL LB",,$1.01,4,2026 4.21,ACTIVE_ROSTER
Pittsburgh Steelers,"Queen, Patrick PIT LB",,$5.10,1,2026 UFA,ACTIVE_ROSTER
Pittsburgh Steelers,"Wilson, Mack ARI LB",,$7.00,1,2026 UFA,ACTIVE_ROSTER
Pittsburgh Steelers,"Bowman, Billy ATL CB",Questionable,$0.99,2,2025 UDFA,ACTIVE_ROSTER
Pittsburgh Steelers,"Forbes, Emmanuel LAR CB",,$1.25,1,2023 4.06,ACTIVE_ROSTER
Pittsburgh Steelers,"Hairston, Maxwell BUF CB",,$1.11,3,2025 4.07,ACTIVE_ROSTER
Pittsburgh Steelers,"McCoy, Jermod LVR CB",,$0.99,4,2026 5.07,ACTIVE_ROSTER
Pittsburgh Steelers,"Mitchell, Quinyon PHI CB",,$1.17,2,2024 4.08,ACTIVE_ROSTER
Pittsburgh Steelers,"Stingley Jr., Derek HOU CB",,$4.20,1,2026 UFA,ACTIVE_ROSTER
Pittsburgh Steelers,"Thomas, Azareye'h NYJ CB",,$0.99,2,2025 UDFA,ACTIVE_ROSTER
Pittsburgh Steelers,"Bynum, Camryn IND S",,$5.10,1,2026 UFA,ACTIVE_ROSTER
Pittsburgh Steelers,"Fitzpatrick, Minkah NYJ S",,$4.50,1,2026 UFA,ACTIVE_ROSTER
Pittsburgh Steelers,"Hamilton, Kyle BAL S",,$7.80,3,2026 oEXT,ACTIVE_ROSTER
Pittsburgh Steelers,"Hufanga, Talanoa DEN S",,$9.77,1,2025 oEXT,ACTIVE_ROSTER
Pittsburgh Steelers,"Allar, Drew PIT QB",,$1.18,4,2026 3.18,TAXI_SQUAD
Pittsburgh Steelers,"Simpson, Ty LAR QB",,$2.39,4,2026 2.02,TAXI_SQUAD
Pittsburgh Steelers,"Randall, Adam BAL RB",IR-R,$0.99,4,2026 5.10,TAXI_SQUAD
Pittsburgh Steelers,"Joly, Justin MIA TE",,$0.98,4,2026 5.19,TAXI_SQUAD
Pittsburgh Steelers,"Trigg, Michael DAL TE",,$0.99,4,2026 5.12,TAXI_SQUAD
Houston Texans,"Guerendo, Isaac SFO RB",IR-PUP,$1.13,2,2024 4.12,INJURED_RESERVE
Houston Texans,"Pacheco, Isiah DET RB",IR,$5.30,1,2026 UFA,INJURED_RESERVE
Houston Texans,"Musgrave, Luke GBP TE",IR-PUP,$1.10,1,2026 UFA,INJURED_RESERVE
Houston Texans,"Liufau, Marist DAL DE",IR-R,$1.10,2,2024 4.21,INJURED_RESERVE
Houston Texans,"Purdy, Brock SFO QB",,$37.58,4,2025 oEXT,ACTIVE_ROSTER
Houston Texans,"Smith, Geno NYJ QB",,$4.70,1,2026 UFA,ACTIVE_ROSTER
Houston Texans,"Wentz, Carson MIN QB",,$1.10,1,2026 R/F,ACTIVE_ROSTER
Houston Texans,"Black, Kaelon SFO RB",,$1.03,4,2026 4.16,ACTIVE_ROSTER
Houston Texans,"Marks, Woody HOU RB",,$1.10,3,2025 4.09,ACTIVE_ROSTER
Houston Texans,"McCaffrey, Christian SFO RB",Questionable,$15.68,1,2025 B/R,ACTIVE_ROSTER
Houston Texans,"Skattebo, Cam NYG RB",,$1.67,3,2025 2.13,ACTIVE_ROSTER
Houston Texans,"Bourne, Kendrick ARI WR",,$1.10,1,2026 R/F,ACTIVE_ROSTER
Houston Texans,"Brown, A.J. NEP WR",,$23.12,1,2022 iEXT,ACTIVE_ROSTER
Houston Texans,"Iosivas, Andrei CIN WR",,$1.17,1,2023 5.09,ACTIVE_ROSTER
Houston Texans,"Lamb, CeeDee DAL WR",,$24.65,2,2023 iEXT,ACTIVE_ROSTER
Houston Texans,"Lane, Ja'Kobi BAL WR",,$1.02,4,2026 4.18,ACTIVE_ROSTER
Houston Texans,"Pierce, Alec IND WR",,$20.69,3,2025 iEXT,ACTIVE_ROSTER
Houston Texans,"Stribling, De'Zhaun SFO WR",Questionable,$2.62,4,2026 1.16,ACTIVE_ROSTER
Houston Texans,"Kincaid, Dalton BUF TE",,$4.10,1,2023 1.09,ACTIVE_ROSTER
Houston Texans,"Kolar, Charlie LAC TE",,$1.10,1,2026 UFA,ACTIVE_ROSTER
Houston Texans,"Otton, Cade TBB TE",,$7.35,2,2024 iEXT,ACTIVE_ROSTER
Houston Texans,"Raridon, Eli NEP TE",,$1.11,4,2026 4.04,ACTIVE_ROSTER
Houston Texans,"Bass, Tyler BUF PK",,$1.10,1,2026 UFA,ACTIVE_ROSTER
Houston Texans,"Dixon, Riley TBB PN",,$1.10,1,2026 R/F,ACTIVE_ROSTER
Houston Texans,"Briggs, Jowon NYJ DT",,$2.09,3,2026 oEXT,ACTIVE_ROSTER
Houston Texans,"Fiske, Braden LAR DT",,$1.58,2,2024 2.15,ACTIVE_ROSTER
Houston Texans,"Graham, Mason CLE DT",,$2.99,3,2025 1.13,ACTIVE_ROSTER
Houston Texans,"Hargrave, Javon GBP DT",,$2.00,1,2026 UFA,ACTIVE_ROSTER
Houston Texans,"Jackson, Darrell NYJ DT",,$1.01,4,2026 4.22,ACTIVE_ROSTER
Houston Texans,"Kancey, Calijah TBB DT",,$1.93,1,2023 2.09,ACTIVE_ROSTER
Houston Texans,"Hutchinson, Aidan DET DE",,$10.26,5,2025 iEXT,ACTIVE_ROSTER
Houston Texans,"Johnson, Jermaine TEN DE",,$7.46,4,2025 iEXT,ACTIVE_ROSTER
Houston Texans,"Koonce, Malcolm LVR DE",,$1.10,1,2026 UFA,ACTIVE_ROSTER
Houston Texans,"McDonald, Will NYJ DE",,$3.70,1,2023 3.17^,ACTIVE_ROSTER
Houston Texans,"Mesidor, Akheem LAC DE",,$1.56,4,2026 2.16,ACTIVE_ROSTER
Houston Texans,"Bethune, Tatum SFO LB",,$1.10,1,2026 UFA,ACTIVE_ROSTER
Houston Texans,"Davis, Demario NYJ LB",,$3.23,2,2026 UFA,ACTIVE_ROSTER
Houston Texans,"Davis-Gaither, Akeem IND LB",,$2.00,1,2026 UFA,ACTIVE_ROSTER
Houston Texans,"Deablo, Divine ATL LB",,$2.00,1,2026 UFA,ACTIVE_ROSTER
Houston Texans,"Rolder, Jimmy DET LB",Questionable,$1.02,4,2026 4.20,ACTIVE_ROSTER
Houston Texans,"Dean, Jamel PIT CB",,$1.10,1,2025 R/F,ACTIVE_ROSTER
Houston Texans,"Lenoir, Deommodore SFO CB",,$1.10,1,2026 UFA,ACTIVE_ROSTER
Houston Texans,"Ponds, D'Angelo NYJ CB",Questionable,$1.20,4,2026 3.16,ACTIVE_ROSTER
Houston Texans,"Witherspoon, Devon SEA CB",,$3.70,1,2023 3.09^,ACTIVE_ROSTER
Houston Texans,"Baker, Budda ARI S",,$7.37,1,2025 oEXT,ACTIVE_ROSTER
Houston Texans,"Epps, Marcus PHI S",,$1.10,1,2026 UFA,ACTIVE_ROSTER
Houston Texans,"Kinchens, Kamren LAR S",,$1.09,2,2024 5.09,ACTIVE_ROSTER
Houston Texans,"Smith, Harrison MIN S",,$2.10,1,2026 UFA,ACTIVE_ROSTER
Houston Texans,"Taylor-Demerson, Dadrion ARI S",Questionable,$1.08,2,2024 5.18,ACTIVE_ROSTER
Indianapolis Colts,"Joseph, Kerby DET S",IR-PUP,$8.21,2,2025 FRFA,INJURED_RESERVE
Indianapolis Colts,"Jackson, Lamar BAL QB",,$43.14,1,2026 NEFT2,ACTIVE_ROSTER
Indianapolis Colts,"Nix, Bo DEN QB",,$1.81,2,2024 2.09,ACTIVE_ROSTER
Indianapolis Colts,"Monangai, Kyle CHI RB",Questionable,$1.03,3,2025 5.14,ACTIVE_ROSTER
Indianapolis Colts,"Montgomery, David HOU RB",,$17.03,1,2024 iEXT,ACTIVE_ROSTER
Indianapolis Colts,"Stevenson, Rhamondre NEP RB",,$4.58,1,2024 iEXT,ACTIVE_ROSTER
Indianapolis Colts,"Tracy, Tyrone NYG RB",Questionable,$1.14,2,2024 4.10,ACTIVE_ROSTER
Indianapolis Colts,"Allen, Cyrus KCC WR",,$0.99,4,2026 5.09,ACTIVE_ROSTER
Indianapolis Colts,"Burden, Luther CHI WR",Questionable,$2.70,3,2025 1.15,ACTIVE_ROSTER
Indianapolis Colts,"McCaffrey, Luke WAS WR",,$1.14,2,2024 4.11,ACTIVE_ROSTER
Indianapolis Colts,"Metcalf, DK PIT WR",Questionable,$13.99,1,2023 oEXT,ACTIVE_ROSTER
Indianapolis Colts,"Rice, Rashee KCC WR",,$3.70,1,2023 2.08^,ACTIVE_ROSTER
Indianapolis Colts,"Shakir, Khalil BUF WR",Questionable,$7.11,1,2025 iEXT,ACTIVE_ROSTER
Indianapolis Colts,"Thomas Jr., Brian JAC WR",,$3.72,2,2024 1.09,ACTIVE_ROSTER
Indianapolis Colts,"Williams, Jameson DET WR",,$21.34,4,2026 mEXT,ACTIVE_ROSTER
Indianapolis Colts,"Barner, AJ SEA TE",,$1.03,1,2024 UDFA,ACTIVE_ROSTER
Indianapolis Colts,"Delp, Oscar NOS TE",Questionable,$1.07,4,2026 4.09,ACTIVE_ROSTER
Indianapolis Colts,"Henry, Hunter NEP TE",,$5.10,1,2026 UFA,ACTIVE_ROSTER
Indianapolis Colts,"Johnson, Theo NYG TE",Questionable,$1.11,2,2024 4.19,ACTIVE_ROSTER
Indianapolis Colts,"Myers, Jason SEA PK",,$2.00,1,2026 UFA,ACTIVE_ROSTER
Indianapolis Colts,"Rehkow, Ryan CIN PN",,$1.10,1,2026 ERFA,ACTIVE_ROSTER
Indianapolis Colts,"Jenkins, Kris CIN DT",,$1.12,2,2024 4.17,ACTIVE_ROSTER
Indianapolis Colts,"Lawrence, Dexter CIN DT",,$14.01,3,2025 iEXT,ACTIVE_ROSTER
Indianapolis Colts,"Turner, Kobie LAR DT",Questionable,$5.92,1,2024 SRFA,ACTIVE_ROSTER
Indianapolis Colts,"Williams, Tyleik DET DT",,$1.07,3,2025 4.17,ACTIVE_ROSTER
Indianapolis Colts,"Garrett, Myles LAR DE",Questionable,$22.90,5,2025 iEXT,ACTIVE_ROSTER
Indianapolis Colts,"Gary, Rashan DAL DE",,$7.43,2,2025 iEXT,ACTIVE_ROSTER
Indianapolis Colts,"Hunt, Jalyx PHI DE",,$1.10,1,2025 R/F,ACTIVE_ROSTER
Indianapolis Colts,"Paye, Kwity LVR DE",,$3.96,2,2025 UFA,ACTIVE_ROSTER
Indianapolis Colts,"Robinson, Chop MIA DE",,$1.78,2,2024 2.10,ACTIVE_ROSTER
Indianapolis Colts,"Dye, Troy LAC LB",,$1.10,1,2026 R/F,ACTIVE_ROSTER
Indianapolis Colts,"Luvu, Frankie WAS LB",,$1.70,1,2026 UFA,ACTIVE_ROSTER
Indianapolis Colts,"Oluokun, Foyesade JAC LB",,$8.50,2,2026 oEXT,ACTIVE_ROSTER
Indianapolis Colts,"Tranquill, Drue KCC LB",Questionable,$1.10,1,2025 R/F,ACTIVE_ROSTER
Indianapolis Colts,"Walker, Quay LVR LB",,$5.52,3,2025 iEXT,ACTIVE_ROSTER
Indianapolis Colts,"Warner, Fred SFO LB",,$7.92,2,2025 B/R,ACTIVE_ROSTER
Indianapolis Colts,"Alford, Dee BUF CB",,$1.10,1,2026 R/F,ACTIVE_ROSTER
Indianapolis Colts,"Lassiter, Kamari HOU CB",,$1.03,1,2024 UDFA,ACTIVE_ROSTER
Indianapolis Colts,"McDuffie, Trent LAR CB",,$1.10,1,2026 R/F,ACTIVE_ROSTER
Indianapolis Colts,"McKinstry, Kool-Aid NOS CB",,$1.09,2,2024 5.07,ACTIVE_ROSTER
Indianapolis Colts,"Wiggins, Nate BAL CB",,$1.13,2,2024 4.13,ACTIVE_ROSTER
Indianapolis Colts,"Bishop, Cole BUF S",,$1.24,2,2024 3.17,ACTIVE_ROSTER
Indianapolis Colts,"Downs, Caleb DAL S",,$2.76,4,2026 1.15,ACTIVE_ROSTER
Indianapolis Colts,"Hickman, Ronnie CLE S",,$2.26,1,2026 oEXT,ACTIVE_ROSTER
Indianapolis Colts,"Love, Julian SEA S",,$9.55,2,2025 oEXT,ACTIVE_ROSTER
Indianapolis Colts,"Williams, Evan GBP S",,$1.03,1,2024 UDFA,ACTIVE_ROSTER
Jacksonville Jaguars,"Gabriel, Dillon CLE QB",IR-R,$1.06,3,2025 4.19,INJURED_RESERVE
Jacksonville Jaguars,"Conner, James ARI RB",IR-R,$3.69,3,2026 B/R,INJURED_RESERVE
Jacksonville Jaguars,"Grant, Kenneth MIA DT",IR-R,$1.43,3,2025 3.05,INJURED_RESERVE
Jacksonville Jaguars,"Norman-Lott, Omarr KCC DT",IR-PUP,$1.03,3,2025 5.17,INJURED_RESERVE
Jacksonville Jaguars,"Bertrand, JD ATL LB",IR,$1.13,2,2024 4.14,INJURED_RESERVE
Jacksonville Jaguars,"Moore, Devin DAL CB",IR-R,$0.94,3,2026 UDFA,INJURED_RESERVE
Jacksonville Jaguars,"Allen, Josh BUF QB",,$41.70,1,2026 EFT,ACTIVE_ROSTER
Jacksonville Jaguars,"Levis, Will FA QB",,$2.93,1,2023 1.14,ACTIVE_ROSTER
Jacksonville Jaguars,"Shough, Tyler NOS QB",,$2.25,3,2025 2.03,ACTIVE_ROSTER
Jacksonville Jaguars,"Barkley, Saquon PHI RB",,$33.10,1,2026 UFA,ACTIVE_ROSTER
Jacksonville Jaguars,"Bigsby, Tank PHI RB",,$1.36,1,2023 3.14,ACTIVE_ROSTER
Jacksonville Jaguars,"Coleman, Jonah DEN RB",,$1.76,4,2026 2.11,ACTIVE_ROSTER
Jacksonville Jaguars,"Davis, Ray BUF RB",,$1.32,2,2024 3.12,ACTIVE_ROSTER
Jacksonville Jaguars,"Johnson, Ty BUF RB",Questionable,$1.10,1,2026 R/F,ACTIVE_ROSTER
Jacksonville Jaguars,"Warren, Jaylen PIT RB",,$4.11,1,2023 iEXT,ACTIVE_ROSTER
Jacksonville Jaguars,"Bech, Jack LVR WR",,$2.10,3,2025 2.05,ACTIVE_ROSTER
Jacksonville Jaguars,"Coleman, Keon BUF WR",Questionable,$3.03,2,2024 1.12,ACTIVE_ROSTER
Jacksonville Jaguars,"Diggs, Stefon WAS WR",,$6.08,3,2025 B/R,ACTIVE_ROSTER
Jacksonville Jaguars,"Godwin, Chris TBB WR",,$9.10,1,2026 UFA,ACTIVE_ROSTER
Jacksonville Jaguars,"Golden, Matthew GBP WR",,$3.66,3,2025 1.10,ACTIVE_ROSTER
Jacksonville Jaguars,"Jeudy, Jerry CLE WR",,$5.00,1,2026 UFA,ACTIVE_ROSTER
Jacksonville Jaguars,"Royals, Jalen KCC WR",,$1.20,3,2025 3.20,ACTIVE_ROSTER
Jacksonville Jaguars,"Smith, DeVonta PHI WR",,$34.00,1,2026 UFA,ACTIVE_ROSTER
Jacksonville Jaguars,"Thomas, Zavion CHI WR",,$1.06,4,2026 4.11,ACTIVE_ROSTER
Jacksonville Jaguars,"Goedert, Dallas PHI TE",,$6.53,1,2024 B/R,ACTIVE_ROSTER
Jacksonville Jaguars,"Kraft, Tucker GBP TE",Questionable,$3.70,1,2023 4.14^,ACTIVE_ROSTER
Jacksonville Jaguars,"Tonges, Jake SFO TE",,$1.10,1,2026 ERFA,ACTIVE_ROSTER
Jacksonville Jaguars,"Little, Cam JAC PK",,$1.03,1,2024 UDFA,ACTIVE_ROSTER
Jacksonville Jaguars,"Cooke, Logan JAC PN",,$1.10,1,2026 UFA,ACTIVE_ROSTER
Jacksonville Jaguars,"Odighizuwa, Osa SFO DT",,$4.51,1,2025 RRFA,ACTIVE_ROSTER
Jacksonville Jaguars,"Phillips, Harrison NYJ DT",,$2.10,1,2026 UFA,ACTIVE_ROSTER
Jacksonville Jaguars,"Roach, Malcolm DEN DT",,$1.10,1,2026 UFA,ACTIVE_ROSTER
Jacksonville Jaguars,"Bailey, David NYJ DE",,$3.52,4,2026 1.11,ACTIVE_ROSTER
Jacksonville Jaguars,"Bosa, Joey FA DE",,$2.20,2,2025 UFA,ACTIVE_ROSTER
Jacksonville Jaguars,"Isaac, Adisa BAL DE",,$1.08,2,2024 5.12,ACTIVE_ROSTER
Jacksonville Jaguars,"Jordan, Cameron NOS DE",Questionable,$1.10,1,2025 R/F,ACTIVE_ROSTER
Jacksonville Jaguars,"Odeyingbo, Dayo CHI DE",,$1.10,1,2026 UFA,ACTIVE_ROSTER
Jacksonville Jaguars,"Sorrell, Barryn GBP DE",,$1.03,3,2025 5.19,ACTIVE_ROSTER
Jacksonville Jaguars,"Young, Chase NOS DE",,$8.00,1,2026 UFA,ACTIVE_ROSTER
Jacksonville Jaguars,"Barton, Cody TEN LB",,$2.10,1,2026 UFA,ACTIVE_ROSTER
Jacksonville Jaguars,"Edmunds, Tremaine NYG LB",,$3.07,2,2025 UFA,ACTIVE_ROSTER
Jacksonville Jaguars,"Henley, Daiyan LAC LB",,$3.70,1,2023 2.14^,ACTIVE_ROSTER
Jacksonville Jaguars,"McDuffie, Isaiah GBP LB",,$1.10,1,2026 R/F,ACTIVE_ROSTER
Jacksonville Jaguars,"Banks, Deonte NYG CB",,$1.17,1,2023 5.14,ACTIVE_ROSTER
Jacksonville Jaguars,"Delane, Mansoor KCC CB",,$1.28,4,2026 3.11,ACTIVE_ROSTER
Jacksonville Jaguars,"Jackson, Michael CAR CB",,$1.10,1,2025 R/F,ACTIVE_ROSTER
Jacksonville Jaguars,"Johnson, Will ARI CB",Questionable,$1.12,3,2025 4.05,ACTIVE_ROSTER
Jacksonville Jaguars,"Gilman, Alohi KCC S",Questionable,$2.00,1,2026 UFA,ACTIVE_ROSTER
Jacksonville Jaguars,"Nubin, Tyler NYG S",,$1.69,2,2024 2.12,ACTIVE_ROSTER
Jacksonville Jaguars,"Scott, Nick CAR S",,$1.10,1,2026 UFA,ACTIVE_ROSTER
Jacksonville Jaguars,"Winston, Kevin TEN S",,$1.04,3,2025 5.05,ACTIVE_ROSTER
Tennessee Titans,"Darnold, Sam SEA QB",,$13.95,3,2026 mEXT,ACTIVE_ROSTER
Tennessee Titans,"McCarthy, J.J. MIN QB",,$4.42,2,2024 1.07,ACTIVE_ROSTER
Tennessee Titans,"Penix Jr., Michael ATL QB",Out,$1.62,2,2024 2.14,ACTIVE_ROSTER
Tennessee Titans,"Stroud, C.J. HOU QB",,$3.30,1,2023 1.12,ACTIVE_ROSTER
Tennessee Titans,"Brooks, Jonathon CAR RB",Questionable,$2.86,2,2024 1.13,ACTIVE_ROSTER
Tennessee Titans,"Brown, Chase CIN RB",,$9.71,2,2025 iEXT,ACTIVE_ROSTER
Tennessee Titans,"Johnson, Emmett KCC RB",,$1.19,4,2026 3.17,ACTIVE_ROSTER
Tennessee Titans,"Mason, Jordan MIN RB",,$3.52,1,2026 RRFA,ACTIVE_ROSTER
Tennessee Titans,"White, Rachaad WAS RB",Questionable,$2.85,2,2026 mEXT,ACTIVE_ROSTER
Tennessee Titans,"Williams, Javonte DAL RB",,$31.10,1,2026 UFA,ACTIVE_ROSTER
Tennessee Titans,"Boutte, Kayshon HOU WR",,$5.77,2,2026 SRFA,ACTIVE_ROSTER
Tennessee Titans,"Collins, Nico HOU WR",,$27.78,3,2025 B/R,ACTIVE_ROSTER
Tennessee Titans,"Hill, Tyreek FA WR",Out,$3.33,2,2026 UFA,ACTIVE_ROSTER
Tennessee Titans,"Hurst, Ted TBB WR",,$1.17,4,2026 3.19,ACTIVE_ROSTER
Tennessee Titans,"Lemon, Makai PHI WR",,$5.56,4,2026 1.06,ACTIVE_ROSTER
Tennessee Titans,"Nacua, Puka LAR WR",Questionable,$5.81,1,2023 5.03^,ACTIVE_ROSTER
Tennessee Titans,"TeSlaa, Isaac DET WR",,$1.11,3,2025 4.08,ACTIVE_ROSTER
Tennessee Titans,"Watson, Christian GBP WR",,$19.00,2,2026 mEXT,ACTIVE_ROSTER
Tennessee Titans,"Klein, Marlin HOU TE",,$0.98,4,2026 5.17,ACTIVE_ROSTER
Tennessee Titans,"Loveland, Colston CHI TE",,$4.32,3,2025 1.08,ACTIVE_ROSTER
Tennessee Titans,"Stowers, Eli PHI TE",Questionable,$2.20,4,2026 2.04,ACTIVE_ROSTER
Tennessee Titans,"Bates, Jake DET PK",,$2.00,1,2026 UFA,ACTIVE_ROSTER
Tennessee Titans,"McNamara, Austin NYJ PN",,$1.10,1,2026 ERFA,ACTIVE_ROSTER
Tennessee Titans,"Allen, Zach DEN DT",,$13.94,1,2024 UFA,ACTIVE_ROSTER
Tennessee Titans,"Jones, Chris KCC DT",,$3.53,1,2025 iEXT,ACTIVE_ROSTER
Tennessee Titans,"McNeill, Alim DET DT",,$2.06,1,2024 oEXT,ACTIVE_ROSTER
Tennessee Titans,"Payne, Da'Ron WAS DT",,$4.10,1,2026 UFA,ACTIVE_ROSTER
Tennessee Titans,"Burch, Jordan ARI DE",,$0.99,2,2025 UDFA,ACTIVE_ROSTER
Tennessee Titans,"Herbig, Nick PIT DE",,$1.23,1,2023 4.10,ACTIVE_ROSTER
Tennessee Titans,"Highsmith, Alex PIT DE",,$10.70,2,2026 oEXT,ACTIVE_ROSTER
Tennessee Titans,"Howell, Cashius CIN DE",,$1.44,4,2026 3.04,ACTIVE_ROSTER
Tennessee Titans,"Hunter, Danielle HOU DE",,$18.69,1,2026 oEXT,ACTIVE_ROSTER
Tennessee Titans,"Smith, Nolan PHI DE",,$1.32,1,2023 3.19,ACTIVE_ROSTER
Tennessee Titans,"Sweat, Montez CHI DE",,$8.55,2,2026 UFA,ACTIVE_ROSTER
Tennessee Titans,"Dennis, SirVocea TBB LB",,$1.10,1,2026 ERFA,ACTIVE_ROSTER
Tennessee Titans,"Elarms-Orr, Kaleb BUF LB",,$1.00,4,2026 5.04,ACTIVE_ROSTER
Tennessee Titans,"Miller, Ventrell JAC LB",,$2.00,1,2026 UFA,ACTIVE_ROSTER
Tennessee Titans,"Schwesinger, Carson CLE LB",,$1.80,3,2025 2.10,ACTIVE_ROSTER
Tennessee Titans,"Singleton, Alex DEN LB",,$3.00,1,2026 UFA,ACTIVE_ROSTER
Tennessee Titans,"Benford, Christian BUF CB",,$1.10,1,2026 ERFA,ACTIVE_ROSTER
Tennessee Titans,"Porter Jr., Joey PIT CB",,$2.00,1,2026 UFA,ACTIVE_ROSTER
Tennessee Titans,"Woolen, Tariq PHI CB",,$1.10,1,2026 R/F,ACTIVE_ROSTER
Tennessee Titans,"Curl, Kamren LAR S",,$2.85,2,2026 UFA,ACTIVE_ROSTER
Tennessee Titans,"Johnson, Antonio JAC S",,$3.52,2,2026 RRFA,ACTIVE_ROSTER
Tennessee Titans,"Smith, Tykee TBB S",,$1.08,2,2024 5.14,ACTIVE_ROSTER
Denver Broncos,"Williams, Savion GBP WR",IR-R,$1.03,3,2025 5.12,INJURED_RESERVE
Denver Broncos,"Proctor, Kaleb ARI DT",IR,$0.94,3,2026 UDFA,INJURED_RESERVE
Denver Broncos,"Crawford, Keyron LVR DE",IR,$0.94,3,2026 UDFA,INJURED_RESERVE
Denver Broncos,"Amos, Trey WAS CB",IR-R,$1.10,1,2026 R/F,INJURED_RESERVE
Denver Broncos,"Beck, Carson ARI QB",,$1.13,4,2026 4.02,ACTIVE_ROSTER
Denver Broncos,"Lawrence, Trevor JAC QB",,$14.95,2,2025 UFA,ACTIVE_ROSTER
Denver Broncos,"Tagovailoa, Tua ATL QB",,$20.49,2,2025 B/R,ACTIVE_ROSTER
Denver Broncos,"Croskey-Merritt, Jacory WAS RB",Questionable,$0.99,2,2025 UDFA,ACTIVE_ROSTER
Denver Broncos,"Etienne, Travis NOS RB",,$14.48,2,2026 oEXT,ACTIVE_ROSTER
Denver Broncos,"Lloyd, MarShawn GBP RB",,$1.38,2,2024 3.08,ACTIVE_ROSTER
Denver Broncos,"Love, Jeremiyah ARI RB",Questionable,$11.67,4,2026 1.01,ACTIVE_ROSTER
Denver Broncos,"Ayomanor, Elic TEN WR",,$1.17,3,2025 3.23,ACTIVE_ROSTER
Denver Broncos,"Bond, Isaiah CLE WR",,$1.02,3,2025 5.22,ACTIVE_ROSTER
Denver Broncos,"Higgins, Tee CIN WR",Questionable,$15.43,2,2024 B/R,ACTIVE_ROSTER
Denver Broncos,"McMillan, Jalen TBB WR",Questionable,$1.19,2,2024 4.05,ACTIVE_ROSTER
Denver Broncos,"McMillan, Tetairoa CAR WR",,$7.73,3,2025 1.03,ACTIVE_ROSTER
Denver Broncos,"Mooney, Darnell NYG WR",,$2.00,1,2026 UFA,ACTIVE_ROSTER
Denver Broncos,"Helm, Gunnar TEN TE",,$1.04,3,2025 5.07,ACTIVE_ROSTER
Denver Broncos,"Hockenson, T.J. MIN TE",,$18.50,2,2025 oEXT,ACTIVE_ROSTER
Denver Broncos,"LaPorta, Sam DET TE",Questionable,$3.70,1,2023 2.02^,ACTIVE_ROSTER
Denver Broncos,"Mayer, Michael LVR TE",,$1.10,1,2026 R/F,ACTIVE_ROSTER
Denver Broncos,"Smack, Trey GBP PK",,$0.98,4,2026 5.15,ACTIVE_ROSTER
Denver Broncos,"Crawshaw, Jeremy DEN PN",,$1.06,3,2025 5.01,ACTIVE_ROSTER
Denver Broncos,"Alexander, Darius NYG DT",,$1.03,3,2025 5.10,ACTIVE_ROSTER
Denver Broncos,"Allen, Jonathan CIN DT",,$5.10,1,2026 UFA,ACTIVE_ROSTER
Denver Broncos,"Brown, Derrick CAR DT",Questionable,$19.49,2,2024 oEXT,ACTIVE_ROSTER
Denver Broncos,"Robinson, Darius ARI DT",,$1.56,2,2024 2.16,ACTIVE_ROSTER
Denver Broncos,"Shepherd, Nathan NOS DT",,$1.10,1,2026 R/F,ACTIVE_ROSTER
Denver Broncos,"Uwazurike, Eyioma DEN DT",,$1.10,1,2026 ERFA,ACTIVE_ROSTER
Denver Broncos,"Booker, Austin CHI DE",Questionable,$1.10,2,2024 4.22,ACTIVE_ROSTER
Denver Broncos,"Bosa, Nick SFO DE",Questionable,$23.13,3,2026 mEXT,ACTIVE_ROSTER
Denver Broncos,"Chubb, Bradley BUF DE",,$3.75,1,2025 ORFA1,ACTIVE_ROSTER
Denver Broncos,"Faulk, Keldric TEN DE",Questionable,$1.52,4,2026 3.01,ACTIVE_ROSTER
Denver Broncos,"Young, Zion BAL DE",,$1.25,4,2026 3.13,ACTIVE_ROSTER
Denver Broncos,"Barham, Jaishawn DAL LB",,$1.01,4,2026 5.01,ACTIVE_ROSTER
Denver Broncos,"Buchanan, Teddye BAL LB",Questionable,$1.03,3,2025 5.20,ACTIVE_ROSTER
Denver Broncos,"Dodson, Tyrel CAR LB",,$2.30,1,2026 UFA,ACTIVE_ROSTER
Denver Broncos,"Knight, Tyrice SEA LB",,$1.03,1,2024 UDFA,ACTIVE_ROSTER
Denver Broncos,"Sherwood, Jamien NYJ LB",,$5.88,2,2025 SRFA,ACTIVE_ROSTER
Denver Broncos,"Smith, Roquan BAL LB",,$14.27,2,2024 oEXT,ACTIVE_ROSTER
Denver Broncos,"Parrish, Jacob TBB CB",,$1.10,1,2026 ERFA,ACTIVE_ROSTER
Denver Broncos,"Phillips, Andru NYG CB",Questionable,$1.10,1,2025 R/F,ACTIVE_ROSTER
Denver Broncos,"Riley, Quincy NOS CB",Questionable,$1.10,1,2026 UFA,ACTIVE_ROSTER
Denver Broncos,"Scott, Keionte TBB CB",,$0.98,4,2026 5.14,ACTIVE_ROSTER
Denver Broncos,"Battle, Jordan CIN S",,$6.50,1,2026 ORFA3,ACTIVE_ROSTER
Denver Broncos,"Cook, Bryan CIN S",,$1.10,1,2026 R/F,ACTIVE_ROSTER
Denver Broncos,"Hooker, Amani TEN S",,$5.43,1,2025 UFA,ACTIVE_ROSTER
Denver Broncos,"Woodson, Craig NEP S",,$1.03,3,2025 5.15,ACTIVE_ROSTER
Kansas City Chiefs,"Tyson, Jordyn NOS WR",IR-R,$6.27,4,2026 1.05,INJURED_RESERVE
Kansas City Chiefs,"Scourton, Nic CAR DE",IR,$1.09,3,2025 4.11,INJURED_RESERVE
Kansas City Chiefs,"Clark, Bud SEA S",IR,$1.00,4,2026 5.02,INJURED_RESERVE
Kansas City Chiefs,"Dart, Jaxson NYG QB",,$2.35,3,2025 2.02,ACTIVE_ROSTER
Kansas City Chiefs,"Mahomes, Patrick KCC QB",Questionable,$41.47,3,2023 oEXT,ACTIVE_ROSTER
Kansas City Chiefs,"Harvey, RJ DEN RB",,$2.56,3,2025 1.16,ACTIVE_ROSTER
Kansas City Chiefs,"Holani, George SEA RB",,$1.10,1,2026 UFA,ACTIVE_ROSTER
Kansas City Chiefs,"Hubbard, Chuba CAR RB",Questionable,$9.12,1,2025 oEXT,ACTIVE_ROSTER
Kansas City Chiefs,"Miller, Kendre NOS RB",Questionable,$2.10,1,2023 2.06,ACTIVE_ROSTER
Kansas City Chiefs,"Rodriguez, Chris JAC RB",,$5.00,1,2026 UFA,ACTIVE_ROSTER
Kansas City Chiefs,"Bell, Chris MIA WR",,$1.71,4,2026 2.12,ACTIVE_ROSTER
Kansas City Chiefs,"Chase, Ja'Marr CIN WR",Questionable,$20.61,4,2024 iEXT,ACTIVE_ROSTER
Kansas City Chiefs,"Concepcion, KC CLE WR",,$4.99,4,2026 1.07,ACTIVE_ROSTER
Kansas City Chiefs,"Dotson, Jahan ATL WR",,$1.10,1,2026 R/F,ACTIVE_ROSTER
Kansas City Chiefs,"Jefferson, Justin MIN WR",,$43.12,3,2024 iEXT,ACTIVE_ROSTER
Kansas City Chiefs,"Odunze, Rome CHI WR",Questionable,$5.43,2,2024 1.05,ACTIVE_ROSTER
Kansas City Chiefs,"Sarratt, Elijah BAL WR",,$1.03,4,2026 4.17,ACTIVE_ROSTER
Kansas City Chiefs,"Endries, Jack CIN TE",,$0.94,3,2026 UDFA,ACTIVE_ROSTER
Kansas City Chiefs,"Fannin, Harold CLE TE",,$1.33,3,2025 3.10,ACTIVE_ROSTER
Kansas City Chiefs,"Gadsden, Oronde LAC TE",,$0.99,2,2025 UDFA,ACTIVE_ROSTER
Kansas City Chiefs,"Shrader, Spencer IND PK",,$1.10,1,2026 UFA,ACTIVE_ROSTER
Kansas City Chiefs,"Wright, Ryan NOS PN",,$1.10,1,2026 R/F,ACTIVE_ROSTER
Kansas City Chiefs,"Drake-Rodriguez, Levi MIN DT",,$1.10,1,2026 ERFA,ACTIVE_ROSTER
Kansas City Chiefs,"Hunter, Lee CAR DT",,$0.98,4,2026 5.22,ACTIVE_ROSTER
Kansas City Chiefs,"Laulu, Jonah LVR DT",,$2.47,2,2026 UFA,ACTIVE_ROSTER
Kansas City Chiefs,"Nolen, Walter ARI DT",,$1.46,3,2025 3.04,ACTIVE_ROSTER
Kansas City Chiefs,"Williams, Milton NEP DT",,$2.02,4,2026 oEXT,ACTIVE_ROSTER
Kansas City Chiefs,"Bain Jr., Rueben TBB DE",Questionable,$4.13,4,2026 1.09,ACTIVE_ROSTER
Kansas City Chiefs,"Jones, Dre'Mont NEP DE",,$2.00,1,2026 UFA,ACTIVE_ROSTER
Kansas City Chiefs,"Mafe, Boye CIN DE",,$2.01,2,2026 UFA,ACTIVE_ROSTER
Kansas City Chiefs,"Robinson, Quandarrius DEN DE",,$2.00,1,2026 UFA,ACTIVE_ROSTER
Kansas City Chiefs,"Umanmielen, Princely CAR DE",,$0.99,2,2025 UDFA,ACTIVE_ROSTER
Kansas City Chiefs,"Daniels, Kendal ATL LB",,$0.94,3,2026 UDFA,ACTIVE_ROSTER
Kansas City Chiefs,"Louis, Kyle MIA LB",,$0.94,3,2026 UDFA,ACTIVE_ROSTER
Kansas City Chiefs,"Spillane, Robert NEP LB",,$2.00,1,2026 UFA,ACTIVE_ROSTER
Kansas City Chiefs,"Thomas, Drake SEA LB",,$1.10,1,2026 ERFA,ACTIVE_ROSTER
Kansas City Chiefs,"Trotter, Josiah TBB LB",,$1.92,4,2026 2.08,ACTIVE_ROSTER
Kansas City Chiefs,"Williams, Quincy CLE LB",,$4.94,2,2026 B/R,ACTIVE_ROSTER
Kansas City Chiefs,"Wilson, Eric MIN LB",,$2.01,2,2026 UFA,ACTIVE_ROSTER
Kansas City Chiefs,"Barron, Jahdae DEN CB",,$1.19,3,2025 3.21,ACTIVE_ROSTER
Kansas City Chiefs,"Hill, Daxton CIN CB",Questionable,$2.00,1,2026 UFA,ACTIVE_ROSTER
Kansas City Chiefs,"McMillian, Ja'Quan DEN CB",,$2.00,1,2026 UFA,ACTIVE_ROSTER
Kansas City Chiefs,"Murphy, Byron MIN CB",,$1.10,1,2026 UFA,ACTIVE_ROSTER
Kansas City Chiefs,"Walley, Justin IND CB",,$1.10,1,2026 UFA,ACTIVE_ROSTER
Kansas City Chiefs,"Brisker, Jaquan PIT S",Questionable,$4.47,2,2025 iEXT,ACTIVE_ROSTER
Kansas City Chiefs,"Emmanwori, Nick SEA S",Questionable,$1.57,3,2025 2.16,ACTIVE_ROSTER
Kansas City Chiefs,"Holland, Jevon NYG S",,$2.67,2,2025 UFA,ACTIVE_ROSTER
Kansas City Chiefs,"Okada, Ty SEA S",Questionable,$1.10,1,2026 R/F,ACTIVE_ROSTER
Las Vegas Raiders,"Landry, Harold NEP DE",IR-PUP,$7.92,2,2025 UFA,INJURED_RESERVE
Las Vegas Raiders,"Daniels, Jayden WAS QB",,$4.87,2,2024 1.06,ACTIVE_ROSTER
Las Vegas Raiders,"Goff, Jared DET QB",,$26.98,2,2024 oEXT,ACTIVE_ROSTER
Las Vegas Raiders,"Rattler, Spencer NOS QB",,$1.08,2,2024 5.13,ACTIVE_ROSTER
Las Vegas Raiders,"Dowdle, Rico PIT RB",,$5.77,1,2026 SRFA,ACTIVE_ROSTER
Las Vegas Raiders,"Irving, Bucky TBB RB",,$1.11,2,2024 4.18,ACTIVE_ROSTER
Las Vegas Raiders,"Robinson, Bijan ATL RB",,$10.93,1,2023 1.01,ACTIVE_ROSTER
Las Vegas Raiders,"Swift, D'Andre CHI RB",Questionable,$6.56,1,2024 oEXT,ACTIVE_ROSTER
Las Vegas Raiders,"Cooper Jr., Omar NYJ WR",,$2.91,4,2026 1.14,ACTIVE_ROSTER
Las Vegas Raiders,"Hutchinson, Xavier HOU WR",,$2.01,3,2026 UFA,ACTIVE_ROSTER
Las Vegas Raiders,"London, Drake ATL WR",,$29.83,1,2026 5YO,ACTIVE_ROSTER
Las Vegas Raiders,"Smith-Njigba, Jaxon SEA WR",,$6.09,1,2023 1.05,ACTIVE_ROSTER
Las Vegas Raiders,"Sutton, Courtland DEN WR",,$24.97,3,2026 oEXT,ACTIVE_ROSTER
Las Vegas Raiders,"Tolbert, Jalen MIA WR",,$2.05,2,2025 UFA,ACTIVE_ROSTER
Las Vegas Raiders,"Tucker, Tre LVR WR",,$1.10,1,2026 ERFA,ACTIVE_ROSTER
Las Vegas Raiders,"Bellinger, Daniel TEN TE",,$2.06,1,2024 UFA,ACTIVE_ROSTER
Las Vegas Raiders,"Ferguson, Jake DAL TE",,$5.77,2,2026 SRFA,ACTIVE_ROSTER
Las Vegas Raiders,"Dicker, Cameron LAC PK",Questionable,$2.79,3,2026 UFA,ACTIVE_ROSTER
Las Vegas Raiders,"Bojorquez, Corey CLE PN",,$2.05,1,2025 UFA,ACTIVE_ROSTER
Las Vegas Raiders,"Davis, Jordan PHI DT",,$20.26,1,2026 NEFT,ACTIVE_ROSTER
Las Vegas Raiders,"Eboigbe, Justin LAC DT",,$2.01,2,2026 UFA,ACTIVE_ROSTER
Las Vegas Raiders,"Ojomo, Moro PHI DT",,$2.01,3,2026 UFA,ACTIVE_ROSTER
Las Vegas Raiders,"Williams, Quinnen DAL DT",,$12.65,1,2025 UFA,ACTIVE_ROSTER
Las Vegas Raiders,"Carter, Abdul NYG DE",,$3.97,3,2025 1.09,ACTIVE_ROSTER
Las Vegas Raiders,"Nwosu, Uchenna SEA DE",,$1.10,1,2026 R/F,ACTIVE_ROSTER
Las Vegas Raiders,"Sweat, Josh ARI DE",,$5.78,3,2026 oEXT,ACTIVE_ROSTER
Las Vegas Raiders,"Anzalone, Alex TBB LB",,$2.10,1,2026 UFA,ACTIVE_ROSTER
Las Vegas Raiders,"Bernard, Terrel BUF LB",,$5.15,2,2025 UFA,ACTIVE_ROSTER
Las Vegas Raiders,"Dean, Nakobe LVR LB",,$7.69,4,2026 oEXT,ACTIVE_ROSTER
Las Vegas Raiders,"Jones, Ernest SEA LB",,$7.43,2,2025 UFA,ACTIVE_ROSTER
Las Vegas Raiders,"Obiazor, Namdi NEP LB",,$0.94,3,2026 UDFA,ACTIVE_ROSTER
Las Vegas Raiders,"Werner, Pete NOS LB",Questionable,$2.05,1,2025 UFA,ACTIVE_ROSTER
Las Vegas Raiders,"Woodaz, Wade HOU LB",Questionable,$0.94,3,2026 UDFA,ACTIVE_ROSTER
Las Vegas Raiders,"Fulton, Kristian KCC CB",,$1.10,1,2026 R/F,ACTIVE_ROSTER
Las Vegas Raiders,"Horn, Jaycee CAR CB",,$3.14,1,2025 UFA,ACTIVE_ROSTER
Las Vegas Raiders,"Jobe, Josh SEA CB",,$1.10,1,2026 R/F,ACTIVE_ROSTER
Las Vegas Raiders,"Nixon, Keisean GBP CB",,$2.60,1,2026 UFA,ACTIVE_ROSTER
Las Vegas Raiders,"Rodgers, Isaiah MIN CB",,$1.10,1,2026 ERFA,ACTIVE_ROSTER
Las Vegas Raiders,"Dugger, Kyle CIN S",,$7.08,1,2024 UFA,ACTIVE_ROSTER
Las Vegas Raiders,"Hawkins, Jaylinn BAL S",,$1.10,1,2026 ERFA,ACTIVE_ROSTER
Las Vegas Raiders,"Jackson, Theo MIN S",,$2.47,2,2026 UFA,ACTIVE_ROSTER
Las Vegas Raiders,"Lake, Quentin LAR S",,$4.39,1,2025 UFA,ACTIVE_ROSTER
Las Vegas Raiders,"McKinney, Xavier GBP S",,$5.88,1,2023 UFA,ACTIVE_ROSTER
Las Vegas Raiders,"Sanker, Jonas NOS S",,$1.02,3,2025 5.21,ACTIVE_ROSTER
Las Vegas Raiders,"Pearce, James ATL DE",Suspended,$1.86,3,2025 2.09,TAXI_SQUAD
Los Angeles Chargers,"Higgins, Jayden HOU WR",IR,$2.84,3,2025 1.14,INJURED_RESERVE
Los Angeles Chargers,"Thornton, Dont'e LVR WR",IR,$2.06,1,2025 UFA,INJURED_RESERVE
Los Angeles Chargers,"Parsons, Micah GBP DE",IR-PUP,$11.08,3,2024 iEXT,INJURED_RESERVE
Los Angeles Chargers,"Cousins, Kirk LVR QB",,$5.10,1,2026 UFA,ACTIVE_ROSTER
Los Angeles Chargers,"Jones, Mac SFO QB",,$2.01,2,2026 UFA,ACTIVE_ROSTER
Los Angeles Chargers,"Mendoza, Fernando LVR QB",,$7.14,4,2026 1.04,ACTIVE_ROSTER
Los Angeles Chargers,"Achane, De'Von MIA RB",,$5.81,1,2023 2.13^,ACTIVE_ROSTER
Los Angeles Chargers,"Claiborne, Demond MIN RB",,$1.15,4,2026 3.20,ACTIVE_ROSTER
Los Angeles Chargers,"Cook, James BUF RB",,$16.87,3,2026 oEXT,ACTIVE_ROSTER
Los Angeles Chargers,"Corum, Blake LAR RB",,$1.39,2,2024 3.07,ACTIVE_ROSTER
Los Angeles Chargers,"Tuten, Bhayshul JAC RB",Questionable,$1.51,3,2025 3.02,ACTIVE_ROSTER
Los Angeles Chargers,"Daniels, CJ LAR WR",,$0.94,3,2026 UDFA,ACTIVE_ROSTER
Los Angeles Chargers,"Fields, Malachi NYG WR",,$2.05,4,2026 2.06,ACTIVE_ROSTER
Los Angeles Chargers,"McConkey, Ladd LAC WR",,$3.45,2,2024 1.10,ACTIVE_ROSTER
Los Angeles Chargers,"Raymond, Kalif CHI WR",,$1.10,1,2026 UFA,ACTIVE_ROSTER
Los Angeles Chargers,"Reed, Jayden GBP WR",,$2.05,1,2023 2.07,ACTIVE_ROSTER
Los Angeles Chargers,"Pitts, Kyle ATL TE",,$10.07,2,2024 iEXT,ACTIVE_ROSTER
Los Angeles Chargers,"Sinnott, Ben WAS TE",Questionable,$1.66,2,2024 2.13,ACTIVE_ROSTER
Los Angeles Chargers,"Strange, Brenton JAC TE",,$1.10,1,2025 R/F,ACTIVE_ROSTER
Los Angeles Chargers,"Aubrey, Brandon DAL PK",,$3.92,4,2026 oEXT,ACTIVE_ROSTER
Los Angeles Chargers,"Fairbairn, Ka'imi HOU PK",,$1.99,1,2023 iEXT,ACTIVE_ROSTER
Los Angeles Chargers,"Sanchez, Rigoberto IND PN",,$2.39,1,2024 iEXT,ACTIVE_ROSTER
Los Angeles Chargers,"Dorlus, Brandon ATL DT",,$1.10,1,2026 ERFA,ACTIVE_ROSTER
Los Angeles Chargers,"Franklin-Myers, John TEN DT",,$1.10,1,2026 UFA,ACTIVE_ROSTER
Los Angeles Chargers,"Hall, Logan HOU DT",,$1.10,1,2026 R/F,ACTIVE_ROSTER
Los Angeles Chargers,"Harmon, Derrick PIT DT",,$1.64,3,2025 2.14,ACTIVE_ROSTER
Los Angeles Chargers,"Harrison, Zach ATL DT",,$1.10,1,2025 R/F,ACTIVE_ROSTER
Los Angeles Chargers,"Walker, Deone BUF DT",,$1.10,1,2026 ERFA,ACTIVE_ROSTER
Los Angeles Chargers,"Cox, Brenton GBP DE",,$2.54,1,2025 oEXT,ACTIVE_ROSTER
Los Angeles Chargers,"Crosby, Maxx LVR DE",,$25.29,3,2023 iEXT,ACTIVE_ROSTER
Los Angeles Chargers,"Greenard, Jonathan PHI DE",Questionable,$20.65,1,2025 oEXT,ACTIVE_ROSTER
Los Angeles Chargers,"Robinson, Tavius BAL DE",,$1.10,1,2026 UFA,ACTIVE_ROSTER
Los Angeles Chargers,"Campbell, Jack DET LB",,$3.10,1,2023 1.13+,ACTIVE_ROSTER
Los Angeles Chargers,"Edwards, T.J. CHI LB",,$10.63,2,2024 oEXT,ACTIVE_ROSTER
Los Angeles Chargers,"Golday, Jake MIN LB",,$1.39,4,2026 3.06,ACTIVE_ROSTER
Los Angeles Chargers,"Rodriguez, Jacob MIA LB",Questionable,$2.50,4,2026 2.01,ACTIVE_ROSTER
Los Angeles Chargers,"Wallace, Trevin NYJ LB",,$1.20,1,2024 4.03,ACTIVE_ROSTER
Los Angeles Chargers,"Winters, Dee DAL LB",,$1.10,1,2025 R/F,ACTIVE_ROSTER
Los Angeles Chargers,"Abney, Keith DET CB",,$1.10,1,2026 UFA,ACTIVE_ROSTER
Los Angeles Chargers,"Johnson, Chris MIA CB",,$1.10,4,2026 4.06,ACTIVE_ROSTER
Los Angeles Chargers,"Jones, Jaylon IND CB",,$4.08,1,2024 iEXT,ACTIVE_ROSTER
Los Angeles Chargers,"Still, Tarheeb LAC CB",,$1.10,1,2026 R/F,ACTIVE_ROSTER
Los Angeles Chargers,"Stout, Upton SFO CB",Questionable,$1.10,1,2026 ERFA,ACTIVE_ROSTER
Los Angeles Chargers,"Anderson, Zayne MIA S",,$1.10,1,2026 UFA,ACTIVE_ROSTER
Los Angeles Chargers,"Kilgore, Jalon BUF S",,$0.98,4,2026 5.21,ACTIVE_ROSTER
Los Angeles Chargers,"Pitre, Jalen HOU S",,$5.89,2,2026 UFA,ACTIVE_ROSTER
Los Angeles Chargers,"Watts, Xavier ATL S",,$1.26,3,2025 3.14,ACTIVE_ROSTER
