event_name,franchise,occurred_at,event_kind,commissioner_initiated,event_text
R/F,CHI,2026-04-03T15:59:59Z,nomination,FALSE,0005 1775231999 15140|0| AUCTION_INIT NA NA NA NA NA NA NA NA NA NA NA NA NA NA
R/F,CHI,2026-04-03T15:59:53Z,nomination,FALSE,0005 1775231993 16384|0| AUCTION_INIT NA NA NA NA NA NA NA NA NA NA NA NA NA NA
R/F,DAL,2026-04-03T15:59:51Z,win,FALSE,0001 1775231991 11383|0| AUCTION_WON NA NA NA NA NA NA NA NA NA NA NA NA NA NA
R/F,NOS,2026-04-03T15:59:48Z,bid,FALSE,0011 1775231988 16016|1000| AUCTION_BID NA NA NA NA NA NA NA NA NA NA NA NA NA NA
R/F,KCC,2026-04-03T15:59:46Z,bid,FALSE,0030 1775231986 16010|13000| AUCTION_BID NA NA NA NA NA NA NA NA NA NA NA NA NA NA
R/F,CHI,2026-04-03T15:59:42Z,nomination,FALSE,0005 1775231982 16296|0| AUCTION_INIT NA NA NA NA NA NA NA NA NA NA NA NA NA NA
R/F,CHI,2026-04-03T15:59:33Z,nomination,FALSE,0005 1775231973 17129|0| AUCTION_INIT NA NA NA NA NA NA NA NA NA NA NA NA NA NA
R/F,KCC,2026-04-03T15:59:32Z,nomination,FALSE,0030 1775231972 17193|0| AUCTION_INIT NA NA NA NA NA NA NA NA NA NA NA NA NA NA
R/F,TBB,2026-04-03T15:59:31Z,bid,FALSE,0012 1775231971 16595|9000|Dallas Cowboys forced bid increase AUCTION_BID NA NA NA NA NA NA NA NA NA NA NA NA NA NA
R/F,CHI,2026-04-03T15:59:25Z,nomination,FALSE,0005 1775231965 16016|0| AUCTION_INIT NA NA NA NA NA NA NA NA NA NA NA NA NA NA
R/F,NOS,2026-04-03T15:59:25Z,nomination,FALSE,0011 1775231965 14903|0| AUCTION_INIT NA NA NA NA NA NA NA NA NA NA NA NA NA NA
R/F,KCC,2026-04-03T15:59:20Z,nomination,FALSE,0030 1775231960 15492|0| AUCTION_INIT NA NA NA NA NA NA NA NA NA NA NA NA NA NA
R/F,TBB,2026-04-03T15:59:17Z,bid,FALSE,0012 1775231957 16595|7000|Dallas Cowboys forced bid increase AUCTION_BID NA NA NA NA NA NA NA NA NA NA NA NA NA NA
R/F,DAL,2026-04-03T15:59:17Z,bid,FALSE,0001 1775231957 14086|5000| AUCTION_BID NA NA NA NA NA NA NA NA NA NA NA NA NA NA
R/F,DAL,2026-04-03T15:59:17Z,bid,FALSE,0001 1775231957 13066|4000| AUCTION_BID NA NA NA NA NA NA NA NA NA NA NA NA NA NA
R/F,NOS,2026-04-03T15:59:10Z,bid,FALSE,0011 1775231950 15375|1000| AUCTION_BID NA NA NA NA NA NA NA NA NA NA NA NA NA NA
R/F,NOS,2026-04-03T15:59:10Z,bid,FALSE,0011 1775231950 13245|1000| AUCTION_BID NA NA NA NA NA NA NA NA NA NA NA NA NA NA
R/F,NOS,2026-04-03T15:59:10Z,bid,FALSE,0011 1775231950 13066|2000| AUCTION_BID NA NA NA NA NA NA NA NA NA NA NA NA NA NA
R/F,NOS,2026-04-03T15:59:10Z,bid,FALSE,0011 1775231950 12238|1000| AUCTION_BID NA NA NA NA NA NA NA NA NA NA NA NA NA NA
R/F,NOS,2026-04-03T15:59:06Z,nomination,FALSE,0011 1775231946 10267|0| AUCTION_INIT NA NA NA NA NA NA NA NA NA NA NA NA NA NA
R/F,DAL,2026-04-03T15:59:06Z,win,FALSE,0001 1775231946 14270|0| AUCTION_WON NA NA NA NA NA NA NA NA NA NA NA NA NA NA
R/F,KCC,2026-04-03T15:59:04Z,nomination,FALSE,0030 1775231944 15866|0| AUCTION_INIT NA NA NA NA NA NA NA NA NA NA NA NA NA NA
R/F,LAC,2026-04-03T15:59:03Z,nomination,FALSE,0032 1775231943 17261|0| AUCTION_INIT NA NA NA NA NA NA NA NA NA NA NA NA NA NA
R/F,KCC,2026-04-03T15:58:52Z,nomination,FALSE,0030 1775231932 15402|0| AUCTION_INIT NA NA NA NA NA NA NA NA NA NA NA NA NA NA
R/F,DAL,2026-04-03T15:58:51Z,win,FALSE,0001 1775231931 13133|0| AUCTION_WON NA NA NA NA NA NA NA NA NA NA NA NA NA NA
R/F,LAC,2026-04-03T15:58:44Z,bid,FALSE,0032 1775231924 15812|19000| AUCTION_BID NA NA NA NA NA NA NA NA NA NA NA NA NA NA
R/F,BAL,2026-04-03T15:58:31Z,bid,FALSE,0021 1775231911 15812|14000|Los Angeles Chargers forced bid increase AUCTION_BID NA NA NA NA NA NA NA NA NA NA NA NA NA NA
R/F,BAL,2026-04-03T15:58:18Z,bid,FALSE,0021 1775231898 15812|11000|Los Angeles Chargers forced bid increase AUCTION_BID NA NA NA NA NA NA NA NA NA NA NA NA NA NA
R/F,NYG,2026-04-03T15:50:04Z,win,FALSE,0002 1775231404 16428|0| AUCTION_WON NA NA NA NA NA NA NA NA NA NA NA NA NA NA
R/F,NYG,2026-04-03T15:45:56Z,nomination,FALSE,0002 1775231156 13245|0| AUCTION_INIT NA NA NA NA NA NA NA NA NA NA NA NA NA NA
R/F,NYG,2026-04-03T15:42:40Z,nomination,FALSE,0002 1775230960 14154|0| AUCTION_INIT NA NA NA NA NA NA NA NA NA NA NA NA NA NA
R/F,NEP,2026-04-03T15:30:32Z,win,FALSE,0019 1775230232 15823|0| AUCTION_WON NA NA NA NA NA NA NA NA NA NA NA NA NA NA
R/F,WAS,2026-04-03T15:29:34Z,win,FALSE,0004 1775230174 15823|34000| AUCTION_WON NA NA NA NA NA NA NA NA NA NA NA NA NA NA
R/F,NOS,2026-04-03T15:01:51Z,win,FALSE,0011 1775228511 11644|9000| AUCTION_WON NA NA NA NA NA NA NA NA NA NA NA NA NA NA
R/F,DET,2026-04-03T14:48:40Z,nomination,FALSE,0006 1775227720 15258|0| AUCTION_INIT NA NA NA NA NA NA NA NA NA NA NA NA NA NA
R/F,GBP,2026-04-03T14:37:03Z,bid,FALSE,0007 1775227023 16741|21000| AUCTION_BID NA NA NA NA NA NA NA NA NA NA NA NA NA NA
R/F,MIN,2026-04-03T14:31:32Z,win,FALSE,0008 1775226692 17040|0| AUCTION_WON NA NA NA NA NA NA NA NA NA NA NA NA NA NA
R/F,MIN,2026-04-03T14:31:32Z,win,FALSE,0008 1775226692 16149|0| AUCTION_WON NA NA NA NA NA NA NA NA NA NA NA NA NA NA
R/F,MIN,2026-04-03T14:31:32Z,win,FALSE,0008 1775226692 14904|0| AUCTION_WON NA NA NA NA NA NA NA NA NA NA NA NA NA NA
R/F,MIN,2026-04-03T14:27:38Z,bid,FALSE,0008 1775226458 15386|3000| AUCTION_BID NA NA NA NA NA NA NA NA NA NA NA NA NA NA
R/F,ARI,2026-04-03T14:27:15Z,bid,FALSE,0013 1775226435 15859|4000|Minnesota Vikings forced bid increase AUCTION_BID NA NA NA NA NA NA NA NA NA NA NA NA NA NA
R/F,MIN,2026-04-03T14:27:15Z,bid,FALSE,0008 1775226435 13066|1000| AUCTION_BID NA NA NA NA NA NA NA NA NA NA NA NA NA NA
R/F,TBB,2026-04-03T14:09:24Z,nomination,FALSE,0012 1775225364 15755|0| AUCTION_INIT NA NA NA NA NA NA NA NA NA NA NA NA NA NA
R/F,TBB,2026-04-03T14:03:16Z,nomination,FALSE,0012 1775224996 13738|0| AUCTION_INIT NA NA NA NA NA NA NA NA NA NA NA NA NA NA
R/F,MIN,2026-04-03T13:04:44Z,win,FALSE,0008 1775221484 14080|13000| AUCTION_WON NA NA NA NA NA NA NA NA NA NA NA NA NA NA
R/F,KCC,2026-04-03T12:25:10Z,win,FALSE,0030 1775219110 15849|0| AUCTION_WON NA NA NA NA NA NA NA NA NA NA NA NA NA NA
R/F,DET,2026-04-03T12:21:38Z,win,FALSE,0006 1775218898 16457|4000| AUCTION_WON NA NA NA NA NA NA NA NA NA NA NA NA NA NA
R/F,DET,2026-04-03T12:21:38Z,win,FALSE,0006 1775218898 15376|0| AUCTION_WON NA NA NA NA NA NA NA NA NA NA NA NA NA NA
R/F,ATL,2026-04-03T10:25:16Z,nomination,FALSE,0009 1775211916 16730|0| AUCTION_INIT NA NA NA NA NA NA NA NA NA NA NA NA NA NA
R/F,ATL,2026-04-03T10:24:40Z,nomination,FALSE,0009 1775211880 17208|0| AUCTION_INIT NA NA NA NA NA NA NA NA NA NA NA NA NA NA
R/F,ATL,2026-04-03T10:24:23Z,nomination,FALSE,0009 1775211863 12238|0| AUCTION_INIT NA NA NA NA NA NA NA NA NA NA NA NA NA NA
R/F,ATL,2026-04-03T10:22:32Z,nomination,FALSE,0009 1775211752 15173|0| AUCTION_INIT NA NA NA NA NA NA NA NA NA NA NA NA NA NA
R/F,ATL,2026-04-03T10:20:03Z,nomination,FALSE,0009 1775211603 16170|0| AUCTION_INIT NA NA NA NA NA NA NA NA NA NA NA NA NA NA
R/F,ATL,2026-04-03T10:19:25Z,nomination,FALSE,0009 1775211565 16746|0| AUCTION_INIT NA NA NA NA NA NA NA NA NA NA NA NA NA NA
R/F,LVR,2026-04-03T03:59:42Z,bid,FALSE,0031 1775188782 14904|16000| AUCTION_BID NA NA NA NA NA NA NA NA NA NA NA NA NA NA
R/F,HOU,2026-04-03T03:59:33Z,bid,FALSE,0025 1775188773 16139|17000|Las Vegas Raiders forced bid increase AUCTION_BID NA NA NA NA NA NA NA NA NA NA NA NA NA NA
R/F,HOU,2026-04-03T03:59:06Z,bid,FALSE,0025 1775188746 14904|14000|Las Vegas Raiders forced bid increase AUCTION_BID NA NA NA NA NA NA NA NA NA NA NA NA NA NA
R/F,LVR,2026-04-03T03:58:53Z,bid,FALSE,0031 1775188733 13704|66000| AUCTION_BID NA NA NA NA NA NA NA NA NA NA NA NA NA NA
R/F,JAC,2026-04-03T02:37:12Z,win,FALSE,0027 1775183832 15473|20000| AUCTION_WON NA NA NA NA NA NA NA NA NA NA NA NA NA NA
R/F,JAC,2026-04-03T02:37:12Z,win,FALSE,0027 1775183832 14095|0| AUCTION_WON NA NA NA NA NA NA NA NA NA NA NA NA NA NA
R/F,JAC,2026-04-03T02:37:12Z,win,FALSE,0027 1775183832 12831|0| AUCTION_WON NA NA NA NA NA NA NA NA NA NA NA NA NA NA
R/F,JAC,2026-04-03T02:37:12Z,win,FALSE,0027 1775183832 12231|0| AUCTION_WON NA NA NA NA NA NA NA NA NA NA NA NA NA NA
R/F,JAC,2026-04-03T02:30:36Z,win,FALSE,0027 1775183436 12785|0| AUCTION_WON NA NA NA NA NA NA NA NA NA NA NA NA NA NA
R/F,LAC,2026-04-03T01:55:04Z,nomination,FALSE,0032 1775181304 17035|0| AUCTION_INIT NA NA NA NA NA NA NA NA NA NA NA NA NA NA
R/F,JAC,2026-04-03T01:54:41Z,bid,FALSE,0027 1775181281 13704|63000| AUCTION_BID NA NA NA NA NA NA NA NA NA NA NA NA NA NA
R/F,LVR,2026-04-03T01:54:25Z,bid,FALSE,0031 1775181265 13704|60000|Jacksonville Jaguars forced bid increase AUCTION_BID NA NA NA NA NA NA NA NA NA NA NA NA NA NA
R/F,CAR,2026-04-03T01:11:49Z,nomination,FALSE,0010 1775178709 11947|0| AUCTION_INIT NA NA NA NA NA NA NA NA NA NA NA NA NA NA
R/F,MIN,2026-04-02T23:37:35Z,bid,FALSE,0008 1775173055 14086|4000|Carolina Panthers forced bid increase AUCTION_BID NA NA NA NA NA NA NA NA NA NA NA NA NA NA
R/F,MIN,2026-04-02T23:37:19Z,bid,FALSE,0008 1775173039 14086|3000|Carolina Panthers forced bid increase AUCTION_BID NA NA NA NA NA NA NA NA NA NA NA NA NA NA
R/F,CAR,2026-04-02T23:35:01Z,nomination,FALSE,0010 1775172901 17195|0| AUCTION_INIT NA NA NA NA NA NA NA NA NA NA NA NA NA NA
R/F,CAR,2026-04-02T23:34:40Z,nomination,FALSE,0010 1775172880 16738|0| AUCTION_INIT NA NA NA NA NA NA NA NA NA NA NA NA NA NA
R/F,CAR,2026-04-02T23:33:50Z,bid,FALSE,0010 1775172830 15989|24000| AUCTION_BID NA NA NA NA NA NA NA NA NA NA NA NA NA NA
R/F,BAL,2026-04-02T23:27:39Z,bid,FALSE,0021 1775172459 15812|7000| AUCTION_BID NA NA NA NA NA NA NA NA NA NA NA NA NA NA
R/F,BAL,2026-04-02T23:27:22Z,bid,FALSE,0021 1775172442 16010|7000| AUCTION_BID NA NA NA NA NA NA NA NA NA NA NA NA NA NA
R/F,NYG,2026-04-02T22:52:07Z,nomination,FALSE,0002 1775170327 16608|0| AUCTION_INIT NA NA NA NA NA NA NA NA NA NA NA NA NA NA
R/F,BAL,2026-04-02T22:34:43Z,win,FALSE,0021 1775169283 16727|18000| AUCTION_WON NA NA NA NA NA NA NA NA NA NA NA NA NA NA
R/F,KCC,2026-04-02T22:34:43Z,win,FALSE,0030 1775169283 11383|0| AUCTION_WON NA NA NA NA NA NA NA NA NA NA NA NA NA NA
R/F,TBB,2026-04-02T22:34:38Z,bid,FALSE,0012 1775169278 14924|37000|Seattle Seahawks forced bid increase AUCTION_BID NA NA NA NA NA NA NA NA NA NA NA NA NA NA
R/F,SEA,2026-04-02T22:27:00Z,bid,FALSE,0016 1775168820 16585|21000| AUCTION_BID NA NA NA NA NA NA NA NA NA NA NA NA NA NA
R/F,MIN,2026-04-02T22:24:21Z,nomination,FALSE,0008 1775168661 15375|0| AUCTION_INIT NA NA NA NA NA NA NA NA NA NA NA NA NA NA
R/F,MIN,2026-04-02T22:24:05Z,nomination,FALSE,0008 1775168645 16293|0| AUCTION_INIT NA NA NA NA NA NA NA NA NA NA NA NA NA NA
R/F,MIN,2026-04-02T22:23:41Z,bid,FALSE,0008 1775168621 14086|1000| AUCTION_BID NA NA NA NA NA NA NA NA NA NA NA NA NA NA
R/F,KCC,2026-04-02T22:16:28Z,bid,FALSE,0030 1775168188 16010|6000| AUCTION_BID NA NA NA NA NA NA NA NA NA NA NA NA NA NA
R/F,BAL,2026-04-02T22:16:13Z,bid,FALSE,0021 1775168173 16010|5000|Kansas City Chiefs forced bid increase AUCTION_BID NA NA NA NA NA NA NA NA NA NA NA NA NA NA
R/F,BAL,2026-04-02T22:15:42Z,bid,FALSE,0021 1775168142 16727|18000|Kansas City Chiefs forced bid increase AUCTION_BID NA NA NA NA NA NA NA NA NA NA NA NA NA NA
R/F,KCC,2026-04-02T22:15:22Z,win,FALSE,0030 1775168122 16572|33000| AUCTION_WON NA NA NA NA NA NA NA NA NA NA NA NA NA NA
R/F,DET,2026-04-02T22:06:28Z,nomination,FALSE,0006 1775167588 14244|0| AUCTION_INIT NA NA NA NA NA NA NA NA NA NA NA NA NA NA
R/F,DEN,2026-04-02T21:29:27Z,nomination,FALSE,0029 1775165367 13675|0| AUCTION_INIT NA NA NA NA NA NA NA NA NA NA NA NA NA NA
R/F,DEN,2026-04-02T21:28:24Z,nomination,FALSE,0029 1775165304 17158|0| AUCTION_INIT NA NA NA NA NA NA NA NA NA NA NA NA NA NA
R/F,DEN,2026-04-02T21:28:01Z,win,FALSE,0029 1775165281 17130|0| AUCTION_WON NA NA NA NA NA NA NA NA NA NA NA NA NA NA
R/F,DEN,2026-04-02T21:28:01Z,win,FALSE,0029 1775165281 15860|49000| AUCTION_WON NA NA NA NA NA NA NA NA NA NA NA NA NA NA
R/F,DEN,2026-04-02T21:16:36Z,nomination,FALSE,0029 1775164596 13744|0| AUCTION_INIT NA NA NA NA NA NA NA NA NA NA NA NA NA NA
R/F,DEN,2026-04-02T21:14:38Z,nomination,FALSE,0029 1775164478 16257|0| AUCTION_INIT NA NA NA NA NA NA NA NA NA NA NA NA NA NA
R/F,DEN,2026-04-02T21:12:45Z,nomination,FALSE,0029 1775164365 15855|0| AUCTION_INIT NA NA NA NA NA NA NA NA NA NA NA NA NA NA
R/F,DEN,2026-04-02T21:12:17Z,nomination,FALSE,0029 1775164337 16212|0| AUCTION_INIT NA NA NA NA NA NA NA NA NA NA NA NA NA NA
R/F,DEN,2026-04-02T21:12:02Z,win,FALSE,0029 1775164322 17196|0| AUCTION_WON NA NA NA NA NA NA NA NA NA NA NA NA NA NA
R/F,DEN,2026-04-02T21:10:55Z,win,FALSE,0029 1775164255 17221|0| AUCTION_WON NA NA NA NA NA NA NA NA NA NA NA NA NA NA
R/F,DEN,2026-04-02T21:10:55Z,win,FALSE,0029 1775164255 16633|0| AUCTION_WON NA NA NA NA NA NA NA NA NA NA NA NA NA NA
R/F,MIN,2026-04-02T21:06:27Z,win,FALSE,0008 1775163987 16356|0| AUCTION_WON NA NA NA NA NA NA NA NA NA NA NA NA NA NA
R/F,MIN,2026-04-02T21:06:27Z,win,FALSE,0008 1775163987 16217|0| AUCTION_WON NA NA NA NA NA NA NA NA NA NA NA NA NA NA
R/F,HOU,2026-04-02T20:58:21Z,bid,FALSE,0025 1775163501 16139|15000| AUCTION_BID NA NA NA NA NA NA NA NA NA NA NA NA NA NA
R/F,HOU,2026-04-02T20:57:55Z,bid,FALSE,0025 1775163475 15890|30000| AUCTION_BID NA NA NA NA NA NA NA NA NA NA NA NA NA NA
R/F,HOU,2026-04-02T20:57:42Z,bid,FALSE,0025 1775163462 14904|9000| AUCTION_BID NA NA NA NA NA NA NA NA NA NA NA NA NA NA
R/F,PIT,2026-04-02T20:30:50Z,nomination,FALSE,0024 1775161850 14930|0| AUCTION_INIT NA NA NA NA NA NA NA NA NA NA NA NA NA NA
R/F,NYG,2026-04-02T20:30:18Z,bid,FALSE,0002 1775161818 16585|12000| AUCTION_BID NA NA NA NA NA NA NA NA NA NA NA NA NA NA
R/F,BAL,2026-04-02T20:28:35Z,win,FALSE,0021 1775161715 17369|0| AUCTION_WON NA NA NA NA NA NA NA NA NA NA NA NA NA NA
R/F,BAL,2026-04-02T20:28:35Z,win,FALSE,0021 1775161715 15140|0| AUCTION_WON NA NA NA NA NA NA NA NA NA NA NA NA NA NA
R/F,HOU,2026-04-02T20:28:35Z,win,FALSE,0025 1775161715 14257|0| AUCTION_WON NA NA NA NA NA NA NA NA NA NA NA NA NA NA
R/F,HOU,2026-04-02T20:28:35Z,win,FALSE,0025 1775161715 13418|0| AUCTION_WON NA NA NA NA NA NA NA NA NA NA NA NA NA NA
R/F,ARI,2026-04-02T20:05:50Z,bid,FALSE,0013 1775160350 14213|1000| AUCTION_BID NA NA NA NA NA NA NA NA NA NA NA NA NA NA
R/F,ARI,2026-04-02T20:03:56Z,bid,FALSE,0013 1775160236 16741|11000| AUCTION_BID NA NA NA NA NA NA NA NA NA NA NA NA NA NA
R/F,ARI,2026-04-02T20:03:03Z,bid,FALSE,0013 1775160183 15859|1000| AUCTION_BID NA NA NA NA NA NA NA NA NA NA NA NA NA NA
R/F,NYG,2026-04-02T20:01:51Z,win,FALSE,0002 1775160111 17190|0| AUCTION_WON NA NA NA NA NA NA NA NA NA NA NA NA NA NA
R/F,ATL,2026-04-02T20:01:51Z,win,FALSE,0009 1775160111 16513|0| AUCTION_WON NA NA NA NA NA NA NA NA NA NA NA NA NA NA
R/F,PHI,2026-04-02T20:01:51Z,win,FALSE,0003 1775160111 16439|0| AUCTION_WON NA NA NA NA NA NA NA NA NA NA NA NA NA NA
R/F,ATL,2026-04-02T20:01:51Z,win,FALSE,0009 1775160111 16333|0| AUCTION_WON NA NA NA NA NA NA NA NA NA NA NA NA NA NA
R/F,ATL,2026-04-02T20:01:51Z,win,FALSE,0009 1775160111 16273|0| AUCTION_WON NA NA NA NA NA NA NA NA NA NA NA NA NA NA
R/F,ARI,2026-04-02T20:01:51Z,win,FALSE,0013 1775160111 15738|18000| AUCTION_WON NA NA NA NA NA NA NA NA NA NA NA NA NA NA
R/F,MIN,2026-04-02T20:01:51Z,win,FALSE,0008 1775160111 15626|6000| AUCTION_WON NA NA NA NA NA NA NA NA NA NA NA NA NA NA
R/F,ARI,2026-04-02T20:01:51Z,win,FALSE,0013 1775160111 13228|4000| AUCTION_WON NA NA NA NA NA NA NA NA NA NA NA NA NA NA
R/F,ATL,2026-04-02T20:01:51Z,win,FALSE,0009 1775160111 10814|0| AUCTION_WON NA NA NA NA NA NA NA NA NA NA NA NA NA NA
R/F,LAR,2026-04-02T19:08:30Z,nomination,FALSE,0014 1775156910 14213|0| AUCTION_INIT NA NA NA NA NA NA NA NA NA NA NA NA NA NA
R/F,LAR,2026-04-02T19:07:55Z,nomination,FALSE,0014 1775156875 17394|0| AUCTION_INIT NA NA NA NA NA NA NA NA NA NA NA NA NA NA
R/F,LAR,2026-04-02T19:03:36Z,nomination,FALSE,0014 1775156616 15510|0| AUCTION_INIT NA NA NA NA NA NA NA NA NA NA NA NA NA NA
R/F,TBB,2026-04-02T19:00:57Z,bid,FALSE,0012 1775156457 16595|1000| AUCTION_BID NA NA NA NA NA NA NA NA NA NA NA NA NA NA
R/F,TBB,2026-04-02T18:59:02Z,bid,FALSE,0012 1775156342 14924|32000| AUCTION_BID NA NA NA NA NA NA NA NA NA NA NA NA NA NA
R/F,DET,2026-04-02T18:58:04Z,win,FALSE,0006 1775156284 14930|1000| AUCTION_WON NA NA NA NA NA NA NA NA NA NA NA NA NA NA
R/F,NEP,2026-04-02T18:57:34Z,bid,FALSE,0019 1775156254 15395|1000| AUCTION_BID NA NA NA NA NA NA NA NA NA NA NA NA NA NA
R/F,DET,2026-04-02T18:47:54Z,win,FALSE,0006 1775155674 15894|64000| AUCTION_WON NA NA NA NA NA NA NA NA NA NA NA NA NA NA
R/F,CAR,2026-04-02T18:47:26Z,nomination,FALSE,0010 1775155646 15565|0| AUCTION_INIT NA NA NA NA NA NA NA NA NA NA NA NA NA NA
R/F,DET,2026-04-02T18:46:48Z,win,FALSE,0006 1775155608 15849|0| AUCTION_WON NA NA NA NA NA NA NA NA NA NA NA NA NA NA
R/F,CAR,2026-04-02T18:46:26Z,nomination,FALSE,0010 1775155586 15386|0| AUCTION_INIT NA NA NA NA NA NA NA NA NA NA NA NA NA NA
R/F,CAR,2026-04-02T18:45:45Z,bid,FALSE,0010 1775155545 14924|23000| AUCTION_BID NA NA NA NA NA NA NA NA NA NA NA NA NA NA
R/F,DET,2026-04-02T18:45:45Z,win,FALSE,0006 1775155545 17334|0| AUCTION_WON NA NA NA NA NA NA NA NA NA NA NA NA NA NA
R/F,DET,2026-04-02T18:44:55Z,win,FALSE,0006 1775155495 15914|0| AUCTION_WON NA NA NA NA NA NA NA NA NA NA NA NA NA NA
R/F,DET,2026-04-02T18:44:55Z,win,FALSE,0006 1775155495 15382|0| AUCTION_WON NA NA NA NA NA NA NA NA NA NA NA NA NA NA
R/F,LAC,2026-04-02T18:32:59Z,bid,FALSE,0032 1775154779 15812|6000| AUCTION_BID NA NA NA NA NA NA NA NA NA NA NA NA NA NA
R/F,BAL,2026-04-02T18:32:28Z,bid,FALSE,0021 1775154748 15812|4000|Los Angeles Chargers forced bid increase AUCTION_BID NA NA NA NA NA NA NA NA NA NA NA NA NA NA
R/F,BAL,2026-04-02T18:32:18Z,bid,FALSE,0021 1775154738 15812|3000|Los Angeles Chargers forced bid increase AUCTION_BID NA NA NA NA NA NA NA NA NA NA NA NA NA NA
R/F,DAL,2026-04-02T18:08:05Z,bid,FALSE,0001 1775153285 15989|23000| AUCTION_BID NA NA NA NA NA NA NA NA NA NA NA NA NA NA
R/F,LVR,2026-04-02T17:56:48Z,bid,FALSE,0031 1775152608 14904|6000| AUCTION_BID NA NA NA NA NA NA NA NA NA NA NA NA NA NA
R/F,LVR,2026-04-02T17:56:35Z,bid,FALSE,0031 1775152595 15989|14000| AUCTION_BID NA NA NA NA NA NA NA NA NA NA NA NA NA NA
R/F,LVR,2026-04-02T17:54:22Z,bid,FALSE,0031 1775152462 16139|11000| AUCTION_BID NA NA NA NA NA NA NA NA NA NA NA NA NA NA
R/F,LVR,2026-04-02T17:54:01Z,bid,FALSE,0031 1775152441 13704|58000| AUCTION_BID NA NA NA NA NA NA NA NA NA NA NA NA NA NA
R/F,IND,2026-04-02T17:53:50Z,bid,FALSE,0026 1775152430 13704|50000|Las Vegas Raiders forced bid increase AUCTION_BID NA NA NA NA NA NA NA NA NA NA NA NA NA NA
R/F,TBB,2026-04-02T17:44:50Z,bid,FALSE,0012 1775151890 14924|10000|Green Bay Packers forced bid increase AUCTION_BID NA NA NA NA NA NA NA NA NA NA NA NA NA NA
R/F,GBP,2026-04-02T17:42:41Z,nomination,FALSE,0007 1775151761 16741|0| AUCTION_INIT NA NA NA NA NA NA NA NA NA NA NA NA NA NA
R/F,DET,2026-04-02T17:42:02Z,bid,FALSE,0006 1775151722 15894|64000|Washington Commanders forced bid increase AUCTION_BID NA NA NA NA NA NA NA NA NA NA NA NA NA NA
R/F,NYG,2026-04-02T17:37:46Z,nomination,FALSE,0002 1775151466 16923|0| AUCTION_INIT NA NA NA NA NA NA NA NA NA NA NA NA NA NA
R/F,SEA,2026-04-02T17:37:00Z,win,FALSE,0016 1775151420 15795|3000| AUCTION_WON NA NA NA NA NA NA NA NA NA NA NA NA NA NA
R/F,NYG,2026-04-02T17:37:00Z,win,FALSE,0002 1775151420 14911|0| AUCTION_WON NA NA NA NA NA NA NA NA NA NA NA NA NA NA
R/F,GBP,2026-04-02T17:30:15Z,nomination,FALSE,0007 1775151015 15377|0| AUCTION_INIT NA NA NA NA NA NA NA NA NA NA NA NA NA NA
R/F,BUF,2026-04-02T17:29:51Z,win,FALSE,0017 1775150991 17214|51000| AUCTION_WON NA NA NA NA NA NA NA NA NA NA NA NA NA NA
R/F,NEP,2026-04-02T17:29:51Z,win,FALSE,0019 1775150991 14256|6000| AUCTION_WON NA NA NA NA NA NA NA NA NA NA NA NA NA NA
R/F,TEN,2026-04-02T17:29:51Z,win,FALSE,0028 1775150991 13226|0| AUCTION_WON NA NA NA NA NA NA NA NA NA NA NA NA NA NA
R/F,TEN,2026-04-02T17:29:51Z,win,FALSE,0028 1775150991 10267|0| AUCTION_WON NA NA NA NA NA NA NA NA NA NA NA NA NA NA
R/F,SEA,2026-04-02T17:26:51Z,win,FALSE,0016 1775150811 16586|1000| AUCTION_WON NA NA NA NA NA NA NA NA NA NA NA NA NA NA
R/F,CLE,2026-04-02T16:58:29Z,bid,FALSE,0023 1775149109 14933|17000| AUCTION_BID NA NA NA NA NA NA NA NA NA NA NA NA NA NA
R/F,CLE,2026-04-02T16:57:23Z,bid,FALSE,0023 1775149043 13307|16000| AUCTION_BID NA NA NA NA NA NA NA NA NA NA NA NA NA NA
R/F,DAL,2026-04-02T16:44:08Z,win,FALSE,0001 1775148248 16688|10000| AUCTION_WON NA NA NA NA NA NA NA NA NA NA NA NA NA NA
R/F,DAL,2026-04-02T15:59:51Z,nomination,FALSE,0001 1775145591 11383|0| AUCTION_INIT NA NA NA NA NA NA NA NA NA NA NA NA NA NA
R/F,TBB,2026-04-02T15:59:39Z,bid,FALSE,0012 1775145579 15989|22000|Dallas Cowboys forced bid increase AUCTION_BID NA NA NA NA NA NA NA NA NA NA NA NA NA NA
R/F,DAL,2026-04-02T15:59:01Z,nomination,FALSE,0001 1775145541 14270|0| AUCTION_INIT NA NA NA NA NA NA NA NA NA NA NA NA NA NA
R/F,DAL,2026-04-02T15:58:55Z,nomination,FALSE,0001 1775145535 13066|0| AUCTION_INIT NA NA NA NA NA NA NA NA NA NA NA NA NA NA
R/F,DAL,2026-04-02T15:58:50Z,nomination,FALSE,0001 1775145530 13133|0| AUCTION_INIT NA NA NA NA NA NA NA NA NA NA NA NA NA NA
R/F,DAL,2026-04-02T15:58:44Z,nomination,FALSE,0001 1775145524 14086|0| AUCTION_INIT NA NA NA NA NA NA NA NA NA NA NA NA NA NA
R/F,DAL,2026-04-02T15:58:38Z,nomination,FALSE,0001 1775145518 16595|0| AUCTION_INIT NA NA NA NA NA NA NA NA NA NA NA NA NA NA
R/F,NYG,2026-04-02T15:46:10Z,nomination,FALSE,0002 1775144770 16428|0| AUCTION_INIT NA NA NA NA NA NA NA NA NA NA NA NA NA NA
R/F,WAS,2026-04-02T15:45:57Z,win,FALSE,0004 1775144757 16731|0| AUCTION_WON NA NA NA NA NA NA NA NA NA NA NA NA NA NA
R/F,NYG,2026-04-02T15:40:43Z,win,FALSE,0002 1775144443 16714|0| AUCTION_WON NA NA NA NA NA NA NA NA NA NA NA NA NA NA
R/F,NEP,2026-04-02T15:23:16Z,nomination,FALSE,0019 1775143396 15823|0| AUCTION_INIT NA NA NA NA NA NA NA NA NA NA NA NA NA NA
R/F,DET,2026-04-02T15:17:09Z,bid,FALSE,0006 1775143029 15894|61000|Washington Commanders forced bid increase AUCTION_BID NA NA NA NA NA NA NA NA NA NA NA NA NA NA
R/F,WAS,2026-04-02T15:15:26Z,bid,FALSE,0004 1775142926 15823|34000| AUCTION_BID NA NA NA NA NA NA NA NA NA NA NA NA NA NA
R/F,CAR,2026-04-02T15:14:47Z,bid,FALSE,0010 1775142887 15823|15000|Washington Commanders forced bid increase AUCTION_BID NA NA NA NA NA NA NA NA NA NA NA NA NA NA
R/F,CAR,2026-04-02T15:13:24Z,bid,FALSE,0010 1775142804 15823|7000|Washington Commanders forced bid increase AUCTION_BID NA NA NA NA NA NA NA NA NA NA NA NA NA NA
R/F,WAS,2026-04-02T15:13:10Z,win,FALSE,0004 1775142790 16284|0| AUCTION_WON NA NA NA NA NA NA NA NA NA NA NA NA NA NA
R/F,NOS,2026-04-02T14:51:08Z,bid,FALSE,0011 1775141468 11644|9000| AUCTION_BID NA NA NA NA NA NA NA NA NA NA NA NA NA NA
R/F,LAR,2026-04-02T14:49:24Z,win,FALSE,0014 1775141364 16633|0| AUCTION_WON NA NA NA NA NA NA NA NA NA NA NA NA NA NA
R/F,LAR,2026-04-02T14:48:07Z,win,FALSE,0014 1775141287 14983|0| AUCTION_WON NA NA NA NA NA NA NA NA NA NA NA NA NA NA
R/F,GBP,2026-04-02T14:48:07Z,win,FALSE,0007 1775141287 14067|3000| AUCTION_WON NA NA NA NA NA NA NA NA NA NA NA NA NA NA
R/F,MIN,2026-04-02T14:28:33Z,nomination,FALSE,0008 1775140113 14904|0| AUCTION_INIT NA NA NA NA NA NA NA NA NA NA NA NA NA NA
R/F,MIN,2026-04-02T14:28:23Z,nomination,FALSE,0008 1775140103 16149|0| AUCTION_INIT NA NA NA NA NA NA NA NA NA NA NA NA NA NA
R/F,MIN,2026-04-02T14:28:10Z,nomination,FALSE,0008 1775140090 17040|0| AUCTION_INIT NA NA NA NA NA NA NA NA NA NA NA NA NA NA
R/F,TEN,2026-04-02T14:26:58Z,bid,FALSE,0028 1775140018 14933|16000| AUCTION_BID NA NA NA NA NA NA NA NA NA NA NA NA NA NA
R/F,TEN,2026-04-02T14:26:21Z,bid,FALSE,0028 1775139981 15890|28000| AUCTION_BID NA NA NA NA NA NA NA NA NA NA NA NA NA NA
R/F,NOS,2026-04-02T14:20:01Z,win,FALSE,0011 1775139601 13770|33000| AUCTION_WON NA NA NA NA NA NA NA NA NA NA NA NA NA NA
R/F,MIN,2026-04-02T12:22:29Z,bid,FALSE,0008 1775132549 14080|13000| AUCTION_BID NA NA NA NA NA NA NA NA NA NA NA NA NA NA
R/F,NYG,2026-04-02T12:21:54Z,bid,FALSE,0002 1775132514 14080|8000|Minnesota Vikings forced bid increase AUCTION_BID NA NA NA NA NA NA NA NA NA NA NA NA NA NA
R/F,TBB,2026-04-02T12:19:08Z,bid,FALSE,0012 1775132348 14924|1000| AUCTION_BID NA NA NA NA NA NA NA NA NA NA NA NA NA NA
R/F,ARI,2026-04-02T12:18:43Z,bid,FALSE,0013 1775132323 15738|18000|Minnesota Vikings forced bid increase AUCTION_BID NA NA NA NA NA NA NA NA NA NA NA NA NA NA
R/F,KCC,2026-04-02T12:16:44Z,nomination,FALSE,0030 1775132204 15849|0| AUCTION_INIT NA NA NA NA NA NA NA NA NA NA NA NA NA NA
R/F,KCC,2026-04-02T12:15:06Z,win,FALSE,0030 1775132106 13347|0| AUCTION_WON NA NA NA NA NA NA NA NA NA NA NA NA NA NA
R/F,DET,2026-04-02T12:11:57Z,nomination,FALSE,0006 1775131917 15376|0| AUCTION_INIT NA NA NA NA NA NA NA NA NA NA NA NA NA NA
R/F,DET,2026-04-02T12:10:21Z,bid,FALSE,0006 1775131821 16457|4000| AUCTION_BID NA NA NA NA NA NA NA NA NA NA NA NA NA NA
R/F,MIN,2026-04-02T12:09:17Z,win,FALSE,0008 1775131757 15292|7000| AUCTION_WON NA NA NA NA NA NA NA NA NA NA NA NA NA NA
R/F,MIN,2026-04-02T12:09:17Z,win,FALSE,0008 1775131757 13307|9000| AUCTION_WON NA NA NA NA NA NA NA NA NA NA NA NA NA NA
R/F,DAL,2026-04-02T11:04:24Z,win,FALSE,0001 1775127864 15881|0| AUCTION_WON NA NA NA NA NA NA NA NA NA NA NA NA NA NA
R/F,DAL,2026-04-02T11:04:24Z,win,FALSE,0001 1775127864 15464|5000| AUCTION_WON NA NA NA NA NA NA NA NA NA NA NA NA NA NA
R/F,IND,2026-04-02T10:55:03Z,bid,FALSE,0026 1775127303 13704|42000| AUCTION_BID NA NA NA NA NA NA NA NA NA NA NA NA NA NA
R/F,IND,2026-04-02T10:52:41Z,win,FALSE,0026 1775127161 14953|0| AUCTION_WON NA NA NA NA NA NA NA NA NA NA NA NA NA NA
R/F,NEP,2026-04-02T04:56:54Z,bid,FALSE,0019 1775105814 13704|41000| AUCTION_BID NA NA NA NA NA NA NA NA NA NA NA NA NA NA
R/F,JAC,2026-04-02T04:56:01Z,bid,FALSE,0027 1775105761 13704|37000|New England Patriots forced bid increase AUCTION_BID NA NA NA NA NA NA NA NA NA NA NA NA NA NA
R/F,TBB,2026-04-02T03:57:14Z,bid,FALSE,0012 1775102234 15989|13000| AUCTION_BID NA NA NA NA NA NA NA NA NA NA NA NA NA NA
R/F,GBP,2026-04-02T03:44:50Z,win,FALSE,0007 1775101490 13782|25000| AUCTION_WON NA NA NA NA NA NA NA NA NA NA NA NA NA NA
R/F,WAS,2026-04-02T03:29:13Z,win,FALSE,0004 1775100553 15395|0| AUCTION_WON NA NA NA NA NA NA NA NA NA NA NA NA NA NA
R/F,SEA,2026-04-02T03:29:13Z,win,FALSE,0016 1775100553 15363|0| AUCTION_WON NA NA NA NA NA NA NA NA NA NA NA NA NA NA
R/F,KCC,2026-04-02T03:04:29Z,nomination,FALSE,0030 1775099069 15395|0| AUCTION_INIT NA NA NA NA NA NA NA NA NA NA NA NA NA NA
R/F,HOU,2026-04-02T02:45:28Z,nomination,FALSE,0025 1775097928 14904|0| AUCTION_INIT NA NA NA NA NA NA NA NA NA NA NA NA NA NA
R/F,JAC,2026-04-02T02:36:27Z,bid,FALSE,0027 1775097387 15989|11000| AUCTION_BID NA NA NA NA NA NA NA NA NA NA NA NA NA NA
R/F,HOU,2026-04-02T02:36:11Z,bid,FALSE,0025 1775097371 15989|10000|Jacksonville Jaguars forced bid increase AUCTION_BID NA NA NA NA NA NA NA NA NA NA NA NA NA NA
R/F,HOU,2026-04-02T02:35:36Z,bid,FALSE,0025 1775097336 15989|5000|Jacksonville Jaguars forced bid increase AUCTION_BID NA NA NA NA NA NA NA NA NA NA NA NA NA NA
R/F,JAC,2026-04-02T02:35:07Z,bid,FALSE,0027 1775097307 13704|34000| AUCTION_BID NA NA NA NA NA NA NA NA NA NA NA NA NA NA
R/F,JAC,2026-04-02T02:34:31Z,nomination,FALSE,0027 1775097271 12231|0| AUCTION_INIT NA NA NA NA NA NA NA NA NA NA NA NA NA NA
R/F,JAC,2026-04-02T02:34:16Z,bid,FALSE,0027 1775097256 15473|20000| AUCTION_BID NA NA NA NA NA NA NA NA NA NA NA NA NA NA
R/F,TEN,2026-04-02T02:34:10Z,bid,FALSE,0028 1775097250 15473|15000|Jacksonville Jaguars forced bid increase AUCTION_BID NA NA NA NA NA NA NA NA NA NA NA NA NA NA
R/F,JAC,2026-04-02T02:33:42Z,nomination,FALSE,0027 1775097222 12831|0| AUCTION_INIT NA NA NA NA NA NA NA NA NA NA NA NA NA NA
R/F,JAC,2026-04-02T02:33:10Z,bid,FALSE,0027 1775097190 13307|11000| AUCTION_BID NA NA NA NA NA NA NA NA NA NA NA NA NA NA
R/F,JAC,2026-04-02T02:32:41Z,nomination,FALSE,0027 1775097161 14095|0| AUCTION_INIT NA NA NA NA NA NA NA NA NA NA NA NA NA NA
R/F,JAC,2026-04-02T02:29:42Z,nomination,FALSE,0027 1775096982 12785|0| AUCTION_INIT NA NA NA NA NA NA NA NA NA NA NA NA NA NA
R/F,IND,2026-04-02T02:26:51Z,bid,FALSE,0026 1775096811 13307|10000|Jacksonville Jaguars forced bid increase AUCTION_BID NA NA NA NA NA NA NA NA NA NA NA NA NA NA
R/F,IND,2026-04-02T02:25:09Z,bid,FALSE,0026 1775096709 13307|5000|Jacksonville Jaguars forced bid increase AUCTION_BID NA NA NA NA NA NA NA NA NA NA NA NA NA NA
R/F,MIA,2026-04-02T02:17:41Z,win,FALSE,0018 1775096261 16870|0| AUCTION_WON NA NA NA NA NA NA NA NA NA NA NA NA NA NA
R/F,BAL,2026-04-02T02:17:41Z,win,FALSE,0021 1775096261 16235|1000| AUCTION_WON NA NA NA NA NA NA NA NA NA NA NA NA NA NA
R/F,MIA,2026-04-02T02:17:41Z,win,FALSE,0018 1775096261 15895|33000| AUCTION_WON NA NA NA NA NA NA NA NA NA NA NA NA NA NA
R/F,MIA,2026-04-02T02:17:41Z,win,FALSE,0018 1775096261 15888|0| AUCTION_WON NA NA NA NA NA NA NA NA NA NA NA NA NA NA
R/F,BAL,2026-04-02T02:17:41Z,win,FALSE,0021 1775096261 14925|1000| AUCTION_WON NA NA NA NA NA NA NA NA NA NA NA NA NA NA
R/F,MIA,2026-04-02T02:17:41Z,win,FALSE,0018 1775096261 13227|1000| AUCTION_WON NA NA NA NA NA NA NA NA NA NA NA NA NA NA
R/F,PHI,2026-04-02T02:09:51Z,win,FALSE,0003 1775095791 16102|31000| AUCTION_WON NA NA NA NA NA NA NA NA NA NA NA NA NA NA
R/F,PIT,2026-04-02T01:36:31Z,win,FALSE,0024 1775093791 16631|1000| AUCTION_WON NA NA NA NA NA NA NA NA NA NA NA NA NA NA
R/F,PIT,2026-04-02T01:36:31Z,win,FALSE,0024 1775093791 13791|2000| AUCTION_WON NA NA NA NA NA NA NA NA NA NA NA NA NA NA
R/F,ARI,2026-04-02T01:35:15Z,bid,FALSE,0013 1775093715 15738|14000|Minnesota Vikings forced bid increase AUCTION_BID NA NA NA NA NA NA NA NA NA NA NA NA NA NA
R/F,SEA,2026-04-01T23:52:42Z,win,FALSE,0016 1775087562 16390|0| AUCTION_WON NA NA NA NA NA NA NA NA NA NA NA NA NA NA
R/F,SEA,2026-04-01T23:52:42Z,win,FALSE,0016 1775087562 16199|0| AUCTION_WON NA NA NA NA NA NA NA NA NA NA NA NA NA NA
R/F,SFO,2026-04-01T23:52:42Z,win,FALSE,0015 1775087562 15777|10000| AUCTION_WON NA NA NA NA NA NA NA NA NA NA NA NA NA NA
R/F,SEA,2026-04-01T23:52:42Z,win,FALSE,0016 1775087562 15330|0| AUCTION_WON NA NA NA NA NA NA NA NA NA NA NA NA NA NA
R/F,BAL,2026-04-01T22:28:39Z,bid,FALSE,0021 1775082519 16727|16000| AUCTION_BID NA NA NA NA NA NA NA NA NA NA NA NA NA NA
R/F,BAL,2026-04-01T22:28:29Z,bid,FALSE,0021 1775082509 14933|12000| AUCTION_BID NA NA NA NA NA NA NA NA NA NA NA NA NA NA
R/F,TEN,2026-04-01T22:28:22Z,bid,FALSE,0028 1775082502 14933|7000|Baltimore Ravens forced bid increase AUCTION_BID NA NA NA NA NA NA NA NA NA NA NA NA NA NA
R/F,BAL,2026-04-01T22:28:02Z,bid,FALSE,0021 1775082482 15812|2000| AUCTION_BID NA NA NA NA NA NA NA NA NA NA NA NA NA NA
R/F,BAL,2026-04-01T22:27:37Z,bid,FALSE,0021 1775082457 16010|2000| AUCTION_BID NA NA NA NA NA NA NA NA NA NA NA NA NA NA
R/F,BAL,2026-04-01T22:25:50Z,bid,FALSE,0021 1775082350 14925|1000|Kansas City Chiefs forced bid increase AUCTION_BID NA NA NA NA NA NA NA NA NA NA NA NA NA NA
R/F,KCC,2026-04-01T22:23:06Z,nomination,FALSE,0030 1775082186 11383|0| AUCTION_INIT NA NA NA NA NA NA NA NA NA NA NA NA NA NA
R/F,KCC,2026-04-01T22:19:12Z,bid,FALSE,0030 1775081952 16727|11000| AUCTION_BID NA NA NA NA NA NA NA NA NA NA NA NA NA NA
R/F,BAL,2026-04-01T22:18:58Z,bid,FALSE,0021 1775081938 16727|10000|Kansas City Chiefs forced bid increase AUCTION_BID NA NA NA NA NA NA NA NA NA NA NA NA NA NA
R/F,BAL,2026-04-01T22:18:47Z,bid,FALSE,0021 1775081927 16727|9000|Kansas City Chiefs forced bid increase AUCTION_BID NA NA NA NA NA NA NA NA NA NA NA NA NA NA
R/F,BAL,2026-04-01T22:18:37Z,bid,FALSE,0021 1775081917 16727|8000|Kansas City Chiefs forced bid increase AUCTION_BID NA NA NA NA NA NA NA NA NA NA NA NA NA NA
R/F,BAL,2026-04-01T22:18:27Z,bid,FALSE,0021 1775081907 16727|7000|Kansas City Chiefs forced bid increase AUCTION_BID NA NA NA NA NA NA NA NA NA NA NA NA NA NA
R/F,MIN,2026-04-01T22:15:37Z,win,FALSE,0008 1775081737 16889|0| AUCTION_WON NA NA NA NA NA NA NA NA NA NA NA NA NA NA
R/F,MIN,2026-04-01T22:15:37Z,win,FALSE,0008 1775081737 15109|46000| AUCTION_WON NA NA NA NA NA NA NA NA NA NA NA NA NA NA
R/F,KCC,2026-04-01T22:15:22Z,bid,FALSE,0030 1775081722 16572|33000| AUCTION_BID NA NA NA NA NA NA NA NA NA NA NA NA NA NA
R/F,SFO,2026-04-01T22:00:57Z,bid,FALSE,0015 1775080857 15777|10000|Washington Commanders forced bid increase AUCTION_BID NA NA NA NA NA NA NA NA NA NA NA NA NA NA
R/F,SFO,2026-04-01T21:59:42Z,bid,FALSE,0015 1775080782 15777|9000|Washington Commanders forced bid increase AUCTION_BID NA NA NA NA NA NA NA NA NA NA NA NA NA NA
R/F,KCC,2026-04-01T21:52:31Z,win,FALSE,0030 1775080351 12754|0| AUCTION_WON NA NA NA NA NA NA NA NA NA NA NA NA NA NA
R/F,DEN,2026-04-01T21:20:53Z,bid,FALSE,0029 1775078453 15860|49000| AUCTION_BID NA NA NA NA NA NA NA NA NA NA NA NA NA NA
R/F,DEN,2026-04-01T21:19:29Z,nomination,FALSE,0029 1775078369 17130|0| AUCTION_INIT NA NA NA NA NA NA NA NA NA NA NA NA NA NA
R/F,DEN,2026-04-01T21:11:28Z,nomination,FALSE,0029 1775077888 17196|0| AUCTION_INIT NA NA NA NA NA NA NA NA NA NA NA NA NA NA
R/F,DEN,2026-04-01T21:09:13Z,nomination,FALSE,0029 1775077753 17221|0| AUCTION_INIT NA NA NA NA NA NA NA NA NA NA NA NA NA NA
R/F,LAR,2026-04-01T21:08:56Z,bid,FALSE,0014 1775077736 16457|1000| AUCTION_BID NA NA NA NA NA NA NA NA NA NA NA NA NA NA
R/F,CAR,2026-04-01T21:08:03Z,bid,FALSE,0010 1775077683 15823|3000|Los Angeles Rams forced bid increase AUCTION_BID NA NA NA NA NA NA NA NA NA NA NA NA NA NA
R/F,DEN,2026-04-01T21:07:05Z,nomination,FALSE,0029 1775077625 16633|0| AUCTION_INIT NA NA NA NA NA NA NA NA NA NA NA NA NA NA
R/F,SEA,2026-04-01T21:04:41Z,bid,FALSE,0016 1775077481 15795|3000|Los Angeles Rams forced bid increase AUCTION_BID NA NA NA NA NA NA NA NA NA NA NA NA NA NA
R/F,GBP,2026-04-01T21:04:12Z,bid,FALSE,0007 1775077452 14067|3000|Los Angeles Rams forced bid increase AUCTION_BID NA NA NA NA NA NA NA NA NA NA NA NA NA NA
R/F,MIN,2026-04-01T21:03:18Z,nomination,FALSE,0008 1775077398 15859|0| AUCTION_INIT NA NA NA NA NA NA NA NA NA NA NA NA NA NA
R/F,MIN,2026-04-01T21:02:35Z,nomination,FALSE,0008 1775077355 16217|0| AUCTION_INIT NA NA NA NA NA NA NA NA NA NA NA NA NA NA
R/F,MIN,2026-04-01T21:01:58Z,nomination,FALSE,0008 1775077318 16356|0| AUCTION_INIT NA NA NA NA NA NA NA NA NA NA NA NA NA NA
R/F,ARI,2026-04-01T21:00:18Z,bid,FALSE,0013 1775077218 15738|12000|Minnesota Vikings forced bid increase AUCTION_BID NA NA NA NA NA NA NA NA NA NA NA NA NA NA
R/F,LAC,2026-04-01T20:50:36Z,bid,FALSE,0032 1775076636 15812|1000|Baltimore Ravens forced bid increase AUCTION_BID NA NA NA NA NA NA NA NA NA NA NA NA NA NA
R/F,LAC,2026-04-01T20:49:47Z,nomination,FALSE,0032 1775076587 15812|0| AUCTION_INIT NA NA NA NA NA NA NA NA NA NA NA NA NA NA
R/F,SEA,2026-04-01T20:33:39Z,bid,FALSE,0016 1775075619 16585|7000| AUCTION_BID NA NA NA NA NA NA NA NA NA NA NA NA NA NA
R/F,CHI,2026-04-01T20:25:08Z,win,FALSE,0005 1775075108 15398|0| AUCTION_WON NA NA NA NA NA NA NA NA NA NA NA NA NA NA
R/F,HOU,2026-04-01T20:21:09Z,bid,FALSE,0025 1775074869 15890|25000|Indianapolis Colts forced bid increase AUCTION_BID NA NA NA NA NA NA NA NA NA NA NA NA NA NA
R/F,TEN,2026-04-01T20:21:09Z,bid,FALSE,0028 1775074869 15473|10000|Indianapolis Colts forced bid increase AUCTION_BID NA NA NA NA NA NA NA NA NA NA NA NA NA NA
R/F,HOU,2026-04-01T20:16:47Z,bid,FALSE,0025 1775074607 15890|16000| AUCTION_BID NA NA NA NA NA NA NA NA NA NA NA NA NA NA
R/F,LAC,2026-04-01T20:16:30Z,win,FALSE,0032 1775074590 16729|4000| AUCTION_WON NA NA NA NA NA NA NA NA NA NA NA NA NA NA
R/F,HOU,2026-04-01T20:01:17Z,nomination,FALSE,0025 1775073677 14257|0| AUCTION_INIT NA NA NA NA NA NA NA NA NA NA NA NA NA NA
R/F,HOU,2026-04-01T19:58:30Z,nomination,FALSE,0025 1775073510 16139|0| AUCTION_INIT NA NA NA NA NA NA NA NA NA NA NA NA NA NA
R/F,NYG,2026-04-01T19:56:27Z,bid,FALSE,0002 1775073387 14080|3000| AUCTION_BID NA NA NA NA NA NA NA NA NA NA NA NA NA NA
R/F,NYG,2026-04-01T19:56:05Z,nomination,FALSE,0002 1775073365 17190|0| AUCTION_INIT NA NA NA NA NA NA NA NA NA NA NA NA NA NA
R/F,NYG,2026-04-01T19:52:49Z,nomination,FALSE,0002 1775073169 16457|0| AUCTION_INIT NA NA NA NA NA NA NA NA NA NA NA NA NA NA
R/F,NYG,2026-04-01T19:51:54Z,nomination,FALSE,0002 1775073114 16585|0| AUCTION_INIT NA NA NA NA NA NA NA NA NA NA NA NA NA NA
R/F,HOU,2026-04-01T19:50:16Z,nomination,FALSE,0025 1775073016 15989|0| AUCTION_INIT NA NA NA NA NA NA NA NA NA NA NA NA NA NA
R/F,HOU,2026-04-01T19:46:41Z,win,FALSE,0025 1775072801 13832|5000| AUCTION_WON NA NA NA NA NA NA NA NA NA NA NA NA NA NA
R/F,HOU,2026-04-01T19:46:41Z,win,FALSE,0025 1775072801 13260|0| AUCTION_WON NA NA NA NA NA NA NA NA NA NA NA NA NA NA
R/F,HOU,2026-04-01T19:46:41Z,win,FALSE,0025 1775072801 12842|0| AUCTION_WON NA NA NA NA NA NA NA NA NA NA NA NA NA NA
R/F,GBP,2026-04-01T19:35:07Z,bid,FALSE,0007 1775072107 13782|25000|Philadelphia Eagles forced bid increase AUCTION_BID NA NA NA NA NA NA NA NA NA NA NA NA NA NA
R/F,PHI,2026-04-01T19:34:46Z,nomination,FALSE,0003 1775072086 16439|0| AUCTION_INIT NA NA NA NA NA NA NA NA NA NA NA NA NA NA
R/F,PHI,2026-04-01T19:34:31Z,nomination,FALSE,0003 1775072071 14924|0| AUCTION_INIT NA NA NA NA NA NA NA NA NA NA NA NA NA NA
R/F,TEN,2026-04-01T19:32:33Z,bid,FALSE,0028 1775071953 14933|5000|Baltimore Ravens forced bid increase AUCTION_BID NA NA NA NA NA NA NA NA NA NA NA NA NA NA
R/F,HOU,2026-04-01T19:32:22Z,win,FALSE,0025 1775071942 12678|0| AUCTION_WON NA NA NA NA NA NA NA NA NA NA NA NA NA NA
R/F,TEN,2026-04-01T19:32:04Z,bid,FALSE,0028 1775071924 14933|2000|Baltimore Ravens forced bid increase AUCTION_BID NA NA NA NA NA NA NA NA NA NA NA NA NA NA
R/F,HOU,2026-04-01T19:31:23Z,nomination,FALSE,0025 1775071883 13418|0| AUCTION_INIT NA NA NA NA NA NA NA NA NA NA NA NA NA NA
R/F,BAL,2026-04-01T19:31:20Z,nomination,FALSE,0021 1775071880 15140|0| AUCTION_INIT NA NA NA NA NA NA NA NA NA NA NA NA NA NA
R/F,HOU,2026-04-01T19:31:20Z,win,FALSE,0025 1775071880 14067|3000| AUCTION_WON NA NA NA NA NA NA NA NA NA NA NA NA NA NA
R/F,BAL,2026-04-01T19:30:26Z,nomination,FALSE,0021 1775071826 17369|0| AUCTION_INIT NA NA NA NA NA NA NA NA NA NA NA NA NA NA
R/F,HOU,2026-04-01T19:30:26Z,win,FALSE,0025 1775071826 12610|0| AUCTION_WON NA NA NA NA NA NA NA NA NA NA NA NA NA NA
R/F,NYG,2026-04-01T19:29:29Z,win,FALSE,0002 1775071769 14143|21000| AUCTION_WON NA NA NA NA NA NA NA NA NA NA NA NA NA NA
R/F,MIN,2026-04-01T19:28:01Z,bid,FALSE,0008 1775071681 15626|6000| AUCTION_BID NA NA NA NA NA NA NA NA NA NA NA NA NA NA
R/F,NYG,2026-04-01T19:28:01Z,win,FALSE,0002 1775071681 16009|0| AUCTION_WON NA NA NA NA NA NA NA NA NA NA NA NA NA NA
R/F,ATL,2026-04-01T19:19:35Z,nomination,FALSE,0009 1775071175 10814|0| AUCTION_INIT NA NA NA NA NA NA NA NA NA NA NA NA NA NA
R/F,ATL,2026-04-01T19:19:13Z,nomination,FALSE,0009 1775071153 16333|0| AUCTION_INIT NA NA NA NA NA NA NA NA NA NA NA NA NA NA
R/F,ATL,2026-04-01T19:18:45Z,nomination,FALSE,0009 1775071125 16513|0| AUCTION_INIT NA NA NA NA NA NA NA NA NA NA NA NA NA NA
R/F,ATL,2026-04-01T19:18:34Z,nomination,FALSE,0009 1775071114 16273|0| AUCTION_INIT NA NA NA NA NA NA NA NA NA NA NA NA NA NA
R/F,ARI,2026-04-01T19:18:27Z,bid,FALSE,0013 1775071107 13228|4000| AUCTION_BID NA NA NA NA NA NA NA NA NA NA NA NA NA NA
R/F,LAR,2026-04-01T19:17:24Z,bid,FALSE,0014 1775071044 13228|3000|Arizona Cardinals forced bid increase AUCTION_BID NA NA NA NA NA NA NA NA NA NA NA NA NA NA
R/F,ARI,2026-04-01T19:11:01Z,bid,FALSE,0013 1775070661 15738|7000| AUCTION_BID NA NA NA NA NA NA NA NA NA NA NA NA NA NA
R/F,ARI,2026-04-01T19:06:12Z,win,FALSE,0013 1775070372 15813|47000| AUCTION_WON NA NA NA NA NA NA NA NA NA NA NA NA NA NA
R/F,ARI,2026-04-01T19:06:12Z,win,FALSE,0013 1775070372 13832|0| AUCTION_WON NA NA NA NA NA NA NA NA NA NA NA NA NA NA
R/F,DET,2026-04-01T18:57:52Z,bid,FALSE,0006 1775069872 14930|1000| AUCTION_BID NA NA NA NA NA NA NA NA NA NA NA NA NA NA
R/F,DET,2026-04-01T18:49:07Z,bid,FALSE,0006 1775069347 15989|6000| AUCTION_BID NA NA NA NA NA NA NA NA NA NA NA NA NA NA
R/F,DET,2026-04-01T18:47:41Z,bid,FALSE,0006 1775069261 15894|40000| AUCTION_BID NA NA NA NA NA NA NA NA NA NA NA NA NA NA
R/F,DET,2026-04-01T18:46:36Z,nomination,FALSE,0006 1775069196 15849|0| AUCTION_INIT NA NA NA NA NA NA NA NA NA NA NA NA NA NA
R/F,DET,2026-04-01T18:45:42Z,nomination,FALSE,0006 1775069142 17334|0| AUCTION_INIT NA NA NA NA NA NA NA NA NA NA NA NA NA NA
R/F,DET,2026-04-01T18:42:46Z,nomination,FALSE,0006 1775068966 15914|0| AUCTION_INIT NA NA NA NA NA NA NA NA NA NA NA NA NA NA
R/F,DET,2026-04-01T18:42:02Z,nomination,FALSE,0006 1775068922 15382|0| AUCTION_INIT NA NA NA NA NA NA NA NA NA NA NA NA NA NA
R/F,NOS,2026-04-01T18:42:02Z,win,FALSE,0011 1775068922 12842|0| AUCTION_WON NA NA NA NA NA NA NA NA NA NA NA NA NA NA
R/F,BAL,2026-04-01T18:13:06Z,win,FALSE,0021 1775067186 15368|17000| AUCTION_WON NA NA NA NA NA NA NA NA NA NA NA NA NA NA
R/F,CAR,2026-04-01T18:00:52Z,nomination,FALSE,0010 1775066452 15823|0| AUCTION_INIT NA NA NA NA NA NA NA NA NA NA NA NA NA NA
R/F,DET,2026-04-01T18:00:52Z,win,FALSE,0006 1775066452 17207|6000| AUCTION_WON NA NA NA NA NA NA NA NA NA NA NA NA NA NA
R/F,NOS,2026-04-01T17:56:50Z,bid,FALSE,0011 1775066210 13770|33000|Carolina Panthers forced bid increase AUCTION_BID NA NA NA NA NA NA NA NA NA NA NA NA NA NA
R/F,ATL,2026-04-01T17:41:21Z,win,FALSE,0009 1775065281 16036|46000| AUCTION_WON NA NA NA NA NA NA NA NA NA NA NA NA NA NA
R/F,ATL,2026-04-01T17:41:21Z,win,FALSE,0009 1775065281 15877|0| AUCTION_WON NA NA NA NA NA NA NA NA NA NA NA NA NA NA
R/F,NYG,2026-04-01T17:34:33Z,nomination,FALSE,0002 1775064873 14911|0| AUCTION_INIT NA NA NA NA NA NA NA NA NA NA NA NA NA NA
R/F,SEA,2026-04-01T17:31:28Z,nomination,FALSE,0016 1775064688 15795|0| AUCTION_INIT NA NA NA NA NA NA NA NA NA NA NA NA NA NA
R/F,ATL,2026-04-01T17:31:28Z,win,FALSE,0009 1775064688 17352|0| AUCTION_WON NA NA NA NA NA NA NA NA NA NA NA NA NA NA
R/F,ATL,2026-04-01T17:31:28Z,win,FALSE,0009 1775064688 17126|0| AUCTION_WON NA NA NA NA NA NA NA NA NA NA NA NA NA NA
R/F,SEA,2026-04-01T17:26:01Z,bid,FALSE,0016 1775064361 16586|1000| AUCTION_BID NA NA NA NA NA NA NA NA NA NA NA NA NA NA
R/F,KCC,2026-04-01T17:23:30Z,bid,FALSE,0030 1775064210 15860|47000| AUCTION_BID NA NA NA NA NA NA NA NA NA NA NA NA NA NA
R/F,BUF,2026-04-01T17:22:43Z,bid,FALSE,0017 1775064163 15860|46000| AUCTION_BID NA NA NA NA NA NA NA NA NA NA NA NA NA NA
R/F,KCC,2026-04-01T17:22:35Z,bid,FALSE,0030 1775064155 15860|45000|Buffalo Bills forced bid increase AUCTION_BID NA NA NA NA NA NA NA NA NA NA NA NA NA NA
R/F,KCC,2026-04-01T17:22:21Z,bid,FALSE,0030 1775064141 15860|43000|Buffalo Bills forced bid increase AUCTION_BID NA NA NA NA NA NA NA NA NA NA NA NA NA NA
R/F,KCC,2026-04-01T17:22:09Z,bid,FALSE,0030 1775064129 15860|41000|Buffalo Bills forced bid increase AUCTION_BID NA NA NA NA NA NA NA NA NA NA NA NA NA NA
R/F,KCC,2026-04-01T17:21:58Z,bid,FALSE,0030 1775064118 15860|40000|Buffalo Bills forced bid increase AUCTION_BID NA NA NA NA NA NA NA NA NA NA NA NA NA NA
R/F,KCC,2026-04-01T17:21:49Z,bid,FALSE,0030 1775064109 15860|38000|Buffalo Bills forced bid increase AUCTION_BID NA NA NA NA NA NA NA NA NA NA NA NA NA NA
R/F,BAL,2026-04-01T17:21:40Z,bid,FALSE,0021 1775064100 16572|32000|Buffalo Bills forced bid increase AUCTION_BID NA NA NA NA NA NA NA NA NA NA NA NA NA NA
R/F,BUF,2026-04-01T17:21:33Z,bid,FALSE,0017 1775064093 17214|51000| AUCTION_BID NA NA NA NA NA NA NA NA NA NA NA NA NA NA
R/F,CIN,2026-04-01T17:21:25Z,bid,FALSE,0022 1775064085 17214|50000|Buffalo Bills forced bid increase AUCTION_BID NA NA NA NA NA NA NA NA NA NA NA NA NA NA
R/F,CIN,2026-04-01T17:21:19Z,bid,FALSE,0022 1775064079 17214|40000|Buffalo Bills forced bid increase AUCTION_BID NA NA NA NA NA NA NA NA NA NA NA NA NA NA
R/F,CIN,2026-04-01T17:21:13Z,bid,FALSE,0022 1775064073 17214|30000|Buffalo Bills forced bid increase AUCTION_BID NA NA NA NA NA NA NA NA NA NA NA NA NA NA
R/F,CIN,2026-04-01T17:21:05Z,bid,FALSE,0022 1775064065 17214|27000|Buffalo Bills forced bid increase AUCTION_BID NA NA NA NA NA NA NA NA NA NA NA NA NA NA
R/F,BAL,2026-04-01T17:19:42Z,bid,FALSE,0021 1775063982 16235|1000|Kansas City Chiefs forced bid increase AUCTION_BID NA NA NA NA NA NA NA NA NA NA NA NA NA NA
R/F,MIA,2026-04-01T17:19:42Z,bid,FALSE,0018 1775063982 13227|1000|Kansas City Chiefs forced bid increase AUCTION_BID NA NA NA NA NA NA NA NA NA NA NA NA NA NA
R/F,PIT,2026-04-01T17:19:42Z,win,FALSE,0024 1775063982 15759|0| AUCTION_WON NA NA NA NA NA NA NA NA NA NA NA NA NA NA
R/F,TEN,2026-04-01T17:19:23Z,bid,FALSE,0028 1775063963 15473|1000| AUCTION_BID NA NA NA NA NA NA NA NA NA NA NA NA NA NA
R/F,TEN,2026-04-01T17:19:08Z,nomination,FALSE,0028 1775063948 14933|0| AUCTION_INIT NA NA NA NA NA NA NA NA NA NA NA NA NA NA
R/F,TEN,2026-04-01T17:18:56Z,nomination,FALSE,0028 1775063936 13226|0| AUCTION_INIT NA NA NA NA NA NA NA NA NA NA NA NA NA NA
R/F,TEN,2026-04-01T17:18:30Z,nomination,FALSE,0028 1775063910 10267|0| AUCTION_INIT NA NA NA NA NA NA NA NA NA NA NA NA NA NA
R/F,HOU,2026-04-01T17:18:26Z,bid,FALSE,0025 1775063906 13832|5000|Kansas City Chiefs forced bid increase AUCTION_BID NA NA NA NA NA NA NA NA NA NA NA NA NA NA
R/F,KCC,2026-04-01T17:17:53Z,nomination,FALSE,0030 1775063873 16010|0| AUCTION_INIT NA NA NA NA NA NA NA NA NA NA NA NA NA NA
R/F,KCC,2026-04-01T17:17:22Z,bid,FALSE,0030 1775063842 15860|37000|Tennessee Titans forced bid increase AUCTION_BID NA NA NA NA NA NA NA NA NA NA NA NA NA NA
R/F,PIT,2026-04-01T17:17:22Z,win,FALSE,0024 1775063842 16843|0| AUCTION_WON NA NA NA NA NA NA NA NA NA NA NA NA NA NA
R/F,TEN,2026-04-01T17:16:48Z,bid,FALSE,0028 1775063808 15890|8000| AUCTION_BID NA NA NA NA NA NA NA NA NA NA NA NA NA NA
R/F,DET,2026-04-01T17:16:38Z,win,FALSE,0006 1775063798 17226|0| AUCTION_WON NA NA NA NA NA NA NA NA NA NA NA NA NA NA
R/F,DET,2026-04-01T17:16:38Z,win,FALSE,0006 1775063798 16896|0| AUCTION_WON NA NA NA NA NA NA NA NA NA NA NA NA NA NA
R/F,SEA,2026-04-01T17:16:38Z,win,FALSE,0016 1775063798 15681|9000| AUCTION_WON NA NA NA NA NA NA NA NA NA NA NA NA NA NA
R/F,DET,2026-04-01T17:16:38Z,win,FALSE,0006 1775063798 15461|0| AUCTION_WON NA NA NA NA NA NA NA NA NA NA NA NA NA NA
R/F,DET,2026-04-01T17:16:38Z,win,FALSE,0006 1775063798 14805|0| AUCTION_WON NA NA NA NA NA NA NA NA NA NA NA NA NA NA
R/F,CAR,2026-04-01T17:16:38Z,win,FALSE,0010 1775063798 13764|21000| AUCTION_WON NA NA NA NA NA NA NA NA NA NA NA NA NA NA
R/F,KCC,2026-04-01T17:14:56Z,bid,FALSE,0030 1775063696 15860|31000| AUCTION_BID NA NA NA NA NA NA NA NA NA NA NA NA NA NA
R/F,KCC,2026-04-01T17:13:32Z,win,FALSE,0030 1775063612 16444|0| AUCTION_WON NA NA NA NA NA NA NA NA NA NA NA NA NA NA
R/F,NEP,2026-04-01T17:03:20Z,bid,FALSE,0019 1775063000 14256|6000| AUCTION_BID NA NA NA NA NA NA NA NA NA NA NA NA NA NA
R/F,KCC,2026-04-01T17:02:47Z,bid,FALSE,0030 1775062967 14256|3000|New England Patriots forced bid increase AUCTION_BID NA NA NA NA NA NA NA NA NA NA NA NA NA NA
R/F,TEN,2026-04-01T16:54:27Z,win,FALSE,0028 1775062467 14899|43000| AUCTION_WON NA NA NA NA NA NA NA NA NA NA NA NA NA NA
R/F,DET,2026-04-01T16:26:33Z,win,FALSE,0006 1775060793 13707|9000| AUCTION_WON NA NA NA NA NA NA NA NA NA NA NA NA NA NA
R/F,DET,2026-04-01T16:26:33Z,win,FALSE,0006 1775060793 13683|4000| AUCTION_WON NA NA NA NA NA NA NA NA NA NA NA NA NA NA
R/F,DAL,2026-04-01T16:23:56Z,bid,FALSE,0001 1775060636 16688|10000| AUCTION_BID NA NA NA NA NA NA NA NA NA NA NA NA NA NA
R/F,TBB,2026-04-01T16:23:47Z,bid,FALSE,0012 1775060627 16688|9000|Dallas Cowboys forced bid increase AUCTION_BID NA NA NA NA NA NA NA NA NA NA NA NA NA NA
R/F,NOS,2026-04-01T16:21:47Z,win,FALSE,0011 1775060507 15892|2000| AUCTION_WON NA NA NA NA NA NA NA NA NA NA NA NA NA NA
R/F,DAL,2026-04-01T16:21:47Z,win,FALSE,0001 1775060507 15888|0| AUCTION_WON NA NA NA NA NA NA NA NA NA NA NA NA NA NA
R/F,DAL,2026-04-01T16:21:47Z,win,FALSE,0001 1775060507 15797|27000| AUCTION_WON NA NA NA NA NA NA NA NA NA NA NA NA NA NA
R/F,TBB,2026-04-01T16:21:47Z,win,FALSE,0012 1775060507 15301|46000| AUCTION_WON NA NA NA NA NA NA NA NA NA NA NA NA NA NA
R/F,DAL,2026-04-01T16:21:47Z,win,FALSE,0001 1775060507 13731|3000| AUCTION_WON NA NA NA NA NA NA NA NA NA NA NA NA NA NA
R/F,NEP,2026-04-01T16:17:30Z,win,FALSE,0019 1775060250 15681|27000| AUCTION_WON NA NA NA NA NA NA NA NA NA NA NA NA NA NA
R/F,WAS,2026-04-01T16:00:39Z,bid,FALSE,0004 1775059239 15738|6000| AUCTION_BID NA NA NA NA NA NA NA NA NA NA NA NA NA NA
R/F,DAL,2026-04-01T16:00:39Z,bid,FALSE,0001 1775059239 15464|5000|Washington Commanders forced bid increase AUCTION_BID NA NA NA NA NA NA NA NA NA NA NA NA NA NA
R/F,ARI,2026-04-01T15:59:44Z,bid,FALSE,0013 1775059184 15738|4000|Washington Commanders forced bid increase AUCTION_BID NA NA NA NA NA NA NA NA NA NA NA NA NA NA
R/F,SEA,2026-04-01T15:50:58Z,bid,FALSE,0016 1775058658 15681|9000|Washington Commanders forced bid increase AUCTION_BID NA NA NA NA NA NA NA NA NA NA NA NA NA NA
R/F,DET,2026-04-01T15:50:30Z,bid,FALSE,0006 1775058630 13707|9000|Washington Commanders forced bid increase AUCTION_BID NA NA NA NA NA NA NA NA NA NA NA NA NA NA
R/F,MIN,2026-04-01T15:48:08Z,bid,FALSE,0008 1775058488 13307|9000|Washington Commanders forced bid increase AUCTION_BID NA NA NA NA NA NA NA NA NA NA NA NA NA NA
R/F,GBP,2026-04-01T15:47:53Z,bid,FALSE,0007 1775058473 13782|9000|Washington Commanders forced bid increase AUCTION_BID NA NA NA NA NA NA NA NA NA NA NA NA NA NA
R/F,MIN,2026-04-01T15:47:35Z,bid,FALSE,0008 1775058455 13307|8000|Washington Commanders forced bid increase AUCTION_BID NA NA NA NA NA NA NA NA NA NA NA NA NA NA
R/F,GBP,2026-04-01T15:47:19Z,bid,FALSE,0007 1775058439 13782|8000|Washington Commanders forced bid increase AUCTION_BID NA NA NA NA NA NA NA NA NA NA NA NA NA NA
R/F,GBP,2026-04-01T15:46:44Z,bid,FALSE,0007 1775058404 13782|6000|Washington Commanders forced bid increase AUCTION_BID NA NA NA NA NA NA NA NA NA NA NA NA NA NA
R/F,SFO,2026-04-01T15:44:46Z,bid,FALSE,0015 1775058286 15777|5000|Washington Commanders forced bid increase AUCTION_BID NA NA NA NA NA NA NA NA NA NA NA NA NA NA
R/F,WAS,2026-04-01T15:44:03Z,nomination,FALSE,0004 1775058243 16731|0| AUCTION_INIT NA NA NA NA NA NA NA NA NA NA NA NA NA NA
R/F,NYG,2026-04-01T15:40:19Z,nomination,FALSE,0002 1775058019 16714|0| AUCTION_INIT NA NA NA NA NA NA NA NA NA NA NA NA NA NA
R/F,MIN,2026-04-01T15:39:57Z,win,FALSE,0008 1775057997 15911|2000| AUCTION_WON NA NA NA NA NA NA NA NA NA NA NA NA NA NA
R/F,MIN,2026-04-01T15:39:57Z,win,FALSE,0008 1775057997 15356|1000| AUCTION_WON NA NA NA NA NA NA NA NA NA NA NA NA NA NA
R/F,WAS,2026-04-01T15:12:08Z,nomination,FALSE,0004 1775056328 16284|0| AUCTION_INIT NA NA NA NA NA NA NA NA NA NA NA NA NA NA
R/F,NOS,2026-04-01T15:11:32Z,bid,FALSE,0011 1775056292 15892|2000|Washington Commanders forced bid increase AUCTION_BID NA NA NA NA NA NA NA NA NA NA NA NA NA NA
R/F,NOS,2026-04-01T15:11:18Z,bid,FALSE,0011 1775056278 13770|21000|Washington Commanders forced bid increase AUCTION_BID NA NA NA NA NA NA NA NA NA NA NA NA NA NA
R/F,NOS,2026-04-01T15:11:00Z,bid,FALSE,0011 1775056260 13770|19000|Washington Commanders forced bid increase AUCTION_BID NA NA NA NA NA NA NA NA NA NA NA NA NA NA
R/F,NOS,2026-04-01T15:10:47Z,bid,FALSE,0011 1775056247 13770|14000|Washington Commanders forced bid increase AUCTION_BID NA NA NA NA NA NA NA NA NA NA NA NA NA NA
R/F,NOS,2026-04-01T15:10:34Z,bid,FALSE,0011 1775056234 13770|11000|Washington Commanders forced bid increase AUCTION_BID NA NA NA NA NA NA NA NA NA NA NA NA NA NA
R/F,WAS,2026-04-01T15:10:12Z,bid,FALSE,0004 1775056212 11644|7000| AUCTION_BID NA NA NA NA NA NA NA NA NA NA NA NA NA NA
R/F,NEP,2026-04-01T14:53:12Z,bid,FALSE,0019 1775055192 13704|31000| AUCTION_BID NA NA NA NA NA NA NA NA NA NA NA NA NA NA
R/F,LAR,2026-04-01T14:49:13Z,nomination,FALSE,0014 1775054953 16633|0| AUCTION_INIT NA NA NA NA NA NA NA NA NA NA NA NA NA NA
R/F,LAR,2026-04-01T14:47:20Z,bid,FALSE,0014 1775054840 13228|1000| AUCTION_BID NA NA NA NA NA NA NA NA NA NA NA NA NA NA
R/F,LAR,2026-04-01T14:46:09Z,nomination,FALSE,0014 1775054769 14983|0| AUCTION_INIT NA NA NA NA NA NA NA NA NA NA NA NA NA NA
R/F,GBP,2026-04-01T14:45:10Z,bid,FALSE,0007 1775054710 15894|22000| AUCTION_BID NA NA NA NA NA NA NA NA NA NA NA NA NA NA
R/F,DAL,2026-04-01T14:45:04Z,bid,FALSE,0001 1775054704 13731|3000|Detroit Lions forced bid increase AUCTION_BID NA NA NA NA NA NA NA NA NA NA NA NA NA NA
R/F,GBP,2026-04-01T14:42:10Z,bid,FALSE,0007 1775054530 15989|4000| AUCTION_BID NA NA NA NA NA NA NA NA NA NA NA NA NA NA
R/F,GBP,2026-04-01T14:42:10Z,bid,FALSE,0007 1775054530 14067|1000| AUCTION_BID NA NA NA NA NA NA NA NA NA NA NA NA NA NA
R/F,SFO,2026-04-01T14:27:43Z,bid,FALSE,0015 1775053663 15626|3000|Minnesota Vikings forced bid increase AUCTION_BID NA NA NA NA NA NA NA NA NA NA NA NA NA NA
R/F,NYJ,2026-04-01T14:06:56Z,win,FALSE,0020 1775052416 13682|0| AUCTION_WON NA NA NA NA NA NA NA NA NA NA NA NA NA NA
R/F,NOS,2026-04-01T13:17:20Z,bid,FALSE,0011 1775049440 13770|7000| AUCTION_BID NA NA NA NA NA NA NA NA NA NA NA NA NA NA
R/F,TBB,2026-04-01T12:34:05Z,bid,FALSE,0012 1775046845 16688|1000| AUCTION_BID NA NA NA NA NA NA NA NA NA NA NA NA NA NA
R/F,GBP,2026-04-01T12:23:41Z,win,FALSE,0007 1775046221 14979|26000| AUCTION_WON NA NA NA NA NA NA NA NA NA NA NA NA NA NA
R/F,KCC,2026-04-01T12:11:43Z,nomination,FALSE,0030 1775045503 13347|0| AUCTION_INIT NA NA NA NA NA NA NA NA NA NA NA NA NA NA
R/F,MIN,2026-04-01T12:08:15Z,bid,FALSE,0008 1775045295 15989|1000| AUCTION_BID NA NA NA NA NA NA NA NA NA NA NA NA NA NA
R/F,SEA,2026-04-01T12:05:59Z,bid,FALSE,0016 1775045159 15681|8000|Minnesota Vikings forced bid increase AUCTION_BID NA NA NA NA NA NA NA NA NA NA NA NA NA NA
R/F,MIN,2026-04-01T12:04:53Z,bid,FALSE,0008 1775045093 15292|7000| AUCTION_BID NA NA NA NA NA NA NA NA NA NA NA NA NA NA
R/F,DAL,2026-04-01T12:04:16Z,bid,FALSE,0001 1775045056 15797|27000|Minnesota Vikings forced bid increase AUCTION_BID NA NA NA NA NA NA NA NA NA NA NA NA NA NA
R/F,MIN,2026-04-01T12:04:16Z,win,FALSE,0008 1775045056 16350|6000| AUCTION_WON NA NA NA NA NA NA NA NA NA NA NA NA NA NA
R/F,DET,2026-04-01T12:03:37Z,bid,FALSE,0006 1775045017 15292|5000|Minnesota Vikings forced bid increase AUCTION_BID NA NA NA NA NA NA NA NA NA NA NA NA NA NA
R/F,DET,2026-04-01T12:03:37Z,bid,FALSE,0006 1775045017 13707|8000|Minnesota Vikings forced bid increase AUCTION_BID NA NA NA NA NA NA NA NA NA NA NA NA NA NA
R/F,MIN,2026-04-01T12:02:19Z,bid,FALSE,0008 1775044939 13307|6000| AUCTION_BID NA NA NA NA NA NA NA NA NA NA NA NA NA NA
R/F,PIT,2026-04-01T11:58:59Z,win,FALSE,0024 1775044739 17077|0| AUCTION_WON NA NA NA NA NA NA NA NA NA NA NA NA NA NA
R/F,PIT,2026-04-01T11:58:59Z,win,FALSE,0024 1775044739 16613|0| AUCTION_WON NA NA NA NA NA NA NA NA NA NA NA NA NA NA
R/F,PIT,2026-04-01T11:58:59Z,win,FALSE,0024 1775044739 15892|0| AUCTION_WON NA NA NA NA NA NA NA NA NA NA NA NA NA NA
R/F,BAL,2026-04-01T11:58:59Z,win,FALSE,0021 1775044739 13424|1000| AUCTION_WON NA NA NA NA NA NA NA NA NA NA NA NA NA NA
R/F,DAL,2026-04-01T10:59:32Z,nomination,FALSE,0001 1775041172 15881|0| AUCTION_INIT NA NA NA NA NA NA NA NA NA NA NA NA NA NA
R/F,DAL,2026-04-01T10:59:15Z,nomination,FALSE,0001 1775041155 15464|0| AUCTION_INIT NA NA NA NA NA NA NA NA NA NA NA NA NA NA
R/F,DAL,2026-04-01T10:57:13Z,win,FALSE,0001 1775041033 13844|6000| AUCTION_WON NA NA NA NA NA NA NA NA NA NA NA NA NA NA
R/F,DAL,2026-04-01T10:57:13Z,win,FALSE,0001 1775041033 11945|0| AUCTION_WON NA NA NA NA NA NA NA NA NA NA NA NA NA NA
R/F,IND,2026-04-01T10:44:48Z,nomination,FALSE,0026 1775040288 14953|0| AUCTION_INIT NA NA NA NA NA NA NA NA NA NA NA NA NA NA
R/F,IND,2026-04-01T10:44:31Z,nomination,FALSE,0026 1775040271 15473|0| AUCTION_INIT NA NA NA NA NA NA NA NA NA NA NA NA NA NA
R/F,IND,2026-04-01T10:44:16Z,nomination,FALSE,0026 1775040256 13307|0| AUCTION_INIT NA NA NA NA NA NA NA NA NA NA NA NA NA NA
R/F,NEP,2026-04-01T10:42:10Z,bid,FALSE,0019 1775040130 15681|27000|Indianapolis Colts forced bid increase AUCTION_BID NA NA NA NA NA NA NA NA NA NA NA NA NA NA
R/F,IND,2026-04-01T10:41:40Z,win,FALSE,0026 1775040100 16102|3000| AUCTION_WON NA NA NA NA NA NA NA NA NA NA NA NA NA NA
R/F,BAL,2026-04-01T06:48:35Z,bid,FALSE,0021 1775026115 16572|31000| AUCTION_BID NA NA NA NA NA NA NA NA NA NA NA NA NA NA
R/F,IND,2026-04-01T04:46:42Z,bid,FALSE,0026 1775018802 13704|21000|New England Patriots forced bid increase AUCTION_BID NA NA NA NA NA NA NA NA NA NA NA NA NA NA
R/F,MIA,2026-04-01T04:45:44Z,bid,FALSE,0018 1775018744 15895|33000|New England Patriots forced bid increase AUCTION_BID NA NA NA NA NA NA NA NA NA NA NA NA NA NA
R/F,GBP,2026-04-01T03:33:06Z,bid,FALSE,0007 1775014386 13782|4000| AUCTION_BID NA NA NA NA NA NA NA NA NA NA NA NA NA NA
R/F,WAS,2026-04-01T03:13:49Z,nomination,FALSE,0004 1775013229 15395|0| AUCTION_INIT NA NA NA NA NA NA NA NA NA NA NA NA NA NA
R/F,WAS,2026-04-01T03:05:59Z,bid,FALSE,0004 1775012759 15894|21000| AUCTION_BID NA NA NA NA NA NA NA NA NA NA NA NA NA NA
R/F,SFO,2026-04-01T03:05:49Z,bid,FALSE,0015 1775012749 15894|16000|Washington Commanders forced bid increase AUCTION_BID NA NA NA NA NA NA NA NA NA NA NA NA NA NA
R/F,PHI,2026-04-01T03:03:43Z,win,FALSE,0003 1775012623 16324|20000| AUCTION_WON NA NA NA NA NA NA NA NA NA NA NA NA NA NA
R/F,PHI,2026-04-01T03:03:43Z,win,FALSE,0003 1775012623 13869|8000| AUCTION_WON NA NA NA NA NA NA NA NA NA NA NA NA NA NA
R/F,GBP,2026-04-01T02:59:18Z,bid,FALSE,0007 1775012358 14979|26000|Washington Commanders forced bid increase AUCTION_BID NA NA NA NA NA NA NA NA NA NA NA NA NA NA
R/F,PHI,2026-04-01T02:59:18Z,win,FALSE,0003 1775012358 12956|6000| AUCTION_WON NA NA NA NA NA NA NA NA NA NA NA NA NA NA
R/F,SEA,2026-04-01T02:42:20Z,nomination,FALSE,0016 1775011340 15363|0| AUCTION_INIT NA NA NA NA NA NA NA NA NA NA NA NA NA NA
R/F,MIA,2026-04-01T02:12:29Z,nomination,FALSE,0018 1775009549 16870|0| AUCTION_INIT NA NA NA NA NA NA NA NA NA NA NA NA NA NA
R/F,MIA,2026-04-01T02:09:54Z,bid,FALSE,0018 1775009394 15895|19000| AUCTION_BID NA NA NA NA NA NA NA NA NA NA NA NA NA NA
R/F,MIA,2026-04-01T02:08:43Z,nomination,FALSE,0018 1775009323 13227|0| AUCTION_INIT NA NA NA NA NA NA NA NA NA NA NA NA NA NA
R/F,MIA,2026-04-01T02:05:52Z,nomination,FALSE,0018 1775009152 15888|0| AUCTION_INIT NA NA NA NA NA NA NA NA NA NA NA NA NA NA
R/F,BAL,2026-04-01T01:57:20Z,bid,FALSE,0021 1775008640 16727|6000| AUCTION_BID NA NA NA NA NA NA NA NA NA NA NA NA NA NA
R/F,PHI,2026-04-01T01:52:41Z,bid,FALSE,0003 1775008361 16102|31000| AUCTION_BID NA NA NA NA NA NA NA NA NA NA NA NA NA NA
R/F,SEA,2026-04-01T01:52:10Z,bid,FALSE,0016 1775008330 16102|20000|Philadelphia Eagles forced bid increase AUCTION_BID NA NA NA NA NA NA NA NA NA NA NA NA NA NA
R/F,BAL,2026-04-01T01:51:06Z,nomination,FALSE,0021 1775008266 16235|0| AUCTION_INIT NA NA NA NA NA NA NA NA NA NA NA NA NA NA
R/F,BAL,2026-04-01T01:48:21Z,nomination,FALSE,0021 1775008101 14925|0| AUCTION_INIT NA NA NA NA NA NA NA NA NA NA NA NA NA NA
R/F,SFO,2026-04-01T01:29:48Z,win,FALSE,0015 1775006988 16286|1000| AUCTION_WON NA NA NA NA NA NA NA NA NA NA NA NA NA NA
R/F,SFO,2026-04-01T01:29:48Z,win,FALSE,0015 1775006988 16201|4000| AUCTION_WON NA NA NA NA NA NA NA NA NA NA NA NA NA NA
R/F,SFO,2026-04-01T01:29:48Z,win,FALSE,0015 1775006988 14901|5000| AUCTION_WON NA NA NA NA NA NA NA NA NA NA NA NA NA NA
R/F,PIT,2026-04-01T01:26:32Z,bid,FALSE,0024 1775006792 16631|1000| AUCTION_BID NA NA NA NA NA NA NA NA NA NA NA NA NA NA
R/F,PIT,2026-04-01T01:26:32Z,bid,FALSE,0024 1775006792 13791|2000| AUCTION_BID NA NA NA NA NA NA NA NA NA NA NA NA NA NA
R/F,CIN,2026-04-01T01:26:13Z,bid,FALSE,0022 1775006773 17214|26000| AUCTION_BID NA NA NA NA NA NA NA NA NA NA NA NA NA NA
R/F,BAL,2026-04-01T01:24:44Z,win,FALSE,0021 1775006684 17352|0| AUCTION_WON NA NA NA NA NA NA NA NA NA NA NA NA NA NA
R/F,BAL,2026-04-01T01:24:44Z,win,FALSE,0021 1775006684 16300|0| AUCTION_WON NA NA NA NA NA NA NA NA NA NA NA NA NA NA
R/F,BAL,2026-04-01T01:24:44Z,win,FALSE,0021 1775006684 15173|0| AUCTION_WON NA NA NA NA NA NA NA NA NA NA NA NA NA NA
R/F,BAL,2026-04-01T01:07:28Z,bid,FALSE,0021 1775005648 15890|6000| AUCTION_BID NA NA NA NA NA NA NA NA NA NA NA NA NA NA
R/F,BAL,2026-04-01T01:07:18Z,bid,FALSE,0021 1775005638 13791|1000| AUCTION_BID NA NA NA NA NA NA NA NA NA NA NA NA NA NA
R/F,KCC,2026-04-01T01:04:34Z,bid,FALSE,0030 1775005474 16572|22000|Baltimore Ravens forced bid increase AUCTION_BID NA NA NA NA NA NA NA NA NA NA NA NA NA NA
R/F,BAL,2026-04-01T00:33:23Z,win,FALSE,0021 1775003603 13113|12000| AUCTION_WON NA NA NA NA NA NA NA NA NA NA NA NA NA NA
R/F,SEA,2026-03-31T23:50:43Z,nomination,FALSE,0016 1775001043 16390|0| AUCTION_INIT NA NA NA NA NA NA NA NA NA NA NA NA NA NA
R/F,MIN,2026-03-31T23:50:36Z,bid,FALSE,0008 1775001036 14080|1000| AUCTION_BID NA NA NA NA NA NA NA NA NA NA NA NA NA NA
R/F,SEA,2026-03-31T23:50:04Z,nomination,FALSE,0016 1775001004 16199|0| AUCTION_INIT NA NA NA NA NA NA NA NA NA NA NA NA NA NA
R/F,PHI,2026-03-31T23:50:04Z,bid,FALSE,0003 1775001004 16324|20000|Minnesota Vikings forced bid increase AUCTION_BID NA NA NA NA NA NA NA NA NA NA NA NA NA NA
R/F,SEA,2026-03-31T23:48:37Z,nomination,FALSE,0016 1775000917 15330|0| AUCTION_INIT NA NA NA NA NA NA NA NA NA NA NA NA NA NA
R/F,SFO,2026-03-31T23:46:55Z,bid,FALSE,0015 1775000815 15894|12000| AUCTION_BID NA NA NA NA NA NA NA NA NA NA NA NA NA NA
R/F,SFO,2026-03-31T23:37:12Z,nomination,FALSE,0015 1775000232 15626|0| AUCTION_INIT NA NA NA NA NA NA NA NA NA NA NA NA NA NA
R/F,SFO,2026-03-31T23:35:43Z,bid,FALSE,0015 1775000143 15777|4000| AUCTION_BID NA NA NA NA NA NA NA NA NA NA NA NA NA NA
R/F,MIN,2026-03-31T22:13:32Z,bid,FALSE,0008 1774995212 16350|6000|Detroit Lions forced bid increase AUCTION_BID NA NA NA NA NA NA NA NA NA NA NA NA NA NA
R/F,PHI,2026-03-31T22:04:47Z,bid,FALSE,0003 1774994687 16324|15000|Minnesota Vikings forced bid increase AUCTION_BID NA NA NA NA NA NA NA NA NA NA NA NA NA NA
R/F,SFO,2026-03-31T22:04:47Z,bid,FALSE,0015 1774994687 16201|4000|Minnesota Vikings forced bid increase AUCTION_BID NA NA NA NA NA NA NA NA NA NA NA NA NA NA
R/F,MIN,2026-03-31T22:04:47Z,bid,FALSE,0008 1774994687 15109|46000| AUCTION_BID NA NA NA NA NA NA NA NA NA NA NA NA NA NA
R/F,MIN,2026-03-31T22:03:35Z,nomination,FALSE,0008 1774994615 16889|0| AUCTION_INIT NA NA NA NA NA NA NA NA NA NA NA NA NA NA
R/F,KCC,2026-03-31T21:52:06Z,nomination,FALSE,0030 1774993926 12754|0| AUCTION_INIT NA NA NA NA NA NA NA NA NA NA NA NA NA NA
R/F,CLE,2026-03-31T21:50:33Z,win,FALSE,0023 1774993833 16390|0| AUCTION_WON NA NA NA NA NA NA NA NA NA NA NA NA NA NA
R/F,CLE,2026-03-31T21:50:33Z,win,FALSE,0023 1774993833 15933|14000| AUCTION_WON NA NA NA NA NA NA NA NA NA NA NA NA NA NA
R/F,CLE,2026-03-31T21:50:33Z,win,FALSE,0023 1774993833 14143|5000| AUCTION_WON NA NA NA NA NA NA NA NA NA NA NA NA NA NA
R/F,CLE,2026-03-31T21:50:33Z,win,FALSE,0023 1774993833 13228|0| AUCTION_WON NA NA NA NA NA NA NA NA NA NA NA NA NA NA
R/F,CLE,2026-03-31T21:50:33Z,win,FALSE,0023 1774993833 12956|5000| AUCTION_WON NA NA NA NA NA NA NA NA NA NA NA NA NA NA
R/F,GBP,2026-03-31T21:06:31Z,bid,FALSE,0007 1774991191 14979|16000|Washington Commanders forced bid increase AUCTION_BID NA NA NA NA NA NA NA NA NA NA NA NA NA NA
R/F,WAS,2026-03-31T21:04:56Z,bid,FALSE,0004 1774991096 15894|11000| AUCTION_BID NA NA NA NA NA NA NA NA NA NA NA NA NA NA
R/F,DET,2026-03-31T21:03:45Z,bid,FALSE,0006 1774991025 15894|9000|Washington Commanders forced bid increase AUCTION_BID NA NA NA NA NA NA NA NA NA NA NA NA NA NA
R/F,DAL,2026-03-31T21:03:16Z,bid,FALSE,0001 1774990996 15797|21000|Washington Commanders forced bid increase AUCTION_BID NA NA NA NA NA NA NA NA NA NA NA NA NA NA
R/F,GBP,2026-03-31T21:03:16Z,bid,FALSE,0007 1774990996 14979|11000|Washington Commanders forced bid increase AUCTION_BID NA NA NA NA NA NA NA NA NA NA NA NA NA NA
R/F,GBP,2026-03-31T21:01:37Z,bid,FALSE,0007 1774990897 14979|7000|Washington Commanders forced bid increase AUCTION_BID NA NA NA NA NA NA NA NA NA NA NA NA NA NA
R/F,WAS,2026-03-31T21:01:37Z,bid,FALSE,0004 1774990897 13770|6000| AUCTION_BID NA NA NA NA NA NA NA NA NA NA NA NA NA NA
R/F,GBP,2026-03-31T21:01:02Z,bid,FALSE,0007 1774990862 14979|5000|Washington Commanders forced bid increase AUCTION_BID NA NA NA NA NA NA NA NA NA NA NA NA NA NA
R/F,CLE,2026-03-31T20:16:40Z,bid,FALSE,0023 1774988200 15933|14000|Baltimore Ravens forced bid increase AUCTION_BID NA NA NA NA NA NA NA NA NA NA NA NA NA NA
R/F,CLE,2026-03-31T20:16:10Z,bid,FALSE,0023 1774988170 15933|9000|Baltimore Ravens forced bid increase AUCTION_BID NA NA NA NA NA NA NA NA NA NA NA NA NA NA
R/F,CHI,2026-03-31T20:11:24Z,nomination,FALSE,0005 1774987884 15989|0| AUCTION_INIT NA NA NA NA NA NA NA NA NA NA NA NA NA NA
R/F,HOU,2026-03-31T20:11:23Z,bid,FALSE,0025 1774987883 14067|3000|Baltimore Ravens forced bid increase AUCTION_BID NA NA NA NA NA NA NA NA NA NA NA NA NA NA
R/F,HOU,2026-03-31T20:11:18Z,bid,FALSE,0025 1774987878 14067|1000|Baltimore Ravens forced bid increase AUCTION_BID NA NA NA NA NA NA NA NA NA NA NA NA NA NA
R/F,CHI,2026-03-31T20:11:01Z,nomination,FALSE,0005 1774987861 14067|0| AUCTION_INIT NA NA NA NA NA NA NA NA NA NA NA NA NA NA
R/F,CHI,2026-03-31T20:10:38Z,nomination,FALSE,0005 1774987838 14930|0| AUCTION_INIT NA NA NA NA NA NA NA NA NA NA NA NA NA NA
R/F,CHI,2026-03-31T20:10:17Z,nomination,FALSE,0005 1774987817 15398|0| AUCTION_INIT NA NA NA NA NA NA NA NA NA NA NA NA NA NA
R/F,LAC,2026-03-31T20:06:20Z,bid,FALSE,0032 1774987580 16729|4000| AUCTION_BID NA NA NA NA NA NA NA NA NA NA NA NA NA NA
R/F,BAL,2026-03-31T20:06:08Z,bid,FALSE,0021 1774987568 16729|3000|Los Angeles Chargers forced bid increase AUCTION_BID NA NA NA NA NA NA NA NA NA NA NA NA NA NA
R/F,BAL,2026-03-31T20:05:47Z,bid,FALSE,0021 1774987547 16729|2000|Los Angeles Chargers forced bid increase AUCTION_BID NA NA NA NA NA NA NA NA NA NA NA NA NA NA
R/F,HOU,2026-03-31T19:38:06Z,nomination,FALSE,0025 1774985886 13260|0| AUCTION_INIT NA NA NA NA NA NA NA NA NA NA NA NA NA NA
R/F,HOU,2026-03-31T19:36:15Z,nomination,FALSE,0025 1774985775 12842|0| AUCTION_INIT NA NA NA NA NA NA NA NA NA NA NA NA NA NA
R/F,HOU,2026-03-31T19:35:03Z,nomination,FALSE,0025 1774985703 13832|0| AUCTION_INIT NA NA NA NA NA NA NA NA NA NA NA NA NA NA
R/F,HOU,2026-03-31T19:32:22Z,nomination,FALSE,0025 1774985542 12678|0| AUCTION_INIT NA NA NA NA NA NA NA NA NA NA NA NA NA NA
R/F,HOU,2026-03-31T19:30:49Z,nomination,FALSE,0025 1774985449 14067|0| AUCTION_INIT NA NA NA NA NA NA NA NA NA NA NA NA NA NA
R/F,HOU,2026-03-31T19:29:54Z,nomination,FALSE,0025 1774985394 12610|0| AUCTION_INIT NA NA NA NA NA NA NA NA NA NA NA NA NA NA
R/F,NYG,2026-03-31T19:28:24Z,bid,FALSE,0002 1774985304 14143|21000| AUCTION_BID NA NA NA NA NA NA NA NA NA NA NA NA NA NA
R/F,NYG,2026-03-31T19:27:32Z,nomination,FALSE,0002 1774985252 16009|0| AUCTION_INIT NA NA NA NA NA NA NA NA NA NA NA NA NA NA
R/F,ATL,2026-03-31T19:26:01Z,bid,FALSE,0009 1774985161 16036|46000|New York Giants forced bid increase AUCTION_BID NA NA NA NA NA NA NA NA NA NA NA NA NA NA
R/F,WAS,2026-03-31T19:23:14Z,win,FALSE,0004 1774984994 17200|1000| AUCTION_WON NA NA NA NA NA NA NA NA NA NA NA NA NA NA
R/F,WAS,2026-03-31T19:17:44Z,bid,FALSE,0004 1774984664 17200|1000|New York Giants forced bid increase AUCTION_BID NA NA NA NA NA NA NA NA NA NA NA NA NA NA
R/F,TBB,2026-03-31T19:17:21Z,bid,FALSE,0012 1774984641 15301|46000|New York Giants forced bid increase AUCTION_BID NA NA NA NA NA NA NA NA NA NA NA NA NA NA
R/F,WAS,2026-03-31T19:12:00Z,win,FALSE,0004 1774984320 13332|0| AUCTION_WON NA NA NA NA NA NA NA NA NA NA NA NA NA NA
R/F,CIN,2026-03-31T19:05:42Z,win,FALSE,0022 1774983942 15813|20000| AUCTION_WON NA NA NA NA NA NA NA NA NA NA NA NA NA NA
R/F,CIN,2026-03-31T19:05:42Z,win,FALSE,0022 1774983942 15738|0| AUCTION_WON NA NA NA NA NA NA NA NA NA NA NA NA NA NA
R/F,CIN,2026-03-31T19:05:42Z,win,FALSE,0022 1774983942 14871|30000| AUCTION_WON NA NA NA NA NA NA NA NA NA NA NA NA NA NA
R/F,ARI,2026-03-31T19:04:00Z,nomination,FALSE,0013 1774983840 13832|0| AUCTION_INIT NA NA NA NA NA NA NA NA NA NA NA NA NA NA
R/F,WAS,2026-03-31T19:03:11Z,win,FALSE,0004 1774983791 16304|0| AUCTION_WON NA NA NA NA NA NA NA NA NA NA NA NA NA NA
R/F,ARI,2026-03-31T19:02:31Z,bid,FALSE,0013 1774983751 15738|1000| AUCTION_BID NA NA NA NA NA NA NA NA NA NA NA NA NA NA
R/F,ARI,2026-03-31T19:02:12Z,bid,FALSE,0013 1774983732 15813|47000| AUCTION_BID NA NA NA NA NA NA NA NA NA NA NA NA NA NA
R/F,ARI,2026-03-31T19:01:38Z,nomination,FALSE,0013 1774983698 13228|0| AUCTION_INIT NA NA NA NA NA NA NA NA NA NA NA NA NA NA
R/F,MIN,2026-03-31T18:59:13Z,win,FALSE,0008 1774983553 15981|1000| AUCTION_WON NA NA NA NA NA NA NA NA NA NA NA NA NA NA
R/F,NOS,2026-03-31T18:40:15Z,nomination,FALSE,0011 1774982415 12842|0| AUCTION_INIT NA NA NA NA NA NA NA NA NA NA NA NA NA NA
R/F,PHI,2026-03-31T18:39:42Z,bid,FALSE,0003 1774982382 13869|8000|New Orleans Saints forced bid increase AUCTION_BID NA NA NA NA NA NA NA NA NA NA NA NA NA NA
R/F,PHI,2026-03-31T18:37:38Z,bid,FALSE,0003 1774982258 13869|6000|New Orleans Saints forced bid increase AUCTION_BID NA NA NA NA NA NA NA NA NA NA NA NA NA NA
R/F,MIN,2026-03-31T18:36:05Z,bid,FALSE,0008 1774982165 13770|5000|Washington Commanders forced bid increase AUCTION_BID NA NA NA NA NA NA NA NA NA NA NA NA NA NA
R/F,PHI,2026-03-31T18:35:38Z,bid,FALSE,0003 1774982138 13869|4000|New Orleans Saints forced bid increase AUCTION_BID NA NA NA NA NA NA NA NA NA NA NA NA NA NA
R/F,PHI,2026-03-31T18:35:14Z,bid,FALSE,0003 1774982114 13869|2000|New Orleans Saints forced bid increase AUCTION_BID NA NA NA NA NA NA NA NA NA NA NA NA NA NA
R/F,NOS,2026-03-31T18:33:59Z,bid,FALSE,0011 1774982039 11644|5000| AUCTION_BID NA NA NA NA NA NA NA NA NA NA NA NA NA NA
R/F,BAL,2026-03-31T18:09:50Z,bid,FALSE,0021 1774980590 15368|17000| AUCTION_BID NA NA NA NA NA NA NA NA NA NA NA NA NA NA
R/F,BAL,2026-03-31T18:04:46Z,bid,FALSE,0021 1774980286 15895|17000| AUCTION_BID NA NA NA NA NA NA NA NA NA NA NA NA NA NA
R/F,KCC,2026-03-31T18:04:31Z,bid,FALSE,0030 1774980271 16727|5000|Baltimore Ravens forced bid increase AUCTION_BID NA NA NA NA NA NA NA NA NA NA NA NA NA NA
R/F,KCC,2026-03-31T18:04:31Z,bid,FALSE,0030 1774980271 15890|4000|Baltimore Ravens forced bid increase AUCTION_BID NA NA NA NA NA NA NA NA NA NA NA NA NA NA
R/F,IND,2026-03-31T18:03:38Z,bid,FALSE,0026 1774980218 16102|3000|Baltimore Ravens forced bid increase AUCTION_BID NA NA NA NA NA NA NA NA NA NA NA NA NA NA
R/F,DET,2026-03-31T17:59:23Z,bid,FALSE,0006 1774979963 17207|6000| AUCTION_BID NA NA NA NA NA NA NA NA NA NA NA NA NA NA
R/F,CHI,2026-03-31T17:40:54Z,nomination,FALSE,0005 1774978854 16688|0| AUCTION_INIT NA NA NA NA NA NA NA NA NA NA NA NA NA NA
R/F,CHI,2026-03-31T17:40:24Z,nomination,FALSE,0005 1774978824 16586|0| AUCTION_INIT NA NA NA NA NA NA NA NA NA NA NA NA NA NA
R/F,ATL,2026-03-31T17:38:19Z,bid,FALSE,0009 1774978699 16036|37000| AUCTION_BID NA NA NA NA NA NA NA NA NA NA NA NA NA NA
R/F,ATL,2026-03-31T17:37:46Z,nomination,FALSE,0009 1774978666 15877|0| AUCTION_INIT NA NA NA NA NA NA NA NA NA NA NA NA NA NA
R/F,ATL,2026-03-31T17:34:26Z,nomination,FALSE,0009 1774978466 17207|0| AUCTION_INIT NA NA NA NA NA NA NA NA NA NA NA NA NA NA
R/F,KCC,2026-03-31T17:33:23Z,bid,FALSE,0030 1774978403 16727|3000| AUCTION_BID NA NA NA NA NA NA NA NA NA NA NA NA NA NA
R/F,CLE,2026-03-31T17:32:58Z,bid,FALSE,0023 1774978378 14143|5000|Kansas City Chiefs forced bid increase AUCTION_BID NA NA NA NA NA NA NA NA NA NA NA NA NA NA
R/F,CLE,2026-03-31T17:32:46Z,bid,FALSE,0023 1774978366 12956|5000|Kansas City Chiefs forced bid increase AUCTION_BID NA NA NA NA NA NA NA NA NA NA NA NA NA NA
R/F,KCC,2026-03-31T17:31:17Z,bid,FALSE,0030 1774978277 15890|2000| AUCTION_BID NA NA NA NA NA NA NA NA NA NA NA NA NA NA
R/F,BUF,2026-03-31T17:30:27Z,bid,FALSE,0017 1774978227 15860|30000|Kansas City Chiefs forced bid increase AUCTION_BID NA NA NA NA NA NA NA NA NA NA NA NA NA NA
R/F,CIN,2026-03-31T17:29:57Z,bid,FALSE,0022 1774978197 14871|30000|Kansas City Chiefs forced bid increase AUCTION_BID NA NA NA NA NA NA NA NA NA NA NA NA NA NA
R/F,ATL,2026-03-31T17:29:50Z,nomination,FALSE,0009 1774978190 17126|0| AUCTION_INIT NA NA NA NA NA NA NA NA NA NA NA NA NA NA
R/F,CIN,2026-03-31T17:29:42Z,bid,FALSE,0022 1774978182 14871|26000|Kansas City Chiefs forced bid increase AUCTION_BID NA NA NA NA NA NA NA NA NA NA NA NA NA NA
R/F,ATL,2026-03-31T17:29:16Z,nomination,FALSE,0009 1774978156 17352|0| AUCTION_INIT NA NA NA NA NA NA NA NA NA NA NA NA NA NA
R/F,CIN,2026-03-31T17:28:45Z,bid,FALSE,0022 1774978125 14871|25000|Kansas City Chiefs forced bid increase AUCTION_BID NA NA NA NA NA NA NA NA NA NA NA NA NA NA
R/F,NOS,2026-03-31T17:26:20Z,win,FALSE,0011 1774977980 16139|0| AUCTION_WON NA NA NA NA NA NA NA NA NA NA NA NA NA NA
R/F,PIT,2026-03-31T17:19:37Z,nomination,FALSE,0024 1774977577 15759|0| AUCTION_INIT NA NA NA NA NA NA NA NA NA NA NA NA NA NA
R/F,PIT,2026-03-31T17:17:34Z,nomination,FALSE,0024 1774977454 13791|0| AUCTION_INIT NA NA NA NA NA NA NA NA NA NA NA NA NA NA
R/F,KCC,2026-03-31T17:17:28Z,nomination,FALSE,0030 1774977448 16631|0| AUCTION_INIT NA NA NA NA NA NA NA NA NA NA NA NA NA NA
R/F,PIT,2026-03-31T17:17:22Z,nomination,FALSE,0024 1774977442 16843|0| AUCTION_INIT NA NA NA NA NA NA NA NA NA NA NA NA NA NA
R/F,TEN,2026-03-31T17:17:00Z,bid,FALSE,0028 1774977420 14899|43000|Pittsburgh Steelers forced bid increase AUCTION_BID NA NA NA NA NA NA NA NA NA NA NA NA NA NA
R/F,KCC,2026-03-31T17:16:47Z,bid,FALSE,0030 1774977407 16572|12000|Buffalo Bills forced bid increase AUCTION_BID NA NA NA NA NA NA NA NA NA NA NA NA NA NA
R/F,TEN,2026-03-31T17:16:42Z,bid,FALSE,0028 1774977402 14899|40000|Pittsburgh Steelers forced bid increase AUCTION_BID NA NA NA NA NA NA NA NA NA NA NA NA NA NA
R/F,KCC,2026-03-31T17:16:41Z,bid,FALSE,0030 1774977401 16572|10000|Buffalo Bills forced bid increase AUCTION_BID NA NA NA NA NA NA NA NA NA NA NA NA NA NA
R/F,TEN,2026-03-31T17:16:29Z,bid,FALSE,0028 1774977389 14899|38000|Pittsburgh Steelers forced bid increase AUCTION_BID NA NA NA NA NA NA NA NA NA NA NA NA NA NA
R/F,BUF,2026-03-31T17:16:20Z,bid,FALSE,0017 1774977380 15860|26000| AUCTION_BID NA NA NA NA NA NA NA NA NA NA NA NA NA NA
R/F,KCC,2026-03-31T17:16:12Z,bid,FALSE,0030 1774977372 15860|25000|Buffalo Bills forced bid increase AUCTION_BID NA NA NA NA NA NA NA NA NA NA NA NA NA NA
R/F,KCC,2026-03-31T17:15:48Z,bid,FALSE,0030 1774977348 15860|20000|Buffalo Bills forced bid increase AUCTION_BID NA NA NA NA NA NA NA NA NA NA NA NA NA NA
R/F,TEN,2026-03-31T17:14:38Z,bid,FALSE,0028 1774977278 14899|35000|Pittsburgh Steelers forced bid increase AUCTION_BID NA NA NA NA NA NA NA NA NA NA NA NA NA NA
R/F,KCC,2026-03-31T17:13:41Z,nomination,FALSE,0030 1774977221 14256|0| AUCTION_INIT NA NA NA NA NA NA NA NA NA NA NA NA NA NA
R/F,KCC,2026-03-31T17:13:19Z,nomination,FALSE,0030 1774977199 16444|0| AUCTION_INIT NA NA NA NA NA NA NA NA NA NA NA NA NA NA
R/F,BUF,2026-03-31T17:12:30Z,bid,FALSE,0017 1774977150 17214|21000| AUCTION_BID NA NA NA NA NA NA NA NA NA NA NA NA NA NA
R/F,CIN,2026-03-31T17:12:24Z,bid,FALSE,0022 1774977144 17214|20000|Buffalo Bills forced bid increase AUCTION_BID NA NA NA NA NA NA NA NA NA NA NA NA NA NA
R/F,CIN,2026-03-31T17:12:17Z,bid,FALSE,0022 1774977137 17214|15000|Buffalo Bills forced bid increase AUCTION_BID NA NA NA NA NA NA NA NA NA NA NA NA NA NA
R/F,CIN,2026-03-31T17:12:10Z,bid,FALSE,0022 1774977130 17214|13000|Buffalo Bills forced bid increase AUCTION_BID NA NA NA NA NA NA NA NA NA NA NA NA NA NA
R/F,CIN,2026-03-31T17:11:56Z,bid,FALSE,0022 1774977116 17214|10000|Buffalo Bills forced bid increase AUCTION_BID NA NA NA NA NA NA NA NA NA NA NA NA NA NA
R/F,BAL,2026-03-31T17:11:44Z,win,FALSE,0021 1774977104 17164|10000| AUCTION_WON NA NA NA NA NA NA NA NA NA NA NA NA NA NA
R/F,BAL,2026-03-31T17:11:44Z,win,FALSE,0021 1774977104 15499|10000| AUCTION_WON NA NA NA NA NA NA NA NA NA NA NA NA NA NA
R/F,CAR,2026-03-31T17:10:44Z,bid,FALSE,0010 1774977044 13764|21000| AUCTION_BID NA NA NA NA NA NA NA NA NA NA NA NA NA NA
R/F,NOS,2026-03-31T17:09:56Z,win,FALSE,0011 1774976996 17196|0| AUCTION_WON NA NA NA NA NA NA NA NA NA NA NA NA NA NA
R/F,SEA,2026-03-31T16:57:49Z,bid,FALSE,0016 1774976269 16102|12000| AUCTION_BID NA NA NA NA NA NA NA NA NA NA NA NA NA NA
R/F,SEA,2026-03-31T16:50:58Z,bid,FALSE,0016 1774975858 15681|6000| AUCTION_BID NA NA NA NA NA NA NA NA NA NA NA NA NA NA
R/F,NOS,2026-03-31T16:47:40Z,win,FALSE,0011 1774975660 13610|0| AUCTION_WON NA NA NA NA NA NA NA NA NA NA NA NA NA NA
R/F,DET,2026-03-31T16:39:03Z,nomination,FALSE,0006 1774975143 17226|0| AUCTION_INIT NA NA NA NA NA NA NA NA NA NA NA NA NA NA
R/F,DET,2026-03-31T16:37:56Z,nomination,FALSE,0006 1774975076 15461|0| AUCTION_INIT NA NA NA NA NA NA NA NA NA NA NA NA NA NA
R/F,CAR,2026-03-31T16:37:56Z,win,FALSE,0010 1774975076 15852|46000| AUCTION_WON NA NA NA NA NA NA NA NA NA NA NA NA NA NA
R/F,DET,2026-03-31T16:36:46Z,nomination,FALSE,0006 1774975006 16896|0| AUCTION_INIT NA NA NA NA NA NA NA NA NA NA NA NA NA NA
R/F,MIN,2026-03-31T16:36:46Z,win,FALSE,0008 1774975006 10945|0| AUCTION_WON NA NA NA NA NA NA NA NA NA NA NA NA NA NA
R/F,DET,2026-03-31T16:33:27Z,nomination,FALSE,0006 1774974807 15292|0| AUCTION_INIT NA NA NA NA NA NA NA NA NA NA NA NA NA NA
R/F,DET,2026-03-31T16:32:52Z,nomination,FALSE,0006 1774974772 15777|0| AUCTION_INIT NA NA NA NA NA NA NA NA NA NA NA NA NA NA
R/F,BAL,2026-03-31T16:32:29Z,bid,FALSE,0021 1774974749 15499|10000|Kansas City Chiefs forced bid increase AUCTION_BID NA NA NA NA NA NA NA NA NA NA NA NA NA NA
R/F,BAL,2026-03-31T16:32:17Z,bid,FALSE,0021 1774974737 17164|10000|Kansas City Chiefs forced bid increase AUCTION_BID NA NA NA NA NA NA NA NA NA NA NA NA NA NA
R/F,DET,2026-03-31T16:31:54Z,nomination,FALSE,0006 1774974714 14805|0| AUCTION_INIT NA NA NA NA NA NA NA NA NA NA NA NA NA NA
R/F,TEN,2026-03-31T16:30:29Z,bid,FALSE,0028 1774974629 14899|31000| AUCTION_BID NA NA NA NA NA NA NA NA NA NA NA NA NA NA
R/F,TEN,2026-03-31T16:30:10Z,bid,FALSE,0028 1774974610 16727|2000| AUCTION_BID NA NA NA NA NA NA NA NA NA NA NA NA NA NA
R/F,TEN,2026-03-31T16:30:01Z,win,FALSE,0028 1774974601 11640|0| AUCTION_WON NA NA NA NA NA NA NA NA NA NA NA NA NA NA
R/F,DET,2026-03-31T16:26:38Z,bid,FALSE,0006 1774974398 15894|6000| AUCTION_BID NA NA NA NA NA NA NA NA NA NA NA NA NA NA
R/F,PHI,2026-03-31T16:26:38Z,bid,FALSE,0003 1774974398 13764|10000|Detroit Lions forced bid increase AUCTION_BID NA NA NA NA NA NA NA NA NA NA NA NA NA NA
R/F,SFO,2026-03-31T16:26:10Z,bid,FALSE,0015 1774974370 14901|5000|Detroit Lions forced bid increase AUCTION_BID NA NA NA NA NA NA NA NA NA NA NA NA NA NA
R/F,DET,2026-03-31T16:25:49Z,bid,FALSE,0006 1774974349 13707|5000| AUCTION_BID NA NA NA NA NA NA NA NA NA NA NA NA NA NA
R/F,DET,2026-03-31T16:25:35Z,bid,FALSE,0006 1774974335 13683|4000| AUCTION_BID NA NA NA NA NA NA NA NA NA NA NA NA NA NA
R/F,WAS,2026-03-31T16:24:05Z,bid,FALSE,0004 1774974245 15681|5000| AUCTION_BID NA NA NA NA NA NA NA NA NA NA NA NA NA NA
R/F,MIN,2026-03-31T16:23:38Z,bid,FALSE,0008 1774974218 15681|3000|Washington Commanders forced bid increase AUCTION_BID NA NA NA NA NA NA NA NA NA NA NA NA NA NA
R/F,MIN,2026-03-31T16:23:18Z,bid,FALSE,0008 1774974198 13707|2000|Detroit Lions forced bid increase AUCTION_BID NA NA NA NA NA NA NA NA NA NA NA NA NA NA
R/F,TBB,2026-03-31T16:20:25Z,nomination,FALSE,0012 1774974025 15301|0| AUCTION_INIT NA NA NA NA NA NA NA NA NA NA NA NA NA NA
R/F,DAL,2026-03-31T16:19:31Z,bid,FALSE,0001 1774973971 16102|3000| AUCTION_BID NA NA NA NA NA NA NA NA NA NA NA NA NA NA
R/F,DAL,2026-03-31T16:19:31Z,bid,FALSE,0001 1774973971 15797|16000| AUCTION_BID NA NA NA NA NA NA NA NA NA NA NA NA NA NA
R/F,WAS,2026-03-31T16:18:58Z,nomination,FALSE,0004 1774973938 15738|0| AUCTION_INIT NA NA NA NA NA NA NA NA NA NA NA NA NA NA
R/F,DAL,2026-03-31T16:18:48Z,nomination,FALSE,0001 1774973928 15888|0| AUCTION_INIT NA NA NA NA NA NA NA NA NA NA NA NA NA NA
R/F,DAL,2026-03-31T16:18:19Z,nomination,FALSE,0001 1774973899 13731|0| AUCTION_INIT NA NA NA NA NA NA NA NA NA NA NA NA NA NA
R/F,LAR,2026-03-31T16:17:51Z,win,FALSE,0014 1774973871 12735|0| AUCTION_WON NA NA NA NA NA NA NA NA NA NA NA NA NA NA
R/F,NOS,2026-03-31T16:17:47Z,bid,FALSE,0011 1774973867 13307|5000| AUCTION_BID NA NA NA NA NA NA NA NA NA NA NA NA NA NA
R/F,TEN,2026-03-31T16:16:43Z,win,FALSE,0028 1774973803 15894|5000| AUCTION_WON NA NA NA NA NA NA NA NA NA NA NA NA NA NA
R/F,DEN,2026-03-31T16:15:24Z,win,FALSE,0029 1774973724 17202|0| AUCTION_WON NA NA NA NA NA NA NA NA NA NA NA NA NA NA
R/F,DEN,2026-03-31T16:15:24Z,win,FALSE,0029 1774973724 17192|0| AUCTION_WON NA NA NA NA NA NA NA NA NA NA NA NA NA NA
R/F,DEN,2026-03-31T16:15:24Z,win,FALSE,0029 1774973724 17191|0| AUCTION_WON NA NA NA NA NA NA NA NA NA NA NA NA NA NA
R/F,DEN,2026-03-31T16:15:24Z,win,FALSE,0029 1774973724 17165|3000| AUCTION_WON NA NA NA NA NA NA NA NA NA NA NA NA NA NA
R/F,DEN,2026-03-31T16:15:24Z,win,FALSE,0029 1774973724 17061|0| AUCTION_WON NA NA NA NA NA NA NA NA NA NA NA NA NA NA
R/F,NOS,2026-03-31T16:13:26Z,bid,FALSE,0011 1774973606 15892|1000| AUCTION_BID NA NA NA NA NA NA NA NA NA NA NA NA NA NA
R/F,MIN,2026-03-31T16:13:26Z,bid,FALSE,0008 1774973606 13307|3000|New Orleans Saints forced bid increase AUCTION_BID NA NA NA NA NA NA NA NA NA NA NA NA NA NA
R/F,ATL,2026-03-31T16:12:00Z,win,FALSE,0009 1774973520 17250|7000| AUCTION_WON NA NA NA NA NA NA NA NA NA NA NA NA NA NA
R/F,IND,2026-03-31T16:09:03Z,bid,FALSE,0026 1774973343 13704|18000| AUCTION_BID NA NA NA NA NA NA NA NA NA NA NA NA NA NA
R/F,NEP,2026-03-31T16:08:53Z,bid,FALSE,0019 1774973333 15681|26000| AUCTION_BID NA NA NA NA NA NA NA NA NA NA NA NA NA NA
R/F,IND,2026-03-31T16:08:39Z,bid,FALSE,0026 1774973319 15681|21000|New England Patriots forced bid increase AUCTION_BID NA NA NA NA NA NA NA NA NA NA NA NA NA NA
R/F,NEP,2026-03-31T16:08:39Z,bid,FALSE,0019 1774973319 15368|14000| AUCTION_BID NA NA NA NA NA NA NA NA NA NA NA NA NA NA
R/F,NEP,2026-03-31T16:08:14Z,bid,FALSE,0019 1774973294 15890|1000| AUCTION_BID NA NA NA NA NA NA NA NA NA NA NA NA NA NA
R/F,IND,2026-03-31T16:07:55Z,bid,FALSE,0026 1774973275 15681|19000|New England Patriots forced bid increase AUCTION_BID NA NA NA NA NA NA NA NA NA NA NA NA NA NA
R/F,IND,2026-03-31T16:07:05Z,bid,FALSE,0026 1774973225 15681|16000|New England Patriots forced bid increase AUCTION_BID NA NA NA NA NA NA NA NA NA NA NA NA NA NA
R/F,BAL,2026-03-31T16:07:05Z,bid,FALSE,0021 1774973225 15368|11000|New England Patriots forced bid increase AUCTION_BID NA NA NA NA NA NA NA NA NA NA NA NA NA NA
R/F,ATL,2026-03-31T16:06:23Z,win,FALSE,0009 1774973183 17164|0| AUCTION_WON NA NA NA NA NA NA NA NA NA NA NA NA NA NA
R/F,NEP,2026-03-31T16:06:18Z,bid,FALSE,0019 1774973178 15895|16000| AUCTION_BID NA NA NA NA NA NA NA NA NA NA NA NA NA NA
R/F,BAL,2026-03-31T16:06:18Z,bid,FALSE,0021 1774973178 15368|8000|New England Patriots forced bid increase AUCTION_BID NA NA NA NA NA NA NA NA NA NA NA NA NA NA
R/F,BUF,2026-03-31T16:05:21Z,win,FALSE,0017 1774973121 16234|0| AUCTION_WON NA NA NA NA NA NA NA NA NA NA NA NA NA NA
R/F,ATL,2026-03-31T16:05:16Z,win,FALSE,0009 1774973116 17424|0| AUCTION_WON NA NA NA NA NA NA NA NA NA NA NA NA NA NA
R/F,ATL,2026-03-31T16:05:16Z,win,FALSE,0009 1774973116 16292|0| AUCTION_WON NA NA NA NA NA NA NA NA NA NA NA NA NA NA
R/F,DAL,2026-03-31T16:05:16Z,win,FALSE,0001 1774973116 16216|19000| AUCTION_WON NA NA NA NA NA NA NA NA NA NA NA NA NA NA
R/F,LAR,2026-03-31T16:05:16Z,win,FALSE,0014 1774973116 15933|97000| AUCTION_WON NA NA NA NA NA NA NA NA NA NA NA NA NA NA
R/F,DAL,2026-03-31T16:05:16Z,win,FALSE,0001 1774973116 15405|7000| AUCTION_WON NA NA NA NA NA NA NA NA NA NA NA NA NA NA
R/F,NYG,2026-03-31T16:03:51Z,nomination,FALSE,0002 1774973031 14080|0| AUCTION_INIT NA NA NA NA NA NA NA NA NA NA NA NA NA NA
R/F,SEA,2026-03-31T16:03:44Z,win,FALSE,0016 1774973024 16621|24000| AUCTION_WON NA NA NA NA NA NA NA NA NA NA NA NA NA NA
R/F,NYG,2026-03-31T16:03:41Z,bid,FALSE,0002 1774973021 15813|11000| AUCTION_BID NA NA NA NA NA NA NA NA NA NA NA NA NA NA
R/F,CIN,2026-03-31T16:03:40Z,bid,FALSE,0022 1774973020 14871|16000|Kansas City Chiefs forced bid increase AUCTION_BID NA NA NA NA NA NA NA NA NA NA NA NA NA NA
R/F,BAL,2026-03-31T16:03:27Z,bid,FALSE,0021 1774973007 17164|6000|Kansas City Chiefs forced bid increase AUCTION_BID NA NA NA NA NA NA NA NA NA NA NA NA NA NA
R/F,KCC,2026-03-31T16:03:12Z,bid,FALSE,0030 1774972992 15860|16000| AUCTION_BID NA NA NA NA NA NA NA NA NA NA NA NA NA NA
R/F,BAL,2026-03-31T16:03:12Z,bid,FALSE,0021 1774972992 15499|6000|Kansas City Chiefs forced bid increase AUCTION_BID NA NA NA NA NA NA NA NA NA NA NA NA NA NA
R/F,BAL,2026-03-31T16:03:12Z,bid,FALSE,0021 1774972992 15368|6000|Kansas City Chiefs forced bid increase AUCTION_BID NA NA NA NA NA NA NA NA NA NA NA NA NA NA
R/F,NEP,2026-03-31T16:03:12Z,win,FALSE,0019 1774972992 14947|25000| AUCTION_WON NA NA NA NA NA NA NA NA NA NA NA NA NA NA
R/F,TEN,2026-03-31T16:02:28Z,bid,FALSE,0028 1774972948 15894|5000|Kansas City Chiefs forced bid increase AUCTION_BID NA NA NA NA NA NA NA NA NA NA NA NA NA NA
R/F,BAL,2026-03-31T16:02:28Z,bid,FALSE,0021 1774972948 15860|15000|Kansas City Chiefs forced bid increase AUCTION_BID NA NA NA NA NA NA NA NA NA NA NA NA NA NA
R/F,CIN,2026-03-31T16:02:28Z,bid,FALSE,0022 1774972948 14871|15000|Kansas City Chiefs forced bid increase AUCTION_BID NA NA NA NA NA NA NA NA NA NA NA NA NA NA
R/F,CAR,2026-03-31T16:02:00Z,bid,FALSE,0010 1774972920 15852|46000|New York Giants forced bid increase AUCTION_BID NA NA NA NA NA NA NA NA NA NA NA NA NA NA
R/F,IND,2026-03-31T16:01:31Z,win,FALSE,0026 1774972891 15845|25000| AUCTION_WON NA NA NA NA NA NA NA NA NA NA NA NA NA NA
R/F,BAL,2026-03-31T16:01:06Z,bid,FALSE,0021 1774972866 17164|5000|Kansas City Chiefs forced bid increase AUCTION_BID NA NA NA NA NA NA NA NA NA NA NA NA NA NA
R/F,KCC,2026-03-31T16:01:06Z,bid,FALSE,0030 1774972866 16572|6000| AUCTION_BID NA NA NA NA NA NA NA NA NA NA NA NA NA NA
R/F,BAL,2026-03-31T16:01:06Z,bid,FALSE,0021 1774972866 15860|13000|Kansas City Chiefs forced bid increase AUCTION_BID NA NA NA NA NA NA NA NA NA NA NA NA NA NA
R/F,BAL,2026-03-31T16:01:06Z,bid,FALSE,0021 1774972866 15499|5000|Kansas City Chiefs forced bid increase AUCTION_BID NA NA NA NA NA NA NA NA NA NA NA NA NA NA
R/F,BAL,2026-03-31T16:01:06Z,bid,FALSE,0021 1774972866 15368|5000|Kansas City Chiefs forced bid increase AUCTION_BID NA NA NA NA NA NA NA NA NA NA NA NA NA NA
R/F,CIN,2026-03-31T16:01:06Z,bid,FALSE,0022 1774972866 14871|13000|Kansas City Chiefs forced bid increase AUCTION_BID NA NA NA NA NA NA NA NA NA NA NA NA NA NA
R/F,IND,2026-03-31T16:01:06Z,win,FALSE,0026 1774972866 16012|15000| AUCTION_WON NA NA NA NA NA NA NA NA NA NA NA NA NA NA
R/F,CHI,2026-03-31T16:00:23Z,win,FALSE,0005 1774972823 15853|100000| AUCTION_WON NA NA NA NA NA NA NA NA NA NA NA NA NA NA
R/F,NYG,2026-03-31T16:00:23Z,win,FALSE,0002 1774972823 13113|54000| AUCTION_WON NA NA NA NA NA NA NA NA NA NA NA NA NA NA
R/F,KCC,2026-03-31T16:00:14Z,win,FALSE,0030 1774972814 15755|49000| AUCTION_WON NA NA NA NA NA NA NA NA NA NA NA NA NA NA
R/F,SEA,2026-03-31T15:40:44Z,bid,FALSE,0016 1774971644 16621|24000|Minnesota Vikings forced bid increase AUCTION_BID NA NA NA NA NA NA NA NA NA NA NA NA NA NA
R/F,SEA,2026-03-31T15:40:22Z,bid,FALSE,0016 1774971622 16621|16000|Minnesota Vikings forced bid increase AUCTION_BID NA NA NA NA NA NA NA NA NA NA NA NA NA NA
R/F,ATL,2026-03-31T15:39:41Z,bid,FALSE,0009 1774971581 17250|7000|Minnesota Vikings forced bid increase AUCTION_BID NA NA NA NA NA NA NA NA NA NA NA NA NA NA
R/F,SEA,2026-03-31T15:39:41Z,bid,FALSE,0016 1774971581 16621|4000|Minnesota Vikings forced bid increase AUCTION_BID NA NA NA NA NA NA NA NA NA NA NA NA NA NA
R/F,MIN,2026-03-31T15:39:41Z,bid,FALSE,0008 1774971581 15911|2000| AUCTION_BID NA NA NA NA NA NA NA NA NA NA NA NA NA NA
R/F,CAR,2026-03-31T15:39:41Z,bid,FALSE,0010 1774971581 15852|16000|Minnesota Vikings forced bid increase AUCTION_BID NA NA NA NA NA NA NA NA NA NA NA NA NA NA
R/F,MIN,2026-03-31T15:39:41Z,bid,FALSE,0008 1774971581 15356|1000| AUCTION_BID NA NA NA NA NA NA NA NA NA NA NA NA NA NA
R/F,MIN,2026-03-31T15:39:41Z,bid,FALSE,0008 1774971581 13683|1000| AUCTION_BID NA NA NA NA NA NA NA NA NA NA NA NA NA NA
R/F,PIT,2026-03-31T15:05:52Z,bid,FALSE,0024 1774969552 14899|28000| AUCTION_BID NA NA NA NA NA NA NA NA NA NA NA NA NA NA
R/F,NYJ,2026-03-31T13:47:12Z,nomination,FALSE,0020 1774964832 13682|0| AUCTION_INIT NA NA NA NA NA NA NA NA NA NA NA NA NA NA
R/F,LAR,2026-03-31T12:27:21Z,bid,FALSE,0014 1774960041 15933|97000|Green Bay Packers forced bid increase AUCTION_BID NA NA NA NA NA NA NA NA NA NA NA NA NA NA
R/F,GBP,2026-03-31T12:22:44Z,bid,FALSE,0007 1774959764 14979|2000| AUCTION_BID NA NA NA NA NA NA NA NA NA NA NA NA NA NA
R/F,LAR,2026-03-31T12:18:55Z,bid,FALSE,0014 1774959535 15933|70000|Green Bay Packers forced bid increase AUCTION_BID NA NA NA NA NA NA NA NA NA NA NA NA NA NA
R/F,ATL,2026-03-31T12:08:21Z,bid,FALSE,0009 1774958901 17250|2000|Minnesota Vikings forced bid increase AUCTION_BID NA NA NA NA NA NA NA NA NA NA NA NA NA NA
R/F,PHI,2026-03-31T12:08:21Z,bid,FALSE,0003 1774958901 14143|15000|Minnesota Vikings forced bid increase AUCTION_BID NA NA NA NA NA NA NA NA NA NA NA NA NA NA
R/F,MIN,2026-03-31T12:08:21Z,bid,FALSE,0008 1774958901 13770|2000| AUCTION_BID NA NA NA NA NA NA NA NA NA NA NA NA NA NA
R/F,ARI,2026-03-31T12:06:25Z,bid,FALSE,0013 1774958785 15109|40000|Minnesota Vikings forced bid increase AUCTION_BID NA NA NA NA NA NA NA NA NA NA NA NA NA NA
R/F,ARI,2026-03-31T12:06:09Z,bid,FALSE,0013 1774958769 15109|30000|Minnesota Vikings forced bid increase AUCTION_BID NA NA NA NA NA NA NA NA NA NA NA NA NA NA
R/F,ARI,2026-03-31T12:05:52Z,bid,FALSE,0013 1774958752 15109|12000|Minnesota Vikings forced bid increase AUCTION_BID NA NA NA NA NA NA NA NA NA NA NA NA NA NA
R/F,MIN,2026-03-31T12:05:31Z,bid,FALSE,0008 1774958731 13782|2000| AUCTION_BID NA NA NA NA NA NA NA NA NA NA NA NA NA NA
R/F,PHI,2026-03-31T12:05:00Z,bid,FALSE,0003 1774958700 16324|7000|Minnesota Vikings forced bid increase AUCTION_BID NA NA NA NA NA NA NA NA NA NA NA NA NA NA
R/F,MIN,2026-03-31T12:03:50Z,bid,FALSE,0008 1774958630 16350|2000| AUCTION_BID NA NA NA NA NA NA NA NA NA NA NA NA NA NA
R/F,CAR,2026-03-31T12:03:50Z,bid,FALSE,0010 1774958630 15852|8000|Minnesota Vikings forced bid increase AUCTION_BID NA NA NA NA NA NA NA NA NA NA NA NA NA NA
R/F,DAL,2026-03-31T12:03:50Z,bid,FALSE,0001 1774958630 15405|7000|Minnesota Vikings forced bid increase AUCTION_BID NA NA NA NA NA NA NA NA NA NA NA NA NA NA
R/F,PHI,2026-03-31T12:02:46Z,bid,FALSE,0003 1774958566 14143|8000|Minnesota Vikings forced bid increase AUCTION_BID NA NA NA NA NA NA NA NA NA NA NA NA NA NA
R/F,MIN,2026-03-31T12:02:29Z,bid,FALSE,0008 1774958549 15797|7000| AUCTION_BID NA NA NA NA NA NA NA NA NA NA NA NA NA NA
R/F,PHI,2026-03-31T12:02:29Z,bid,FALSE,0003 1774958549 14143|4000|Minnesota Vikings forced bid increase AUCTION_BID NA NA NA NA NA NA NA NA NA NA NA NA NA NA
R/F,BAL,2026-03-31T11:37:19Z,bid,FALSE,0021 1774957039 13424|1000| AUCTION_BID NA NA NA NA NA NA NA NA NA NA NA NA NA NA
R/F,PIT,2026-03-31T11:05:03Z,nomination,FALSE,0024 1774955103 15892|0| AUCTION_INIT NA NA NA NA NA NA NA NA NA NA NA NA NA NA
R/F,PIT,2026-03-31T11:04:00Z,nomination,FALSE,0024 1774955040 17077|0| AUCTION_INIT NA NA NA NA NA NA NA NA NA NA NA NA NA NA
R/F,IND,2026-03-31T11:03:07Z,bid,FALSE,0026 1774954987 15681|12000| AUCTION_BID NA NA NA NA NA NA NA NA NA NA NA NA NA NA
R/F,NEP,2026-03-31T11:02:46Z,bid,FALSE,0019 1774954966 14947|25000|Indianapolis Colts forced bid increase AUCTION_BID NA NA NA NA NA NA NA NA NA NA NA NA NA NA
R/F,PIT,2026-03-31T11:02:36Z,nomination,FALSE,0024 1774954956 16613|0| AUCTION_INIT NA NA NA NA NA NA NA NA NA NA NA NA NA NA
R/F,NYG,2026-03-31T10:25:13Z,bid,FALSE,0002 1774952713 13113|54000|Dallas Cowboys forced bid increase AUCTION_BID NA NA NA NA NA NA NA NA NA NA NA NA NA NA
R/F,NYG,2026-03-31T10:24:50Z,bid,FALSE,0002 1774952690 13113|32000|Dallas Cowboys forced bid increase AUCTION_BID NA NA NA NA NA NA NA NA NA NA NA NA NA NA
R/F,DAL,2026-03-31T10:23:30Z,bid,FALSE,0001 1774952610 13844|6000| AUCTION_BID NA NA NA NA NA NA NA NA NA NA NA NA NA NA
R/F,DAL,2026-03-31T10:23:09Z,nomination,FALSE,0001 1774952589 11945|0| AUCTION_INIT NA NA NA NA NA NA NA NA NA NA NA NA NA NA
R/F,IND,2026-03-31T10:18:00Z,bid,FALSE,0026 1774952280 16102|1000| AUCTION_BID NA NA NA NA NA NA NA NA NA NA NA NA NA NA
R/F,WAS,2026-03-31T07:39:04Z,bid,FALSE,0004 1774942744 16036|34000| AUCTION_BID NA NA NA NA NA NA NA NA NA NA NA NA NA NA
R/F,DAL,2026-03-31T04:03:15Z,bid,FALSE,0001 1774929795 16216|19000|Washington Commanders forced bid increase AUCTION_BID NA NA NA NA NA NA NA NA NA NA NA NA NA NA
R/F,DAL,2026-03-31T04:02:52Z,bid,FALSE,0001 1774929772 16216|16000|Washington Commanders forced bid increase AUCTION_BID NA NA NA NA NA NA NA NA NA NA NA NA NA NA
R/F,DAL,2026-03-31T04:02:42Z,bid,FALSE,0001 1774929762 16036|31000|Washington Commanders forced bid increase AUCTION_BID NA NA NA NA NA NA NA NA NA NA NA NA NA NA
R/F,DAL,2026-03-31T03:57:17Z,bid,FALSE,0001 1774929437 16036|26000|Washington Commanders forced bid increase AUCTION_BID NA NA NA NA NA NA NA NA NA NA NA NA NA NA
R/F,WAS,2026-03-31T03:56:53Z,bid,FALSE,0004 1774929413 15894|3000| AUCTION_BID NA NA NA NA NA NA NA NA NA NA NA NA NA NA
R/F,PHI,2026-03-31T03:54:45Z,bid,FALSE,0003 1774929285 13764|5000|Washington Commanders forced bid increase AUCTION_BID NA NA NA NA NA NA NA NA NA NA NA NA NA NA
R/F,PHI,2026-03-31T03:09:34Z,bid,FALSE,0003 1774926574 13764|3000|Washington Commanders forced bid increase AUCTION_BID NA NA NA NA NA NA NA NA NA NA NA NA NA NA
R/F,WAS,2026-03-31T03:08:51Z,bid,FALSE,0004 1774926531 13782|1000| AUCTION_BID NA NA NA NA NA NA NA NA NA NA NA NA NA NA
R/F,DAL,2026-03-31T03:08:13Z,bid,FALSE,0001 1774926493 16216|7000|Washington Commanders forced bid increase AUCTION_BID NA NA NA NA NA NA NA NA NA NA NA NA NA NA
R/F,PHI,2026-03-31T03:01:28Z,bid,FALSE,0003 1774926088 13764|2000| AUCTION_BID NA NA NA NA NA NA NA NA NA NA NA NA NA NA
R/F,PHI,2026-03-31T03:00:58Z,bid,FALSE,0003 1774926058 14143|1000| AUCTION_BID NA NA NA NA NA NA NA NA NA NA NA NA NA NA
R/F,NYG,2026-03-31T03:00:45Z,bid,FALSE,0002 1774926045 13113|20000|Philadelphia Eagles forced bid increase AUCTION_BID NA NA NA NA NA NA NA NA NA NA NA NA NA NA
R/F,PHI,2026-03-31T03:00:29Z,bid,FALSE,0003 1774926029 16324|3000| AUCTION_BID NA NA NA NA NA NA NA NA NA NA NA NA NA NA
R/F,PHI,2026-03-31T03:00:13Z,nomination,FALSE,0003 1774926013 13869|0| AUCTION_INIT NA NA NA NA NA NA NA NA NA NA NA NA NA NA
R/F,PHI,2026-03-31T02:58:44Z,bid,FALSE,0003 1774925924 12956|6000| AUCTION_BID NA NA NA NA NA NA NA NA NA NA NA NA NA NA
R/F,SFO,2026-03-31T01:27:29Z,nomination,FALSE,0015 1774920449 16201|0| AUCTION_INIT NA NA NA NA NA NA NA NA NA NA NA NA NA NA
R/F,SFO,2026-03-31T01:23:33Z,nomination,FALSE,0015 1774920213 14901|0| AUCTION_INIT NA NA NA NA NA NA NA NA NA NA NA NA NA NA
R/F,BAL,2026-03-31T01:16:34Z,nomination,FALSE,0021 1774919794 17352|0| AUCTION_INIT NA NA NA NA NA NA NA NA NA NA NA NA NA NA
R/F,ARI,2026-03-31T01:16:26Z,bid,FALSE,0013 1774919786 15109|6000| AUCTION_BID NA NA NA NA NA NA NA NA NA NA NA NA NA NA
R/F,BAL,2026-03-31T01:12:42Z,nomination,FALSE,0021 1774919562 16300|0| AUCTION_INIT NA NA NA NA NA NA NA NA NA NA NA NA NA NA
R/F,BAL,2026-03-31T01:12:23Z,nomination,FALSE,0021 1774919543 15890|0| AUCTION_INIT NA NA NA NA NA NA NA NA NA NA NA NA NA NA
R/F,BAL,2026-03-31T01:12:11Z,nomination,FALSE,0021 1774919531 15173|0| AUCTION_INIT NA NA NA NA NA NA NA NA NA NA NA NA NA NA
R/F,BAL,2026-03-31T01:11:55Z,nomination,FALSE,0021 1774919515 16102|0| AUCTION_INIT NA NA NA NA NA NA NA NA NA NA NA NA NA NA
R/F,SFO,2026-03-31T01:08:44Z,bid,FALSE,0015 1774919324 16286|1000| AUCTION_BID NA NA NA NA NA NA NA NA NA NA NA NA NA NA
R/F,SFO,2026-03-31T00:59:37Z,nomination,FALSE,0015 1774918777 12956|0| AUCTION_INIT NA NA NA NA NA NA NA NA NA NA NA NA NA NA
R/F,SFO,2026-03-31T00:53:42Z,nomination,FALSE,0015 1774918422 13844|0| AUCTION_INIT NA NA NA NA NA NA NA NA NA NA NA NA NA NA
R/F,BAL,2026-03-31T00:35:15Z,bid,FALSE,0021 1774917315 13704|16000| AUCTION_BID NA NA NA NA NA NA NA NA NA NA NA NA NA NA
R/F,CIN,2026-03-31T00:35:06Z,bid,FALSE,0022 1774917306 15813|20000|Baltimore Ravens forced bid increase AUCTION_BID NA NA NA NA NA NA NA NA NA NA NA NA NA NA
R/F,BUF,2026-03-31T00:34:36Z,bid,FALSE,0017 1774917276 16572|2000|Baltimore Ravens forced bid increase AUCTION_BID NA NA NA NA NA NA NA NA NA NA NA NA NA NA
R/F,BUF,2026-03-31T00:34:29Z,bid,FALSE,0017 1774917269 16572|1000|Baltimore Ravens forced bid increase AUCTION_BID NA NA NA NA NA NA NA NA NA NA NA NA NA NA
R/F,BAL,2026-03-31T00:33:41Z,bid,FALSE,0021 1774917221 16729|1000| AUCTION_BID NA NA NA NA NA NA NA NA NA NA NA NA NA NA
R/F,IND,2026-03-31T00:32:36Z,bid,FALSE,0026 1774917156 15845|25000|Baltimore Ravens forced bid increase AUCTION_BID NA NA NA NA NA NA NA NA NA NA NA NA NA NA
R/F,IND,2026-03-31T00:31:23Z,bid,FALSE,0026 1774917083 13704|15000|Baltimore Ravens forced bid increase AUCTION_BID NA NA NA NA NA NA NA NA NA NA NA NA NA NA
R/F,CIN,2026-03-31T00:30:07Z,bid,FALSE,0022 1774917007 14871|12000|Baltimore Ravens forced bid increase AUCTION_BID NA NA NA NA NA NA NA NA NA NA NA NA NA NA
R/F,BAL,2026-03-31T00:29:41Z,bid,FALSE,0021 1774916981 13113|12000| AUCTION_BID NA NA NA NA NA NA NA NA NA NA NA NA NA NA
R/F,TEN,2026-03-31T00:29:33Z,bid,FALSE,0028 1774916973 13113|10000|Baltimore Ravens forced bid increase AUCTION_BID NA NA NA NA NA NA NA NA NA NA NA NA NA NA
R/F,CLE,2026-03-30T21:35:07Z,nomination,FALSE,0023 1774906507 13228|0| AUCTION_INIT NA NA NA NA NA NA NA NA NA NA NA NA NA NA
R/F,CLE,2026-03-30T21:30:17Z,nomination,FALSE,0023 1774906217 16390|0| AUCTION_INIT NA NA NA NA NA NA NA NA NA NA NA NA NA NA
R/F,CLE,2026-03-30T21:28:55Z,nomination,FALSE,0023 1774906135 12956|0| AUCTION_INIT NA NA NA NA NA NA NA NA NA NA NA NA NA NA
R/F,CLE,2026-03-30T21:26:16Z,nomination,FALSE,0023 1774905976 14143|0| AUCTION_INIT NA NA NA NA NA NA NA NA NA NA NA NA NA NA
R/F,CLE,2026-03-30T21:23:15Z,bid,FALSE,0023 1774905795 15933|2000| AUCTION_BID NA NA NA NA NA NA NA NA NA NA NA NA NA NA
R/F,TEN,2026-03-30T21:22:13Z,bid,FALSE,0028 1774905733 14899|20000|Cleveland Browns forced bid increase AUCTION_BID NA NA NA NA NA NA NA NA NA NA NA NA NA NA
R/F,LAC,2026-03-30T20:51:18Z,nomination,FALSE,0032 1774903878 16729|0| AUCTION_INIT NA NA NA NA NA NA NA NA NA NA NA NA NA NA
R/F,NEP,2026-03-30T20:45:00Z,bid,FALSE,0019 1774903500 15681|11000| AUCTION_BID NA NA NA NA NA NA NA NA NA NA NA NA NA NA
R/F,WAS,2026-03-30T19:24:55Z,bid,FALSE,0004 1774898695 15797|6000| AUCTION_BID NA NA NA NA NA NA NA NA NA NA NA NA NA NA
R/F,WAS,2026-03-30T19:23:23Z,bid,FALSE,0004 1774898603 13764|1000| AUCTION_BID NA NA NA NA NA NA NA NA NA NA NA NA NA NA
R/F,WAS,2026-03-30T19:20:32Z,nomination,FALSE,0004 1774898432 17200|0| AUCTION_INIT NA NA NA NA NA NA NA NA NA NA NA NA NA NA
R/F,CAR,2026-03-30T19:19:03Z,bid,FALSE,0010 1774898343 15852|5000|Washington Commanders forced bid increase AUCTION_BID NA NA NA NA NA NA NA NA NA NA NA NA NA NA
R/F,CAR,2026-03-30T19:18:52Z,bid,FALSE,0010 1774898332 15852|1000|Washington Commanders forced bid increase AUCTION_BID NA NA NA NA NA NA NA NA NA NA NA NA NA NA
R/F,DAL,2026-03-30T19:17:05Z,bid,FALSE,0001 1774898225 16036|24000|Washington Commanders forced bid increase AUCTION_BID NA NA NA NA NA NA NA NA NA NA NA NA NA NA
R/F,DAL,2026-03-30T19:14:05Z,bid,FALSE,0001 1774898045 16216|5000|Washington Commanders forced bid increase AUCTION_BID NA NA NA NA NA NA NA NA NA NA NA NA NA NA
R/F,MIN,2026-03-30T19:11:11Z,bid,FALSE,0008 1774897871 15797|2000|Washington Commanders forced bid increase AUCTION_BID NA NA NA NA NA NA NA NA NA NA NA NA NA NA
R/F,WAS,2026-03-30T19:09:29Z,nomination,FALSE,0004 1774897769 13332|0| AUCTION_INIT NA NA NA NA NA NA NA NA NA NA NA NA NA NA
R/F,WAS,2026-03-30T19:05:06Z,nomination,FALSE,0004 1774897506 13770|0| AUCTION_INIT NA NA NA NA NA NA NA NA NA NA NA NA NA NA
R/F,WAS,2026-03-30T19:03:03Z,nomination,FALSE,0004 1774897383 16304|0| AUCTION_INIT NA NA NA NA NA NA NA NA NA NA NA NA NA NA
R/F,CIN,2026-03-30T19:01:53Z,bid,FALSE,0022 1774897313 17214|8000| AUCTION_BID NA NA NA NA NA NA NA NA NA NA NA NA NA NA
R/F,CIN,2026-03-30T19:01:14Z,bid,FALSE,0022 1774897274 15813|16000| AUCTION_BID NA NA NA NA NA NA NA NA NA NA NA NA NA NA
R/F,CIN,2026-03-30T18:59:25Z,nomination,FALSE,0022 1774897165 15738|0| AUCTION_INIT NA NA NA NA NA NA NA NA NA NA NA NA NA NA
R/F,CIN,2026-03-30T18:55:03Z,bid,FALSE,0022 1774896903 14871|6000| AUCTION_BID NA NA NA NA NA NA NA NA NA NA NA NA NA NA
R/F,DAL,2026-03-30T18:51:49Z,bid,FALSE,0001 1774896709 16036|20000|Washington Commanders forced bid increase AUCTION_BID NA NA NA NA NA NA NA NA NA NA NA NA NA NA
R/F,MIN,2026-03-30T18:50:56Z,bid,FALSE,0008 1774896656 15894|2000|Washington Commanders forced bid increase AUCTION_BID NA NA NA NA NA NA NA NA NA NA NA NA NA NA
R/F,MIN,2026-03-30T18:44:18Z,bid,FALSE,0008 1774896258 16102|1000| AUCTION_BID NA NA NA NA NA NA NA NA NA NA NA NA NA NA
R/F,MIN,2026-03-30T18:44:18Z,bid,FALSE,0008 1774896258 15981|1000| AUCTION_BID NA NA NA NA NA NA NA NA NA NA NA NA NA NA
R/F,MIN,2026-03-30T18:44:18Z,bid,FALSE,0008 1774896258 15894|1000| AUCTION_BID NA NA NA NA NA NA NA NA NA NA NA NA NA NA
R/F,MIN,2026-03-30T18:44:18Z,bid,FALSE,0008 1774896258 15109|3000| AUCTION_BID NA NA NA NA NA NA NA NA NA NA NA NA NA NA
R/F,NYG,2026-03-30T18:44:18Z,bid,FALSE,0002 1774896258 13113|2000|Minnesota Vikings forced bid increase AUCTION_BID NA NA NA NA NA NA NA NA NA NA NA NA NA NA
R/F,MIN,2026-03-30T18:44:18Z,bid,FALSE,0008 1774896258 11644|3000| AUCTION_BID NA NA NA NA NA NA NA NA NA NA NA NA NA NA
R/F,WAS,2026-03-30T18:41:31Z,nomination,FALSE,0004 1774896091 14979|0| AUCTION_INIT NA NA NA NA NA NA NA NA NA NA NA NA NA NA
R/F,DAL,2026-03-30T18:34:08Z,bid,FALSE,0001 1774895648 16036|16000|Washington Commanders forced bid increase AUCTION_BID NA NA NA NA NA NA NA NA NA NA NA NA NA NA
R/F,IND,2026-03-30T17:28:56Z,bid,FALSE,0026 1774891736 15845|19000|Baltimore Ravens forced bid increase AUCTION_BID NA NA NA NA NA NA NA NA NA NA NA NA NA NA
R/F,BAL,2026-03-30T17:28:45Z,bid,FALSE,0021 1774891725 15813|11000| AUCTION_BID NA NA NA NA NA NA NA NA NA NA NA NA NA NA
R/F,BUF,2026-03-30T17:27:56Z,bid,FALSE,0017 1774891676 15813|10000|Baltimore Ravens forced bid increase AUCTION_BID NA NA NA NA NA NA NA NA NA NA NA NA NA NA
R/F,BUF,2026-03-30T17:27:41Z,bid,FALSE,0017 1774891661 17214|5000|Baltimore Ravens forced bid increase AUCTION_BID NA NA NA NA NA NA NA NA NA NA NA NA NA NA
R/F,BUF,2026-03-30T17:27:41Z,bid,FALSE,0017 1774891661 15813|5000|Baltimore Ravens forced bid increase AUCTION_BID NA NA NA NA NA NA NA NA NA NA NA NA NA NA
R/F,IND,2026-03-30T17:27:41Z,bid,FALSE,0026 1774891661 15681|5000|Baltimore Ravens forced bid increase AUCTION_BID NA NA NA NA NA NA NA NA NA NA NA NA NA NA
R/F,BAL,2026-03-30T17:27:41Z,bid,FALSE,0021 1774891661 14871|1000| AUCTION_BID NA NA NA NA NA NA NA NA NA NA NA NA NA NA
R/F,BAL,2026-03-30T17:27:05Z,bid,FALSE,0021 1774891625 15860|12000| AUCTION_BID NA NA NA NA NA NA NA NA NA NA NA NA NA NA
R/F,IND,2026-03-30T17:26:56Z,bid,FALSE,0026 1774891616 16012|15000|Baltimore Ravens forced bid increase AUCTION_BID NA NA NA NA NA NA NA NA NA NA NA NA NA NA
R/F,BAL,2026-03-30T17:26:56Z,bid,FALSE,0021 1774891616 15895|12000| AUCTION_BID NA NA NA NA NA NA NA NA NA NA NA NA NA NA
R/F,IND,2026-03-30T17:26:56Z,bid,FALSE,0026 1774891616 15845|15000|Baltimore Ravens forced bid increase AUCTION_BID NA NA NA NA NA NA NA NA NA NA NA NA NA NA
R/F,NEP,2026-03-30T17:26:39Z,bid,FALSE,0019 1774891599 15860|10000|Baltimore Ravens forced bid increase AUCTION_BID NA NA NA NA NA NA NA NA NA NA NA NA NA NA
R/F,NOS,2026-03-30T17:12:15Z,nomination,FALSE,0011 1774890735 16139|0| AUCTION_INIT NA NA NA NA NA NA NA NA NA NA NA NA NA NA
R/F,NOS,2026-03-30T17:11:32Z,nomination,FALSE,0011 1774890692 16350|0| AUCTION_INIT NA NA NA NA NA NA NA NA NA NA NA NA NA NA
R/F,BAL,2026-03-30T17:07:47Z,bid,FALSE,0021 1774890467 15368|1000| AUCTION_BID NA NA NA NA NA NA NA NA NA NA NA NA NA NA
R/F,IND,2026-03-30T17:07:40Z,bid,FALSE,0026 1774890460 13704|10000|Baltimore Ravens forced bid increase AUCTION_BID NA NA NA NA NA NA NA NA NA NA NA NA NA NA
R/F,IND,2026-03-30T17:07:34Z,bid,FALSE,0026 1774890454 16012|10000|Baltimore Ravens forced bid increase AUCTION_BID NA NA NA NA NA NA NA NA NA NA NA NA NA NA
R/F,BAL,2026-03-30T17:07:07Z,bid,FALSE,0021 1774890427 15499|1000| AUCTION_BID NA NA NA NA NA NA NA NA NA NA NA NA NA NA
R/F,TEN,2026-03-30T17:06:41Z,bid,FALSE,0028 1774890401 13113|5000|Baltimore Ravens forced bid increase AUCTION_BID NA NA NA NA NA NA NA NA NA NA NA NA NA NA
R/F,TEN,2026-03-30T17:06:30Z,bid,FALSE,0028 1774890390 13113|1000|Baltimore Ravens forced bid increase AUCTION_BID NA NA NA NA NA NA NA NA NA NA NA NA NA NA
R/F,BAL,2026-03-30T17:06:16Z,bid,FALSE,0021 1774890376 17164|1000| AUCTION_BID NA NA NA NA NA NA NA NA NA NA NA NA NA NA
R/F,BAL,2026-03-30T17:06:16Z,bid,FALSE,0021 1774890376 15933|1000| AUCTION_BID NA NA NA NA NA NA NA NA NA NA NA NA NA NA
R/F,NEP,2026-03-30T17:05:51Z,bid,FALSE,0019 1774890351 15895|10000|Baltimore Ravens forced bid increase AUCTION_BID NA NA NA NA NA NA NA NA NA NA NA NA NA NA
R/F,IND,2026-03-30T17:05:51Z,bid,FALSE,0026 1774890351 15845|10000|Baltimore Ravens forced bid increase AUCTION_BID NA NA NA NA NA NA NA NA NA NA NA NA NA NA
R/F,NOS,2026-03-30T17:00:31Z,nomination,FALSE,0011 1774890031 17196|0| AUCTION_INIT NA NA NA NA NA NA NA NA NA NA NA NA NA NA
R/F,NOS,2026-03-30T16:52:47Z,nomination,FALSE,0011 1774889567 15109|0| AUCTION_INIT NA NA NA NA NA NA NA NA NA NA NA NA NA NA
R/F,KCC,2026-03-30T16:47:23Z,nomination,FALSE,0030 1774889243 15499|0| AUCTION_INIT NA NA NA NA NA NA NA NA NA NA NA NA NA NA
R/F,KCC,2026-03-30T16:47:03Z,nomination,FALSE,0030 1774889223 15933|0| AUCTION_INIT NA NA NA NA NA NA NA NA NA NA NA NA NA NA
R/F,KCC,2026-03-30T16:46:45Z,nomination,FALSE,0030 1774889205 17164|0| AUCTION_INIT NA NA NA NA NA NA NA NA NA NA NA NA NA NA
R/F,KCC,2026-03-30T16:46:28Z,nomination,FALSE,0030 1774889188 16727|0| AUCTION_INIT NA NA NA NA NA NA NA NA NA NA NA NA NA NA
R/F,KCC,2026-03-30T16:46:11Z,nomination,FALSE,0030 1774889171 13424|0| AUCTION_INIT NA NA NA NA NA NA NA NA NA NA NA NA NA NA
R/F,NOS,2026-03-30T16:44:55Z,nomination,FALSE,0011 1774889095 13610|0| AUCTION_INIT NA NA NA NA NA NA NA NA NA NA NA NA NA NA
R/F,NEP,2026-03-30T16:44:43Z,bid,FALSE,0019 1774889083 14947|15000|Indianapolis Colts forced bid increase AUCTION_BID NA NA NA NA NA NA NA NA NA NA NA NA NA NA
R/F,NOS,2026-03-30T16:43:24Z,nomination,FALSE,0011 1774889004 11644|0| AUCTION_INIT NA NA NA NA NA NA NA NA NA NA NA NA NA NA
R/F,CAR,2026-03-30T16:37:46Z,nomination,FALSE,0010 1774888666 15852|0| AUCTION_INIT NA NA NA NA NA NA NA NA NA NA NA NA NA NA
R/F,MIN,2026-03-30T16:34:26Z,nomination,FALSE,0008 1774888466 15797|0| AUCTION_INIT NA NA NA NA NA NA NA NA NA NA NA NA NA NA
R/F,MIN,2026-03-30T16:34:08Z,nomination,FALSE,0008 1774888448 10945|0| AUCTION_INIT NA NA NA NA NA NA NA NA NA NA NA NA NA NA
R/F,MIN,2026-03-30T16:33:49Z,nomination,FALSE,0008 1774888429 16324|0| AUCTION_INIT NA NA NA NA NA NA NA NA NA NA NA NA NA NA
R/F,MIN,2026-03-30T16:30:59Z,nomination,FALSE,0008 1774888259 15681|0| AUCTION_INIT NA NA NA NA NA NA NA NA NA NA NA NA NA NA
R/F,MIN,2026-03-30T16:30:53Z,nomination,FALSE,0008 1774888253 13307|0| AUCTION_INIT NA NA NA NA NA NA NA NA NA NA NA NA NA NA
R/F,LAR,2026-03-30T16:30:45Z,bid,FALSE,0014 1774888245 15933|50000|Minnesota Vikings forced bid increase AUCTION_BID NA NA NA NA NA NA NA NA NA NA NA NA NA NA
R/F,MIN,2026-03-30T16:30:45Z,bid,FALSE,0008 1774888245 15813|1000| AUCTION_BID NA NA NA NA NA NA NA NA NA NA NA NA NA NA
R/F,MIN,2026-03-30T16:28:43Z,nomination,FALSE,0008 1774888123 13707|0| AUCTION_INIT NA NA NA NA NA NA NA NA NA NA NA NA NA NA
R/F,LAR,2026-03-30T16:23:16Z,nomination,FALSE,0014 1774887796 15892|0| AUCTION_INIT NA NA NA NA NA NA NA NA NA NA NA NA NA NA
R/F,LAR,2026-03-30T16:21:23Z,nomination,FALSE,0014 1774887683 15894|0| AUCTION_INIT NA NA NA NA NA NA NA NA NA NA NA NA NA NA
R/F,TEN,2026-03-30T16:21:20Z,nomination,FALSE,0028 1774887680 14899|0| AUCTION_INIT NA NA NA NA NA NA NA NA NA NA NA NA NA NA
R/F,LAR,2026-03-30T16:20:17Z,nomination,FALSE,0014 1774887617 16102|0| AUCTION_INIT NA NA NA NA NA NA NA NA NA NA NA NA NA NA
R/F,TEN,2026-03-30T16:17:55Z,nomination,FALSE,0028 1774887475 11640|0| AUCTION_INIT NA NA NA NA NA NA NA NA NA NA NA NA NA NA
R/F,LAR,2026-03-30T16:17:51Z,nomination,FALSE,0014 1774887471 12735|0| AUCTION_INIT NA NA NA NA NA NA NA NA NA NA NA NA NA NA
R/F,TEN,2026-03-30T16:17:42Z,nomination,FALSE,0028 1774887462 13113|0| AUCTION_INIT NA NA NA NA NA NA NA NA NA NA NA NA NA NA
R/F,KCC,2026-03-30T16:16:44Z,bid,FALSE,0030 1774887404 15755|49000|Tennessee Titans forced bid increase AUCTION_BID NA NA NA NA NA NA NA NA NA NA NA NA NA NA
R/F,TEN,2026-03-30T16:16:37Z,nomination,FALSE,0028 1774887397 15894|0| AUCTION_INIT NA NA NA NA NA NA NA NA NA NA NA NA NA NA
R/F,LAR,2026-03-30T16:16:19Z,nomination,FALSE,0014 1774887379 13782|0| AUCTION_INIT NA NA NA NA NA NA NA NA NA NA NA NA NA NA
R/F,DEN,2026-03-30T16:14:08Z,bid,FALSE,0029 1774887248 17165|3000| AUCTION_BID NA NA NA NA NA NA NA NA NA NA NA NA NA NA
R/F,DAL,2026-03-30T16:13:58Z,nomination,FALSE,0001 1774887238 15911|0| AUCTION_INIT NA NA NA NA NA NA NA NA NA NA NA NA NA NA
R/F,DEN,2026-03-30T16:13:44Z,nomination,FALSE,0029 1774887224 17202|0| AUCTION_INIT NA NA NA NA NA NA NA NA NA NA NA NA NA NA
R/F,DEN,2026-03-30T16:13:29Z,nomination,FALSE,0029 1774887209 17192|0| AUCTION_INIT NA NA NA NA NA NA NA NA NA NA NA NA NA NA
R/F,DEN,2026-03-30T16:12:35Z,nomination,FALSE,0029 1774887155 17191|0| AUCTION_INIT NA NA NA NA NA NA NA NA NA NA NA NA NA NA
R/F,DEN,2026-03-30T16:12:15Z,nomination,FALSE,0029 1774887135 17061|0| AUCTION_INIT NA NA NA NA NA NA NA NA NA NA NA NA NA NA
R/F,LAR,2026-03-30T16:11:48Z,nomination,FALSE,0014 1774887108 16286|0| AUCTION_INIT NA NA NA NA NA NA NA NA NA NA NA NA NA NA
R/F,IND,2026-03-30T16:09:34Z,bid,FALSE,0026 1774886974 16012|6000|New England Patriots forced bid increase AUCTION_BID NA NA NA NA NA NA NA NA NA NA NA NA NA NA
R/F,DAL,2026-03-30T16:08:18Z,bid,FALSE,0001 1774886898 16036|11000| AUCTION_BID NA NA NA NA NA NA NA NA NA NA NA NA NA NA
R/F,ATL,2026-03-30T16:07:54Z,nomination,FALSE,0009 1774886874 17250|0| AUCTION_INIT NA NA NA NA NA NA NA NA NA NA NA NA NA NA
R/F,NEP,2026-03-30T16:07:25Z,bid,FALSE,0019 1774886845 15860|6000| AUCTION_BID NA NA NA NA NA NA NA NA NA NA NA NA NA NA
R/F,ATL,2026-03-30T16:06:21Z,nomination,FALSE,0009 1774886781 17164|0| AUCTION_INIT NA NA NA NA NA NA NA NA NA NA NA NA NA NA
R/F,BUF,2026-03-30T16:06:17Z,nomination,FALSE,0017 1774886777 16572|0| AUCTION_INIT NA NA NA NA NA NA NA NA NA NA NA NA NA NA
R/F,ATL,2026-03-30T16:05:59Z,nomination,FALSE,0009 1774886759 13764|0| AUCTION_INIT NA NA NA NA NA NA NA NA NA NA NA NA NA NA
R/F,IND,2026-03-30T16:05:23Z,bid,FALSE,0026 1774886723 15845|3000|Buffalo Bills forced bid increase AUCTION_BID NA NA NA NA NA NA NA NA NA NA NA NA NA NA
R/F,ATL,2026-03-30T16:05:15Z,nomination,FALSE,0009 1774886715 16292|0| AUCTION_INIT NA NA NA NA NA NA NA NA NA NA NA NA NA NA
R/F,KCC,2026-03-30T16:05:11Z,bid,FALSE,0030 1774886711 15755|3000|Buffalo Bills forced bid increase AUCTION_BID NA NA NA NA NA NA NA NA NA NA NA NA NA NA
R/F,LAR,2026-03-30T16:05:09Z,bid,FALSE,0014 1774886709 15933|34000| AUCTION_BID NA NA NA NA NA NA NA NA NA NA NA NA NA NA
R/F,BUF,2026-03-30T16:05:03Z,nomination,FALSE,0017 1774886703 16234|0| AUCTION_INIT NA NA NA NA NA NA NA NA NA NA NA NA NA NA
R/F,DAL,2026-03-30T16:04:59Z,nomination,FALSE,0001 1774886699 15405|0| AUCTION_INIT NA NA NA NA NA NA NA NA NA NA NA NA NA NA
R/F,DAL,2026-03-30T16:04:48Z,nomination,FALSE,0001 1774886688 16216|0| AUCTION_INIT NA NA NA NA NA NA NA NA NA NA NA NA NA NA
R/F,BUF,2026-03-30T16:04:43Z,nomination,FALSE,0017 1774886683 17165|0| AUCTION_INIT NA NA NA NA NA NA NA NA NA NA NA NA NA NA
R/F,DAL,2026-03-30T16:04:38Z,nomination,FALSE,0001 1774886678 15933|0| AUCTION_INIT NA NA NA NA NA NA NA NA NA NA NA NA NA NA
R/F,IND,2026-03-30T16:04:32Z,bid,FALSE,0026 1774886672 13704|7000|New England Patriots forced bid increase AUCTION_BID NA NA NA NA NA NA NA NA NA NA NA NA NA NA
R/F,BUF,2026-03-30T16:04:16Z,nomination,FALSE,0017 1774886656 15813|0| AUCTION_INIT NA NA NA NA NA NA NA NA NA NA NA NA NA NA
R/F,IND,2026-03-30T16:04:05Z,bid,FALSE,0026 1774886645 16012|3000|New England Patriots forced bid increase AUCTION_BID NA NA NA NA NA NA NA NA NA NA NA NA NA NA
R/F,ATL,2026-03-30T16:03:58Z,nomination,FALSE,0009 1774886638 17424|0| AUCTION_INIT NA NA NA NA NA NA NA NA NA NA NA NA NA NA
R/F,NEP,2026-03-30T16:03:49Z,nomination,FALSE,0019 1774886629 15895|0| AUCTION_INIT NA NA NA NA NA NA NA NA NA NA NA NA NA NA
R/F,SEA,2026-03-30T16:03:42Z,nomination,FALSE,0016 1774886622 16621|0| AUCTION_INIT NA NA NA NA NA NA NA NA NA NA NA NA NA NA
R/F,BUF,2026-03-30T16:03:16Z,nomination,FALSE,0017 1774886596 17214|0| AUCTION_INIT NA NA NA NA NA NA NA NA NA NA NA NA NA NA
R/F,IND,2026-03-30T16:02:53Z,bid,FALSE,0026 1774886573 15681|3000|New England Patriots forced bid increase AUCTION_BID NA NA NA NA NA NA NA NA NA NA NA NA NA NA
R/F,NEP,2026-03-30T16:02:35Z,bid,FALSE,0019 1774886555 14947|11000| AUCTION_BID NA NA NA NA NA NA NA NA NA NA NA NA NA NA
R/F,IND,2026-03-30T16:02:28Z,nomination,FALSE,0026 1774886548 15681|0| AUCTION_INIT NA NA NA NA NA NA NA NA NA NA NA NA NA NA
R/F,NEP,2026-03-30T16:02:25Z,nomination,FALSE,0019 1774886545 15368|0| AUCTION_INIT NA NA NA NA NA NA NA NA NA NA NA NA NA NA
R/F,IND,2026-03-30T16:02:16Z,nomination,FALSE,0026 1774886536 14947|0| AUCTION_INIT NA NA NA NA NA NA NA NA NA NA NA NA NA NA
R/F,NYG,2026-03-30T16:02:11Z,nomination,FALSE,0002 1774886531 13683|0| AUCTION_INIT NA NA NA NA NA NA NA NA NA NA NA NA NA NA
R/F,NEP,2026-03-30T16:02:03Z,nomination,FALSE,0019 1774886523 14871|0| AUCTION_INIT NA NA NA NA NA NA NA NA NA NA NA NA NA NA
R/F,IND,2026-03-30T16:01:58Z,nomination,FALSE,0026 1774886518 13704|0| AUCTION_INIT NA NA NA NA NA NA NA NA NA NA NA NA NA NA
R/F,IND,2026-03-30T16:01:46Z,nomination,FALSE,0026 1774886506 15860|0| AUCTION_INIT NA NA NA NA NA NA NA NA NA NA NA NA NA NA
R/F,NYG,2026-03-30T16:01:43Z,nomination,FALSE,0002 1774886503 15813|0| AUCTION_INIT NA NA NA NA NA NA NA NA NA NA NA NA NA NA
R/F,NYG,2026-03-30T16:01:37Z,nomination,FALSE,0002 1774886497 14143|0| AUCTION_INIT NA NA NA NA NA NA NA NA NA NA NA NA NA NA
R/F,CHI,2026-03-30T16:01:33Z,bid,FALSE,0005 1774886493 15853|100000|New Orleans Saints forced bid increase AUCTION_BID NA NA NA NA NA NA NA NA NA NA NA NA NA NA
R/F,IND,2026-03-30T16:01:31Z,nomination,FALSE,0026 1774886491 15845|0| AUCTION_INIT NA NA NA NA NA NA NA NA NA NA NA NA NA NA
R/F,NYG,2026-03-30T16:01:21Z,nomination,FALSE,0002 1774886481 15356|0| AUCTION_INIT NA NA NA NA NA NA NA NA NA NA NA NA NA NA
R/F,ATL,2026-03-30T16:01:13Z,nomination,FALSE,0009 1774886473 16036|0| AUCTION_INIT NA NA NA NA NA NA NA NA NA NA NA NA NA NA
R/F,NYG,2026-03-30T16:00:56Z,nomination,FALSE,0002 1774886456 15981|0| AUCTION_INIT NA NA NA NA NA NA NA NA NA NA NA NA NA NA
R/F,IND,2026-03-30T16:00:27Z,nomination,FALSE,0026 1774886427 16012|0| AUCTION_INIT NA NA NA NA NA NA NA NA NA NA NA NA NA NA
R/F,CHI,2026-03-30T16:00:18Z,nomination,FALSE,0005 1774886418 15853|0| AUCTION_INIT NA NA NA NA NA NA NA NA NA NA NA NA NA NA
R/F,KCC,2026-03-30T16:00:14Z,nomination,FALSE,0030 1774886414 15755|0| AUCTION_INIT NA NA NA NA NA NA NA NA NA NA NA NA NA NA
R/F,NYG,2026-03-30T16:00:12Z,nomination,FALSE,0002 1774886412 13113|0| AUCTION_INIT NA NA NA NA NA NA NA NA NA NA NA NA NA NA
FT,NYG,2026-04-07T22:42:07Z,bid,FALSE,0002 1775601727 15794|22.60|NEFT - please list legal compensation in bid notes AUCTION_WON NA NA NA NA NA NA NA NA NA NA NA NA NA NA
FT,LVR,2026-04-07T22:30:48Z,bid,FALSE,0031 1775601048 15817|20.20|NEFT - please list legal compensation in bid notes AUCTION_WON NA NA NA NA NA NA NA NA NA NA NA NA NA NA
FT,NYJ,2026-04-07T22:30:48Z,bid,FALSE,0020 1775601048 14892|14.80|NEFT - please list legal compensation in bid notes AUCTION_WON NA NA NA NA NA NA NA NA NA NA NA NA NA NA
FT,IND,2026-04-07T22:30:48Z,bid,FALSE,0026 1775601048 13593|43.10|NEFT - please list legal compensation in bid notes AUCTION_WON NA NA NA NA NA NA NA NA NA NA NA NA NA NA
FT,NEP,2026-04-07T22:30:48Z,win,FALSE,0019 1775601048 12752|9.40|TT - no compensation required AUCTION_WON NA NA NA NA NA NA NA NA NA NA NA NA NA NA
FT,LVR,2026-04-06T22:13:50Z,nomination,FALSE,0031 1775513630 15817|20.20|NEFT - please list legal compensation in bid notes AUCTION_INIT NA NA NA NA NA NA NA NA NA 1 NA NA NA NA
FT,IND,2026-04-06T22:13:19Z,nomination,FALSE,0026 1775513599 13593|43.10|NEFT - please list legal compensation in bid notes AUCTION_INIT NA NA NA NA NA NA NA NA NA 1 NA NA NA NA
FT,NYJ,2026-04-06T22:12:52Z,nomination,FALSE,0020 1775513572 14892|14.80|NEFT - please list legal compensation in bid notes AUCTION_INIT NA NA NA NA NA NA NA NA NA 1 NA NA NA NA
FT,NEP,2026-04-06T22:12:27Z,nomination,FALSE,0019 1775513547 12752|9.40|TT - no compensation required AUCTION_INIT NA NA NA NA NA NA NA NA NA 1 NA NA NA NA
FT,NEP,2026-04-06T22:11:12Z,nomination,FALSE,0019 1775513472 12752|9.40| AUCTION_INIT NA NA NA NA NA NA NA NA NA 1 NA NA NA NA
FT,NYG,2026-04-06T22:10:20Z,nomination,FALSE,0002 1775513420 15794|22.60|NEFT - please list legal compensation in bid notes AUCTION_INIT NA NA NA NA NA NA NA NA NA 1 NA NA NA NA
RFA,CLE,2026-04-17T01:13:09Z,win,FALSE,0023 1776388389 16245|6.50|2026 3.14 AUCTION_WON NA NA NA NA NA NA NA NA NA NA NA NA NA NA
RFA,CLE,2026-04-16T00:52:42Z,bid,FALSE,0023 1776300762 16245|6.50|2026 3.14 AUCTION_BID NA NA NA NA NA NA NA NA NA NA NA NA NA NA
RFA,TEN,2026-04-16T00:26:02Z,bid,FALSE,0028 1776299162 16245|6.30|2026 3.19 AUCTION_BID NA NA NA NA NA NA NA NA NA NA NA NA NA NA
RFA,CLE,2026-04-15T19:16:43Z,bid,FALSE,0023 1776280603 16245|6.20|2026 3.14 AUCTION_BID NA NA NA NA NA NA NA NA NA NA NA NA NA NA
RFA,TEN,2026-04-15T14:41:35Z,bid,FALSE,0028 1776264095 16245|6.10|2026 3.19 AUCTION_BID NA NA NA NA NA NA NA NA NA NA NA NA NA NA
RFA,CLE,2026-04-15T12:31:13Z,bid,FALSE,0023 1776256273 16245|6|2026 3.14 AUCTION_BID NA NA NA NA NA NA NA NA NA NA NA NA NA NA
RFA,ARI,2026-04-15T05:35:49Z,win,FALSE,0013 1776231349 16303|9|2027 Ari 5th AUCTION_WON NA NA NA NA NA NA NA NA NA NA NA NA NA NA
RFA,TEN,2026-04-15T01:48:45Z,bid,FALSE,0028 1776217725 16245|5.10|2026 3.19 AUCTION_BID NA NA NA NA NA NA NA NA NA NA NA NA NA NA
RFA,DET,2026-04-15T01:17:00Z,win,FALSE,0006 1776215820 16282|11|2.10 AUCTION_WON NA NA NA NA NA NA NA NA NA NA NA NA NA NA
RFA,DAL,2026-04-15T01:17:00Z,win,FALSE,0001 1776215820 15694|8|2.13 AUCTION_WON NA NA NA NA NA NA NA NA NA NA NA NA NA NA
RFA,ARI,2026-04-15T01:12:30Z,win,FALSE,0013 1776215550 16278|7|RRFA - no comp required AUCTION_WON NA NA NA NA NA NA NA NA NA NA NA NA NA NA
RFA,CLE,2026-04-15T01:11:33Z,win,FALSE,0023 1776215493 16278|7.50|RRFA - no comp required AUCTION_WON NA NA NA NA NA NA NA NA NA NA NA NA NA NA
RFA,CLE,2026-04-15T01:11:33Z,win,FALSE,0023 1776215493 15863|6|RRFA - no comp required AUCTION_WON NA NA NA NA NA NA NA NA NA NA NA NA NA NA
RFA,DAL,2026-04-14T22:48:50Z,bid,FALSE,0001 1776206930 15694|8| AUCTION_BID NA NA NA NA NA NA NA NA NA NA NA NA NA NA
RFA,SEA,2026-04-14T18:33:40Z,win,FALSE,0016 1776191620 15839|7.80|5.8 AUCTION_WON NA NA NA NA NA NA NA NA NA NA NA NA NA NA
RFA,CLE,2026-04-14T18:19:36Z,bid,FALSE,0023 1776190776 16245|5|2026 3.14 AUCTION_BID NA NA NA NA NA NA NA NA NA NA NA NA NA NA
RFA,TEN,2026-04-14T18:17:57Z,win,FALSE,0028 1776190677 16246|3.50|RRFA - no comp required AUCTION_WON NA NA NA NA NA NA NA NA NA NA NA NA NA NA
RFA,TEN,2026-04-14T18:17:57Z,bid,FALSE,0028 1776190677 16193|5.70|SRFA - include 2nd rd pick comp in bid notes AUCTION_WON NA NA NA NA NA NA NA NA NA NA NA NA NA NA
RFA,CLE,2026-04-14T18:17:57Z,win,FALSE,0023 1776190677 16166|3.50|RRFA - no comp required AUCTION_WON NA NA NA NA NA NA NA NA NA NA NA NA NA NA
RFA,CIN,2026-04-14T18:17:57Z,win,FALSE,0022 1776190677 16018|3.70|ORFA- no comp required AUCTION_WON NA NA NA NA NA NA NA NA NA NA NA NA NA NA
RFA,TEN,2026-04-14T18:17:57Z,win,FALSE,0028 1776190677 15972|3.50|RRFA - no comp required AUCTION_WON NA NA NA NA NA NA NA NA NA NA NA NA NA NA
RFA,BAL,2026-04-14T18:17:57Z,bid,FALSE,0021 1776190677 15799|5.70|SRFA - include 2nd rd pick comp in bid notes AUCTION_WON NA NA NA NA NA NA NA NA NA NA NA NA NA NA
RFA,CLE,2026-04-14T18:17:57Z,win,FALSE,0023 1776190677 15003|3.50|RRFA - no comp required AUCTION_WON NA NA NA NA NA NA NA NA NA NA NA NA NA NA
RFA,LVR,2026-04-14T18:17:57Z,bid,FALSE,0031 1776190677 14823|5.70|SRFA - include 2nd rd pick comp in bid notes AUCTION_WON NA NA NA NA NA NA NA NA NA NA NA NA NA NA
RFA,CIN,2026-04-14T18:17:57Z,win,FALSE,0022 1776190677 14405|5.90|ORFA - no comp required AUCTION_WON NA NA NA NA NA NA NA NA NA NA NA NA NA NA
RFA,ATL,2026-04-14T18:17:08Z,win,FALSE,0009 1776190628 16206|25|2.02 AUCTION_WON NA NA NA NA NA NA NA NA NA NA NA NA NA NA
RFA,ATL,2026-04-14T18:17:08Z,win,FALSE,0009 1776190628 16192|12|2.12 AUCTION_WON NA NA NA NA NA NA NA NA NA NA NA NA NA NA
RFA,TBB,2026-04-14T18:17:08Z,bid,FALSE,0012 1776190628 16166|3.60|ORFA5 - include 5th rd pick comp in bid notes AUCTION_WON NA NA NA NA NA NA NA NA NA NA NA NA NA NA
RFA,DAL,2026-04-14T17:54:36Z,bid,FALSE,0001 1776189276 16287|5.70|SRFA - include 2nd rd pick comp in bid notes AUCTION_WON NA NA NA NA NA NA NA NA NA NA NA NA NA NA
RFA,DET,2026-04-14T17:54:36Z,bid,FALSE,0006 1776189276 16193|5.70|SRFA - include 2nd rd pick comp in bid notes AUCTION_WON NA NA NA NA NA NA NA NA NA NA NA NA NA NA
RFA,SEA,2026-04-14T17:54:36Z,bid,FALSE,0016 1776189276 16164|3.60|ORFA3 - include 3rd rd pick comp in bid notes AUCTION_WON NA NA NA NA NA NA NA NA NA NA NA NA NA NA
RFA,NYG,2026-04-14T17:54:36Z,bid,FALSE,0002 1776189276 15428|5.70|SRFA - include 2nd rd pick comp in bid notes AUCTION_WON NA NA NA NA NA NA NA NA NA NA NA NA NA NA
RFA,DET,2026-04-14T17:54:36Z,bid,FALSE,0006 1776189276 15388|3.60|ORFA3 - include 3rd rd pick comp in bid notes AUCTION_WON NA NA NA NA NA NA NA NA NA NA NA NA NA NA
RFA,MIN,2026-04-14T17:54:36Z,bid,FALSE,0008 1776189276 13447|5.70|SRFA - include 2nd rd pick comp in bid notes AUCTION_WON NA NA NA NA NA NA NA NA NA NA NA NA NA NA
RFA,TEN,2026-04-14T17:31:07Z,bid,FALSE,0028 1776187867 16245|4.10|2026 3.19 AUCTION_BID NA NA NA NA NA NA NA NA NA NA NA NA NA NA
RFA,SEA,2026-04-14T15:13:35Z,bid,FALSE,0016 1776179615 15839|7.80|5.8 AUCTION_BID NA NA NA NA NA NA NA NA NA NA NA NA NA NA
RFA,ARI,2026-04-14T05:31:32Z,bid,FALSE,0013 1776144692 16303|9|2027 Ari 5th AUCTION_BID NA NA NA NA NA NA NA NA NA NA NA NA NA NA
RFA,SEA,2026-04-14T04:26:08Z,bid,FALSE,0016 1776140768 16303|8.90|5.8 AUCTION_BID NA NA NA NA NA NA NA NA NA NA NA NA NA NA
RFA,WAS,2026-04-14T04:02:16Z,bid,FALSE,0004 1776139336 16303|8.20|5.12 AUCTION_BID NA NA NA NA NA NA NA NA NA NA NA NA NA NA
RFA,DET,2026-04-14T01:13:25Z,bid,FALSE,0006 1776129205 16282|11|2.10 AUCTION_BID NA NA NA NA NA NA NA NA NA NA NA NA NA NA
RFA,DAL,2026-04-14T01:13:02Z,bid,FALSE,0001 1776129182 15694|3.70|2.13 AUCTION_BID NA NA NA NA NA NA NA NA NA NA NA NA NA NA
RFA,ARI,2026-04-14T00:46:26Z,bid,FALSE,0013 1776127586 16303|8|2027 Ari 5th AUCTION_BID NA NA NA NA NA NA NA NA NA NA NA NA NA NA
RFA,ARI,2026-04-14T00:46:26Z,bid,FALSE,0013 1776127586 16278|7| AUCTION_BID NA NA NA NA NA NA NA NA NA NA NA NA NA NA
RFA,CLE,2026-04-13T22:48:10Z,bid,FALSE,0023 1776120490 16278|7.50| AUCTION_BID NA NA NA NA NA NA NA NA NA NA NA NA NA NA
RFA,CLE,2026-04-13T22:47:35Z,bid,FALSE,0023 1776120455 15863|6| AUCTION_BID NA NA NA NA NA NA NA NA NA NA NA NA NA NA
RFA,BAL,2026-04-13T22:31:58Z,bid,FALSE,0021 1776119518 15863|5| AUCTION_BID NA NA NA NA NA NA NA NA NA NA NA NA NA NA
RFA,BAL,2026-04-13T22:31:22Z,bid,FALSE,0021 1776119482 15863|4.50| AUCTION_BID NA NA NA NA NA NA NA NA NA NA NA NA NA NA
RFA,PHI,2026-04-13T20:03:38Z,bid,FALSE,0003 1776110618 16282|10|2.14 AUCTION_BID NA NA NA NA NA NA NA NA NA NA NA NA NA NA
RFA,BAL,2026-04-13T19:53:39Z,bid,FALSE,0021 1776110019 16278|6.80| AUCTION_BID NA NA NA NA NA NA NA NA NA NA NA NA NA NA
RFA,KCC,2026-04-13T18:29:29Z,bid,FALSE,0030 1776104969 16278|6.60| AUCTION_BID NA NA NA NA NA NA NA NA NA NA NA NA NA NA
RFA,SEA,2026-04-13T18:21:06Z,bid,FALSE,0016 1776104466 15839|6.70|2027 CHI 5th AUCTION_BID NA NA NA NA NA NA NA NA NA NA NA NA NA NA
RFA,SEA,2026-04-13T18:19:32Z,bid,FALSE,0016 1776104372 16278|6.70| AUCTION_BID NA NA NA NA NA NA NA NA NA NA NA NA NA NA
RFA,ATL,2026-04-13T18:14:08Z,bid,FALSE,0009 1776104048 16192|12|2.12 AUCTION_BID NA NA NA NA NA NA NA NA NA NA NA NA NA NA
RFA,ATL,2026-04-13T18:12:42Z,bid,FALSE,0009 1776103962 16206|25|2.02 AUCTION_BID NA NA NA NA NA NA NA NA NA NA NA NA NA NA
RFA,ATL,2026-04-13T18:11:53Z,bid,FALSE,0009 1776103913 15839|6|5.15 AUCTION_BID NA NA NA NA NA NA NA NA NA NA NA NA NA NA
RFA,TBB,2026-04-13T18:09:50Z,nomination,FALSE,0012 1776103790 15839|3.60|ORFA5 - include 5th rd pick comp in bid notes AUCTION_INIT NA NA NA NA NA NA NA NA NA 1 NA NA NA NA
RFA,TBB,2026-04-13T18:09:12Z,nomination,FALSE,0012 1776103752 16278|3.50|RRFA - no comp required AUCTION_INIT NA NA NA NA NA NA NA NA NA 1 NA NA NA NA
RFA,TBB,2026-04-13T18:08:53Z,nomination,FALSE,0012 1776103733 16166|3.60|ORFA5 - include 5th rd pick comp in bid notes AUCTION_INIT NA NA NA NA NA NA NA NA NA 1 NA NA NA NA
RFA,SEA,2026-04-13T18:02:16Z,bid,FALSE,0016 1776103336 16303|7.80|5.08 AUCTION_BID NA NA NA NA NA NA NA NA NA NA NA NA NA NA
RFA,SEA,2026-04-13T17:50:15Z,nomination,FALSE,0016 1776102615 16164|3.60|ORFA3 - include 3rd rd pick comp in bid notes AUCTION_INIT NA NA NA NA NA NA NA NA NA 1 NA NA NA NA
RFA,MIN,2026-04-13T17:49:36Z,nomination,FALSE,0008 1776102576 13447|5.70|SRFA - include 2nd rd pick comp in bid notes AUCTION_INIT NA NA NA NA NA NA NA NA NA 1 NA NA NA NA
RFA,MIN,2026-04-13T17:49:08Z,nomination,FALSE,0008 1776102548 15694|3.60|ORFA2 - include 2nd rd pick comp in bid notes AUCTION_INIT NA NA NA NA NA NA NA NA NA 1 NA NA NA NA
RFA,GBP,2026-04-13T17:48:12Z,nomination,FALSE,0007 1776102492 16303|3.60|ORFA5 - include 5th rd pick comp in bid notes AUCTION_INIT NA NA NA NA NA NA NA NA NA 1 NA NA NA NA
RFA,DET,2026-04-13T17:47:26Z,nomination,FALSE,0006 1776102446 15388|3.60|ORFA3 - include 3rd rd pick comp in bid notes AUCTION_INIT NA NA NA NA NA NA NA NA NA 1 NA NA NA NA
RFA,DET,2026-04-13T17:46:46Z,nomination,FALSE,0006 1776102406 16193|5.70|SRFA - include 2nd rd pick comp in bid notes AUCTION_INIT NA NA NA NA NA NA NA NA NA 1 NA NA NA NA
RFA,CHI,2026-04-13T17:46:20Z,nomination,FALSE,0005 1776102380 16282|5.70|SRFA - include 2nd rd pick comp in bid notes AUCTION_INIT NA NA NA NA NA NA NA NA NA 1 NA NA NA NA
RFA,CHI,2026-04-13T17:46:02Z,nomination,FALSE,0005 1776102362 16206|5.70|SRFA - include 2nd rd pick comp in bid notes AUCTION_INIT NA NA NA NA NA NA NA NA NA 1 NA NA NA NA
RFA,NYG,2026-04-13T17:45:40Z,nomination,FALSE,0002 1776102340 15428|5.70|SRFA - include 2nd rd pick comp in bid notes AUCTION_INIT NA NA NA NA NA NA NA NA NA 1 NA NA NA NA
RFA,DAL,2026-04-13T17:45:19Z,nomination,FALSE,0001 1776102319 16192|5.70|SRFA - include 2nd rd pick comp in bid notes AUCTION_INIT NA NA NA NA NA NA NA NA NA 1 NA NA NA NA
RFA,DAL,2026-04-13T17:45:03Z,nomination,FALSE,0001 1776102303 16287|5.70|SRFA - include 2nd rd pick comp in bid notes AUCTION_INIT NA NA NA NA NA NA NA NA NA 1 NA NA NA NA
RFA,LVR,2026-04-13T17:44:38Z,nomination,FALSE,0031 1776102278 14823|5.70|SRFA - include 2nd rd pick comp in bid notes AUCTION_INIT NA NA NA NA NA NA NA NA NA 1 NA NA NA NA
RFA,DEN,2026-04-13T17:44:09Z,nomination,FALSE,0029 1776102249 16245|3.60|ORFA3 - include 3rd rd pick comp in bid notes AUCTION_INIT NA NA NA NA NA NA NA NA NA 1 NA NA NA NA
RFA,TEN,2026-04-13T17:43:19Z,nomination,FALSE,0028 1776102199 16246|3.50|RRFA - no comp required AUCTION_INIT NA NA NA NA NA NA NA NA NA 1 NA NA NA NA
RFA,TEN,2026-04-13T17:42:51Z,nomination,FALSE,0028 1776102171 15972|3.50|RRFA - no comp required AUCTION_INIT NA NA NA NA NA NA NA NA NA 1 NA NA NA NA
RFA,TEN,2026-04-13T17:42:22Z,nomination,FALSE,0028 1776102142 16193|5.70|SRFA - include 2nd rd pick comp in bid notes AUCTION_INIT NA NA NA NA NA NA NA NA NA 1 NA NA NA NA
RFA,CLE,2026-04-13T17:41:45Z,nomination,FALSE,0023 1776102105 16166|3.50|RRFA - no comp required AUCTION_INIT NA NA NA NA NA NA NA NA NA 1 NA NA NA NA
RFA,CLE,2026-04-13T17:41:20Z,nomination,FALSE,0023 1776102080 15863|3.50|RRFA - no comp required AUCTION_INIT NA NA NA NA NA NA NA NA NA 1 NA NA NA NA
RFA,CLE,2026-04-13T17:40:51Z,nomination,FALSE,0023 1776102051 15003|3.50|RRFA - no comp required AUCTION_INIT NA NA NA NA NA NA NA NA NA 1 NA NA NA NA
RFA,CIN,2026-04-13T17:40:17Z,nomination,FALSE,0022 1776102017 16018|3.70|ORFA- no comp required AUCTION_INIT NA NA NA NA NA NA NA NA NA 1 NA NA NA NA
RFA,CIN,2026-04-13T17:39:47Z,nomination,FALSE,0022 1776101987 14405|5.90|ORFA - no comp required AUCTION_INIT NA NA NA NA NA NA NA NA NA 1 NA NA NA NA
RFA,BAL,2026-04-13T17:39:02Z,nomination,FALSE,0021 1776101942 15799|5.70|SRFA - include 2nd rd pick comp in bid notes AUCTION_INIT NA NA NA NA NA NA NA NA NA 1 NA NA NA NA
RFA,NYJ,2026-04-13T17:38:14Z,nomination,FALSE,0020 1776101894 16278|3.50|RRFA - no comp required AUCTION_INIT NA NA NA NA NA NA NA NA NA 1 NA NA NA NA
B/R,NYJ,2026-04-26T10:05:37Z,win,FALSE,0020 1777197937 12626|21.40|1 yr AUCTION_WON NA NA NA NA NA NA NA NA NA NA NA NA NA NA
B/R,NYJ,2026-04-25T09:12:37Z,bid,FALSE,0020 1777108357 12626|21.40|1 yr AUCTION_BID NA NA NA NA NA NA NA NA NA NA NA NA NA NA
B/R,DET,2026-04-25T00:57:14Z,win,FALSE,0006 1777078634 12801|7| AUCTION_WON NA NA NA NA NA NA NA NA NA NA NA NA NA NA
B/R,TEN,2026-04-24T17:03:01Z,bid,FALSE,0028 1777050181 12626|21.10|1 yr AUCTION_BID NA NA NA NA NA NA NA NA NA NA NA NA NA NA
B/R,CLE,2026-04-24T13:47:01Z,bid,FALSE,0023 1777038421 12626|21|1 year AUCTION_BID NA NA NA NA NA NA NA NA NA NA NA NA NA NA
B/R,DET,2026-04-24T12:22:34Z,bid,FALSE,0006 1777033354 12801|7| AUCTION_BID NA NA NA NA NA NA NA NA NA NA NA NA NA NA
B/R,NYJ,2026-04-24T11:40:12Z,win,FALSE,0020 1777030812 14251|8.20|2 yr AUCTION_WON NA NA NA NA NA NA NA NA NA NA NA NA NA NA
B/R,TEN,2026-04-24T00:32:29Z,bid,FALSE,0028 1776990749 12626|20|1 yr AUCTION_BID NA NA NA NA NA NA NA NA NA NA NA NA NA NA
B/R,DET,2026-04-24T00:02:05Z,bid,FALSE,0006 1776988925 12801|6.70| AUCTION_BID NA NA NA NA NA NA NA NA NA NA NA NA NA NA
B/R,ARI,2026-04-23T19:04:34Z,win,FALSE,0013 1776971074 14109|24|2 years AUCTION_WON NA NA NA NA NA NA NA NA NA NA NA NA NA NA
B/R,DAL,2026-04-23T17:45:19Z,win,FALSE,0001 1776966319 14059|12.50| AUCTION_WON NA NA NA NA NA NA NA NA NA NA NA NA NA NA
B/R,TEN,2026-04-23T16:44:23Z,win,FALSE,0028 1776962663 13592|15.50|1 yr AUCTION_WON NA NA NA NA NA NA NA NA NA NA NA NA NA NA
B/R,DAL,2026-04-23T15:29:53Z,win,FALSE,0001 1776958193 14833|4.50|3 years AUCTION_WON NA NA NA NA NA NA NA NA NA NA NA NA NA NA
B/R,WAS,2026-04-23T14:23:17Z,bid,FALSE,0004 1776954197 12801|6.60| AUCTION_BID NA NA NA NA NA NA NA NA NA NA NA NA NA NA
B/R,DET,2026-04-23T12:15:16Z,bid,FALSE,0006 1776946516 12801|6.50| AUCTION_BID NA NA NA NA NA NA NA NA NA NA NA NA NA NA
B/R,BAL,2026-04-23T10:11:48Z,win,FALSE,0021 1776939108 15762|40|3 yrs AUCTION_WON NA NA NA NA NA NA NA NA NA NA NA NA NA NA
B/R,NYJ,2026-04-23T07:18:05Z,bid,FALSE,0020 1776928685 14251|8.20|2 yr AUCTION_BID NA NA NA NA NA NA NA NA NA NA NA NA NA NA
B/R,NYJ,2026-04-23T07:18:05Z,bid,FALSE,0020 1776928685 12626|19.40|1 yr AUCTION_BID NA NA NA NA NA NA NA NA NA NA NA NA NA NA
B/R,BAL,2026-04-23T02:22:23Z,bid,FALSE,0021 1776910943 14251|8| AUCTION_BID NA NA NA NA NA NA NA NA NA NA NA NA NA NA
B/R,WAS,2026-04-23T02:13:33Z,bid,FALSE,0004 1776910413 12801|6.10| AUCTION_BID NA NA NA NA NA NA NA NA NA NA NA NA NA NA
B/R,TEN,2026-04-23T01:58:52Z,bid,FALSE,0028 1776909532 12626|19.10|1 yr AUCTION_BID NA NA NA NA NA NA NA NA NA NA NA NA NA NA
B/R,BAL,2026-04-23T01:49:32Z,bid,FALSE,0021 1776908972 15762|40| AUCTION_BID NA NA NA NA NA NA NA NA NA NA NA NA NA NA
B/R,ATL,2026-04-23T00:12:11Z,win,FALSE,0009 1776903131 14472|5|q AUCTION_WON NA NA NA NA NA NA NA NA NA NA NA NA NA NA
B/R,CIN,2026-04-22T23:35:10Z,win,FALSE,0022 1776900910 14105|4.10|2 yr AUCTION_WON NA NA NA NA NA NA NA NA NA NA NA NA NA NA
B/R,NYJ,2026-04-22T18:24:19Z,bid,FALSE,0020 1776882259 14251|7.60|2 yrs AUCTION_BID NA NA NA NA NA NA NA NA NA NA NA NA NA NA
B/R,ARI,2026-04-22T18:22:21Z,bid,FALSE,0013 1776882141 14109|24| AUCTION_BID NA NA NA NA NA NA NA NA NA NA NA NA NA NA
B/R,NYJ,2026-04-22T18:17:48Z,bid,FALSE,0020 1776881868 12626|18.70|1 yr AUCTION_BID NA NA NA NA NA NA NA NA NA NA NA NA NA NA
B/R,BAL,2026-04-22T17:51:03Z,bid,FALSE,0021 1776880263 15762|37.50| AUCTION_BID NA NA NA NA NA NA NA NA NA NA NA NA NA NA
B/R,BAL,2026-04-22T17:51:03Z,bid,FALSE,0021 1776880263 14251|7.50| AUCTION_BID NA NA NA NA NA NA NA NA NA NA NA NA NA NA
B/R,DAL,2026-04-22T17:36:08Z,bid,FALSE,0001 1776879368 14059|12.50| AUCTION_BID NA NA NA NA NA NA NA NA NA NA NA NA NA NA
B/R,DET,2026-04-22T17:25:35Z,bid,FALSE,0006 1776878735 14059|12| AUCTION_BID NA NA NA NA NA NA NA NA NA NA NA NA NA NA
B/R,DET,2026-04-22T17:25:15Z,bid,FALSE,0006 1776878715 12801|6| AUCTION_BID NA NA NA NA NA NA NA NA NA NA NA NA NA NA
B/R,BAL,2026-04-22T17:16:25Z,bid,FALSE,0021 1776878185 15762|34.50| AUCTION_BID NA NA NA NA NA NA NA NA NA NA NA NA NA NA
B/R,BAL,2026-04-22T17:16:25Z,bid,FALSE,0021 1776878185 14251|7| AUCTION_BID NA NA NA NA NA NA NA NA NA NA NA NA NA NA
B/R,WAS,2026-04-22T16:58:34Z,bid,FALSE,0004 1776877114 12801|5.60| AUCTION_BID NA NA NA NA NA NA NA NA NA NA NA NA NA NA
B/R,BAL,2026-04-22T16:58:27Z,bid,FALSE,0021 1776877107 15762|32.50| AUCTION_BID NA NA NA NA NA NA NA NA NA NA NA NA NA NA
B/R,BAL,2026-04-22T16:58:27Z,bid,FALSE,0021 1776877107 14251|6.50| AUCTION_BID NA NA NA NA NA NA NA NA NA NA NA NA NA NA
B/R,ARI,2026-04-22T16:57:50Z,win,FALSE,0013 1776877070 14252|7| AUCTION_WON NA NA NA NA NA NA NA NA NA NA NA NA NA NA
B/R,DET,2026-04-22T16:18:06Z,bid,FALSE,0006 1776874686 12801|5.50| AUCTION_BID NA NA NA NA NA NA NA NA NA NA NA NA NA NA
B/R,TEN,2026-04-22T15:57:21Z,bid,FALSE,0028 1776873441 13592|15.50|1 yr AUCTION_BID NA NA NA NA NA NA NA NA NA NA NA NA NA NA
B/R,CLE,2026-04-22T15:57:01Z,win,FALSE,0023 1776873421 15694|10.10|1 year AUCTION_WON NA NA NA NA NA NA NA NA NA NA NA NA NA NA
B/R,TEN,2026-04-22T15:57:01Z,win,FALSE,0028 1776873421 13146|4.10|1 yr AUCTION_WON NA NA NA NA NA NA NA NA NA NA NA NA NA NA
B/R,DAL,2026-04-22T15:29:27Z,bid,FALSE,0001 1776871767 14833|4.50|3 years AUCTION_BID NA NA NA NA NA NA NA NA NA NA NA NA NA NA
B/R,DAL,2026-04-22T15:29:27Z,bid,FALSE,0001 1776871767 14109|23|2 years AUCTION_BID NA NA NA NA NA NA NA NA NA NA NA NA NA NA
B/R,ARI,2026-04-22T15:27:11Z,bid,FALSE,0013 1776871631 14109|22|1 year AUCTION_BID NA NA NA NA NA NA NA NA NA NA NA NA NA NA
B/R,SEA,2026-04-22T15:20:20Z,win,FALSE,0016 1776871220 15789|35.30| AUCTION_WON NA NA NA NA NA NA NA NA NA NA NA NA NA NA
B/R,CHI,2026-04-22T15:20:20Z,win,FALSE,0005 1776871220 14882|11| AUCTION_WON NA NA NA NA NA NA NA NA NA NA NA NA NA NA
B/R,SEA,2026-04-22T14:59:34Z,win,FALSE,0016 1776869974 12186|12|1 year AUCTION_WON NA NA NA NA NA NA NA NA NA NA NA NA NA NA
B/R,DAL,2026-04-22T14:40:06Z,bid,FALSE,0001 1776868806 14109|20.60|2 years AUCTION_BID NA NA NA NA NA NA NA NA NA NA NA NA NA NA
B/R,DAL,2026-04-22T14:39:24Z,bid,FALSE,0001 1776868764 14109|20.50| AUCTION_BID NA NA NA NA NA NA NA NA NA NA NA NA NA NA
B/R,DAL,2026-04-22T14:39:24Z,bid,FALSE,0001 1776868764 14059|11.50| AUCTION_BID NA NA NA NA NA NA NA NA NA NA NA NA NA NA
B/R,WAS,2026-04-22T14:22:34Z,bid,FALSE,0004 1776867754 12801|5.10| AUCTION_BID NA NA NA NA NA NA NA NA NA NA NA NA NA NA
B/R,DET,2026-04-22T14:20:40Z,win,FALSE,0006 1776867640 15255|4.50| AUCTION_WON NA NA NA NA NA NA NA NA NA NA NA NA NA NA
B/R,CHI,2026-04-22T13:50:23Z,bid,FALSE,0005 1776865823 14882|11| AUCTION_BID NA NA NA NA NA NA NA NA NA NA NA NA NA NA
B/R,CHI,2026-04-22T13:49:04Z,bid,FALSE,0005 1776865744 14882|10| AUCTION_BID NA NA NA NA NA NA NA NA NA NA NA NA NA NA
B/R,TBB,2026-04-22T13:46:15Z,win,FALSE,0012 1776865575 14073|21.20| AUCTION_WON NA NA NA NA NA NA NA NA NA NA NA NA NA NA
B/R,LVR,2026-04-22T13:32:28Z,win,FALSE,0031 1776864748 15787|2.40|1 year AUCTION_WON NA NA NA NA NA NA NA NA NA NA NA NA NA NA
B/R,DAL,2026-04-22T13:19:47Z,win,FALSE,0001 1776863987 15762|45| AUCTION_WON NA NA NA NA NA NA NA NA NA NA NA NA NA NA
B/R,DET,2026-04-22T12:54:37Z,bid,FALSE,0006 1776862477 15255|4.50| AUCTION_BID NA NA NA NA NA NA NA NA NA NA NA NA NA NA
B/R,LAR,2026-04-22T12:44:09Z,win,FALSE,0014 1776861849 15756|33| AUCTION_WON NA NA NA NA NA NA NA NA NA NA NA NA NA NA
B/R,DET,2026-04-22T12:04:47Z,bid,FALSE,0006 1776859487 12801|5| AUCTION_BID NA NA NA NA NA NA NA NA NA NA NA NA NA NA
B/R,DET,2026-04-22T12:04:38Z,bid,FALSE,0006 1776859478 14059|11| AUCTION_BID NA NA NA NA NA NA NA NA NA NA NA NA NA NA
B/R,CAR,2026-04-22T12:00:11Z,win,FALSE,0010 1776859211 16432|3.50| AUCTION_WON NA NA NA NA NA NA NA NA NA NA NA NA NA NA
B/R,BAL,2026-04-22T09:58:23Z,bid,FALSE,0021 1776851903 13592|15.10| AUCTION_BID NA NA NA NA NA NA NA NA NA NA NA NA NA NA
B/R,BAL,2026-04-22T09:57:20Z,bid,FALSE,0021 1776851840 15762|31.10| AUCTION_BID NA NA NA NA NA NA NA NA NA NA NA NA NA NA
B/R,BAL,2026-04-22T09:55:01Z,bid,FALSE,0021 1776851701 14251|6| AUCTION_BID NA NA NA NA NA NA NA NA NA NA NA NA NA NA
B/R,CIN,2026-04-22T08:22:13Z,win,FALSE,0022 1776846133 14249|20.10|2 yr AUCTION_WON NA NA NA NA NA NA NA NA NA NA NA NA NA NA
B/R,DEN,2026-04-22T08:22:13Z,win,FALSE,0029 1776846133 14127|9.60| AUCTION_WON NA NA NA NA NA NA NA NA NA NA NA NA NA NA
B/R,ARI,2026-04-22T05:42:33Z,win,FALSE,0013 1776836553 14877|6| AUCTION_WON NA NA NA NA NA NA NA NA NA NA NA NA NA NA
B/R,CHI,2026-04-22T03:38:45Z,win,FALSE,0005 1776829125 13743|12| AUCTION_WON NA NA NA NA NA NA NA NA NA NA NA NA NA NA
B/R,CHI,2026-04-22T03:22:52Z,win,FALSE,0005 1776828172 14840|8|2 years AUCTION_WON NA NA NA NA NA NA NA NA NA NA NA NA NA NA
B/R,CHI,2026-04-22T03:22:52Z,win,FALSE,0005 1776828172 13130|30| AUCTION_WON NA NA NA NA NA NA NA NA NA NA NA NA NA NA
B/R,WAS,2026-04-22T02:31:04Z,bid,FALSE,0004 1776825064 12801|4.60| AUCTION_BID NA NA NA NA NA NA NA NA NA NA NA NA NA NA
B/R,SEA,2026-04-22T01:45:29Z,win,FALSE,0016 1776822329 15822|8.90| AUCTION_WON NA NA NA NA NA NA NA NA NA NA NA NA NA NA
B/R,TEN,2026-04-22T00:43:04Z,bid,FALSE,0028 1776818584 12626|18.10|1 yr AUCTION_BID NA NA NA NA NA NA NA NA NA NA NA NA NA NA
B/R,ATL,2026-04-22T00:31:43Z,win,FALSE,0009 1776817903 14778|2.20|1 AUCTION_WON NA NA NA NA NA NA NA NA NA NA NA NA NA NA
B/R,ATL,2026-04-21T23:39:03Z,bid,FALSE,0009 1776814743 14472|5| AUCTION_BID NA NA NA NA NA NA NA NA NA NA NA NA NA NA
B/R,DAL,2026-04-21T23:37:06Z,bid,FALSE,0001 1776814626 14059|10.50| AUCTION_BID NA NA NA NA NA NA NA NA NA NA NA NA NA NA
B/R,ATL,2026-04-21T23:36:22Z,bid,FALSE,0009 1776814582 14059|10| AUCTION_BID NA NA NA NA NA NA NA NA NA NA NA NA NA NA
B/R,CIN,2026-04-21T23:22:32Z,bid,FALSE,0022 1776813752 14105|4.10|2 yr AUCTION_BID NA NA NA NA NA NA NA NA NA NA NA NA NA NA
B/R,CIN,2026-04-21T23:22:32Z,bid,FALSE,0022 1776813752 12626|16.10|1 yr AUCTION_BID NA NA NA NA NA NA NA NA NA NA NA NA NA NA
B/R,DET,2026-04-21T23:22:14Z,bid,FALSE,0006 1776813734 15255|4.20| AUCTION_BID NA NA NA NA NA NA NA NA NA NA NA NA NA NA
B/R,DET,2026-04-21T23:20:32Z,bid,FALSE,0006 1776813632 14833|4|1 yr AUCTION_BID NA NA NA NA NA NA NA NA NA NA NA NA NA NA
B/R,DET,2026-04-21T23:17:34Z,bid,FALSE,0006 1776813454 14059|8.50| AUCTION_BID NA NA NA NA NA NA NA NA NA NA NA NA NA NA
B/R,DET,2026-04-21T22:58:25Z,bid,FALSE,0006 1776812305 12801|4.50| AUCTION_BID NA NA NA NA NA NA NA NA NA NA NA NA NA NA
B/R,LAR,2026-04-21T21:41:35Z,win,FALSE,0014 1776807695 12620|30|3 years AUCTION_WON NA NA NA NA NA NA NA NA NA NA NA NA NA NA
B/R,DEN,2026-04-21T21:35:24Z,win,FALSE,0029 1776807324 14147|25.70| AUCTION_WON NA NA NA NA NA NA NA NA NA NA NA NA NA NA
B/R,BAL,2026-04-21T21:01:22Z,win,FALSE,0021 1776805282 15789|20| AUCTION_WON NA NA NA NA NA NA NA NA NA NA NA NA NA NA
B/R,DEN,2026-04-21T21:01:22Z,win,FALSE,0029 1776805282 15721|3| AUCTION_WON NA NA NA NA NA NA NA NA NA NA NA NA NA NA
B/R,KCC,2026-04-21T20:41:43Z,win,FALSE,0030 1776804103 14221|5.20|2 yrs AUCTION_WON NA NA NA NA NA NA NA NA NA NA NA NA NA NA
B/R,NYG,2026-04-21T20:01:07Z,win,FALSE,0002 1776801667 13299|20|1yr AUCTION_WON NA NA NA NA NA NA NA NA NA NA NA NA NA NA
B/R,TBB,2026-04-21T19:17:26Z,win,FALSE,0012 1776799046 11244|9.90| AUCTION_WON NA NA NA NA NA NA NA NA NA NA NA NA NA NA
B/R,BAL,2026-04-21T19:15:56Z,win,FALSE,0021 1776798956 15756|25.10| AUCTION_WON NA NA NA NA NA NA NA NA NA NA NA NA NA NA
B/R,PIT,2026-04-21T19:05:30Z,win,FALSE,0024 1776798330 14840|2.50|2 years AUCTION_WON NA NA NA NA NA NA NA NA NA NA NA NA NA NA
B/R,PIT,2026-04-21T19:05:30Z,win,FALSE,0024 1776798330 14056|25| AUCTION_WON NA NA NA NA NA NA NA NA NA NA NA NA NA NA
B/R,ATL,2026-04-21T18:35:35Z,win,FALSE,0009 1776796535 16018|2.10| AUCTION_WON NA NA NA NA NA NA NA NA NA NA NA NA NA NA
B/R,NOS,2026-04-21T18:35:35Z,win,FALSE,0011 1776796535 14138|11.00| AUCTION_WON NA NA NA NA NA NA NA NA NA NA NA NA NA NA
B/R,MIA,2026-04-21T18:01:06Z,bid,FALSE,0018 1776794466 13592|15|1 year AUCTION_BID NA NA NA NA NA NA NA NA NA NA NA NA NA NA
B/R,ARI,2026-04-21T16:57:28Z,bid,FALSE,0013 1776790648 14252|7| AUCTION_BID NA NA NA NA NA NA NA NA NA NA NA NA NA NA
B/R,CLE,2026-04-21T15:40:53Z,bid,FALSE,0023 1776786053 14251|5|1 year AUCTION_BID NA NA NA NA NA NA NA NA NA NA NA NA NA NA
B/R,CLE,2026-04-21T15:40:28Z,bid,FALSE,0023 1776786028 15694|10.10|1 year AUCTION_BID NA NA NA NA NA NA NA NA NA NA NA NA NA NA
B/R,CLE,2026-04-21T15:40:28Z,bid,FALSE,0023 1776786028 13592|12.10|1 year AUCTION_BID NA NA NA NA NA NA NA NA NA NA NA NA NA NA
B/R,CLE,2026-04-21T15:39:53Z,bid,FALSE,0023 1776785993 15694|10| AUCTION_BID NA NA NA NA NA NA NA NA NA NA NA NA NA NA
B/R,CLE,2026-04-21T15:39:46Z,bid,FALSE,0023 1776785986 13592|12| AUCTION_BID NA NA NA NA NA NA NA NA NA NA NA NA NA NA
B/R,TEN,2026-04-21T15:39:25Z,bid,FALSE,0028 1776785965 13592|10| AUCTION_BID NA NA NA NA NA NA NA NA NA NA NA NA NA NA
B/R,TEN,2026-04-21T15:37:55Z,bid,FALSE,0028 1776785875 13146|4.10|1 yr AUCTION_BID NA NA NA NA NA NA NA NA NA NA NA NA NA NA
B/R,ARI,2026-04-21T15:04:40Z,bid,FALSE,0013 1776783880 14109|20| AUCTION_BID NA NA NA NA NA NA NA NA NA NA NA NA NA NA
B/R,CHI,2026-04-21T15:04:15Z,bid,FALSE,0005 1776783855 14840|8|2 years AUCTION_BID NA NA NA NA NA NA NA NA NA NA NA NA NA NA
B/R,SEA,2026-04-21T15:04:02Z,bid,FALSE,0016 1776783842 12186|12|1 year AUCTION_BID NA NA NA NA NA NA NA NA NA NA NA NA NA NA
B/R,CHI,2026-04-21T15:01:58Z,bid,FALSE,0005 1776783718 14882|7| AUCTION_BID NA NA NA NA NA NA NA NA NA NA NA NA NA NA
B/R,SEA,2026-04-21T15:01:37Z,bid,FALSE,0016 1776783697 15789|35.30| AUCTION_BID NA NA NA NA NA NA NA NA NA NA NA NA NA NA
B/R,SEA,2026-04-21T14:59:18Z,bid,FALSE,0016 1776783558 12186|10|1 year AUCTION_BID NA NA NA NA NA NA NA NA NA NA NA NA NA NA
B/R,TEN,2026-04-21T14:23:15Z,bid,FALSE,0028 1776781395 14251|3.10| AUCTION_BID NA NA NA NA NA NA NA NA NA NA NA NA NA NA
B/R,TEN,2026-04-21T14:19:54Z,bid,FALSE,0028 1776781194 12626|13.50|1 year AUCTION_BID NA NA NA NA NA NA NA NA NA NA NA NA NA NA
B/R,DET,2026-04-21T14:15:53Z,bid,FALSE,0006 1776780953 15255|4| AUCTION_BID NA NA NA NA NA NA NA NA NA NA NA NA NA NA
B/R,TBB,2026-04-21T13:45:26Z,bid,FALSE,0012 1776779126 14073|21.20| AUCTION_BID NA NA NA NA NA NA NA NA NA NA NA NA NA NA
B/R,NYJ,2026-04-21T13:44:07Z,bid,FALSE,0020 1776779047 15762|31|3 yrs AUCTION_BID NA NA NA NA NA NA NA NA NA NA NA NA NA NA
B/R,LVR,2026-04-21T13:27:34Z,bid,FALSE,0031 1776778054 14105|3.20|2 years AUCTION_BID NA NA NA NA NA NA NA NA NA NA NA NA NA NA
B/R,DAL,2026-04-21T13:19:36Z,bid,FALSE,0001 1776777576 15762|45| AUCTION_BID NA NA NA NA NA NA NA NA NA NA NA NA NA NA
B/R,LVR,2026-04-21T13:17:04Z,bid,FALSE,0031 1776777424 15787|2.40|1 year AUCTION_BID NA NA NA NA NA NA NA NA NA NA NA NA NA NA
B/R,LVR,2026-04-21T13:15:51Z,bid,FALSE,0031 1776777351 14105|3.10| AUCTION_BID NA NA NA NA NA NA NA NA NA NA NA NA NA NA
B/R,LAR,2026-04-21T12:41:02Z,bid,FALSE,0014 1776775262 15756|33| AUCTION_BID NA NA NA NA NA NA NA NA NA NA NA NA NA NA
B/R,LAR,2026-04-21T12:41:02Z,bid,FALSE,0014 1776775262 14109|19|1 year AUCTION_BID NA NA NA NA NA NA NA NA NA NA NA NA NA NA
B/R,MIN,2026-04-21T12:05:44Z,bid,FALSE,0008 1776773144 14252|5.50| AUCTION_BID NA NA NA NA NA NA NA NA NA NA NA NA NA NA
B/R,MIN,2026-04-21T12:04:38Z,bid,FALSE,0008 1776773078 14109|17|1 year AUCTION_BID NA NA NA NA NA NA NA NA NA NA NA NA NA NA
B/R,CAR,2026-04-21T11:34:06Z,bid,FALSE,0010 1776771246 14472|3.50| AUCTION_BID NA NA NA NA NA NA NA NA NA NA NA NA NA NA
B/R,CAR,2026-04-21T11:31:59Z,bid,FALSE,0010 1776771119 16432|3.50| AUCTION_BID NA NA NA NA NA NA NA NA NA NA NA NA NA NA
B/R,CAR,2026-04-21T11:31:59Z,bid,FALSE,0010 1776771119 15255|3.50| AUCTION_BID NA NA NA NA NA NA NA NA NA NA NA NA NA NA
B/R,DAL,2026-04-21T10:29:32Z,bid,FALSE,0001 1776767372 14472|3| AUCTION_BID NA NA NA NA NA NA NA NA NA NA NA NA NA NA
B/R,DEN,2026-04-21T08:21:42Z,bid,FALSE,0029 1776759702 14127|9.60| AUCTION_BID NA NA NA NA NA NA NA NA NA NA NA NA NA NA
B/R,CIN,2026-04-21T05:04:21Z,bid,FALSE,0022 1776747861 14249|20.10|2 yr AUCTION_BID NA NA NA NA NA NA NA NA NA NA NA NA NA NA
B/R,CIN,2026-04-21T05:04:21Z,bid,FALSE,0022 1776747861 12626|13.10|1 yr AUCTION_BID NA NA NA NA NA NA NA NA NA NA NA NA NA NA
B/R,ARI,2026-04-21T04:55:49Z,bid,FALSE,0013 1776747349 15789|30| AUCTION_BID NA NA NA NA NA NA NA NA NA NA NA NA NA NA
B/R,ARI,2026-04-21T04:55:49Z,bid,FALSE,0013 1776747349 14877|6| AUCTION_BID NA NA NA NA NA NA NA NA NA NA NA NA NA NA
B/R,ARI,2026-04-21T04:55:49Z,bid,FALSE,0013 1776747349 14252|5| AUCTION_BID NA NA NA NA NA NA NA NA NA NA NA NA NA NA
B/R,WAS,2026-04-21T03:52:19Z,bid,FALSE,0004 1776743539 14882|6.10| AUCTION_BID NA NA NA NA NA NA NA NA NA NA NA NA NA NA
B/R,WAS,2026-04-21T03:48:29Z,bid,FALSE,0004 1776743309 14472|2.90| AUCTION_BID NA NA NA NA NA NA NA NA NA NA NA NA NA NA
B/R,CHI,2026-04-21T03:31:48Z,bid,FALSE,0005 1776742308 13743|12| AUCTION_BID NA NA NA NA NA NA NA NA NA NA NA NA NA NA
B/R,CHI,2026-04-21T03:29:50Z,bid,FALSE,0005 1776742190 14882|6| AUCTION_BID NA NA NA NA NA NA NA NA NA NA NA NA NA NA
B/R,CHI,2026-04-21T03:18:59Z,bid,FALSE,0005 1776741539 14840|7|3 years AUCTION_BID NA NA NA NA NA NA NA NA NA NA NA NA NA NA
B/R,CHI,2026-04-21T03:14:12Z,bid,FALSE,0005 1776741252 13130|30| AUCTION_BID NA NA NA NA NA NA NA NA NA NA NA NA NA NA
B/R,SFO,2026-04-21T02:18:34Z,bid,FALSE,0015 1776737914 14833|3.60|2 AUCTION_BID NA NA NA NA NA NA NA NA NA NA NA NA NA NA
B/R,SFO,2026-04-21T02:09:10Z,bid,FALSE,0015 1776737350 14877|5.50| AUCTION_BID NA NA NA NA NA NA NA NA NA NA NA NA NA NA
B/R,DAL,2026-04-21T01:56:30Z,bid,FALSE,0001 1776736590 15756|32| AUCTION_BID NA NA NA NA NA NA NA NA NA NA NA NA NA NA
B/R,NYG,2026-04-21T01:55:33Z,bid,FALSE,0002 1776736533 13299|20|1yr AUCTION_BID NA NA NA NA NA NA NA NA NA NA NA NA NA NA
B/R,LAR,2026-04-21T01:48:41Z,bid,FALSE,0014 1776736121 15756|31| AUCTION_BID NA NA NA NA NA NA NA NA NA NA NA NA NA NA
B/R,DAL,2026-04-21T01:44:23Z,bid,FALSE,0001 1776735863 14059|8| AUCTION_BID NA NA NA NA NA NA NA NA NA NA NA NA NA NA
B/R,DAL,2026-04-21T01:43:30Z,bid,FALSE,0001 1776735810 15756|30.50| AUCTION_BID NA NA NA NA NA NA NA NA NA NA NA NA NA NA
B/R,DET,2026-04-21T01:40:48Z,bid,FALSE,0006 1776735648 15255|3| AUCTION_BID NA NA NA NA NA NA NA NA NA NA NA NA NA NA
B/R,SEA,2026-04-21T01:39:10Z,bid,FALSE,0016 1776735550 15762|44.70| AUCTION_BID NA NA NA NA NA NA NA NA NA NA NA NA NA NA
B/R,SEA,2026-04-21T01:38:02Z,bid,FALSE,0016 1776735482 15822|8.90| AUCTION_BID NA NA NA NA NA NA NA NA NA NA NA NA NA NA
B/R,DET,2026-04-21T01:35:45Z,bid,FALSE,0006 1776735345 14073|18| AUCTION_BID NA NA NA NA NA NA NA NA NA NA NA NA NA NA
B/R,WAS,2026-04-21T01:21:39Z,bid,FALSE,0004 1776734499 12801|4.10| AUCTION_BID NA NA NA NA NA NA NA NA NA NA NA NA NA NA
B/R,ATL,2026-04-21T00:33:38Z,bid,FALSE,0009 1776731618 14833|3|2 AUCTION_BID NA NA NA NA NA NA NA NA NA NA NA NA NA NA
B/R,ATL,2026-04-21T00:28:53Z,bid,FALSE,0009 1776731333 14778|2.20|1 AUCTION_BID NA NA NA NA NA NA NA NA NA NA NA NA NA NA
B/R,ATL,2026-04-21T00:28:53Z,bid,FALSE,0009 1776731333 14059|7| AUCTION_BID NA NA NA NA NA NA NA NA NA NA NA NA NA NA
B/R,ATL,2026-04-21T00:27:36Z,bid,FALSE,0009 1776731256 14877|5| AUCTION_BID NA NA NA NA NA NA NA NA NA NA NA NA NA NA
B/R,ATL,2026-04-21T00:25:58Z,bid,FALSE,0009 1776731158 13743|9| AUCTION_BID NA NA NA NA NA NA NA NA NA NA NA NA NA NA
B/R,DAL,2026-04-21T00:13:50Z,bid,FALSE,0001 1776730430 14877|3| AUCTION_BID NA NA NA NA NA NA NA NA NA NA NA NA NA NA
B/R,DAL,2026-04-21T00:11:54Z,bid,FALSE,0001 1776730314 14472|2.80|q AUCTION_BID NA NA NA NA NA NA NA NA NA NA NA NA NA NA
B/R,DAL,2026-04-21T00:11:34Z,bid,FALSE,"0001 1776730294 14472|2.70|Realized he's mEXT so didn't need years, whoops AUCTION_BID NA NA NA NA NA NA NA NA NA NA NA NA NA NA"
B/R,DAL,2026-04-21T00:11:12Z,bid,FALSE,0001 1776730272 14472|2.60| AUCTION_BID NA NA NA NA NA NA NA NA NA NA NA NA NA NA
B/R,DAL,2026-04-21T00:10:24Z,bid,FALSE,0001 1776730224 14472|2.50|3 yrs AUCTION_BID NA NA NA NA NA NA NA NA NA NA NA NA NA NA
B/R,DAL,2026-04-21T00:08:30Z,bid,FALSE,0001 1776730110 14840|2.50|2 yrs AUCTION_BID NA NA NA NA NA NA NA NA NA NA NA NA NA NA
B/R,DAL,2026-04-21T00:06:33Z,bid,FALSE,0001 1776729993 15762|41.30| AUCTION_BID NA NA NA NA NA NA NA NA NA NA NA NA NA NA
B/R,BAL,2026-04-20T23:38:16Z,bid,FALSE,0021 1776728296 14251|2.50| AUCTION_BID NA NA NA NA NA NA NA NA NA NA NA NA NA NA
B/R,WAS,2026-04-20T22:17:32Z,bid,FALSE,0004 1776723452 14882|3| AUCTION_BID NA NA NA NA NA NA NA NA NA NA NA NA NA NA
B/R,WAS,2026-04-20T22:15:37Z,bid,FALSE,0004 1776723337 13743|6.20| AUCTION_BID NA NA NA NA NA NA NA NA NA NA NA NA NA NA
B/R,WAS,2026-04-20T22:15:23Z,bid,FALSE,0004 1776723323 13130|28.10| AUCTION_BID NA NA NA NA NA NA NA NA NA NA NA NA NA NA
B/R,WAS,2026-04-20T21:56:50Z,bid,FALSE,0004 1776722210 14059|4.50| AUCTION_BID NA NA NA NA NA NA NA NA NA NA NA NA NA NA
B/R,NEP,2026-04-20T21:47:09Z,bid,FALSE,0019 1776721629 14249|18.10| AUCTION_BID NA NA NA NA NA NA NA NA NA NA NA NA NA NA
B/R,CHI,2026-04-20T21:39:49Z,bid,FALSE,0005 1776721189 13130|28| AUCTION_BID NA NA NA NA NA NA NA NA NA NA NA NA NA NA
B/R,LAR,2026-04-20T21:38:07Z,bid,FALSE,0014 1776721087 15756|30| AUCTION_BID NA NA NA NA NA NA NA NA NA NA NA NA NA NA
B/R,LAR,2026-04-20T21:38:07Z,bid,FALSE,0014 1776721087 14109|15|1 year AUCTION_BID NA NA NA NA NA NA NA NA NA NA NA NA NA NA
B/R,LAR,2026-04-20T21:38:07Z,bid,FALSE,0014 1776721087 12620|30|3 years AUCTION_BID NA NA NA NA NA NA NA NA NA NA NA NA NA NA
B/R,CHI,2026-04-20T21:31:39Z,bid,FALSE,0005 1776720699 12186|7|1 year AUCTION_BID NA NA NA NA NA NA NA NA NA NA NA NA NA NA
B/R,DEN,2026-04-20T21:30:06Z,bid,FALSE,0029 1776720606 14147|25.70| AUCTION_BID NA NA NA NA NA NA NA NA NA NA NA NA NA NA
B/R,SEA,2026-04-20T21:23:29Z,bid,FALSE,0016 1776720209 12186|5.10|1 year AUCTION_BID NA NA NA NA NA NA NA NA NA NA NA NA NA NA
B/R,DEN,2026-04-20T20:58:25Z,bid,FALSE,0029 1776718705 15721|3| AUCTION_BID NA NA NA NA NA NA NA NA NA NA NA NA NA NA
B/R,BAL,2026-04-20T20:51:38Z,bid,FALSE,0021 1776718298 15789|20| AUCTION_BID NA NA NA NA NA NA NA NA NA NA NA NA NA NA
B/R,BAL,2026-04-20T20:51:09Z,bid,FALSE,0021 1776718269 15756|25.10| AUCTION_BID NA NA NA NA NA NA NA NA NA NA NA NA NA NA
B/R,SEA,2026-04-20T20:46:14Z,bid,FALSE,0016 1776717974 15789|29.40| AUCTION_BID NA NA NA NA NA NA NA NA NA NA NA NA NA NA
B/R,KCC,2026-04-20T20:44:26Z,bid,FALSE,0030 1776717866 14249|16.50| AUCTION_BID NA NA NA NA NA NA NA NA NA NA NA NA NA NA
B/R,KCC,2026-04-20T20:41:42Z,bid,FALSE,0030 1776717702 15787|2.20|1 yr AUCTION_BID NA NA NA NA NA NA NA NA NA NA NA NA NA NA
B/R,KCC,2026-04-20T20:41:42Z,bid,FALSE,0030 1776717702 14221|5.20|2 yrs AUCTION_BID NA NA NA NA NA NA NA NA NA NA NA NA NA NA
B/R,KCC,2026-04-20T20:41:42Z,bid,FALSE,0030 1776717702 14127|7.50| AUCTION_BID NA NA NA NA NA NA NA NA NA NA NA NA NA NA
B/R,PHI,2026-04-20T20:22:37Z,bid,FALSE,0003 1776716557 15756|28| AUCTION_BID NA NA NA NA NA NA NA NA NA NA NA NA NA NA
B/R,TBB,2026-04-20T20:19:18Z,bid,FALSE,0012 1776716358 14073|17.70| AUCTION_BID NA NA NA NA NA NA NA NA NA NA NA NA NA NA
B/R,SEA,2026-04-20T20:12:15Z,bid,FALSE,0016 1776715935 15789|23.50| AUCTION_BID NA NA NA NA NA NA NA NA NA NA NA NA NA NA
B/R,NYG,2026-04-20T19:57:46Z,bid,FALSE,0002 1776715066 13299|15|1yr AUCTION_BID NA NA NA NA NA NA NA NA NA NA NA NA NA NA
B/R,PHI,2026-04-20T19:38:10Z,bid,FALSE,0003 1776713890 15822|7| AUCTION_BID NA NA NA NA NA NA NA NA NA NA NA NA NA NA
B/R,MIN,2026-04-20T19:36:36Z,bid,FALSE,0008 1776713796 15789|15| AUCTION_BID NA NA NA NA NA NA NA NA NA NA NA NA NA NA
B/R,MIN,2026-04-20T19:36:36Z,bid,FALSE,0008 1776713796 14252|4.50| AUCTION_BID NA NA NA NA NA NA NA NA NA NA NA NA NA NA
B/R,PHI,2026-04-20T19:36:22Z,bid,FALSE,0003 1776713782 15756|25| AUCTION_BID NA NA NA NA NA NA NA NA NA NA NA NA NA NA
B/R,SEA,2026-04-20T19:30:09Z,bid,FALSE,0016 1776713409 15762|41.20| AUCTION_BID NA NA NA NA NA NA NA NA NA NA NA NA NA NA
B/R,NEP,2026-04-20T19:15:57Z,bid,FALSE,0019 1776712557 14249|8.10| AUCTION_BID NA NA NA NA NA NA NA NA NA NA NA NA NA NA
B/R,BAL,2026-04-20T19:15:51Z,bid,FALSE,0021 1776712551 15762|30| AUCTION_BID NA NA NA NA NA NA NA NA NA NA NA NA NA NA
B/R,BAL,2026-04-20T19:15:51Z,bid,FALSE,0021 1776712551 15756|23| AUCTION_BID NA NA NA NA NA NA NA NA NA NA NA NA NA NA
B/R,BAL,2026-04-20T19:10:33Z,bid,FALSE,0021 1776712233 15762|25| AUCTION_BID NA NA NA NA NA NA NA NA NA NA NA NA NA NA
B/R,PIT,2026-04-20T19:10:24Z,bid,FALSE,0024 1776712224 15762|12| AUCTION_BID NA NA NA NA NA NA NA NA NA NA NA NA NA NA
B/R,BAL,2026-04-20T19:10:11Z,bid,FALSE,0021 1776712211 15756|20| AUCTION_BID NA NA NA NA NA NA NA NA NA NA NA NA NA NA
B/R,TBB,2026-04-20T19:08:07Z,bid,FALSE,0012 1776712087 11244|9.90| AUCTION_BID NA NA NA NA NA NA NA NA NA NA NA NA NA NA
B/R,SEA,2026-04-20T19:05:38Z,bid,FALSE,0016 1776711938 12186|5| AUCTION_BID NA NA NA NA NA NA NA NA NA NA NA NA NA NA
B/R,TEN,2026-04-20T19:05:03Z,bid,FALSE,0028 1776711903 15762|10| AUCTION_BID NA NA NA NA NA NA NA NA NA NA NA NA NA NA
B/R,TEN,2026-04-20T19:04:33Z,bid,FALSE,0028 1776711873 12626|11.10|1 year AUCTION_BID NA NA NA NA NA NA NA NA NA NA NA NA NA NA
B/R,PIT,2026-04-20T18:56:02Z,bid,FALSE,0024 1776711362 14840|2.50|2 years AUCTION_BID NA NA NA NA NA NA NA NA NA NA NA NA NA NA
B/R,SEA,2026-04-20T18:51:42Z,bid,FALSE,0016 1776711102 15789|10| AUCTION_BID NA NA NA NA NA NA NA NA NA NA NA NA NA NA
B/R,SEA,2026-04-20T18:51:42Z,bid,FALSE,0016 1776711102 15756|20| AUCTION_BID NA NA NA NA NA NA NA NA NA NA NA NA NA NA
B/R,SEA,2026-04-20T18:49:18Z,bid,FALSE,0016 1776710958 15762|30| AUCTION_BID NA NA NA NA NA NA NA NA NA NA NA NA NA NA
B/R,DET,2026-04-20T18:38:12Z,bid,FALSE,0006 1776710292 13130|23| AUCTION_BID NA NA NA NA NA NA NA NA NA NA NA NA NA NA
B/R,PIT,2026-04-20T18:33:04Z,bid,FALSE,0024 1776709984 15789|3.50| AUCTION_BID NA NA NA NA NA NA NA NA NA NA NA NA NA NA
B/R,PIT,2026-04-20T18:33:04Z,bid,FALSE,0024 1776709984 15756|6| AUCTION_BID NA NA NA NA NA NA NA NA NA NA NA NA NA NA
B/R,IND,2026-04-20T18:31:05Z,nomination,FALSE,0026 1776709865 14147|20.00| AUCTION_INIT NA NA NA NA NA NA NA NA NA 1 NA NA NA NA
B/R,IND,2026-04-20T18:30:48Z,nomination,FALSE,0026 1776709848 15756|5.00| AUCTION_INIT NA NA NA NA NA NA NA NA NA 1 NA NA NA NA
B/R,PIT,2026-04-20T18:28:35Z,bid,FALSE,0024 1776709715 15762|8| AUCTION_BID NA NA NA NA NA NA NA NA NA NA NA NA NA NA
B/R,PIT,2026-04-20T18:28:35Z,bid,FALSE,0024 1776709715 15694|8| AUCTION_BID NA NA NA NA NA NA NA NA NA NA NA NA NA NA
B/R,PIT,2026-04-20T18:28:35Z,bid,FALSE,0024 1776709715 14056|25| AUCTION_BID NA NA NA NA NA NA NA NA NA NA NA NA NA NA
B/R,PIT,2026-04-20T18:28:35Z,bid,FALSE,0024 1776709715 13592|8| AUCTION_BID NA NA NA NA NA NA NA NA NA NA NA NA NA NA
B/R,SEA,2026-04-20T18:26:45Z,nomination,FALSE,0016 1776709605 14778|2.10| AUCTION_INIT NA NA NA NA NA NA NA NA NA 1 NA NA NA NA
B/R,SFO,2026-04-20T18:26:23Z,nomination,FALSE,0015 1776709583 15789|3.00| AUCTION_INIT NA NA NA NA NA NA NA NA NA 1 NA NA NA NA
B/R,SFO,2026-04-20T18:26:10Z,nomination,FALSE,0015 1776709570 11244|7.00| AUCTION_INIT NA NA NA NA NA NA NA NA NA 1 NA NA NA NA
B/R,LAR,2026-04-20T18:25:50Z,nomination,FALSE,0014 1776709550 12186|2.10| AUCTION_INIT NA NA NA NA NA NA NA NA NA 1 NA NA NA NA
B/R,ARI,2026-04-20T18:25:29Z,nomination,FALSE,0013 1776709529 13130|20.00| AUCTION_INIT NA NA NA NA NA NA NA NA NA 1 NA NA NA NA
B/R,ARI,2026-04-20T18:25:11Z,nomination,FALSE,0013 1776709511 14882|2.10| AUCTION_INIT NA NA NA NA NA NA NA NA NA 1 NA NA NA NA
B/R,TBB,2026-04-20T18:24:48Z,nomination,FALSE,0012 1776709488 14252|2.10| AUCTION_INIT NA NA NA NA NA NA NA NA NA 1 NA NA NA NA
B/R,TBB,2026-04-20T18:24:32Z,nomination,FALSE,0012 1776709472 13743|6.00| AUCTION_INIT NA NA NA NA NA NA NA NA NA 1 NA NA NA NA
B/R,NOS,2026-04-20T18:24:10Z,nomination,FALSE,0011 1776709450 14877|2.10| AUCTION_INIT NA NA NA NA NA NA NA NA NA 1 NA NA NA NA
B/R,NOS,2026-04-20T18:23:54Z,nomination,FALSE,0011 1776709434 14138|11.00| AUCTION_INIT NA NA NA NA NA NA NA NA NA 1 NA NA NA NA
B/R,CAR,2026-04-20T18:23:32Z,nomination,FALSE,0010 1776709412 15822|2.10| AUCTION_INIT NA NA NA NA NA NA NA NA NA 1 NA NA NA NA
B/R,CAR,2026-04-20T18:23:13Z,nomination,FALSE,0010 1776709393 14073|15.00| AUCTION_INIT NA NA NA NA NA NA NA NA NA 1 NA NA NA NA
B/R,ATL,2026-04-20T18:22:50Z,nomination,FALSE,0009 1776709370 16018|2.10| AUCTION_INIT NA NA NA NA NA NA NA NA NA 1 NA NA NA NA
B/R,ATL,2026-04-20T18:22:32Z,nomination,FALSE,0009 1776709352 12801|4.00| AUCTION_INIT NA NA NA NA NA NA NA NA NA 1 NA NA NA NA
B/R,MIN,2026-04-20T18:21:51Z,nomination,FALSE,0008 1776709311 15255|2.10| AUCTION_INIT NA NA NA NA NA NA NA NA NA 1 NA NA NA NA
B/R,MIN,2026-04-20T18:21:06Z,nomination,FALSE,0008 1776709266 14059|4.00| AUCTION_INIT NA NA NA NA NA NA NA NA NA 1 NA NA NA NA
B/R,GBP,2026-04-20T18:20:30Z,nomination,FALSE,0007 1776709230 16432|2.10| AUCTION_INIT NA NA NA NA NA NA NA NA NA 1 NA NA NA NA
B/R,GBP,2026-04-20T18:20:20Z,nomination,FALSE,0007 1776709220 14472|2.10| AUCTION_INIT NA NA NA NA NA NA NA NA NA 1 NA NA NA NA
B/R,DET,2026-04-20T18:19:57Z,nomination,FALSE,0006 1776709197 14840|2.10| AUCTION_INIT NA NA NA NA NA NA NA NA NA 1 NA NA NA NA
B/R,CHI,2026-04-20T18:19:40Z,nomination,FALSE,0005 1776709180 14109|2.10| AUCTION_INIT NA NA NA NA NA NA NA NA NA 1 NA NA NA NA
B/R,WAS,2026-04-20T18:19:27Z,nomination,FALSE,0004 1776709167 13299|2.10| AUCTION_INIT NA NA NA NA NA NA NA NA NA 1 NA NA NA NA
B/R,PHI,2026-04-20T18:19:09Z,nomination,FALSE,0003 1776709149 14833|2.10| AUCTION_INIT NA NA NA NA NA NA NA NA NA 1 NA NA NA NA
B/R,NYG,2026-04-20T18:18:51Z,nomination,FALSE,0002 1776709131 15762|2.10| AUCTION_INIT NA NA NA NA NA NA NA NA NA 1 NA NA NA NA
B/R,NYG,2026-04-20T18:18:36Z,nomination,FALSE,0002 1776709116 15756|4.00| AUCTION_INIT NA NA NA NA NA NA NA NA NA 1 NA NA NA NA
B/R,DAL,2026-04-20T18:18:17Z,nomination,FALSE,0001 1776709097 12620|2.10| AUCTION_INIT NA NA NA NA NA NA NA NA NA 1 NA NA NA NA
B/R,KCC,2026-04-20T18:17:59Z,nomination,FALSE,0030 1776709079 14251|2.10| AUCTION_INIT NA NA NA NA NA NA NA NA NA 1 NA NA NA NA
B/R,KCC,2026-04-20T18:17:46Z,nomination,FALSE,0030 1776709066 15762|2.10| AUCTION_INIT NA NA NA NA NA NA NA NA NA 1 NA NA NA NA
B/R,DEN,2026-04-20T18:17:15Z,nomination,FALSE,0029 1776709035 14056|22.00| AUCTION_INIT NA NA NA NA NA NA NA NA NA 1 NA NA NA NA
B/R,TEN,2026-04-20T18:16:55Z,nomination,FALSE,0028 1776709015 15721|2.10| AUCTION_INIT NA NA NA NA NA NA NA NA NA 1 NA NA NA NA
B/R,TEN,2026-04-20T18:16:38Z,nomination,FALSE,0028 1776708998 15789|3.00| AUCTION_INIT NA NA NA NA NA NA NA NA NA 1 NA NA NA NA
B/R,JAC,2026-04-20T18:16:20Z,nomination,FALSE,0027 1776708980 13146|2.10| AUCTION_INIT NA NA NA NA NA NA NA NA NA 1 NA NA NA NA
B/R,HOU,2026-04-20T18:16:01Z,nomination,FALSE,0025 1776708961 14249|4.00| AUCTION_INIT NA NA NA NA NA NA NA NA NA 1 NA NA NA NA
B/R,HOU,2026-04-20T18:15:45Z,nomination,FALSE,0025 1776708945 13592|2.10| AUCTION_INIT NA NA NA NA NA NA NA NA NA 1 NA NA NA NA
B/R,CLE,2026-04-20T18:15:22Z,nomination,FALSE,0023 1776708922 15787|2.10| AUCTION_INIT NA NA NA NA NA NA NA NA NA 1 NA NA NA NA
B/R,CIN,2026-04-20T18:15:04Z,nomination,FALSE,0022 1776708904 14127|7| AUCTION_INIT NA NA NA NA NA NA NA NA NA 1 NA NA NA NA
B/R,CIN,2026-04-20T18:14:49Z,nomination,FALSE,0022 1776708889 15694|2.10| AUCTION_INIT NA NA NA NA NA NA NA NA NA 1 NA NA NA NA
B/R,BAL,2026-04-20T18:14:26Z,nomination,FALSE,0021 1776708866 14840|2.10| AUCTION_INIT NA NA NA NA NA NA NA NA NA 1 NA NA NA NA
B/R,NYJ,2026-04-20T18:14:07Z,nomination,FALSE,0020 1776708847 14105|2.10| AUCTION_INIT NA NA NA NA NA NA NA NA NA 1 NA NA NA NA
B/R,NEP,2026-04-20T18:13:46Z,nomination,FALSE,0019 1776708826 12626|2.10| AUCTION_INIT NA NA NA NA NA NA NA NA NA 1 NA NA NA NA
B/R,MIA,2026-04-20T18:13:28Z,nomination,FALSE,0018 1776708808 14221|2.10| AUCTION_INIT NA NA NA NA NA NA NA NA NA 1 NA NA NA NA
UDFA,CHI,2026-05-09T15:59:51Z,nomination,FALSE,0005 1778342391 17515|0| AUCTION_INIT NA NA NA NA NA NA NA NA NA NA NA NA NA NA
UDFA,KCC,2026-05-09T15:59:37Z,nomination,FALSE,0030 1778342377 17637|0| AUCTION_INIT NA NA NA NA NA NA NA NA NA NA NA NA NA NA
UDFA,CHI,2026-05-09T15:59:36Z,nomination,FALSE,0005 1778342376 17710|0| AUCTION_INIT NA NA NA NA NA NA NA NA NA NA NA NA NA NA
UDFA,LAR,2026-05-09T15:59:36Z,win,FALSE,0014 1778342376 17675|0| AUCTION_WON NA NA NA NA NA NA NA NA NA NA NA NA NA NA
UDFA,LAR,2026-05-09T15:59:36Z,win,FALSE,0014 1778342376 17538|0| AUCTION_WON NA NA NA NA NA NA NA NA NA NA NA NA NA NA
UDFA,LAR,2026-05-09T15:59:36Z,win,FALSE,0014 1778342376 17536|0| AUCTION_WON NA NA NA NA NA NA NA NA NA NA NA NA NA NA
UDFA,KCC,2026-05-09T15:59:27Z,nomination,FALSE,0030 1778342367 17632|0| AUCTION_INIT NA NA NA NA NA NA NA NA NA NA NA NA NA NA
UDFA,KCC,2026-05-09T15:59:19Z,nomination,FALSE,0030 1778342359 17631|0| AUCTION_INIT NA NA NA NA NA NA NA NA NA NA NA NA NA NA
UDFA,KCC,2026-05-09T15:59:09Z,nomination,FALSE,0030 1778342349 17490|0| AUCTION_INIT NA NA NA NA NA NA NA NA NA NA NA NA NA NA
UDFA,BAL,2026-05-09T15:58:49Z,win,FALSE,0021 1778342329 0801|57000| AUCTION_WON NA NA NA NA NA NA NA NA NA NA NA NA NA NA
UDFA,TEN,2026-05-09T15:57:35Z,win,FALSE,0028 1778342255 17624|85000| AUCTION_WON NA NA NA NA NA NA NA NA NA NA NA NA NA NA
UDFA,DAL,2026-05-09T15:16:48Z,win,FALSE,0001 1778339808 17484|0| AUCTION_WON NA NA NA NA NA NA NA NA NA NA NA NA NA NA
UDFA,DAL,2026-05-09T15:16:48Z,win,FALSE,0001 1778339808 17483|0| AUCTION_WON NA NA NA NA NA NA NA NA NA NA NA NA NA NA
UDFA,DAL,2026-05-09T15:11:52Z,win,FALSE,0001 1778339512 17625|0| AUCTION_WON NA NA NA NA NA NA NA NA NA NA NA NA NA NA
UDFA,CHI,2026-05-09T15:09:44Z,bid,FALSE,0005 1778339384 17614|1000| AUCTION_BID NA NA NA NA NA NA NA NA NA NA NA NA NA NA
UDFA,NYG,2026-05-09T15:09:27Z,win,FALSE,0002 1778339367 17694|0| AUCTION_WON NA NA NA NA NA NA NA NA NA NA NA NA NA NA
UDFA,NYG,2026-05-09T15:09:27Z,win,FALSE,0002 1778339367 17680|0| AUCTION_WON NA NA NA NA NA NA NA NA NA NA NA NA NA NA
UDFA,DAL,2026-05-09T15:09:27Z,win,FALSE,0001 1778339367 17670|0| AUCTION_WON NA NA NA NA NA NA NA NA NA NA NA NA NA NA
UDFA,LAR,2026-05-09T15:09:27Z,win,FALSE,0014 1778339367 17642|0| AUCTION_WON NA NA NA NA NA NA NA NA NA NA NA NA NA NA
UDFA,TBB,2026-05-09T15:09:27Z,win,FALSE,0012 1778339367 17528|151000| AUCTION_WON NA NA NA NA NA NA NA NA NA NA NA NA NA NA
UDFA,LAC,2026-05-09T14:00:01Z,bid,FALSE,0032 1778335201 17504|12000| AUCTION_BID NA NA NA NA NA NA NA NA NA NA NA NA NA NA
UDFA,LAC,2026-05-09T13:59:38Z,bid,FALSE,0032 1778335178 17528|19000| AUCTION_BID NA NA NA NA NA NA NA NA NA NA NA NA NA NA
UDFA,LAC,2026-05-09T13:59:38Z,bid,FALSE,0032 1778335178 17522|11000| AUCTION_BID NA NA NA NA NA NA NA NA NA NA NA NA NA NA
UDFA,BAL,2026-05-09T13:59:38Z,bid,FALSE,0021 1778335178 17504|11000|Los Angeles Chargers forced bid increase AUCTION_BID NA NA NA NA NA NA NA NA NA NA NA NA NA NA
UDFA,IND,2026-05-09T11:57:36Z,win,FALSE,0026 1778327856 17697|47000| AUCTION_WON NA NA NA NA NA NA NA NA NA NA NA NA NA NA
UDFA,WAS,2026-05-09T10:08:07Z,nomination,FALSE,0004 1778321287 17531|0| AUCTION_INIT NA NA NA NA NA NA NA NA NA NA NA NA NA NA
UDFA,BAL,2026-05-09T09:43:36Z,bid,FALSE,0021 1778319816 17528|11000| AUCTION_BID NA NA NA NA NA NA NA NA NA NA NA NA NA NA
UDFA,BAL,2026-05-09T09:41:48Z,win,FALSE,0021 1778319708 17647|1000| AUCTION_WON NA NA NA NA NA NA NA NA NA NA NA NA NA NA
UDFA,BUF,2026-05-09T09:41:48Z,win,FALSE,0017 1778319708 17581|126000| AUCTION_WON NA NA NA NA NA NA NA NA NA NA NA NA NA NA
UDFA,LAC,2026-05-09T09:41:48Z,win,FALSE,0032 1778319708 17527|3000| AUCTION_WON NA NA NA NA NA NA NA NA NA NA NA NA NA NA
UDFA,LAC,2026-05-09T09:41:48Z,win,FALSE,0032 1778319708 17487|5000| AUCTION_WON NA NA NA NA NA NA NA NA NA NA NA NA NA NA
UDFA,BAL,2026-05-09T09:41:48Z,win,FALSE,0021 1778319708 0800|1000| AUCTION_WON NA NA NA NA NA NA NA NA NA NA NA NA NA NA
UDFA,WAS,2026-05-09T05:47:20Z,win,FALSE,0004 1778305640 17697|0| AUCTION_WON NA NA NA NA NA NA NA NA NA NA NA NA NA NA
UDFA,BUF,2026-05-09T02:42:14Z,bid,FALSE,0017 1778294534 17609|9000| AUCTION_BID NA NA NA NA NA NA NA NA NA NA NA NA NA NA
UDFA,BUF,2026-05-09T02:42:05Z,bid,FALSE,0017 1778294525 17522|9000| AUCTION_BID NA NA NA NA NA NA NA NA NA NA NA NA NA NA
UDFA,BUF,2026-05-09T02:41:58Z,bid,FALSE,0017 1778294518 17528|9000| AUCTION_BID NA NA NA NA NA NA NA NA NA NA NA NA NA NA
UDFA,NEP,2026-05-08T22:57:17Z,bid,FALSE,0019 1778281037 17609|4000| AUCTION_BID NA NA NA NA NA NA NA NA NA NA NA NA NA NA
UDFA,DEN,2026-05-08T21:21:26Z,win,FALSE,0029 1778275286 17699|2000| AUCTION_WON NA NA NA NA NA NA NA NA NA NA NA NA NA NA
UDFA,DEN,2026-05-08T21:21:26Z,win,FALSE,0029 1778275286 17655|1000| AUCTION_WON NA NA NA NA NA NA NA NA NA NA NA NA NA NA
UDFA,DEN,2026-05-08T21:21:26Z,win,FALSE,0029 1778275286 17644|1000| AUCTION_WON NA NA NA NA NA NA NA NA NA NA NA NA NA NA
UDFA,TBB,2026-05-08T20:53:58Z,bid,FALSE,0012 1778273638 17528|151000|New Orleans Saints forced bid increase AUCTION_BID NA NA NA NA NA NA NA NA NA NA NA NA NA NA
UDFA,ATL,2026-05-08T20:53:25Z,bid,FALSE,0009 1778273605 17645|151000|New Orleans Saints forced bid increase AUCTION_BID NA NA NA NA NA NA NA NA NA NA NA NA NA NA
UDFA,DEN,2026-05-08T20:29:46Z,bid,FALSE,0029 1778272186 17699|2000|Baltimore Ravens forced bid increase AUCTION_BID NA NA NA NA NA NA NA NA NA NA NA NA NA NA
UDFA,ATL,2026-05-08T19:55:01Z,bid,FALSE,0009 1778270101 17645|132000| AUCTION_BID NA NA NA NA NA NA NA NA NA NA NA NA NA NA
UDFA,NEP,2026-05-08T19:27:33Z,win,FALSE,0019 1778268453 17706|1000| AUCTION_WON NA NA NA NA NA NA NA NA NA NA NA NA NA NA
UDFA,NYJ,2026-05-08T19:27:33Z,win,FALSE,0020 1778268453 17690|1000| AUCTION_WON NA NA NA NA NA NA NA NA NA NA NA NA NA NA
UDFA,NYJ,2026-05-08T19:27:33Z,win,FALSE,0020 1778268453 17676|1000| AUCTION_WON NA NA NA NA NA NA NA NA NA NA NA NA NA NA
UDFA,JAC,2026-05-08T19:27:33Z,win,FALSE,0027 1778268453 17564|40000| AUCTION_WON NA NA NA NA NA NA NA NA NA NA NA NA NA NA
UDFA,TBB,2026-05-08T17:28:54Z,bid,FALSE,0012 1778261334 17528|150000|San Francisco 49ers forced bid increase AUCTION_BID NA NA NA NA NA NA NA NA NA NA NA NA NA NA
UDFA,TBB,2026-05-08T17:16:20Z,bid,FALSE,0012 1778260580 17528|106000|Chicago Bears forced bid increase AUCTION_BID NA NA NA NA NA NA NA NA NA NA NA NA NA NA
UDFA,NOS,2026-05-08T16:25:22Z,bid,FALSE,0011 1778257522 17645|107000| AUCTION_BID NA NA NA NA NA NA NA NA NA NA NA NA NA NA
UDFA,CHI,2026-05-08T16:25:09Z,bid,FALSE,0005 1778257509 17645|101000|New Orleans Saints forced bid increase AUCTION_BID NA NA NA NA NA NA NA NA NA NA NA NA NA NA
UDFA,NOS,2026-05-08T16:24:08Z,win,FALSE,0011 1778257448 17654|20000| AUCTION_WON NA NA NA NA NA NA NA NA NA NA NA NA NA NA
UDFA,BAL,2026-05-08T15:59:18Z,bid,FALSE,0021 1778255958 17528|6000| AUCTION_BID NA NA NA NA NA NA NA NA NA NA NA NA NA NA
UDFA,BAL,2026-05-08T15:59:18Z,bid,FALSE,0021 1778255958 17522|6000| AUCTION_BID NA NA NA NA NA NA NA NA NA NA NA NA NA NA
UDFA,BAL,2026-05-08T15:59:18Z,bid,FALSE,0021 1778255958 17504|5000| AUCTION_BID NA NA NA NA NA NA NA NA NA NA NA NA NA NA
UDFA,LAC,2026-05-08T15:59:18Z,bid,FALSE,0032 1778255958 17487|5000|Baltimore Ravens forced bid increase AUCTION_BID NA NA NA NA NA NA NA NA NA NA NA NA NA NA
UDFA,BAL,2026-05-08T15:58:37Z,bid,FALSE,0021 1778255917 0801|57000| AUCTION_BID NA NA NA NA NA NA NA NA NA NA NA NA NA NA
UDFA,TEN,2026-05-08T15:57:06Z,bid,FALSE,0028 1778255826 17624|85000| AUCTION_BID NA NA NA NA NA NA NA NA NA NA NA NA NA NA
UDFA,LAR,2026-05-08T15:53:32Z,nomination,FALSE,0014 1778255612 17536|0| AUCTION_INIT NA NA NA NA NA NA NA NA NA NA NA NA NA NA
UDFA,LAR,2026-05-08T15:50:49Z,nomination,FALSE,0014 1778255449 17675|0| AUCTION_INIT NA NA NA NA NA NA NA NA NA NA NA NA NA NA
UDFA,LAR,2026-05-08T15:34:41Z,nomination,FALSE,0014 1778254481 17538|0| AUCTION_INIT NA NA NA NA NA NA NA NA NA NA NA NA NA NA
UDFA,TBB,2026-05-08T15:23:25Z,bid,FALSE,0012 1778253805 17528|97000|Los Angeles Rams forced bid increase AUCTION_BID NA NA NA NA NA NA NA NA NA NA NA NA NA NA
UDFA,DAL,2026-05-08T15:13:37Z,nomination,FALSE,0001 1778253217 17483|0| AUCTION_INIT NA NA NA NA NA NA NA NA NA NA NA NA NA NA
UDFA,DAL,2026-05-08T15:13:11Z,nomination,FALSE,0001 1778253191 17484|0| AUCTION_INIT NA NA NA NA NA NA NA NA NA NA NA NA NA NA
UDFA,DAL,2026-05-08T15:11:38Z,nomination,FALSE,0001 1778253098 17614|0| AUCTION_INIT NA NA NA NA NA NA NA NA NA NA NA NA NA NA
UDFA,DAL,2026-05-08T15:11:03Z,nomination,FALSE,0001 1778253063 17625|0| AUCTION_INIT NA NA NA NA NA NA NA NA NA NA NA NA NA NA
UDFA,DAL,2026-05-08T14:52:57Z,nomination,FALSE,0001 1778251977 17670|0| AUCTION_INIT NA NA NA NA NA NA NA NA NA NA NA NA NA NA
UDFA,LAR,2026-05-08T14:45:28Z,win,FALSE,0014 1778251528 17487|1000| AUCTION_WON NA NA NA NA NA NA NA NA NA NA NA NA NA NA
UDFA,LAR,2026-05-08T14:45:28Z,win,FALSE,0014 1778251528 17479|1000| AUCTION_WON NA NA NA NA NA NA NA NA NA NA NA NA NA NA
UDFA,TEN,2026-05-08T14:23:35Z,win,FALSE,0028 1778250215 17639|50000| AUCTION_WON NA NA NA NA NA NA NA NA NA NA NA NA NA NA
UDFA,TEN,2026-05-08T14:23:35Z,win,FALSE,0028 1778250215 17635|1000| AUCTION_WON NA NA NA NA NA NA NA NA NA NA NA NA NA NA
UDFA,CIN,2026-05-08T13:41:17Z,win,FALSE,0022 1778247677 17595|178000| AUCTION_WON NA NA NA NA NA NA NA NA NA NA NA NA NA NA
UDFA,IND,2026-05-08T13:26:49Z,win,FALSE,0026 1778246809 17650|1000| AUCTION_WON NA NA NA NA NA NA NA NA NA NA NA NA NA NA
UDFA,NYG,2026-05-08T13:22:35Z,nomination,FALSE,0002 1778246555 17680|0| AUCTION_INIT NA NA NA NA NA NA NA NA NA NA NA NA NA NA
UDFA,NYG,2026-05-08T13:22:25Z,nomination,FALSE,0002 1778246545 17694|0| AUCTION_INIT NA NA NA NA NA NA NA NA NA NA NA NA NA NA
UDFA,DAL,2026-05-08T13:01:10Z,win,FALSE,0001 1778245270 17709|0| AUCTION_WON NA NA NA NA NA NA NA NA NA NA NA NA NA NA
UDFA,TBB,2026-05-08T12:51:52Z,bid,FALSE,0012 1778244712 17528|91000| AUCTION_BID NA NA NA NA NA NA NA NA NA NA NA NA NA NA
UDFA,DAL,2026-05-08T12:50:40Z,win,FALSE,0001 1778244640 17541|0| AUCTION_WON NA NA NA NA NA NA NA NA NA NA NA NA NA NA
UDFA,LAR,2026-05-08T12:18:16Z,nomination,FALSE,0014 1778242696 17642|0| AUCTION_INIT NA NA NA NA NA NA NA NA NA NA NA NA NA NA
UDFA,TBB,2026-05-08T11:00:29Z,win,FALSE,0012 1778238029 0804|0| AUCTION_WON NA NA NA NA NA NA NA NA NA NA NA NA NA NA
UDFA,TBB,2026-05-08T11:00:29Z,win,FALSE,0012 1778238029 0803|1000| AUCTION_WON NA NA NA NA NA NA NA NA NA NA NA NA NA NA
UDFA,IND,2026-05-08T10:40:14Z,bid,FALSE,0026 1778236814 17697|47000| AUCTION_BID NA NA NA NA NA NA NA NA NA NA NA NA NA NA
UDFA,BUF,2026-05-08T06:56:49Z,bid,FALSE,0017 1778223409 17528|5000| AUCTION_BID NA NA NA NA NA NA NA NA NA NA NA NA NA NA
UDFA,BUF,2026-05-08T06:56:31Z,bid,FALSE,0017 1778223391 17522|4000| AUCTION_BID NA NA NA NA NA NA NA NA NA NA NA NA NA NA
UDFA,WAS,2026-05-08T05:56:37Z,win,FALSE,0004 1778219797 17605|21000| AUCTION_WON NA NA NA NA NA NA NA NA NA NA NA NA NA NA
UDFA,WAS,2026-05-08T05:04:25Z,nomination,FALSE,0004 1778216665 17697|0| AUCTION_INIT NA NA NA NA NA NA NA NA NA NA NA NA NA NA
UDFA,WAS,2026-05-08T05:03:47Z,win,FALSE,0004 1778216627 17545|1000| AUCTION_WON NA NA NA NA NA NA NA NA NA NA NA NA NA NA
UDFA,DEN,2026-05-08T04:53:40Z,bid,FALSE,0029 1778216020 0801|36000|Buffalo Bills forced bid increase AUCTION_BID NA NA NA NA NA NA NA NA NA NA NA NA NA NA
UDFA,DEN,2026-05-08T04:52:47Z,bid,FALSE,0029 1778215967 0801|34000|Buffalo Bills forced bid increase AUCTION_BID NA NA NA NA NA NA NA NA NA NA NA NA NA NA
UDFA,DEN,2026-05-08T04:52:32Z,bid,FALSE,0029 1778215952 0801|30000|Buffalo Bills forced bid increase AUCTION_BID NA NA NA NA NA NA NA NA NA NA NA NA NA NA
UDFA,DEN,2026-05-08T04:52:19Z,bid,FALSE,0029 1778215939 0801|25000|Buffalo Bills forced bid increase AUCTION_BID NA NA NA NA NA NA NA NA NA NA NA NA NA NA
UDFA,DEN,2026-05-08T04:52:10Z,bid,FALSE,0029 1778215930 0801|20000|Buffalo Bills forced bid increase AUCTION_BID NA NA NA NA NA NA NA NA NA NA NA NA NA NA
UDFA,DEN,2026-05-08T04:52:02Z,bid,FALSE,0029 1778215922 0801|10000|Buffalo Bills forced bid increase AUCTION_BID NA NA NA NA NA NA NA NA NA NA NA NA NA NA
UDFA,DEN,2026-05-08T04:51:49Z,bid,FALSE,0029 1778215909 0801|5000|Buffalo Bills forced bid increase AUCTION_BID NA NA NA NA NA NA NA NA NA NA NA NA NA NA
UDFA,LAC,2026-05-08T04:25:12Z,bid,FALSE,0032 1778214312 17528|2000| AUCTION_BID NA NA NA NA NA NA NA NA NA NA NA NA NA NA
UDFA,LAC,2026-05-08T04:24:35Z,bid,FALSE,0032 1778214275 17487|4000| AUCTION_BID NA NA NA NA NA NA NA NA NA NA NA NA NA NA
UDFA,LAC,2026-05-08T04:24:11Z,bid,FALSE,0032 1778214251 17527|3000| AUCTION_BID NA NA NA NA NA NA NA NA NA NA NA NA NA NA
UDFA,LAC,2026-05-08T04:24:11Z,bid,FALSE,0032 1778214251 17522|2000| AUCTION_BID NA NA NA NA NA NA NA NA NA NA NA NA NA NA
UDFA,LAC,2026-05-08T04:24:11Z,bid,FALSE,0032 1778214251 17504|2000| AUCTION_BID NA NA NA NA NA NA NA NA NA NA NA NA NA NA
UDFA,NYJ,2026-05-08T04:24:11Z,bid,FALSE,0020 1778214251 17487|2000|Los Angeles Chargers forced bid increase AUCTION_BID NA NA NA NA NA NA NA NA NA NA NA NA NA NA
UDFA,BUF,2026-05-08T04:11:22Z,bid,FALSE,0017 1778213482 17581|126000| AUCTION_BID NA NA NA NA NA NA NA NA NA NA NA NA NA NA
UDFA,LVR,2026-05-08T04:11:13Z,bid,FALSE,0031 1778213473 17581|120000|Buffalo Bills forced bid increase AUCTION_BID NA NA NA NA NA NA NA NA NA NA NA NA NA NA
UDFA,NEP,2026-05-08T03:15:05Z,bid,FALSE,0019 1778210105 17706|1000|Baltimore Ravens forced bid increase AUCTION_BID NA NA NA NA NA NA NA NA NA NA NA NA NA NA
UDFA,DEN,2026-05-08T03:15:05Z,bid,FALSE,0029 1778210105 17699|1000|Baltimore Ravens forced bid increase AUCTION_BID NA NA NA NA NA NA NA NA NA NA NA NA NA NA
UDFA,NYJ,2026-05-08T03:15:05Z,bid,FALSE,0020 1778210105 17690|1000|Baltimore Ravens forced bid increase AUCTION_BID NA NA NA NA NA NA NA NA NA NA NA NA NA NA
UDFA,NYJ,2026-05-08T03:15:05Z,bid,FALSE,0020 1778210105 17676|1000|Baltimore Ravens forced bid increase AUCTION_BID NA NA NA NA NA NA NA NA NA NA NA NA NA NA
UDFA,DEN,2026-05-08T03:15:05Z,bid,FALSE,0029 1778210105 17655|1000|Baltimore Ravens forced bid increase AUCTION_BID NA NA NA NA NA NA NA NA NA NA NA NA NA NA
UDFA,BAL,2026-05-08T03:15:05Z,bid,FALSE,0021 1778210105 17647|1000| AUCTION_BID NA NA NA NA NA NA NA NA NA NA NA NA NA NA
UDFA,DEN,2026-05-08T03:15:05Z,bid,FALSE,0029 1778210105 17644|1000|Baltimore Ravens forced bid increase AUCTION_BID NA NA NA NA NA NA NA NA NA NA NA NA NA NA
UDFA,TEN,2026-05-08T03:15:05Z,bid,FALSE,0028 1778210105 17635|1000|Baltimore Ravens forced bid increase AUCTION_BID NA NA NA NA NA NA NA NA NA NA NA NA NA NA
UDFA,BAL,2026-05-08T03:15:05Z,bid,FALSE,0021 1778210105 17609|1000| AUCTION_BID NA NA NA NA NA NA NA NA NA NA NA NA NA NA
UDFA,BAL,2026-05-08T03:15:05Z,bid,FALSE,0021 1778210105 17528|1000| AUCTION_BID NA NA NA NA NA NA NA NA NA NA NA NA NA NA
UDFA,BAL,2026-05-08T03:15:05Z,bid,FALSE,0021 1778210105 17522|1000| AUCTION_BID NA NA NA NA NA NA NA NA NA NA NA NA NA NA
UDFA,BAL,2026-05-08T03:15:05Z,bid,FALSE,0021 1778210105 17504|1000| AUCTION_BID NA NA NA NA NA NA NA NA NA NA NA NA NA NA
UDFA,DEN,2026-05-08T03:15:05Z,bid,FALSE,0029 1778210105 0801|1000|Baltimore Ravens forced bid increase AUCTION_BID NA NA NA NA NA NA NA NA NA NA NA NA NA NA
UDFA,BAL,2026-05-08T03:15:05Z,bid,FALSE,0021 1778210105 0800|1000| AUCTION_BID NA NA NA NA NA NA NA NA NA NA NA NA NA NA
UDFA,KCC,2026-05-08T03:06:30Z,nomination,FALSE,0030 1778209590 17647|0| AUCTION_INIT NA NA NA NA NA NA NA NA NA NA NA NA NA NA
UDFA,KCC,2026-05-08T03:05:45Z,nomination,FALSE,0030 1778209545 17609|0| AUCTION_INIT NA NA NA NA NA NA NA NA NA NA NA NA NA NA
UDFA,KCC,2026-05-08T03:05:27Z,nomination,FALSE,0030 1778209527 0800|0| AUCTION_INIT NA NA NA NA NA NA NA NA NA NA NA NA NA NA
UDFA,KCC,2026-05-08T03:04:22Z,win,FALSE,0030 1778209462 17628|0| AUCTION_WON NA NA NA NA NA NA NA NA NA NA NA NA NA NA
UDFA,KCC,2026-05-08T03:04:07Z,win,FALSE,0030 1778209447 17625|0| AUCTION_WON NA NA NA NA NA NA NA NA NA NA NA NA NA NA
UDFA,KCC,2026-05-08T03:03:55Z,win,FALSE,0030 1778209435 17545|0| AUCTION_WON NA NA NA NA NA NA NA NA NA NA NA NA NA NA
UDFA,LAC,2026-05-08T03:01:28Z,win,FALSE,0032 1778209288 17523|0| AUCTION_WON NA NA NA NA NA NA NA NA NA NA NA NA NA NA
UDFA,LAC,2026-05-08T03:01:28Z,win,FALSE,0032 1778209288 17465|9000| AUCTION_WON NA NA NA NA NA NA NA NA NA NA NA NA NA NA
UDFA,CAR,2026-05-08T00:58:01Z,win,FALSE,0010 1778201881 17712|0| AUCTION_WON NA NA NA NA NA NA NA NA NA NA NA NA NA NA
UDFA,LAR,2026-05-08T00:58:01Z,win,FALSE,0014 1778201881 17699|0| AUCTION_WON NA NA NA NA NA NA NA NA NA NA NA NA NA NA
UDFA,CAR,2026-05-08T00:58:01Z,win,FALSE,0010 1778201881 17686|0| AUCTION_WON NA NA NA NA NA NA NA NA NA NA NA NA NA NA
UDFA,ATL,2026-05-08T00:58:01Z,win,FALSE,0009 1778201881 17684|0| AUCTION_WON NA NA NA NA NA NA NA NA NA NA NA NA NA NA
UDFA,ATL,2026-05-08T00:58:01Z,win,FALSE,0009 1778201881 17666|3000| AUCTION_WON NA NA NA NA NA NA NA NA NA NA NA NA NA NA
UDFA,ATL,2026-05-08T00:58:01Z,win,FALSE,0009 1778201881 0802|0| AUCTION_WON NA NA NA NA NA NA NA NA NA NA NA NA NA NA
UDFA,TEN,2026-05-08T00:54:50Z,win,FALSE,0028 1778201690 17483|0| AUCTION_WON NA NA NA NA NA NA NA NA NA NA NA NA NA NA
UDFA,ARI,2026-05-08T00:42:13Z,win,FALSE,0013 1778200933 17622|100000| AUCTION_WON NA NA NA NA NA NA NA NA NA NA NA NA NA NA
UDFA,SEA,2026-05-07T22:28:29Z,win,FALSE,0016 1778192909 17665|26000| AUCTION_WON NA NA NA NA NA NA NA NA NA NA NA NA NA NA
UDFA,SEA,2026-05-07T22:28:29Z,win,FALSE,0016 1778192909 17626|26000| AUCTION_WON NA NA NA NA NA NA NA NA NA NA NA NA NA NA
UDFA,NOS,2026-05-07T22:00:31Z,win,FALSE,0011 1778191231 17549|6000| AUCTION_WON NA NA NA NA NA NA NA NA NA NA NA NA NA NA
UDFA,DEN,2026-05-07T21:22:06Z,nomination,FALSE,0029 1778188926 0801|0| AUCTION_INIT NA NA NA NA NA NA NA NA NA NA NA NA NA NA
UDFA,ARI,2026-05-07T21:22:02Z,bid,FALSE,0013 1778188922 17622|100000|Tampa Bay Buccaneers forced bid increase AUCTION_BID NA NA NA NA NA NA NA NA NA NA NA NA NA NA
UDFA,TBB,2026-05-07T21:20:18Z,win,FALSE,0012 1778188818 17713|0| AUCTION_WON NA NA NA NA NA NA NA NA NA NA NA NA NA NA
UDFA,TBB,2026-05-07T21:20:18Z,win,FALSE,0012 1778188818 17471|0| AUCTION_WON NA NA NA NA NA NA NA NA NA NA NA NA NA NA
UDFA,TBB,2026-05-07T21:18:28Z,win,FALSE,0012 1778188708 17480|0| AUCTION_WON NA NA NA NA NA NA NA NA NA NA NA NA NA NA
UDFA,DEN,2026-05-07T21:14:56Z,bid,FALSE,0029 1778188496 17527|1000| AUCTION_BID NA NA NA NA NA NA NA NA NA NA NA NA NA NA
UDFA,DEN,2026-05-07T21:12:47Z,nomination,FALSE,0029 1778188367 17655|0| AUCTION_INIT NA NA NA NA NA NA NA NA NA NA NA NA NA NA
UDFA,DEN,2026-05-07T21:12:34Z,nomination,FALSE,0029 1778188354 17644|0| AUCTION_INIT NA NA NA NA NA NA NA NA NA NA NA NA NA NA
UDFA,DEN,2026-05-07T21:12:21Z,nomination,FALSE,0029 1778188341 17699|0| AUCTION_INIT NA NA NA NA NA NA NA NA NA NA NA NA NA NA
UDFA,DEN,2026-05-07T21:12:21Z,win,FALSE,0029 1778188341 17700|0| AUCTION_WON NA NA NA NA NA NA NA NA NA NA NA NA NA NA
UDFA,DEN,2026-05-07T21:12:21Z,win,FALSE,0029 1778188341 17566|0| AUCTION_WON NA NA NA NA NA NA NA NA NA NA NA NA NA NA
UDFA,DEN,2026-05-07T21:03:13Z,win,FALSE,0029 1778187793 17596|101000| AUCTION_WON NA NA NA NA NA NA NA NA NA NA NA NA NA NA
UDFA,BUF,2026-05-07T20:58:24Z,win,FALSE,0017 1778187504 17651|0| AUCTION_WON NA NA NA NA NA NA NA NA NA NA NA NA NA NA
UDFA,BUF,2026-05-07T20:58:24Z,win,FALSE,0017 1778187504 17604|16000| AUCTION_WON NA NA NA NA NA NA NA NA NA NA NA NA NA NA
UDFA,NYJ,2026-05-07T19:50:50Z,bid,FALSE,0020 1778183450 17487|1000| AUCTION_BID NA NA NA NA NA NA NA NA NA NA NA NA NA NA
UDFA,NYJ,2026-05-07T19:26:10Z,nomination,FALSE,0020 1778181970 17676|0| AUCTION_INIT NA NA NA NA NA NA NA NA NA NA NA NA NA NA
UDFA,LAC,2026-05-07T19:25:35Z,nomination,FALSE,0032 1778181935 17528|0| AUCTION_INIT NA NA NA NA NA NA NA NA NA NA NA NA NA NA
UDFA,LAC,2026-05-07T19:24:50Z,nomination,FALSE,0032 1778181890 17522|0| AUCTION_INIT NA NA NA NA NA NA NA NA NA NA NA NA NA NA
UDFA,LAC,2026-05-07T19:24:22Z,nomination,FALSE,0032 1778181862 17527|0| AUCTION_INIT NA NA NA NA NA NA NA NA NA NA NA NA NA NA
UDFA,LAC,2026-05-07T19:23:40Z,bid,FALSE,0032 1778181820 17465|9000|New York Jets forced bid increase AUCTION_BID NA NA NA NA NA NA NA NA NA NA NA NA NA NA
UDFA,NYJ,2026-05-07T19:23:22Z,nomination,FALSE,0020 1778181802 17690|0| AUCTION_INIT NA NA NA NA NA NA NA NA NA NA NA NA NA NA
UDFA,NYJ,2026-05-07T19:20:18Z,win,FALSE,0020 1778181618 17577|171000| AUCTION_WON NA NA NA NA NA NA NA NA NA NA NA NA NA NA
UDFA,LVR,2026-05-07T18:57:57Z,bid,FALSE,0031 1778180277 17697|41000| AUCTION_BID NA NA NA NA NA NA NA NA NA NA NA NA NA NA
UDFA,LVR,2026-05-07T18:57:20Z,bid,FALSE,0031 1778180240 17581|111000| AUCTION_BID NA NA NA NA NA NA NA NA NA NA NA NA NA NA
UDFA,CIN,2026-05-07T18:56:50Z,bid,FALSE,0022 1778180210 17595|178000|Las Vegas Raiders forced bid increase AUCTION_BID NA NA NA NA NA NA NA NA NA NA NA NA NA NA
UDFA,BAL,2026-05-07T18:42:03Z,bid,FALSE,0021 1778179323 17624|83000| AUCTION_BID NA NA NA NA NA NA NA NA NA NA NA NA NA NA
UDFA,JAC,2026-05-07T18:40:59Z,bid,FALSE,0027 1778179259 17564|40000| AUCTION_BID NA NA NA NA NA NA NA NA NA NA NA NA NA NA
UDFA,TEN,2026-05-07T18:39:18Z,bid,FALSE,0028 1778179158 17639|50000|Jacksonville Jaguars forced bid increase AUCTION_BID NA NA NA NA NA NA NA NA NA NA NA NA NA NA
UDFA,TEN,2026-05-07T18:39:02Z,bid,FALSE,0028 1778179142 17639|40000|Jacksonville Jaguars forced bid increase AUCTION_BID NA NA NA NA NA NA NA NA NA NA NA NA NA NA
UDFA,TEN,2026-05-07T18:38:51Z,bid,FALSE,0028 1778179131 17639|30000|Jacksonville Jaguars forced bid increase AUCTION_BID NA NA NA NA NA NA NA NA NA NA NA NA NA NA
UDFA,JAC,2026-05-07T18:37:21Z,bid,FALSE,0027 1778179041 17581|106000| AUCTION_BID NA NA NA NA NA NA NA NA NA NA NA NA NA NA
UDFA,KCC,2026-05-07T18:23:49Z,nomination,FALSE,0030 1778178229 17504|0| AUCTION_INIT NA NA NA NA NA NA NA NA NA NA NA NA NA NA
UDFA,JAC,2026-05-07T18:22:10Z,win,FALSE,0027 1778178130 17645|0| AUCTION_WON NA NA NA NA NA NA NA NA NA NA NA NA NA NA
UDFA,DEN,2026-05-07T18:22:10Z,win,FALSE,0029 1778178130 17627|0| AUCTION_WON NA NA NA NA NA NA NA NA NA NA NA NA NA NA
UDFA,JAC,2026-05-07T18:22:10Z,win,FALSE,0027 1778178130 17549|8000| AUCTION_WON NA NA NA NA NA NA NA NA NA NA NA NA NA NA
UDFA,DET,2026-05-07T18:03:02Z,win,FALSE,0006 1778176982 17559|0| AUCTION_WON NA NA NA NA NA NA NA NA NA NA NA NA NA NA
UDFA,CHI,2026-05-07T17:53:15Z,bid,FALSE,0005 1778176395 17645|89000| AUCTION_BID NA NA NA NA NA NA NA NA NA NA NA NA NA NA
UDFA,DET,2026-05-07T17:53:15Z,win,FALSE,0006 1778176395 17678|0| AUCTION_WON NA NA NA NA NA NA NA NA NA NA NA NA NA NA
UDFA,DET,2026-05-07T17:53:03Z,win,FALSE,0006 1778176383 17620|0| AUCTION_WON NA NA NA NA NA NA NA NA NA NA NA NA NA NA
UDFA,CHI,2026-05-07T17:50:35Z,win,FALSE,0005 1778176235 17615|0| AUCTION_WON NA NA NA NA NA NA NA NA NA NA NA NA NA NA
UDFA,CHI,2026-05-07T17:50:35Z,win,FALSE,0005 1778176235 17609|0| AUCTION_WON NA NA NA NA NA NA NA NA NA NA NA NA NA NA
UDFA,JAC,2026-05-07T17:21:55Z,bid,FALSE,0027 1778174515 17549|8000|New England Patriots forced bid increase AUCTION_BID NA NA NA NA NA NA NA NA NA NA NA NA NA NA
UDFA,JAC,2026-05-07T17:21:36Z,bid,FALSE,0027 1778174496 17549|6000|New England Patriots forced bid increase AUCTION_BID NA NA NA NA NA NA NA NA NA NA NA NA NA NA
UDFA,NEP,2026-05-07T17:14:20Z,nomination,FALSE,0019 1778174060 17706|0| AUCTION_INIT NA NA NA NA NA NA NA NA NA NA NA NA NA NA
UDFA,NEP,2026-05-07T17:13:56Z,win,FALSE,0019 1778174036 17712|0| AUCTION_WON NA NA NA NA NA NA NA NA NA NA NA NA NA NA
UDFA,JAC,2026-05-07T17:13:56Z,win,FALSE,0027 1778174036 17642|0| AUCTION_WON NA NA NA NA NA NA NA NA NA NA NA NA NA NA
UDFA,JAC,2026-05-07T17:13:56Z,win,FALSE,0027 1778174036 17615|0| AUCTION_WON NA NA NA NA NA NA NA NA NA NA NA NA NA NA
UDFA,JAC,2026-05-07T17:13:56Z,win,FALSE,0027 1778174036 17603|13000| AUCTION_WON NA NA NA NA NA NA NA NA NA NA NA NA NA NA
UDFA,NEP,2026-05-07T17:13:56Z,win,FALSE,0019 1778174036 17510|86000| AUCTION_WON NA NA NA NA NA NA NA NA NA NA NA NA NA NA
UDFA,ATL,2026-05-07T16:49:58Z,win,FALSE,0009 1778172598 17658|0| AUCTION_WON NA NA NA NA NA NA NA NA NA NA NA NA NA NA
UDFA,ATL,2026-05-07T16:49:58Z,win,FALSE,0009 1778172598 17604|0| AUCTION_WON NA NA NA NA NA NA NA NA NA NA NA NA NA NA
UDFA,ATL,2026-05-07T16:48:42Z,win,FALSE,0009 1778172522 17681|0| AUCTION_WON NA NA NA NA NA NA NA NA NA NA NA NA NA NA
UDFA,LVR,2026-05-07T16:44:41Z,win,FALSE,0031 1778172281 17665|1000| AUCTION_WON NA NA NA NA NA NA NA NA NA NA NA NA NA NA
UDFA,LVR,2026-05-07T16:44:41Z,win,FALSE,0031 1778172281 17621|2000| AUCTION_WON NA NA NA NA NA NA NA NA NA NA NA NA NA NA
UDFA,PHI,2026-05-07T16:39:56Z,win,FALSE,0003 1778171996 17676|0| AUCTION_WON NA NA NA NA NA NA NA NA NA NA NA NA NA NA
UDFA,NYG,2026-05-07T16:29:09Z,win,FALSE,0002 1778171349 17650|0| AUCTION_WON NA NA NA NA NA NA NA NA NA NA NA NA NA NA
UDFA,NYG,2026-05-07T16:29:09Z,win,FALSE,0002 1778171349 17633|0| AUCTION_WON NA NA NA NA NA NA NA NA NA NA NA NA NA NA
UDFA,NYG,2026-05-07T16:29:09Z,win,FALSE,0002 1778171349 17630|0| AUCTION_WON NA NA NA NA NA NA NA NA NA NA NA NA NA NA
UDFA,NOS,2026-05-07T16:14:57Z,bid,FALSE,0011 1778170497 17654|20000| AUCTION_BID NA NA NA NA NA NA NA NA NA NA NA NA NA NA
UDFA,NOS,2026-05-07T16:14:57Z,win,FALSE,0011 1778170497 17600|1000| AUCTION_WON NA NA NA NA NA NA NA NA NA NA NA NA NA NA
UDFA,NOS,2026-05-07T16:14:57Z,win,FALSE,0011 1778170497 17598|1000| AUCTION_WON NA NA NA NA NA NA NA NA NA NA NA NA NA NA
UDFA,NOS,2026-05-07T16:14:57Z,win,FALSE,0011 1778170497 17465|1000| AUCTION_WON NA NA NA NA NA NA NA NA NA NA NA NA NA NA
UDFA,NOS,2026-05-07T16:08:29Z,win,FALSE,0011 1778170109 17611|1000| AUCTION_WON NA NA NA NA NA NA NA NA NA NA NA NA NA NA
UDFA,LAR,2026-05-07T14:20:09Z,bid,FALSE,0014 1778163609 17528|67000| AUCTION_BID NA NA NA NA NA NA NA NA NA NA NA NA NA NA
UDFA,LAR,2026-05-07T14:19:42Z,bid,FALSE,0014 1778163582 17487|1000| AUCTION_BID NA NA NA NA NA NA NA NA NA NA NA NA NA NA
UDFA,LAR,2026-05-07T14:19:28Z,bid,FALSE,0014 1778163568 17479|1000| AUCTION_BID NA NA NA NA NA NA NA NA NA NA NA NA NA NA
UDFA,LAR,2026-05-07T14:16:15Z,win,FALSE,0014 1778163375 17612|41000| AUCTION_WON NA NA NA NA NA NA NA NA NA NA NA NA NA NA
UDFA,TEN,2026-05-07T14:09:49Z,bid,FALSE,0028 1778162989 17624|16000| AUCTION_BID NA NA NA NA NA NA NA NA NA NA NA NA NA NA
UDFA,TEN,2026-05-07T14:08:23Z,bid,FALSE,0028 1778162903 17639|21000| AUCTION_BID NA NA NA NA NA NA NA NA NA NA NA NA NA NA
UDFA,TEN,2026-05-07T14:08:04Z,nomination,FALSE,0028 1778162884 17635|0| AUCTION_INIT NA NA NA NA NA NA NA NA NA NA NA NA NA NA
UDFA,CIN,2026-05-07T13:38:09Z,bid,FALSE,0022 1778161089 17595|177000| AUCTION_BID NA NA NA NA NA NA NA NA NA NA NA NA NA NA
UDFA,DEN,2026-05-07T13:37:31Z,bid,FALSE,0029 1778161051 17596|101000|Cincinnati Bengals forced bid increase AUCTION_BID NA NA NA NA NA NA NA NA NA NA NA NA NA NA
UDFA,IND,2026-05-07T13:19:39Z,bid,FALSE,0026 1778159979 17564|36000| AUCTION_BID NA NA NA NA NA NA NA NA NA NA NA NA NA NA
UDFA,JAC,2026-05-07T13:19:10Z,bid,FALSE,0027 1778159950 17564|31000|Indianapolis Colts forced bid increase AUCTION_BID NA NA NA NA NA NA NA NA NA NA NA NA NA NA
UDFA,JAC,2026-05-07T13:17:53Z,bid,FALSE,0027 1778159873 17564|21000|Indianapolis Colts forced bid increase AUCTION_BID NA NA NA NA NA NA NA NA NA NA NA NA NA NA
UDFA,IND,2026-05-07T13:17:32Z,bid,FALSE,0026 1778159852 17697|16000| AUCTION_BID NA NA NA NA NA NA NA NA NA NA NA NA NA NA
UDFA,IND,2026-05-07T13:15:15Z,bid,FALSE,0026 1778159715 17650|1000| AUCTION_BID NA NA NA NA NA NA NA NA NA NA NA NA NA NA
UDFA,DAL,2026-05-07T12:53:37Z,nomination,FALSE,0001 1778158417 17709|0| AUCTION_INIT NA NA NA NA NA NA NA NA NA NA NA NA NA NA
UDFA,DAL,2026-05-07T12:40:27Z,nomination,FALSE,0001 1778157627 17541|0| AUCTION_INIT NA NA NA NA NA NA NA NA NA NA NA NA NA NA
UDFA,DAL,2026-05-07T12:34:29Z,nomination,FALSE,0001 1778157269 17487|0| AUCTION_INIT NA NA NA NA NA NA NA NA NA NA NA NA NA NA
UDFA,BAL,2026-05-07T11:19:10Z,win,FALSE,0021 1778152750 17605|0| AUCTION_WON NA NA NA NA NA NA NA NA NA NA NA NA NA NA
UDFA,BAL,2026-05-07T11:19:10Z,win,FALSE,0021 1778152750 17602|0| AUCTION_WON NA NA NA NA NA NA NA NA NA NA NA NA NA NA
UDFA,TBB,2026-05-07T10:55:05Z,nomination,FALSE,0012 1778151305 0804|0| AUCTION_INIT NA NA NA NA NA NA NA NA NA NA NA NA NA NA
UDFA,TBB,2026-05-07T10:53:44Z,bid,FALSE,0012 1778151224 0803|1000| AUCTION_BID NA NA NA NA NA NA NA NA NA NA NA NA NA NA
UDFA,ARI,2026-05-07T05:49:07Z,win,FALSE,0013 1778132947 17648|0| AUCTION_WON NA NA NA NA NA NA NA NA NA NA NA NA NA NA
UDFA,WAS,2026-05-07T05:32:05Z,bid,FALSE,0004 1778131925 17605|21000| AUCTION_BID NA NA NA NA NA NA NA NA NA NA NA NA NA NA
UDFA,LVR,2026-05-07T03:25:00Z,bid,FALSE,0031 1778124300 17595|165000| AUCTION_BID NA NA NA NA NA NA NA NA NA NA NA NA NA NA
UDFA,BAL,2026-05-07T03:24:11Z,bid,FALSE,0021 1778124251 17581|95000|Las Vegas Raiders forced bid increase AUCTION_BID NA NA NA NA NA NA NA NA NA NA NA NA NA NA
UDFA,TEN,2026-05-07T03:23:56Z,bid,FALSE,0028 1778124236 17595|161000|Las Vegas Raiders forced bid increase AUCTION_BID NA NA NA NA NA NA NA NA NA NA NA NA NA NA
UDFA,TEN,2026-05-07T03:23:32Z,bid,FALSE,0028 1778124212 17595|120000|Las Vegas Raiders forced bid increase AUCTION_BID NA NA NA NA NA NA NA NA NA NA NA NA NA NA
UDFA,KCC,2026-05-07T03:04:22Z,nomination,FALSE,0030 1778123062 17628|0| AUCTION_INIT NA NA NA NA NA NA NA NA NA NA NA NA NA NA
UDFA,KCC,2026-05-07T03:04:07Z,nomination,FALSE,0030 1778123047 17625|0| AUCTION_INIT NA NA NA NA NA NA NA NA NA NA NA NA NA NA
UDFA,KCC,2026-05-07T03:03:54Z,nomination,FALSE,0030 1778123034 17545|0| AUCTION_INIT NA NA NA NA NA NA NA NA NA NA NA NA NA NA
UDFA,LAC,2026-05-07T02:59:41Z,nomination,FALSE,0032 1778122781 17523|0| AUCTION_INIT NA NA NA NA NA NA NA NA NA NA NA NA NA NA
UDFA,SFO,2026-05-07T02:59:22Z,win,FALSE,0015 1778122762 17700|5000| AUCTION_WON NA NA NA NA NA NA NA NA NA NA NA NA NA NA
UDFA,SFO,2026-05-07T02:59:22Z,win,FALSE,0015 1778122762 17683|0| AUCTION_WON NA NA NA NA NA NA NA NA NA NA NA NA NA NA
UDFA,LAC,2026-05-07T02:59:21Z,nomination,FALSE,0032 1778122761 17487|0| AUCTION_INIT NA NA NA NA NA NA NA NA NA NA NA NA NA NA
UDFA,LAC,2026-05-07T02:49:16Z,bid,FALSE,0032 1778122156 17465|6000| AUCTION_BID NA NA NA NA NA NA NA NA NA NA NA NA NA NA
UDFA,WAS,2026-05-07T02:20:30Z,bid,FALSE,0004 1778120430 17545|1000| AUCTION_BID NA NA NA NA NA NA NA NA NA NA NA NA NA NA
UDFA,SEA,2026-05-07T02:20:10Z,bid,FALSE,0016 1778120410 17665|26000|Washington Commanders forced bid increase AUCTION_BID NA NA NA NA NA NA NA NA NA NA NA NA NA NA
UDFA,SEA,2026-05-07T02:20:03Z,bid,FALSE,0016 1778120403 17626|26000|Washington Commanders forced bid increase AUCTION_BID NA NA NA NA NA NA NA NA NA NA NA NA NA NA
UDFA,CHI,2026-05-07T01:02:55Z,bid,FALSE,0005 1778115775 17528|61000| AUCTION_BID NA NA NA NA NA NA NA NA NA NA NA NA NA NA
UDFA,ARI,2026-05-07T01:01:42Z,bid,FALSE,0013 1778115702 17622|66000|Chicago Bears forced bid increase AUCTION_BID NA NA NA NA NA NA NA NA NA NA NA NA NA NA
UDFA,NOS,2026-05-07T01:00:08Z,bid,FALSE,0011 1778115608 17645|76000|Chicago Bears forced bid increase AUCTION_BID NA NA NA NA NA NA NA NA NA NA NA NA NA NA
UDFA,LAR,2026-05-07T00:56:32Z,nomination,FALSE,0014 1778115392 17699|0| AUCTION_INIT NA NA NA NA NA NA NA NA NA NA NA NA NA NA
UDFA,ARI,2026-05-07T00:56:05Z,bid,FALSE,0013 1778115365 17622|50000|Chicago Bears forced bid increase AUCTION_BID NA NA NA NA NA NA NA NA NA NA NA NA NA NA
UDFA,ATL,2026-05-07T00:55:38Z,bid,FALSE,0009 1778115338 17666|3000|Chicago Bears forced bid increase AUCTION_BID NA NA NA NA NA NA NA NA NA NA NA NA NA NA
UDFA,SFO,2026-05-07T00:55:21Z,bid,FALSE,0015 1778115321 17700|5000|Chicago Bears forced bid increase AUCTION_BID NA NA NA NA NA NA NA NA NA NA NA NA NA NA
UDFA,SFO,2026-05-07T00:55:10Z,bid,FALSE,0015 1778115310 17700|2000|Chicago Bears forced bid increase AUCTION_BID NA NA NA NA NA NA NA NA NA NA NA NA NA NA
UDFA,ATL,2026-05-07T00:53:47Z,nomination,FALSE,0009 1778115227 17684|0| AUCTION_INIT NA NA NA NA NA NA NA NA NA NA NA NA NA NA
UDFA,ATL,2026-05-07T00:53:23Z,nomination,FALSE,0009 1778115203 0802|0| AUCTION_INIT NA NA NA NA NA NA NA NA NA NA NA NA NA NA
UDFA,ATL,2026-05-07T00:52:52Z,bid,FALSE,0009 1778115172 17666|1000| AUCTION_BID NA NA NA NA NA NA NA NA NA NA NA NA NA NA
UDFA,CAR,2026-05-07T00:52:05Z,nomination,FALSE,0010 1778115125 0803|0| AUCTION_INIT NA NA NA NA NA NA NA NA NA NA NA NA NA NA
UDFA,CAR,2026-05-07T00:51:36Z,nomination,FALSE,0010 1778115096 17545|0| AUCTION_INIT NA NA NA NA NA NA NA NA NA NA NA NA NA NA
UDFA,CAR,2026-05-07T00:51:14Z,nomination,FALSE,0010 1778115074 17666|0| AUCTION_INIT NA NA NA NA NA NA NA NA NA NA NA NA NA NA
UDFA,CAR,2026-05-07T00:50:59Z,nomination,FALSE,0010 1778115059 17686|0| AUCTION_INIT NA NA NA NA NA NA NA NA NA NA NA NA NA NA
UDFA,CAR,2026-05-07T00:50:42Z,nomination,FALSE,0010 1778115042 17712|0| AUCTION_INIT NA NA NA NA NA NA NA NA NA NA NA NA NA NA
UDFA,TEN,2026-05-07T00:37:47Z,nomination,FALSE,0028 1778114267 17483|0| AUCTION_INIT NA NA NA NA NA NA NA NA NA NA NA NA NA NA
UDFA,ARI,2026-05-07T00:37:13Z,bid,FALSE,0013 1778114233 17622|32000| AUCTION_BID NA NA NA NA NA NA NA NA NA NA NA NA NA NA
UDFA,JAC,2026-05-07T00:37:04Z,bid,FALSE,0027 1778114224 17639|7000|Tennessee Titans forced bid increase AUCTION_BID NA NA NA NA NA NA NA NA NA NA NA NA NA NA
UDFA,JAC,2026-05-07T00:36:50Z,bid,FALSE,0027 1778114210 17564|7000|Tennessee Titans forced bid increase AUCTION_BID NA NA NA NA NA NA NA NA NA NA NA NA NA NA
UDFA,TEN,2026-05-07T00:35:43Z,bid,FALSE,0028 1778114143 17595|101000| AUCTION_BID NA NA NA NA NA NA NA NA NA NA NA NA NA NA
UDFA,NYJ,2026-05-07T00:35:28Z,bid,FALSE,0020 1778114128 17577|171000|Tennessee Titans forced bid increase AUCTION_BID NA NA NA NA NA NA NA NA NA NA NA NA NA NA
UDFA,ATL,2026-05-07T00:35:23Z,win,FALSE,0009 1778114123 17655|1000| AUCTION_WON NA NA NA NA NA NA NA NA NA NA NA NA NA NA
UDFA,ATL,2026-05-07T00:35:23Z,win,FALSE,0009 1778114123 0800|1000| AUCTION_WON NA NA NA NA NA NA NA NA NA NA NA NA NA NA
UDFA,NEP,2026-05-06T22:48:41Z,bid,FALSE,0019 1778107721 17510|86000|Denver Broncos forced bid increase AUCTION_BID NA NA NA NA NA NA NA NA NA NA NA NA NA NA
UDFA,SEA,2026-05-06T22:23:52Z,bid,FALSE,0016 1778106232 17605|13000| AUCTION_BID NA NA NA NA NA NA NA NA NA NA NA NA NA NA
UDFA,SEA,2026-05-06T22:22:07Z,bid,FALSE,0016 1778106127 17665|6000| AUCTION_BID NA NA NA NA NA NA NA NA NA NA NA NA NA NA
UDFA,SEA,2026-05-06T22:21:11Z,bid,FALSE,0016 1778106071 17626|12000| AUCTION_BID NA NA NA NA NA NA NA NA NA NA NA NA NA NA
UDFA,SFO,2026-05-06T22:01:20Z,bid,FALSE,0015 1778104880 17528|51000|Chicago Bears forced bid increase AUCTION_BID NA NA NA NA NA NA NA NA NA NA NA NA NA NA
UDFA,NOS,2026-05-06T21:58:57Z,bid,FALSE,0011 1778104737 17549|6000| AUCTION_BID NA NA NA NA NA NA NA NA NA NA NA NA NA NA
UDFA,SFO,2026-05-06T21:58:40Z,bid,FALSE,0015 1778104720 17528|50000|Chicago Bears forced bid increase AUCTION_BID NA NA NA NA NA NA NA NA NA NA NA NA NA NA
UDFA,CHI,2026-05-06T21:58:17Z,bid,FALSE,0005 1778104697 17654|18000| AUCTION_BID NA NA NA NA NA NA NA NA NA NA NA NA NA NA
UDFA,LVR,2026-05-06T21:54:07Z,win,FALSE,0031 1778104447 17710|0| AUCTION_WON NA NA NA NA NA NA NA NA NA NA NA NA NA NA
UDFA,WAS,2026-05-06T21:45:50Z,bid,FALSE,0004 1778103950 17626|11000| AUCTION_BID NA NA NA NA NA NA NA NA NA NA NA NA NA NA
UDFA,SEA,2026-05-06T21:45:44Z,bid,FALSE,0016 1778103944 17626|8000|Washington Commanders forced bid increase AUCTION_BID NA NA NA NA NA NA NA NA NA NA NA NA NA NA
UDFA,WAS,2026-05-06T21:45:29Z,bid,FALSE,0004 1778103929 17665|5000| AUCTION_BID NA NA NA NA NA NA NA NA NA NA NA NA NA NA
UDFA,SEA,2026-05-06T21:45:18Z,bid,FALSE,0016 1778103918 17626|5000|Washington Commanders forced bid increase AUCTION_BID NA NA NA NA NA NA NA NA NA NA NA NA NA NA
UDFA,NOS,2026-05-06T21:35:41Z,bid,FALSE,0011 1778103341 17645|62000| AUCTION_BID NA NA NA NA NA NA NA NA NA NA NA NA NA NA
UDFA,CHI,2026-05-06T21:35:15Z,bid,FALSE,0005 1778103315 17645|57000|New Orleans Saints forced bid increase AUCTION_BID NA NA NA NA NA NA NA NA NA NA NA NA NA NA
UDFA,CHI,2026-05-06T21:34:44Z,bid,FALSE,0005 1778103284 17645|37000|New Orleans Saints forced bid increase AUCTION_BID NA NA NA NA NA NA NA NA NA NA NA NA NA NA
UDFA,CHI,2026-05-06T21:33:29Z,bid,FALSE,0005 1778103209 17645|26000|Washington Commanders forced bid increase AUCTION_BID NA NA NA NA NA NA NA NA NA NA NA NA NA NA
UDFA,TBB,2026-05-06T21:20:08Z,nomination,FALSE,0012 1778102408 17471|0| AUCTION_INIT NA NA NA NA NA NA NA NA NA NA NA NA NA NA
UDFA,TBB,2026-05-06T21:20:01Z,nomination,FALSE,0012 1778102401 17713|0| AUCTION_INIT NA NA NA NA NA NA NA NA NA NA NA NA NA NA
UDFA,WAS,2026-05-06T21:19:43Z,win,FALSE,0004 1778102383 17640|0| AUCTION_WON NA NA NA NA NA NA NA NA NA NA NA NA NA NA
UDFA,WAS,2026-05-06T21:19:43Z,win,FALSE,0004 1778102383 17628|152000| AUCTION_WON NA NA NA NA NA NA NA NA NA NA NA NA NA NA
UDFA,DEN,2026-05-06T21:05:29Z,nomination,FALSE,0029 1778101529 17566|0| AUCTION_INIT NA NA NA NA NA NA NA NA NA NA NA NA NA NA
UDFA,DEN,2026-05-06T21:04:13Z,nomination,FALSE,0029 1778101453 17700|0| AUCTION_INIT NA NA NA NA NA NA NA NA NA NA NA NA NA NA
UDFA,NEP,2026-05-06T21:03:47Z,bid,FALSE,0019 1778101427 17510|81000|Denver Broncos forced bid increase AUCTION_BID NA NA NA NA NA NA NA NA NA NA NA NA NA NA
UDFA,DEN,2026-05-06T20:59:25Z,bid,FALSE,0029 1778101165 17596|72000| AUCTION_BID NA NA NA NA NA NA NA NA NA NA NA NA NA NA
UDFA,DEN,2026-05-06T20:59:25Z,win,FALSE,0029 1778101165 17684|18000| AUCTION_WON NA NA NA NA NA NA NA NA NA NA NA NA NA NA
UDFA,TBB,2026-05-06T20:53:32Z,nomination,FALSE,0012 1778100812 17480|0| AUCTION_INIT NA NA NA NA NA NA NA NA NA NA NA NA NA NA
UDFA,WAS,2026-05-06T20:52:01Z,bid,FALSE,0004 1778100721 17628|152000|Tampa Bay Buccaneers forced bid increase AUCTION_BID NA NA NA NA NA NA NA NA NA NA NA NA NA NA
UDFA,WAS,2026-05-06T20:46:00Z,bid,FALSE,0004 1778100360 17628|150000|Tampa Bay Buccaneers forced bid increase AUCTION_BID NA NA NA NA NA NA NA NA NA NA NA NA NA NA
UDFA,WAS,2026-05-06T20:45:55Z,bid,FALSE,0004 1778100355 17628|120000|Tampa Bay Buccaneers forced bid increase AUCTION_BID NA NA NA NA NA NA NA NA NA NA NA NA NA NA
UDFA,WAS,2026-05-06T20:45:39Z,bid,FALSE,0004 1778100339 17628|100000|Tampa Bay Buccaneers forced bid increase AUCTION_BID NA NA NA NA NA NA NA NA NA NA NA NA NA NA
UDFA,NOS,2026-05-06T20:16:55Z,win,FALSE,0011 1778098615 17651|0| AUCTION_WON NA NA NA NA NA NA NA NA NA NA NA NA NA NA
UDFA,NOS,2026-05-06T20:16:55Z,win,FALSE,0011 1778098615 17595|0| AUCTION_WON NA NA NA NA NA NA NA NA NA NA NA NA NA NA
UDFA,SEA,2026-05-06T20:16:55Z,win,FALSE,0016 1778098615 17564|1000| AUCTION_WON NA NA NA NA NA NA NA NA NA NA NA NA NA NA
UDFA,BUF,2026-05-06T20:11:23Z,nomination,FALSE,0017 1778098283 17651|0| AUCTION_INIT NA NA NA NA NA NA NA NA NA NA NA NA NA NA
UDFA,BUF,2026-05-06T20:10:04Z,bid,FALSE,0017 1778098204 17604|16000| AUCTION_BID NA NA NA NA NA NA NA NA NA NA NA NA NA NA
UDFA,BUF,2026-05-06T20:09:45Z,bid,FALSE,0017 1778098185 17595|92000| AUCTION_BID NA NA NA NA NA NA NA NA NA NA NA NA NA NA
UDFA,BAL,2026-05-06T19:47:56Z,bid,FALSE,0021 1778096876 17581|76000| AUCTION_BID NA NA NA NA NA NA NA NA NA NA NA NA NA NA
UDFA,LVR,2026-05-06T19:47:42Z,bid,FALSE,0031 1778096862 17621|2000|Baltimore Ravens forced bid increase AUCTION_BID NA NA NA NA NA NA NA NA NA NA NA NA NA NA
UDFA,NYJ,2026-05-06T19:13:40Z,bid,FALSE,0020 1778094820 17577|102000| AUCTION_BID NA NA NA NA NA NA NA NA NA NA NA NA NA NA
UDFA,BAL,2026-05-06T19:13:25Z,win,FALSE,0021 1778094805 17622|15000| AUCTION_WON NA NA NA NA NA NA NA NA NA NA NA NA NA NA
UDFA,BAL,2026-05-06T19:13:25Z,win,FALSE,0021 1778094805 17592|61000| AUCTION_WON NA NA NA NA NA NA NA NA NA NA NA NA NA NA
UDFA,PHI,2026-05-06T19:07:03Z,win,FALSE,0003 1778094423 17690|0| AUCTION_WON NA NA NA NA NA NA NA NA NA NA NA NA NA NA
UDFA,PHI,2026-05-06T19:07:03Z,win,FALSE,0003 1778094423 17618|0| AUCTION_WON NA NA NA NA NA NA NA NA NA NA NA NA NA NA
UDFA,GBP,2026-05-06T18:23:39Z,win,FALSE,0007 1778091819 17631|0| AUCTION_WON NA NA NA NA NA NA NA NA NA NA NA NA NA NA
UDFA,GBP,2026-05-06T18:23:39Z,win,FALSE,0007 1778091819 17621|0| AUCTION_WON NA NA NA NA NA NA NA NA NA NA NA NA NA NA
UDFA,CIN,2026-05-06T18:18:52Z,bid,FALSE,0022 1778091532 17596|64000| AUCTION_BID NA NA NA NA NA NA NA NA NA NA NA NA NA NA
UDFA,JAC,2026-05-06T18:14:55Z,nomination,FALSE,0027 1778091295 17624|0| AUCTION_INIT NA NA NA NA NA NA NA NA NA NA NA NA NA NA
UDFA,DEN,2026-05-06T18:13:10Z,bid,FALSE,0029 1778091190 17596|51000| AUCTION_BID NA NA NA NA NA NA NA NA NA NA NA NA NA NA
UDFA,DEN,2026-05-06T18:12:51Z,bid,FALSE,0029 1778091171 17595|91000| AUCTION_BID NA NA NA NA NA NA NA NA NA NA NA NA NA NA
UDFA,BAL,2026-05-06T18:11:21Z,bid,FALSE,0021 1778091081 17622|15000|Jacksonville Jaguars forced bid increase AUCTION_BID NA NA NA NA NA NA NA NA NA NA NA NA NA NA
UDFA,BAL,2026-05-06T18:11:17Z,bid,FALSE,0021 1778091077 17622|10000|Jacksonville Jaguars forced bid increase AUCTION_BID NA NA NA NA NA NA NA NA NA NA NA NA NA NA
UDFA,JAC,2026-05-06T18:10:34Z,nomination,FALSE,0027 1778091034 17645|0| AUCTION_INIT NA NA NA NA NA NA NA NA NA NA NA NA NA NA
UDFA,JAC,2026-05-06T18:08:41Z,nomination,FALSE,0027 1778090921 17697|0| AUCTION_INIT NA NA NA NA NA NA NA NA NA NA NA NA NA NA
UDFA,JAC,2026-05-06T18:08:30Z,bid,FALSE,0027 1778090910 17465|1000| AUCTION_BID NA NA NA NA NA NA NA NA NA NA NA NA NA NA
UDFA,BAL,2026-05-06T18:07:13Z,bid,FALSE,0021 1778090833 17592|61000|Tennessee Titans forced bid increase AUCTION_BID NA NA NA NA NA NA NA NA NA NA NA NA NA NA
UDFA,JAC,2026-05-06T18:06:56Z,bid,FALSE,0027 1778090816 17604|11000|Tennessee Titans forced bid increase AUCTION_BID NA NA NA NA NA NA NA NA NA NA NA NA NA NA
UDFA,JAC,2026-05-06T18:06:34Z,bid,FALSE,0027 1778090794 17604|6000| AUCTION_BID NA NA NA NA NA NA NA NA NA NA NA NA NA NA
UDFA,JAC,2026-05-06T18:06:21Z,bid,FALSE,0027 1778090781 17549|2000| AUCTION_BID NA NA NA NA NA NA NA NA NA NA NA NA NA NA
UDFA,CIN,2026-05-06T17:59:43Z,bid,FALSE,0022 1778090383 17596|37000| AUCTION_BID NA NA NA NA NA NA NA NA NA NA NA NA NA NA
UDFA,DET,2026-05-06T17:59:31Z,nomination,FALSE,0006 1778090371 17559|0| AUCTION_INIT NA NA NA NA NA NA NA NA NA NA NA NA NA NA
UDFA,DET,2026-05-06T17:53:09Z,nomination,FALSE,0006 1778089989 17678|0| AUCTION_INIT NA NA NA NA NA NA NA NA NA NA NA NA NA NA
UDFA,DET,2026-05-06T17:52:17Z,nomination,FALSE,0006 1778089937 17620|0| AUCTION_INIT NA NA NA NA NA NA NA NA NA NA NA NA NA NA
UDFA,DEN,2026-05-06T17:52:00Z,nomination,FALSE,0029 1778089920 17627|0| AUCTION_INIT NA NA NA NA NA NA NA NA NA NA NA NA NA NA
UDFA,CHI,2026-05-06T17:50:29Z,nomination,FALSE,0005 1778089829 17609|0| AUCTION_INIT NA NA NA NA NA NA NA NA NA NA NA NA NA NA
UDFA,CHI,2026-05-06T17:50:12Z,nomination,FALSE,0005 1778089812 17615|0| AUCTION_INIT NA NA NA NA NA NA NA NA NA NA NA NA NA NA
UDFA,SEA,2026-05-06T17:50:12Z,win,FALSE,0016 1778089812 17707|0| AUCTION_WON NA NA NA NA NA NA NA NA NA NA NA NA NA NA
UDFA,MIN,2026-05-06T17:50:12Z,win,FALSE,0008 1778089812 17643|0| AUCTION_WON NA NA NA NA NA NA NA NA NA NA NA NA NA NA
UDFA,SEA,2026-05-06T17:50:12Z,win,FALSE,0016 1778089812 17527|0| AUCTION_WON NA NA NA NA NA NA NA NA NA NA NA NA NA NA
UDFA,MIN,2026-05-06T17:50:12Z,win,FALSE,0008 1778089812 0801|0| AUCTION_WON NA NA NA NA NA NA NA NA NA NA NA NA NA NA
UDFA,LVR,2026-05-06T17:47:27Z,bid,FALSE,0031 1778089647 17581|75000|Buffalo Bills forced bid increase AUCTION_BID NA NA NA NA NA NA NA NA NA NA NA NA NA NA
UDFA,LVR,2026-05-06T17:46:45Z,bid,FALSE,0031 1778089605 17581|70000|Buffalo Bills forced bid increase AUCTION_BID NA NA NA NA NA NA NA NA NA NA NA NA NA NA
UDFA,BAL,2026-05-06T17:46:21Z,bid,FALSE,0021 1778089581 17592|50000|Buffalo Bills forced bid increase AUCTION_BID NA NA NA NA NA NA NA NA NA NA NA NA NA NA
UDFA,BAL,2026-05-06T17:46:08Z,bid,FALSE,0021 1778089568 17592|45000|Buffalo Bills forced bid increase AUCTION_BID NA NA NA NA NA NA NA NA NA NA NA NA NA NA
UDFA,LVR,2026-05-06T17:45:49Z,bid,FALSE,0031 1778089549 17581|67000|Buffalo Bills forced bid increase AUCTION_BID NA NA NA NA NA NA NA NA NA NA NA NA NA NA
UDFA,LVR,2026-05-06T17:45:39Z,bid,FALSE,0031 1778089539 17581|65000|Buffalo Bills forced bid increase AUCTION_BID NA NA NA NA NA NA NA NA NA NA NA NA NA NA
UDFA,BUF,2026-05-06T17:45:20Z,bid,FALSE,0017 1778089520 17595|82000| AUCTION_BID NA NA NA NA NA NA NA NA NA NA NA NA NA NA
UDFA,LVR,2026-05-06T17:44:39Z,bid,FALSE,0031 1778089479 17595|80000|Buffalo Bills forced bid increase AUCTION_BID NA NA NA NA NA NA NA NA NA NA NA NA NA NA
UDFA,LVR,2026-05-06T17:44:33Z,bid,FALSE,0031 1778089473 17595|75000|Buffalo Bills forced bid increase AUCTION_BID NA NA NA NA NA NA NA NA NA NA NA NA NA NA
UDFA,LVR,2026-05-06T17:44:27Z,bid,FALSE,0031 1778089467 17595|70000|Buffalo Bills forced bid increase AUCTION_BID NA NA NA NA NA NA NA NA NA NA NA NA NA NA
UDFA,BUF,2026-05-06T17:29:33Z,bid,FALSE,0017 1778088573 17604|5000|Los Angeles Chargers forced bid increase AUCTION_BID NA NA NA NA NA NA NA NA NA NA NA NA NA NA
UDFA,BUF,2026-05-06T17:28:17Z,bid,FALSE,0017 1778088497 17604|4000|Los Angeles Chargers forced bid increase AUCTION_BID NA NA NA NA NA NA NA NA NA NA NA NA NA NA
UDFA,LAC,2026-05-06T17:27:22Z,win,FALSE,0032 1778088442 17662|0| AUCTION_WON NA NA NA NA NA NA NA NA NA NA NA NA NA NA
UDFA,TBB,2026-05-06T17:18:35Z,win,FALSE,0012 1778087915 17706|10000| AUCTION_WON NA NA NA NA NA NA NA NA NA NA NA NA NA NA
UDFA,PHI,2026-05-06T17:18:35Z,win,FALSE,0003 1778087915 17689|0| AUCTION_WON NA NA NA NA NA NA NA NA NA NA NA NA NA NA
UDFA,TBB,2026-05-06T17:18:35Z,win,FALSE,0012 1778087915 17647|1000| AUCTION_WON NA NA NA NA NA NA NA NA NA NA NA NA NA NA
UDFA,TBB,2026-05-06T17:18:35Z,win,FALSE,0012 1778087915 17603|18000| AUCTION_WON NA NA NA NA NA NA NA NA NA NA NA NA NA NA
UDFA,LVR,2026-05-06T17:13:57Z,bid,FALSE,0031 1778087637 17595|65000| AUCTION_BID NA NA NA NA NA NA NA NA NA NA NA NA NA NA
UDFA,DEN,2026-05-06T17:13:41Z,win,FALSE,0029 1778087621 17636|0| AUCTION_WON NA NA NA NA NA NA NA NA NA NA NA NA NA NA
UDFA,NEP,2026-05-06T17:12:28Z,nomination,FALSE,0019 1778087548 17712|0| AUCTION_INIT NA NA NA NA NA NA NA NA NA NA NA NA NA NA
UDFA,NEP,2026-05-06T17:11:33Z,bid,FALSE,0019 1778087493 17549|1000| AUCTION_BID NA NA NA NA NA NA NA NA NA NA NA NA NA NA
UDFA,DEN,2026-05-06T17:11:33Z,win,FALSE,0029 1778087493 17612|1000| AUCTION_WON NA NA NA NA NA NA NA NA NA NA NA NA NA NA
UDFA,DEN,2026-05-06T17:11:02Z,bid,FALSE,0029 1778087462 17684|18000|New England Patriots forced bid increase AUCTION_BID NA NA NA NA NA NA NA NA NA NA NA NA NA NA
UDFA,DEN,2026-05-06T17:11:02Z,win,FALSE,0029 1778087462 17610|0| AUCTION_WON NA NA NA NA NA NA NA NA NA NA NA NA NA NA
UDFA,DEN,2026-05-06T17:10:38Z,bid,FALSE,0029 1778087438 17684|11000|New England Patriots forced bid increase AUCTION_BID NA NA NA NA NA NA NA NA NA NA NA NA NA NA
UDFA,NEP,2026-05-06T17:09:49Z,bid,FALSE,0019 1778087389 17510|75000| AUCTION_BID NA NA NA NA NA NA NA NA NA NA NA NA NA NA
UDFA,DEN,2026-05-06T17:09:37Z,bid,FALSE,0029 1778087377 17510|71000|New England Patriots forced bid increase AUCTION_BID NA NA NA NA NA NA NA NA NA NA NA NA NA NA
UDFA,DEN,2026-05-06T17:09:20Z,bid,FALSE,0029 1778087360 17510|62000|New England Patriots forced bid increase AUCTION_BID NA NA NA NA NA NA NA NA NA NA NA NA NA NA
UDFA,DEN,2026-05-06T17:08:44Z,bid,FALSE,0029 1778087324 17684|9000|New England Patriots forced bid increase AUCTION_BID NA NA NA NA NA NA NA NA NA NA NA NA NA NA
UDFA,DEN,2026-05-06T17:08:44Z,bid,FALSE,0029 1778087324 17510|51000|New England Patriots forced bid increase AUCTION_BID NA NA NA NA NA NA NA NA NA NA NA NA NA NA
UDFA,HOU,2026-05-06T17:08:08Z,win,FALSE,0025 1778087288 17638|0| AUCTION_WON NA NA NA NA NA NA NA NA NA NA NA NA NA NA
UDFA,HOU,2026-05-06T17:08:08Z,win,FALSE,0025 1778087288 17633|25000| AUCTION_WON NA NA NA NA NA NA NA NA NA NA NA NA NA NA
UDFA,HOU,2026-05-06T17:08:08Z,win,FALSE,0025 1778087288 17630|20000| AUCTION_WON NA NA NA NA NA NA NA NA NA NA NA NA NA NA
UDFA,HOU,2026-05-06T17:08:08Z,win,FALSE,0025 1778087288 17618|0| AUCTION_WON NA NA NA NA NA NA NA NA NA NA NA NA NA NA
UDFA,NEP,2026-05-06T17:08:08Z,win,FALSE,0019 1778087288 17597|84000| AUCTION_WON NA NA NA NA NA NA NA NA NA NA NA NA NA NA
UDFA,LAR,2026-05-06T17:07:27Z,win,FALSE,0014 1778087247 17602|0| AUCTION_WON NA NA NA NA NA NA NA NA NA NA NA NA NA NA
UDFA,LAR,2026-05-06T17:07:27Z,win,FALSE,0014 1778087247 17577|0| AUCTION_WON NA NA NA NA NA NA NA NA NA NA NA NA NA NA
UDFA,LAR,2026-05-06T17:04:37Z,win,FALSE,0014 1778087077 17591|41000| AUCTION_WON NA NA NA NA NA NA NA NA NA NA NA NA NA NA
UDFA,BAL,2026-05-06T17:02:25Z,bid,FALSE,0021 1778086945 17622|5000|Pittsburgh Steelers forced bid increase AUCTION_BID NA NA NA NA NA NA NA NA NA NA NA NA NA NA
UDFA,IND,2026-05-06T17:01:16Z,win,FALSE,0026 1778086876 17574|100000| AUCTION_WON NA NA NA NA NA NA NA NA NA NA NA NA NA NA
UDFA,JAC,2026-05-06T16:52:18Z,nomination,FALSE,0027 1778086338 17615|0| AUCTION_INIT NA NA NA NA NA NA NA NA NA NA NA NA NA NA
UDFA,JAC,2026-05-06T16:51:51Z,nomination,FALSE,0027 1778086311 17642|0| AUCTION_INIT NA NA NA NA NA NA NA NA NA NA NA NA NA NA
UDFA,JAC,2026-05-06T16:50:31Z,nomination,FALSE,0027 1778086231 17564|0| AUCTION_INIT NA NA NA NA NA NA NA NA NA NA NA NA NA NA
UDFA,DEN,2026-05-06T16:49:23Z,bid,FALSE,0029 1778086163 17510|40000|Jacksonville Jaguars forced bid increase AUCTION_BID NA NA NA NA NA NA NA NA NA NA NA NA NA NA
UDFA,ATL,2026-05-06T16:49:10Z,nomination,FALSE,0009 1778086150 17658|0| AUCTION_INIT NA NA NA NA NA NA NA NA NA NA NA NA NA NA
UDFA,ATL,2026-05-06T16:48:54Z,nomination,FALSE,0009 1778086134 17604|0| AUCTION_INIT NA NA NA NA NA NA NA NA NA NA NA NA NA NA
UDFA,JAC,2026-05-06T16:47:52Z,bid,FALSE,0027 1778086072 17603|13000| AUCTION_BID NA NA NA NA NA NA NA NA NA NA NA NA NA NA
UDFA,ATL,2026-05-06T16:47:36Z,nomination,FALSE,0009 1778086056 17681|0| AUCTION_INIT NA NA NA NA NA NA NA NA NA NA NA NA NA NA
UDFA,HOU,2026-05-06T16:47:16Z,bid,FALSE,0025 1778086036 17633|25000|Jacksonville Jaguars forced bid increase AUCTION_BID NA NA NA NA NA NA NA NA NA NA NA NA NA NA
UDFA,DET,2026-05-06T16:46:45Z,win,FALSE,0006 1778086005 17662|0| AUCTION_WON NA NA NA NA NA NA NA NA NA NA NA NA NA NA
UDFA,HOU,2026-05-06T16:46:24Z,bid,FALSE,0025 1778085984 17633|20000|Jacksonville Jaguars forced bid increase AUCTION_BID NA NA NA NA NA NA NA NA NA NA NA NA NA NA
UDFA,HOU,2026-05-06T16:46:17Z,bid,FALSE,0025 1778085977 17633|15000|Jacksonville Jaguars forced bid increase AUCTION_BID NA NA NA NA NA NA NA NA NA NA NA NA NA NA
UDFA,HOU,2026-05-06T16:46:10Z,bid,FALSE,0025 1778085970 17633|10000|Jacksonville Jaguars forced bid increase AUCTION_BID NA NA NA NA NA NA NA NA NA NA NA NA NA NA
UDFA,HOU,2026-05-06T16:46:04Z,bid,FALSE,0025 1778085964 17633|5000|Jacksonville Jaguars forced bid increase AUCTION_BID NA NA NA NA NA NA NA NA NA NA NA NA NA NA
UDFA,TEN,2026-05-06T16:44:48Z,win,FALSE,0028 1778085888 17698|0| AUCTION_WON NA NA NA NA NA NA NA NA NA NA NA NA NA NA
UDFA,PHI,2026-05-06T16:39:49Z,nomination,FALSE,0003 1778085589 17676|0| AUCTION_INIT NA NA NA NA NA NA NA NA NA NA NA NA NA NA
UDFA,DET,2026-05-06T16:39:49Z,win,FALSE,0006 1778085589 17672|0| AUCTION_WON NA NA NA NA NA NA NA NA NA NA NA NA NA NA
UDFA,SEA,2026-05-06T16:37:25Z,win,FALSE,0016 1778085445 17542|6000| AUCTION_WON NA NA NA NA NA NA NA NA NA NA NA NA NA NA
UDFA,TEN,2026-05-06T16:32:40Z,bid,FALSE,0028 1778085160 17595|51000| AUCTION_BID NA NA NA NA NA NA NA NA NA NA NA NA NA NA
UDFA,BAL,2026-05-06T16:32:06Z,bid,FALSE,0021 1778085126 17592|41000|Tennessee Titans forced bid increase AUCTION_BID NA NA NA NA NA NA NA NA NA NA NA NA NA NA
UDFA,SFO,2026-05-06T16:31:51Z,bid,FALSE,0015 1778085111 17528|20000|Chicago Bears forced bid increase AUCTION_BID NA NA NA NA NA NA NA NA NA NA NA NA NA NA
UDFA,NOS,2026-05-06T16:31:19Z,bid,FALSE,0011 1778085079 17654|10000|Chicago Bears forced bid increase AUCTION_BID NA NA NA NA NA NA NA NA NA NA NA NA NA NA
UDFA,NEP,2026-05-06T16:31:13Z,bid,FALSE,0019 1778085073 17597|84000|Tennessee Titans forced bid increase AUCTION_BID NA NA NA NA NA NA NA NA NA NA NA NA NA NA
UDFA,TEN,2026-05-06T16:30:43Z,bid,FALSE,0028 1778085043 17577|43000| AUCTION_BID NA NA NA NA NA NA NA NA NA NA NA NA NA NA
UDFA,CHI,2026-05-06T16:30:38Z,bid,FALSE,0005 1778085038 17622|11000| AUCTION_BID NA NA NA NA NA NA NA NA NA NA NA NA NA NA
UDFA,NYG,2026-05-06T16:27:08Z,nomination,FALSE,0002 1778084828 17650|0| AUCTION_INIT NA NA NA NA NA NA NA NA NA NA NA NA NA NA
UDFA,NYG,2026-05-06T16:26:38Z,nomination,FALSE,0002 1778084798 17633|0| AUCTION_INIT NA NA NA NA NA NA NA NA NA NA NA NA NA NA
UDFA,NYG,2026-05-06T16:26:32Z,nomination,FALSE,0002 1778084792 17630|0| AUCTION_INIT NA NA NA NA NA NA NA NA NA NA NA NA NA NA
UDFA,JAC,2026-05-06T16:23:25Z,bid,FALSE,0027 1778084605 17639|1000| AUCTION_BID NA NA NA NA NA NA NA NA NA NA NA NA NA NA
UDFA,TEN,2026-05-06T16:23:25Z,win,FALSE,0028 1778084605 17672|0| AUCTION_WON NA NA NA NA NA NA NA NA NA NA NA NA NA NA
UDFA,DET,2026-05-06T16:21:56Z,nomination,FALSE,0006 1778084516 17479|0| AUCTION_INIT NA NA NA NA NA NA NA NA NA NA NA NA NA NA
UDFA,NEP,2026-05-06T16:21:43Z,win,FALSE,0019 1778084503 17702|0| AUCTION_WON NA NA NA NA NA NA NA NA NA NA NA NA NA NA
UDFA,NEP,2026-05-06T16:21:43Z,win,FALSE,0019 1778084503 17689|0| AUCTION_WON NA NA NA NA NA NA NA NA NA NA NA NA NA NA
UDFA,NEP,2026-05-06T16:21:43Z,win,FALSE,0019 1778084503 17640|0| AUCTION_WON NA NA NA NA NA NA NA NA NA NA NA NA NA NA
UDFA,NEP,2026-05-06T16:21:43Z,win,FALSE,0019 1778084503 17626|2000| AUCTION_WON NA NA NA NA NA NA NA NA NA NA NA NA NA NA
UDFA,TEN,2026-05-06T16:21:43Z,win,FALSE,0028 1778084503 17614|10000| AUCTION_WON NA NA NA NA NA NA NA NA NA NA NA NA NA NA
UDFA,TEN,2026-05-06T16:21:43Z,win,FALSE,0028 1778084503 17600|0| AUCTION_WON NA NA NA NA NA NA NA NA NA NA NA NA NA NA
UDFA,TEN,2026-05-06T16:21:43Z,win,FALSE,0028 1778084503 17598|0| AUCTION_WON NA NA NA NA NA NA NA NA NA NA NA NA NA NA
UDFA,NEP,2026-05-06T16:21:43Z,win,FALSE,0019 1778084503 17542|0| AUCTION_WON NA NA NA NA NA NA NA NA NA NA NA NA NA NA
UDFA,NEP,2026-05-06T16:21:43Z,win,FALSE,0019 1778084503 17475|0| AUCTION_WON NA NA NA NA NA NA NA NA NA NA NA NA NA NA
UDFA,ARI,2026-05-06T16:20:02Z,win,FALSE,0013 1778084402 17667|6000| AUCTION_WON NA NA NA NA NA NA NA NA NA NA NA NA NA NA
UDFA,SEA,2026-05-06T16:20:02Z,win,FALSE,0016 1778084402 17657|4000| AUCTION_WON NA NA NA NA NA NA NA NA NA NA NA NA NA NA
UDFA,ATL,2026-05-06T16:20:02Z,win,FALSE,0009 1778084402 17634|1000| AUCTION_WON NA NA NA NA NA NA NA NA NA NA NA NA NA NA
UDFA,SEA,2026-05-06T16:20:02Z,win,FALSE,0016 1778084402 17610|0| AUCTION_WON NA NA NA NA NA NA NA NA NA NA NA NA NA NA
UDFA,ATL,2026-05-06T16:13:10Z,win,FALSE,0009 1778083990 17636|0| AUCTION_WON NA NA NA NA NA NA NA NA NA NA NA NA NA NA
UDFA,CHI,2026-05-06T16:13:10Z,win,FALSE,0005 1778083990 17629|35000| AUCTION_WON NA NA NA NA NA NA NA NA NA NA NA NA NA NA
UDFA,MIA,2026-05-06T16:12:56Z,nomination,FALSE,0018 1778083976 17650|0| AUCTION_INIT NA NA NA NA NA NA NA NA NA NA NA NA NA NA
UDFA,BUF,2026-05-06T16:12:42Z,win,FALSE,0017 1778083962 17685|1000| AUCTION_WON NA NA NA NA NA NA NA NA NA NA NA NA NA NA
UDFA,KCC,2026-05-06T16:12:42Z,win,FALSE,0030 1778083962 17578|181000| AUCTION_WON NA NA NA NA NA NA NA NA NA NA NA NA NA NA
UDFA,NYJ,2026-05-06T16:12:42Z,win,FALSE,0020 1778083962 17559|0| AUCTION_WON NA NA NA NA NA NA NA NA NA NA NA NA NA NA
UDFA,MIA,2026-05-06T16:12:42Z,win,FALSE,0018 1778083962 17519|181000| AUCTION_WON NA NA NA NA NA NA NA NA NA NA NA NA NA NA
UDFA,CHI,2026-05-06T16:11:14Z,bid,FALSE,0005 1778083874 17629|35000|New Orleans Saints forced bid increase AUCTION_BID NA NA NA NA NA NA NA NA NA NA NA NA NA NA
UDFA,NOS,2026-05-06T16:11:14Z,bid,FALSE,0011 1778083874 17605|11000| AUCTION_BID NA NA NA NA NA NA NA NA NA NA NA NA NA NA
UDFA,TBB,2026-05-06T16:11:14Z,bid,FALSE,0012 1778083874 17603|18000|New Orleans Saints forced bid increase AUCTION_BID NA NA NA NA NA NA NA NA NA NA NA NA NA NA
UDFA,NOS,2026-05-06T16:11:14Z,bid,FALSE,0011 1778083874 17600|1000| AUCTION_BID NA NA NA NA NA NA NA NA NA NA NA NA NA NA
UDFA,NOS,2026-05-06T16:11:14Z,bid,FALSE,0011 1778083874 17598|1000| AUCTION_BID NA NA NA NA NA NA NA NA NA NA NA NA NA NA
UDFA,NOS,2026-05-06T16:11:14Z,bid,FALSE,0011 1778083874 17465|1000| AUCTION_BID NA NA NA NA NA NA NA NA NA NA NA NA NA NA
UDFA,MIN,2026-05-06T16:11:14Z,win,FALSE,0008 1778083874 17592|181000| AUCTION_WON NA NA NA NA NA NA NA NA NA NA NA NA NA NA
UDFA,SEA,2026-05-06T16:11:14Z,win,FALSE,0016 1778083874 17546|15000| AUCTION_WON NA NA NA NA NA NA NA NA NA NA NA NA NA NA
UDFA,SEA,2026-05-06T16:06:57Z,bid,FALSE,0016 1778083617 17546|15000|Chicago Bears forced bid increase AUCTION_BID NA NA NA NA NA NA NA NA NA NA NA NA NA NA
UDFA,SEA,2026-05-06T16:06:01Z,bid,FALSE,0016 1778083561 17546|10000|Chicago Bears forced bid increase AUCTION_BID NA NA NA NA NA NA NA NA NA NA NA NA NA NA
UDFA,NYG,2026-05-06T16:05:57Z,win,FALSE,0002 1778083557 17635|0| AUCTION_WON NA NA NA NA NA NA NA NA NA NA NA NA NA NA
UDFA,CHI,2026-05-06T16:05:52Z,win,FALSE,0005 1778083552 17475|40000| AUCTION_WON NA NA NA NA NA NA NA NA NA NA NA NA NA NA
UDFA,CHI,2026-05-06T16:05:44Z,bid,FALSE,0005 1778083544 17629|21000|New Orleans Saints forced bid increase AUCTION_BID NA NA NA NA NA NA NA NA NA NA NA NA NA NA
UDFA,NOS,2026-05-06T16:05:44Z,bid,FALSE,0011 1778083544 17611|1000| AUCTION_BID NA NA NA NA NA NA NA NA NA NA NA NA NA NA
UDFA,SEA,2026-05-06T16:05:44Z,bid,FALSE,0016 1778083544 17605|6000|New Orleans Saints forced bid increase AUCTION_BID NA NA NA NA NA NA NA NA NA NA NA NA NA NA
UDFA,SEA,2026-05-06T16:05:44Z,bid,FALSE,0016 1778083544 17542|6000|New Orleans Saints forced bid increase AUCTION_BID NA NA NA NA NA NA NA NA NA NA NA NA NA NA
UDFA,NYG,2026-05-06T16:05:11Z,win,FALSE,0002 1778083511 17698|0| AUCTION_WON NA NA NA NA NA NA NA NA NA NA NA NA NA NA
UDFA,DAL,2026-05-06T16:05:11Z,win,FALSE,0001 1778083511 17646|181000| AUCTION_WON NA NA NA NA NA NA NA NA NA NA NA NA NA NA
UDFA,GBP,2026-05-06T16:05:11Z,win,FALSE,0007 1778083511 17639|181000| AUCTION_WON NA NA NA NA NA NA NA NA NA NA NA NA NA NA
UDFA,CAR,2026-05-06T16:05:11Z,win,FALSE,0010 1778083511 17623|181000| AUCTION_WON NA NA NA NA NA NA NA NA NA NA NA NA NA NA
UDFA,NYG,2026-05-06T16:05:11Z,win,FALSE,0002 1778083511 17617|181000| AUCTION_WON NA NA NA NA NA NA NA NA NA NA NA NA NA NA
UDFA,DET,2026-05-06T16:05:11Z,win,FALSE,0006 1778083511 17608|181000| AUCTION_WON NA NA NA NA NA NA NA NA NA NA NA NA NA NA
UDFA,PHI,2026-05-06T16:05:11Z,win,FALSE,0003 1778083511 17561|181000| AUCTION_WON NA NA NA NA NA NA NA NA NA NA NA NA NA NA
UDFA,ARI,2026-05-06T16:05:11Z,win,FALSE,0013 1778083511 17525|0| AUCTION_WON NA NA NA NA NA NA NA NA NA NA NA NA NA NA
UDFA,LVR,2026-05-06T15:59:41Z,bid,FALSE,0031 1778083181 17665|1000| AUCTION_BID NA NA NA NA NA NA NA NA NA NA NA NA NA NA
UDFA,LVR,2026-05-06T15:58:43Z,nomination,FALSE,0031 1778083123 17621|0| AUCTION_INIT NA NA NA NA NA NA NA NA NA NA NA NA NA NA
UDFA,LVR,2026-05-06T15:58:04Z,bid,FALSE,0031 1778083084 17595|41000| AUCTION_BID NA NA NA NA NA NA NA NA NA NA NA NA NA NA
UDFA,LVR,2026-05-06T15:57:25Z,bid,FALSE,0031 1778083045 17581|62000| AUCTION_BID NA NA NA NA NA NA NA NA NA NA NA NA NA NA
UDFA,IND,2026-05-06T15:57:13Z,bid,FALSE,0026 1778083033 17574|100000|Las Vegas Raiders forced bid increase AUCTION_BID NA NA NA NA NA NA NA NA NA NA NA NA NA NA
UDFA,BAL,2026-05-06T15:56:32Z,bid,FALSE,0021 1778082992 17581|60000|Las Vegas Raiders forced bid increase AUCTION_BID NA NA NA NA NA NA NA NA NA NA NA NA NA NA
UDFA,BAL,2026-05-06T15:56:12Z,bid,FALSE,0021 1778082972 17581|40000|Las Vegas Raiders forced bid increase AUCTION_BID NA NA NA NA NA NA NA NA NA NA NA NA NA NA
UDFA,LAR,2026-05-06T13:40:55Z,bid,FALSE,0014 1778074855 17612|41000| AUCTION_BID NA NA NA NA NA NA NA NA NA NA NA NA NA NA
UDFA,BUF,2026-05-06T12:42:29Z,bid,FALSE,0017 1778071349 17604|3000|Los Angeles Chargers forced bid increase AUCTION_BID NA NA NA NA NA NA NA NA NA NA NA NA NA NA
UDFA,NEP,2026-05-06T11:07:52Z,bid,FALSE,0019 1778065672 17626|2000|Baltimore Ravens forced bid increase AUCTION_BID NA NA NA NA NA NA NA NA NA NA NA NA NA NA
UDFA,DEN,2026-05-06T11:07:36Z,bid,FALSE,0029 1778065656 17612|1000|Baltimore Ravens forced bid increase AUCTION_BID NA NA NA NA NA NA NA NA NA NA NA NA NA NA
UDFA,BAL,2026-05-06T09:25:18Z,nomination,FALSE,0021 1778059518 17639|0| AUCTION_INIT NA NA NA NA NA NA NA NA NA NA NA NA NA NA
UDFA,BAL,2026-05-06T09:24:27Z,nomination,FALSE,0021 1778059467 17465|0| AUCTION_INIT NA NA NA NA NA NA NA NA NA NA NA NA NA NA
UDFA,BAL,2026-05-06T09:23:59Z,nomination,FALSE,0021 1778059439 17665|0| AUCTION_INIT NA NA NA NA NA NA NA NA NA NA NA NA NA NA
UDFA,BAL,2026-05-06T09:23:19Z,nomination,FALSE,0021 1778059399 17602|0| AUCTION_INIT NA NA NA NA NA NA NA NA NA NA NA NA NA NA
UDFA,BAL,2026-05-06T09:22:43Z,nomination,FALSE,0021 1778059363 17549|0| AUCTION_INIT NA NA NA NA NA NA NA NA NA NA NA NA NA NA
UDFA,BAL,2026-05-06T09:22:24Z,nomination,FALSE,0021 1778059344 17605|0| AUCTION_INIT NA NA NA NA NA NA NA NA NA NA NA NA NA NA
UDFA,ARI,2026-05-06T07:17:34Z,bid,FALSE,0013 1778051854 17667|6000|Washington Commanders forced bid increase AUCTION_BID NA NA NA NA NA NA NA NA NA NA NA NA NA NA
UDFA,CHI,2026-05-06T07:16:33Z,bid,FALSE,0005 1778051793 17629|17000|Washington Commanders forced bid increase AUCTION_BID NA NA NA NA NA NA NA NA NA NA NA NA NA NA
UDFA,CHI,2026-05-06T07:16:06Z,bid,FALSE,0005 1778051766 17629|16000|Washington Commanders forced bid increase AUCTION_BID NA NA NA NA NA NA NA NA NA NA NA NA NA NA
UDFA,CHI,2026-05-06T07:15:52Z,bid,FALSE,0005 1778051752 17629|11000|Washington Commanders forced bid increase AUCTION_BID NA NA NA NA NA NA NA NA NA NA NA NA NA NA
UDFA,CHI,2026-05-06T07:15:16Z,bid,FALSE,0005 1778051716 17629|5000|Washington Commanders forced bid increase AUCTION_BID NA NA NA NA NA NA NA NA NA NA NA NA NA NA
UDFA,ARI,2026-05-06T05:32:13Z,nomination,FALSE,0013 1778045533 17648|0| AUCTION_INIT NA NA NA NA NA NA NA NA NA NA NA NA NA NA
UDFA,SEA,2026-05-06T04:20:06Z,bid,FALSE,0016 1778041206 17665|1000| AUCTION_BID NA NA NA NA NA NA NA NA NA NA NA NA NA NA
UDFA,SEA,2026-05-06T04:19:05Z,bid,FALSE,0016 1778041145 17549|1000| AUCTION_BID NA NA NA NA NA NA NA NA NA NA NA NA NA NA
UDFA,SEA,2026-05-06T04:18:24Z,bid,FALSE,0016 1778041104 17626|1000| AUCTION_BID NA NA NA NA NA NA NA NA NA NA NA NA NA NA
UDFA,SFO,2026-05-06T02:28:25Z,nomination,FALSE,0015 1778034505 17683|0| AUCTION_INIT NA NA NA NA NA NA NA NA NA NA NA NA NA NA
UDFA,SFO,2026-05-06T02:26:02Z,bid,FALSE,0015 1778034362 17700|1000| AUCTION_BID NA NA NA NA NA NA NA NA NA NA NA NA NA NA
UDFA,CHI,2026-05-06T02:18:54Z,bid,FALSE,0005 1778033934 17475|40000|San Francisco 49ers forced bid increase AUCTION_BID NA NA NA NA NA NA NA NA NA NA NA NA NA NA
UDFA,SFO,2026-05-06T01:51:29Z,bid,FALSE,0015 1778032289 17612|31000| AUCTION_BID NA NA NA NA NA NA NA NA NA NA NA NA NA NA
UDFA,LAR,2026-05-06T01:51:13Z,bid,FALSE,0014 1778032273 17612|20000|San Francisco 49ers forced bid increase AUCTION_BID NA NA NA NA NA NA NA NA NA NA NA NA NA NA
UDFA,SFO,2026-05-06T01:31:20Z,bid,FALSE,0015 1778031080 17528|11000| AUCTION_BID NA NA NA NA NA NA NA NA NA NA NA NA NA NA
UDFA,ATL,2026-05-06T00:35:04Z,bid,FALSE,0009 1778027704 0800|1000| AUCTION_BID NA NA NA NA NA NA NA NA NA NA NA NA NA NA
UDFA,ATL,2026-05-06T00:34:52Z,bid,FALSE,0009 1778027692 17655|1000| AUCTION_BID NA NA NA NA NA NA NA NA NA NA NA NA NA NA
UDFA,CHI,2026-05-05T23:49:54Z,bid,FALSE,0005 1778024994 17475|29000|Tampa Bay Buccaneers forced bid increase AUCTION_BID NA NA NA NA NA NA NA NA NA NA NA NA NA NA
UDFA,NOS,2026-05-05T22:48:13Z,nomination,FALSE,0011 1778021293 17654|0| AUCTION_INIT NA NA NA NA NA NA NA NA NA NA NA NA NA NA
UDFA,CHI,2026-05-05T22:31:51Z,bid,FALSE,0005 1778020311 17645|22000| AUCTION_BID NA NA NA NA NA NA NA NA NA NA NA NA NA NA
UDFA,LVR,2026-05-05T21:17:24Z,nomination,FALSE,0031 1778015844 17710|0| AUCTION_INIT NA NA NA NA NA NA NA NA NA NA NA NA NA NA
UDFA,WAS,2026-05-05T21:08:23Z,bid,FALSE,0004 1778015303 17628|71000|Tampa Bay Buccaneers forced bid increase AUCTION_BID NA NA NA NA NA NA NA NA NA NA NA NA NA NA
UDFA,WAS,2026-05-05T21:04:31Z,nomination,FALSE,0004 1778015071 17640|0| AUCTION_INIT NA NA NA NA NA NA NA NA NA NA NA NA NA NA
UDFA,WAS,2026-05-05T21:03:19Z,bid,FALSE,0004 1778014999 17628|51000| AUCTION_BID NA NA NA NA NA NA NA NA NA NA NA NA NA NA
UDFA,DEN,2026-05-05T21:03:16Z,bid,FALSE,0029 1778014996 17596|15000| AUCTION_BID NA NA NA NA NA NA NA NA NA NA NA NA NA NA
UDFA,DEN,2026-05-05T20:57:00Z,bid,FALSE,0029 1778014620 17510|34000| AUCTION_BID NA NA NA NA NA NA NA NA NA NA NA NA NA NA
UDFA,DEN,2026-05-05T20:56:41Z,bid,FALSE,0029 1778014601 17595|16000| AUCTION_BID NA NA NA NA NA NA NA NA NA NA NA NA NA NA
UDFA,BAL,2026-05-05T20:56:25Z,bid,FALSE,0021 1778014585 17596|14000|Denver Broncos forced bid increase AUCTION_BID NA NA NA NA NA NA NA NA NA NA NA NA NA NA
UDFA,DEN,2026-05-05T20:56:04Z,bid,FALSE,0029 1778014564 17684|8000| AUCTION_BID NA NA NA NA NA NA NA NA NA NA NA NA NA NA
UDFA,SEA,2026-05-05T19:57:31Z,bid,FALSE,0016 1778011051 17564|1000| AUCTION_BID NA NA NA NA NA NA NA NA NA NA NA NA NA NA
UDFA,HOU,2026-05-05T19:42:18Z,bid,FALSE,0025 1778010138 17630|20000|Buffalo Bills forced bid increase AUCTION_BID NA NA NA NA NA NA NA NA NA NA NA NA NA NA
UDFA,IND,2026-05-05T19:42:03Z,bid,FALSE,0026 1778010123 17574|90000|Buffalo Bills forced bid increase AUCTION_BID NA NA NA NA NA NA NA NA NA NA NA NA NA NA
UDFA,TEN,2026-05-05T19:41:47Z,bid,FALSE,0028 1778010107 17614|10000|Buffalo Bills forced bid increase AUCTION_BID NA NA NA NA NA NA NA NA NA NA NA NA NA NA
UDFA,IND,2026-05-05T19:41:22Z,bid,FALSE,0026 1778010082 17574|70000|Buffalo Bills forced bid increase AUCTION_BID NA NA NA NA NA NA NA NA NA NA NA NA NA NA
UDFA,IND,2026-05-05T19:41:11Z,bid,FALSE,0026 1778010071 17574|55000|Buffalo Bills forced bid increase AUCTION_BID NA NA NA NA NA NA NA NA NA NA NA NA NA NA
UDFA,BUF,2026-05-05T19:40:42Z,bid,FALSE,0017 1778010042 17604|1000| AUCTION_BID NA NA NA NA NA NA NA NA NA NA NA NA NA NA
UDFA,HOU,2026-05-05T19:40:22Z,bid,FALSE,0025 1778010022 17630|10000|Buffalo Bills forced bid increase AUCTION_BID NA NA NA NA NA NA NA NA NA NA NA NA NA NA
UDFA,BAL,2026-05-05T19:33:56Z,bid,FALSE,0021 1778009636 17596|6000| AUCTION_BID NA NA NA NA NA NA NA NA NA NA NA NA NA NA
UDFA,NOS,2026-05-05T19:23:18Z,bid,FALSE,0011 1778008998 17645|19000| AUCTION_BID NA NA NA NA NA NA NA NA NA NA NA NA NA NA
UDFA,NOS,2026-05-05T19:22:27Z,nomination,FALSE,0011 1778008947 17595|0| AUCTION_INIT NA NA NA NA NA NA NA NA NA NA NA NA NA NA
UDFA,NOS,2026-05-05T19:22:09Z,nomination,FALSE,0011 1778008929 17651|0| AUCTION_INIT NA NA NA NA NA NA NA NA NA NA NA NA NA NA
UDFA,LAR,2026-05-05T19:20:06Z,bid,FALSE,0014 1778008806 17612|9000|New Orleans Saints forced bid increase AUCTION_BID NA NA NA NA NA NA NA NA NA NA NA NA NA NA
UDFA,TBB,2026-05-05T19:20:06Z,bid,FALSE,0012 1778008806 17603|9000|New Orleans Saints forced bid increase AUCTION_BID NA NA NA NA NA NA NA NA NA NA NA NA NA NA
UDFA,LAR,2026-05-05T19:19:12Z,bid,FALSE,0014 1778008752 17612|5000|New Orleans Saints forced bid increase AUCTION_BID NA NA NA NA NA NA NA NA NA NA NA NA NA NA
UDFA,TBB,2026-05-05T19:19:12Z,bid,FALSE,0012 1778008752 17603|1000|New Orleans Saints forced bid increase AUCTION_BID NA NA NA NA NA NA NA NA NA NA NA NA NA NA
UDFA,BAL,2026-05-05T19:15:51Z,bid,FALSE,0021 1778008551 17577|41000| AUCTION_BID NA NA NA NA NA NA NA NA NA NA NA NA NA NA
UDFA,TEN,2026-05-05T19:15:32Z,bid,FALSE,0028 1778008532 17577|31000|Baltimore Ravens forced bid increase AUCTION_BID NA NA NA NA NA NA NA NA NA NA NA NA NA NA
UDFA,IND,2026-05-05T19:15:19Z,bid,FALSE,0026 1778008519 17574|51000|Baltimore Ravens forced bid increase AUCTION_BID NA NA NA NA NA NA NA NA NA NA NA NA NA NA
UDFA,TEN,2026-05-05T19:14:48Z,bid,FALSE,0028 1778008488 17577|21000|Baltimore Ravens forced bid increase AUCTION_BID NA NA NA NA NA NA NA NA NA NA NA NA NA NA
UDFA,BAL,2026-05-05T19:14:23Z,bid,FALSE,0021 1778008463 17603|2000| AUCTION_BID NA NA NA NA NA NA NA NA NA NA NA NA NA NA
UDFA,BAL,2026-05-05T19:13:01Z,bid,FALSE,0021 1778008381 17592|11000| AUCTION_BID NA NA NA NA NA NA NA NA NA NA NA NA NA NA
UDFA,BAL,2026-05-05T19:12:51Z,bid,FALSE,0021 1778008371 17581|31000| AUCTION_BID NA NA NA NA NA NA NA NA NA NA NA NA NA NA
UDFA,IND,2026-05-05T19:12:51Z,bid,FALSE,0026 1778008371 17574|40000|Baltimore Ravens forced bid increase AUCTION_BID NA NA NA NA NA NA NA NA NA NA NA NA NA NA
UDFA,BAL,2026-05-05T19:11:40Z,bid,FALSE,0021 1778008300 17622|4000| AUCTION_BID NA NA NA NA NA NA NA NA NA NA NA NA NA NA
UDFA,BUF,2026-05-05T19:11:40Z,bid,FALSE,0017 1778008300 17592|10000|Baltimore Ravens forced bid increase AUCTION_BID NA NA NA NA NA NA NA NA NA NA NA NA NA NA
UDFA,IND,2026-05-05T19:11:40Z,bid,FALSE,0026 1778008300 17581|30000|Baltimore Ravens forced bid increase AUCTION_BID NA NA NA NA NA NA NA NA NA NA NA NA NA NA
UDFA,IND,2026-05-05T19:11:40Z,bid,FALSE,0026 1778008300 17574|30000|Baltimore Ravens forced bid increase AUCTION_BID NA NA NA NA NA NA NA NA NA NA NA NA NA NA
UDFA,PHI,2026-05-05T18:49:04Z,nomination,FALSE,0003 1778006944 17690|0| AUCTION_INIT NA NA NA NA NA NA NA NA NA NA NA NA NA NA
UDFA,PHI,2026-05-05T18:48:54Z,nomination,FALSE,0003 1778006934 17618|0| AUCTION_INIT NA NA NA NA NA NA NA NA NA NA NA NA NA NA
UDFA,GBP,2026-05-05T18:05:14Z,nomination,FALSE,0007 1778004314 17631|0| AUCTION_INIT NA NA NA NA NA NA NA NA NA NA NA NA NA NA
UDFA,GBP,2026-05-05T18:04:01Z,nomination,FALSE,0007 1778004241 17621|0| AUCTION_INIT NA NA NA NA NA NA NA NA NA NA NA NA NA NA
UDFA,PHI,2026-05-05T17:51:33Z,nomination,FALSE,0003 1778003493 17700|0| AUCTION_INIT NA NA NA NA NA NA NA NA NA NA NA NA NA NA
UDFA,MIN,2026-05-05T17:42:27Z,nomination,FALSE,0008 1778002947 17564|0| AUCTION_INIT NA NA NA NA NA NA NA NA NA NA NA NA NA NA
UDFA,MIN,2026-05-05T17:42:18Z,nomination,FALSE,0008 1778002938 17598|0| AUCTION_INIT NA NA NA NA NA NA NA NA NA NA NA NA NA NA
UDFA,TBB,2026-05-05T17:42:05Z,bid,FALSE,0012 1778002925 17706|10000|Seattle Seahawks forced bid increase AUCTION_BID NA NA NA NA NA NA NA NA NA NA NA NA NA NA
UDFA,MIN,2026-05-05T17:42:02Z,nomination,FALSE,0008 1778002922 17643|0| AUCTION_INIT NA NA NA NA NA NA NA NA NA NA NA NA NA NA
UDFA,MIN,2026-05-05T17:41:38Z,nomination,FALSE,0008 1778002898 17600|0| AUCTION_INIT NA NA NA NA NA NA NA NA NA NA NA NA NA NA
UDFA,MIN,2026-05-05T17:40:51Z,nomination,FALSE,0008 1778002851 17465|0| AUCTION_INIT NA NA NA NA NA NA NA NA NA NA NA NA NA NA
UDFA,MIN,2026-05-05T17:40:36Z,nomination,FALSE,0008 1778002836 0801|0| AUCTION_INIT NA NA NA NA NA NA NA NA NA NA NA NA NA NA
UDFA,SEA,2026-05-05T17:38:48Z,nomination,FALSE,0016 1778002728 17707|0| AUCTION_INIT NA NA NA NA NA NA NA NA NA NA NA NA NA NA
UDFA,SEA,2026-05-05T17:38:29Z,nomination,FALSE,0016 1778002709 17527|0| AUCTION_INIT NA NA NA NA NA NA NA NA NA NA NA NA NA NA
UDFA,NEP,2026-05-05T17:29:19Z,bid,FALSE,0019 1778002159 17684|6000| AUCTION_BID NA NA NA NA NA NA NA NA NA NA NA NA NA NA
UDFA,DEN,2026-05-05T17:29:05Z,bid,FALSE,0029 1778002145 17684|4000|New England Patriots forced bid increase AUCTION_BID NA NA NA NA NA NA NA NA NA NA NA NA NA NA
UDFA,LAC,2026-05-05T17:19:34Z,nomination,FALSE,0032 1778001574 17662|0| AUCTION_INIT NA NA NA NA NA NA NA NA NA NA NA NA NA NA
UDFA,LAC,2026-05-05T17:19:13Z,nomination,FALSE,0032 1778001553 17604|0| AUCTION_INIT NA NA NA NA NA NA NA NA NA NA NA NA NA NA
UDFA,PHI,2026-05-05T17:15:38Z,nomination,FALSE,0003 1778001338 17665|0| AUCTION_INIT NA NA NA NA NA NA NA NA NA NA NA NA NA NA
UDFA,BUF,2026-05-05T17:14:50Z,bid,FALSE,0017 1778001290 17595|10000|Denver Broncos forced bid increase AUCTION_BID NA NA NA NA NA NA NA NA NA NA NA NA NA NA
UDFA,PHI,2026-05-05T17:14:48Z,nomination,FALSE,0003 1778001288 17689|0| AUCTION_INIT NA NA NA NA NA NA NA NA NA NA NA NA NA NA
UDFA,DEN,2026-05-05T17:14:34Z,nomination,FALSE,0029 1778001274 17684|0| AUCTION_INIT NA NA NA NA NA NA NA NA NA NA NA NA NA NA
UDFA,DEN,2026-05-05T17:13:35Z,nomination,FALSE,0029 1778001215 17636|0| AUCTION_INIT NA NA NA NA NA NA NA NA NA NA NA NA NA NA
UDFA,DEN,2026-05-05T17:11:27Z,nomination,FALSE,0029 1778001087 17596|0| AUCTION_INIT NA NA NA NA NA NA NA NA NA NA NA NA NA NA
UDFA,TBB,2026-05-05T17:11:09Z,bid,FALSE,0012 1778001069 17647|1000| AUCTION_BID NA NA NA NA NA NA NA NA NA NA NA NA NA NA
UDFA,DEN,2026-05-05T17:11:08Z,nomination,FALSE,0029 1778001068 17612|0| AUCTION_INIT NA NA NA NA NA NA NA NA NA NA NA NA NA NA
UDFA,DEN,2026-05-05T17:10:52Z,nomination,FALSE,0029 1778001052 17610|0| AUCTION_INIT NA NA NA NA NA NA NA NA NA NA NA NA NA NA
UDFA,TBB,2026-05-05T17:10:41Z,nomination,FALSE,0012 1778001041 17706|0| AUCTION_INIT NA NA NA NA NA NA NA NA NA NA NA NA NA NA
UDFA,TBB,2026-05-05T17:09:13Z,nomination,FALSE,0012 1778000953 17603|0| AUCTION_INIT NA NA NA NA NA NA NA NA NA NA NA NA NA NA
UDFA,LAR,2026-05-05T17:06:27Z,nomination,FALSE,0014 1778000787 17602|0| AUCTION_INIT NA NA NA NA NA NA NA NA NA NA NA NA NA NA
UDFA,LAR,2026-05-05T17:06:13Z,nomination,FALSE,0014 1778000773 17622|0| AUCTION_INIT NA NA NA NA NA NA NA NA NA NA NA NA NA NA
UDFA,NEP,2026-05-05T17:06:00Z,bid,FALSE,0019 1778000760 17597|31000| AUCTION_BID NA NA NA NA NA NA NA NA NA NA NA NA NA NA
UDFA,LAR,2026-05-05T17:05:56Z,nomination,FALSE,0014 1778000756 17577|0| AUCTION_INIT NA NA NA NA NA NA NA NA NA NA NA NA NA NA
UDFA,TBB,2026-05-05T17:04:25Z,bid,FALSE,0012 1778000665 17628|4000| AUCTION_BID NA NA NA NA NA NA NA NA NA NA NA NA NA NA
UDFA,LAR,2026-05-05T17:04:02Z,bid,FALSE,0014 1778000642 17591|41000| AUCTION_BID NA NA NA NA NA NA NA NA NA NA NA NA NA NA
UDFA,HOU,2026-05-05T17:03:27Z,bid,FALSE,0025 1778000607 17630|6000| AUCTION_BID NA NA NA NA NA NA NA NA NA NA NA NA NA NA
UDFA,LAR,2026-05-05T17:03:20Z,nomination,FALSE,0014 1778000600 17612|0| AUCTION_INIT NA NA NA NA NA NA NA NA NA NA NA NA NA NA
UDFA,HOU,2026-05-05T17:03:14Z,nomination,FALSE,0025 1778000594 17618|0| AUCTION_INIT NA NA NA NA NA NA NA NA NA NA NA NA NA NA
UDFA,HOU,2026-05-05T17:02:49Z,nomination,FALSE,0025 1778000569 17638|0| AUCTION_INIT NA NA NA NA NA NA NA NA NA NA NA NA NA NA
UDFA,HOU,2026-05-05T17:02:31Z,nomination,FALSE,0025 1778000551 17633|0| AUCTION_INIT NA NA NA NA NA NA NA NA NA NA NA NA NA NA
UDFA,HOU,2026-05-05T17:02:15Z,nomination,FALSE,0025 1778000535 17597|0| AUCTION_INIT NA NA NA NA NA NA NA NA NA NA NA NA NA NA
UDFA,MIN,2026-05-05T17:00:46Z,bid,FALSE,0008 1778000446 17592|181000|Los Angeles Rams forced bid increase AUCTION_BID NA NA NA NA NA NA NA NA NA NA NA NA NA NA
UDFA,PHI,2026-05-05T17:00:38Z,bid,FALSE,0003 1778000438 17561|181000|Los Angeles Rams forced bid increase AUCTION_BID NA NA NA NA NA NA NA NA NA NA NA NA NA NA
UDFA,NYG,2026-05-05T17:00:32Z,bid,FALSE,0002 1778000432 17617|181000|Los Angeles Rams forced bid increase AUCTION_BID NA NA NA NA NA NA NA NA NA NA NA NA NA NA
UDFA,GBP,2026-05-05T17:00:26Z,bid,FALSE,0007 1778000426 17639|181000|Los Angeles Rams forced bid increase AUCTION_BID NA NA NA NA NA NA NA NA NA NA NA NA NA NA
UDFA,BUF,2026-05-05T16:56:26Z,bid,FALSE,0017 1778000186 17595|3000|Denver Broncos forced bid increase AUCTION_BID NA NA NA NA NA NA NA NA NA NA NA NA NA NA
UDFA,DEN,2026-05-05T16:56:11Z,nomination,FALSE,0029 1778000171 17622|0| AUCTION_INIT NA NA NA NA NA NA NA NA NA NA NA NA NA NA
UDFA,CHI,2026-05-05T16:55:18Z,bid,FALSE,0005 1778000118 17475|9000|Tampa Bay Buccaneers forced bid increase AUCTION_BID NA NA NA NA NA NA NA NA NA NA NA NA NA NA
UDFA,IND,2026-05-05T16:54:49Z,bid,FALSE,0026 1778000089 17581|21000| AUCTION_BID NA NA NA NA NA NA NA NA NA NA NA NA NA NA
UDFA,IND,2026-05-05T16:54:34Z,bid,FALSE,0026 1778000074 17574|11000| AUCTION_BID NA NA NA NA NA NA NA NA NA NA NA NA NA NA
UDFA,KCC,2026-05-05T16:53:20Z,bid,FALSE,0030 1778000000 17578|181000|Indianapolis Colts forced bid increase AUCTION_BID NA NA NA NA NA NA NA NA NA NA NA NA NA NA
UDFA,KCC,2026-05-05T16:53:05Z,bid,FALSE,0030 1777999985 17578|140000|Indianapolis Colts forced bid increase AUCTION_BID NA NA NA NA NA NA NA NA NA NA NA NA NA NA
UDFA,DET,2026-05-05T16:40:11Z,nomination,FALSE,0006 1777999211 17662|0| AUCTION_INIT NA NA NA NA NA NA NA NA NA NA NA NA NA NA
UDFA,DET,2026-05-05T16:39:41Z,nomination,FALSE,0006 1777999181 17672|0| AUCTION_INIT NA NA NA NA NA NA NA NA NA NA NA NA NA NA
UDFA,DET,2026-05-05T16:39:16Z,nomination,FALSE,0006 1777999156 0800|0| AUCTION_INIT NA NA NA NA NA NA NA NA NA NA NA NA NA NA
UDFA,DET,2026-05-05T16:38:27Z,nomination,FALSE,0006 1777999107 17647|0| AUCTION_INIT NA NA NA NA NA NA NA NA NA NA NA NA NA NA
UDFA,SEA,2026-05-05T16:37:00Z,nomination,FALSE,0016 1777999020 17542|0| AUCTION_INIT NA NA NA NA NA NA NA NA NA NA NA NA NA NA
UDFA,TEN,2026-05-05T16:34:42Z,nomination,FALSE,0028 1777998882 17698|0| AUCTION_INIT NA NA NA NA NA NA NA NA NA NA NA NA NA NA
UDFA,SEA,2026-05-05T16:31:29Z,nomination,FALSE,0016 1777998689 17605|0| AUCTION_INIT NA NA NA NA NA NA NA NA NA NA NA NA NA NA
UDFA,BUF,2026-05-05T16:27:29Z,bid,FALSE,0017 1777998449 17581|7000|New England Patriots forced bid increase AUCTION_BID NA NA NA NA NA NA NA NA NA NA NA NA NA NA
UDFA,BUF,2026-05-05T16:27:29Z,bid,FALSE,0017 1777998449 17574|1000|New England Patriots forced bid increase AUCTION_BID NA NA NA NA NA NA NA NA NA NA NA NA NA NA
UDFA,SEA,2026-05-05T16:23:21Z,bid,FALSE,0016 1777998201 17546|5000|Chicago Bears forced bid increase AUCTION_BID NA NA NA NA NA NA NA NA NA NA NA NA NA NA
UDFA,TEN,2026-05-05T16:22:33Z,nomination,FALSE,0028 1777998153 17672|0| AUCTION_INIT NA NA NA NA NA NA NA NA NA NA NA NA NA NA
UDFA,NEP,2026-05-05T16:21:30Z,nomination,FALSE,0019 1777998090 17640|0| AUCTION_INIT NA NA NA NA NA NA NA NA NA NA NA NA NA NA
UDFA,NEP,2026-05-05T16:20:49Z,nomination,FALSE,0019 1777998049 17626|0| AUCTION_INIT NA NA NA NA NA NA NA NA NA NA NA NA NA NA
UDFA,NEP,2026-05-05T16:19:17Z,nomination,FALSE,0019 1777997957 17475|0| AUCTION_INIT NA NA NA NA NA NA NA NA NA NA NA NA NA NA
UDFA,TEN,2026-05-05T16:19:11Z,nomination,FALSE,0028 1777997951 17598|0| AUCTION_INIT NA NA NA NA NA NA NA NA NA NA NA NA NA NA
UDFA,TEN,2026-05-05T16:18:28Z,bid,FALSE,0028 1777997908 17577|3000|New England Patriots forced bid increase AUCTION_BID NA NA NA NA NA NA NA NA NA NA NA NA NA NA
UDFA,SEA,2026-05-05T16:18:15Z,nomination,FALSE,0016 1777997895 17610|0| AUCTION_INIT NA NA NA NA NA NA NA NA NA NA NA NA NA NA
UDFA,TEN,2026-05-05T16:18:10Z,bid,FALSE,0028 1777997890 17577|1000|New England Patriots forced bid increase AUCTION_BID NA NA NA NA NA NA NA NA NA NA NA NA NA NA
UDFA,NEP,2026-05-05T16:17:16Z,nomination,FALSE,0019 1777997836 17702|0| AUCTION_INIT NA NA NA NA NA NA NA NA NA NA NA NA NA NA
UDFA,TEN,2026-05-05T16:17:14Z,nomination,FALSE,0028 1777997834 17614|0| AUCTION_INIT NA NA NA NA NA NA NA NA NA NA NA NA NA NA
UDFA,ARI,2026-05-05T16:17:02Z,bid,FALSE,0013 1777997822 17667|1000| AUCTION_BID NA NA NA NA NA NA NA NA NA NA NA NA NA NA
UDFA,SEA,2026-05-05T16:17:00Z,bid,FALSE,0016 1777997820 17657|4000| AUCTION_BID NA NA NA NA NA NA NA NA NA NA NA NA NA NA
UDFA,SEA,2026-05-05T16:17:00Z,bid,FALSE,0016 1777997820 17528|1000| AUCTION_BID NA NA NA NA NA NA NA NA NA NA NA NA NA NA
UDFA,TEN,2026-05-05T16:16:52Z,nomination,FALSE,0028 1777997812 17577|0| AUCTION_INIT NA NA NA NA NA NA NA NA NA NA NA NA NA NA
UDFA,GBP,2026-05-05T16:16:33Z,bid,FALSE,0007 1777997793 17639|180000|Arizona Cardinals forced bid increase AUCTION_BID NA NA NA NA NA NA NA NA NA NA NA NA NA NA
UDFA,NEP,2026-05-05T16:16:32Z,nomination,FALSE,0019 1777997792 17689|0| AUCTION_INIT NA NA NA NA NA NA NA NA NA NA NA NA NA NA
UDFA,CHI,2026-05-05T16:16:30Z,nomination,FALSE,0005 1777997790 17657|0| AUCTION_INIT NA NA NA NA NA NA NA NA NA NA NA NA NA NA
UDFA,NEP,2026-05-05T16:16:09Z,nomination,FALSE,0019 1777997769 17542|0| AUCTION_INIT NA NA NA NA NA NA NA NA NA NA NA NA NA NA
UDFA,MIN,2026-05-05T16:15:59Z,bid,FALSE,0008 1777997759 17592|180000|Arizona Cardinals forced bid increase AUCTION_BID NA NA NA NA NA NA NA NA NA NA NA NA NA NA
UDFA,KCC,2026-05-05T16:15:45Z,bid,FALSE,0030 1777997745 17578|100000|New England Patriots forced bid increase AUCTION_BID NA NA NA NA NA NA NA NA NA NA NA NA NA NA
UDFA,KCC,2026-05-05T16:15:32Z,bid,FALSE,0030 1777997732 17578|77000|New England Patriots forced bid increase AUCTION_BID NA NA NA NA NA NA NA NA NA NA NA NA NA NA
UDFA,SEA,2026-05-05T16:15:26Z,bid,FALSE,0016 1777997726 17591|1000| AUCTION_BID NA NA NA NA NA NA NA NA NA NA NA NA NA NA
UDFA,NEP,2026-05-05T16:15:20Z,bid,FALSE,0019 1777997720 17603|1000| AUCTION_BID NA NA NA NA NA NA NA NA NA NA NA NA NA NA
UDFA,BUF,2026-05-05T16:15:20Z,bid,FALSE,0017 1777997720 17581|2000|New England Patriots forced bid increase AUCTION_BID NA NA NA NA NA NA NA NA NA NA NA NA NA NA
UDFA,KCC,2026-05-05T16:15:20Z,bid,FALSE,0030 1777997720 17578|33000|New England Patriots forced bid increase AUCTION_BID NA NA NA NA NA NA NA NA NA NA NA NA NA NA
UDFA,NEP,2026-05-05T16:15:20Z,bid,FALSE,0019 1777997720 17510|2000| AUCTION_BID NA NA NA NA NA NA NA NA NA NA NA NA NA NA
UDFA,ATL,2026-05-05T16:13:12Z,bid,FALSE,0009 1777997592 17634|1000| AUCTION_BID NA NA NA NA NA NA NA NA NA NA NA NA NA NA
UDFA,CHI,2026-05-05T16:13:10Z,nomination,FALSE,0005 1777997590 17645|0| AUCTION_INIT NA NA NA NA NA NA NA NA NA NA NA NA NA NA
UDFA,TEN,2026-05-05T16:13:04Z,nomination,FALSE,0028 1777997584 17600|0| AUCTION_INIT NA NA NA NA NA NA NA NA NA NA NA NA NA NA
UDFA,CHI,2026-05-05T16:12:56Z,nomination,FALSE,0005 1777997576 17628|0| AUCTION_INIT NA NA NA NA NA NA NA NA NA NA NA NA NA NA
UDFA,ATL,2026-05-05T16:12:53Z,nomination,FALSE,0009 1777997573 17636|0| AUCTION_INIT NA NA NA NA NA NA NA NA NA NA NA NA NA NA
UDFA,CHI,2026-05-05T16:12:34Z,nomination,FALSE,0005 1777997554 17629|0| AUCTION_INIT NA NA NA NA NA NA NA NA NA NA NA NA NA NA
UDFA,DAL,2026-05-05T16:12:24Z,nomination,FALSE,0001 1777997544 17634|0| AUCTION_INIT NA NA NA NA NA NA NA NA NA NA NA NA NA NA
UDFA,DAL,2026-05-05T16:12:10Z,nomination,FALSE,0001 1777997530 17549|0| AUCTION_INIT NA NA NA NA NA NA NA NA NA NA NA NA NA NA
UDFA,DAL,2026-05-05T16:11:50Z,nomination,FALSE,0001 1777997510 17611|0| AUCTION_INIT NA NA NA NA NA NA NA NA NA NA NA NA NA NA
UDFA,SEA,2026-05-05T16:10:26Z,nomination,FALSE,0016 1777997426 17546|0| AUCTION_INIT NA NA NA NA NA NA NA NA NA NA NA NA NA NA
UDFA,MIN,2026-05-05T16:10:12Z,bid,FALSE,0008 1777997412 17592|2000| AUCTION_BID NA NA NA NA NA NA NA NA NA NA NA NA NA NA
UDFA,DAL,2026-05-05T16:08:39Z,bid,FALSE,0001 1777997319 17646|181000|Seattle Seahawks forced bid increase AUCTION_BID NA NA NA NA NA NA NA NA NA NA NA NA NA NA
UDFA,DET,2026-05-05T16:08:32Z,bid,FALSE,0006 1777997312 17608|181000|Seattle Seahawks forced bid increase AUCTION_BID NA NA NA NA NA NA NA NA NA NA NA NA NA NA
UDFA,DET,2026-05-05T16:08:10Z,bid,FALSE,0006 1777997290 17608|180000|Seattle Seahawks forced bid increase AUCTION_BID NA NA NA NA NA NA NA NA NA NA NA NA NA NA
UDFA,DET,2026-05-05T16:07:54Z,bid,FALSE,0006 1777997274 17608|100000|Seattle Seahawks forced bid increase AUCTION_BID NA NA NA NA NA NA NA NA NA NA NA NA NA NA
UDFA,NYJ,2026-05-05T16:07:30Z,nomination,FALSE,0020 1777997250 17510|0| AUCTION_INIT NA NA NA NA NA NA NA NA NA NA NA NA NA NA
UDFA,DAL,2026-05-05T16:07:01Z,bid,FALSE,0001 1777997221 17646|40000|Seattle Seahawks forced bid increase AUCTION_BID NA NA NA NA NA NA NA NA NA NA NA NA NA NA
UDFA,DET,2026-05-05T16:07:01Z,bid,FALSE,0006 1777997221 17608|40000|Seattle Seahawks forced bid increase AUCTION_BID NA NA NA NA NA NA NA NA NA NA NA NA NA NA
UDFA,PHI,2026-05-05T16:06:50Z,bid,FALSE,0003 1777997210 17561|179000|Arizona Cardinals forced bid increase AUCTION_BID NA NA NA NA NA NA NA NA NA NA NA NA NA NA
UDFA,DAL,2026-05-05T16:06:48Z,bid,FALSE,0001 1777997208 17646|20000|Seattle Seahawks forced bid increase AUCTION_BID NA NA NA NA NA NA NA NA NA NA NA NA NA NA
UDFA,DET,2026-05-05T16:06:48Z,bid,FALSE,0006 1777997208 17608|20000|Seattle Seahawks forced bid increase AUCTION_BID NA NA NA NA NA NA NA NA NA NA NA NA NA NA
UDFA,DAL,2026-05-05T16:06:47Z,nomination,FALSE,0001 1777997207 17667|0| AUCTION_INIT NA NA NA NA NA NA NA NA NA NA NA NA NA NA
UDFA,DAL,2026-05-05T16:06:41Z,nomination,FALSE,0001 1777997201 17528|0| AUCTION_INIT NA NA NA NA NA NA NA NA NA NA NA NA NA NA
UDFA,PHI,2026-05-05T16:06:40Z,bid,FALSE,0003 1777997200 17561|150000|Arizona Cardinals forced bid increase AUCTION_BID NA NA NA NA NA NA NA NA NA NA NA NA NA NA
UDFA,NYJ,2026-05-05T16:06:31Z,nomination,FALSE,0020 1777997191 17559|0| AUCTION_INIT NA NA NA NA NA NA NA NA NA NA NA NA NA NA
UDFA,NYG,2026-05-05T16:06:17Z,nomination,FALSE,0002 1777997177 17591|0| AUCTION_INIT NA NA NA NA NA NA NA NA NA NA NA NA NA NA
UDFA,MIA,2026-05-05T16:06:14Z,bid,FALSE,0018 1777997174 17519|181000|New York Jets forced bid increase AUCTION_BID NA NA NA NA NA NA NA NA NA NA NA NA NA NA
UDFA,NYG,2026-05-05T16:05:56Z,nomination,FALSE,0002 1777997156 17635|0| AUCTION_INIT NA NA NA NA NA NA NA NA NA NA NA NA NA NA
UDFA,BUF,2026-05-05T16:05:52Z,bid,FALSE,0017 1777997152 17685|1000| AUCTION_BID NA NA NA NA NA NA NA NA NA NA NA NA NA NA
UDFA,ARI,2026-05-05T16:05:52Z,nomination,FALSE,0013 1777997152 17592|0| AUCTION_INIT NA NA NA NA NA NA NA NA NA NA NA NA NA NA
UDFA,CHI,2026-05-05T16:05:48Z,nomination,FALSE,0005 1777997148 17475|0| AUCTION_INIT NA NA NA NA NA NA NA NA NA NA NA NA NA NA
UDFA,PHI,2026-05-05T16:05:30Z,bid,FALSE,0003 1777997130 17561|50000|Chicago Bears forced bid increase AUCTION_BID NA NA NA NA NA NA NA NA NA NA NA NA NA NA
UDFA,NYG,2026-05-05T16:05:28Z,nomination,FALSE,0002 1777997128 17626|0| AUCTION_INIT NA NA NA NA NA NA NA NA NA NA NA NA NA NA
UDFA,NYG,2026-05-05T16:04:59Z,nomination,FALSE,0002 1777997099 17698|0| AUCTION_INIT NA NA NA NA NA NA NA NA NA NA NA NA NA NA
UDFA,ARI,2026-05-05T16:04:16Z,nomination,FALSE,0013 1777997056 17525|0| AUCTION_INIT NA NA NA NA NA NA NA NA NA NA NA NA NA NA
UDFA,KCC,2026-05-05T16:03:46Z,nomination,FALSE,0030 1777997026 17685|0| AUCTION_INIT NA NA NA NA NA NA NA NA NA NA NA NA NA NA
UDFA,MIA,2026-05-05T16:03:46Z,bid,FALSE,0018 1777997026 17519|25000|New York Jets forced bid increase AUCTION_BID NA NA NA NA NA NA NA NA NA NA NA NA NA NA
UDFA,NYG,2026-05-05T16:03:41Z,bid,FALSE,0002 1777997021 17617|180000|Detroit Lions forced bid increase AUCTION_BID NA NA NA NA NA NA NA NA NA NA NA NA NA NA
UDFA,BUF,2026-05-05T16:03:41Z,bid,FALSE,0017 1777997021 17592|1000| AUCTION_BID NA NA NA NA NA NA NA NA NA NA NA NA NA NA
UDFA,MIA,2026-05-05T16:03:36Z,bid,FALSE,0018 1777997016 17519|10000|New York Jets forced bid increase AUCTION_BID NA NA NA NA NA NA NA NA NA NA NA NA NA NA
UDFA,KCC,2026-05-05T16:03:35Z,nomination,FALSE,0030 1777997015 17603|0| AUCTION_INIT NA NA NA NA NA NA NA NA NA NA NA NA NA NA
UDFA,NYG,2026-05-05T16:03:35Z,bid,FALSE,0002 1777997015 17617|160000|Detroit Lions forced bid increase AUCTION_BID NA NA NA NA NA NA NA NA NA NA NA NA NA NA
UDFA,BUF,2026-05-05T16:03:34Z,nomination,FALSE,0017 1777997014 17630|0| AUCTION_INIT NA NA NA NA NA NA NA NA NA NA NA NA NA NA
UDFA,KCC,2026-05-05T16:03:26Z,nomination,FALSE,0030 1777997006 17592|0| AUCTION_INIT NA NA NA NA NA NA NA NA NA NA NA NA NA NA
UDFA,PHI,2026-05-05T16:03:19Z,nomination,FALSE,0003 1777996999 17561|0| AUCTION_INIT NA NA NA NA NA NA NA NA NA NA NA NA NA NA
UDFA,NYG,2026-05-05T16:03:16Z,bid,FALSE,0002 1777996996 17617|120000|Detroit Lions forced bid increase AUCTION_BID NA NA NA NA NA NA NA NA NA NA NA NA NA NA
UDFA,BUF,2026-05-05T16:02:58Z,bid,FALSE,0017 1777996978 17595|1000| AUCTION_BID NA NA NA NA NA NA NA NA NA NA NA NA NA NA
UDFA,NYG,2026-05-05T16:02:54Z,bid,FALSE,0002 1777996974 17617|90000|Detroit Lions forced bid increase AUCTION_BID NA NA NA NA NA NA NA NA NA NA NA NA NA NA
UDFA,KCC,2026-05-05T16:02:45Z,nomination,FALSE,0030 1777996965 17595|0| AUCTION_INIT NA NA NA NA NA NA NA NA NA NA NA NA NA NA
UDFA,BUF,2026-05-05T16:02:45Z,bid,FALSE,0017 1777996965 17581|1000| AUCTION_BID NA NA NA NA NA NA NA NA NA NA NA NA NA NA
UDFA,MIA,2026-05-05T16:02:37Z,nomination,FALSE,0018 1777996957 17519|0| AUCTION_INIT NA NA NA NA NA NA NA NA NA NA NA NA NA NA
UDFA,BUF,2026-05-05T16:02:36Z,nomination,FALSE,0017 1777996956 17574|0| AUCTION_INIT NA NA NA NA NA NA NA NA NA NA NA NA NA NA
UDFA,KCC,2026-05-05T16:02:35Z,nomination,FALSE,0030 1777996955 17581|0| AUCTION_INIT NA NA NA NA NA NA NA NA NA NA NA NA NA NA
UDFA,DAL,2026-05-05T16:02:32Z,nomination,FALSE,0001 1777996952 17646|0| AUCTION_INIT NA NA NA NA NA NA NA NA NA NA NA NA NA NA
UDFA,NYG,2026-05-05T16:02:31Z,bid,FALSE,0002 1777996951 17617|45000|Detroit Lions forced bid increase AUCTION_BID NA NA NA NA NA NA NA NA NA NA NA NA NA NA
UDFA,CAR,2026-05-05T16:02:21Z,bid,FALSE,0010 1777996941 17623|181000|Dallas Cowboys forced bid increase AUCTION_BID NA NA NA NA NA NA NA NA NA NA NA NA NA NA
UDFA,KCC,2026-05-05T16:02:20Z,nomination,FALSE,0030 1777996940 17578|0| AUCTION_INIT NA NA NA NA NA NA NA NA NA NA NA NA NA NA
UDFA,GBP,2026-05-05T16:02:18Z,nomination,FALSE,0007 1777996938 17639|0| AUCTION_INIT NA NA NA NA NA NA NA NA NA NA NA NA NA NA
UDFA,NYG,2026-05-05T16:02:12Z,nomination,FALSE,0002 1777996932 17655|0| AUCTION_INIT NA NA NA NA NA NA NA NA NA NA NA NA NA NA
UDFA,CAR,2026-05-05T16:02:08Z,bid,FALSE,0010 1777996928 17623|61000| AUCTION_BID NA NA NA NA NA NA NA NA NA NA NA NA NA NA
UDFA,DET,2026-05-05T16:01:55Z,nomination,FALSE,0006 1777996915 17608|0| AUCTION_INIT NA NA NA NA NA NA NA NA NA NA NA NA NA NA
UDFA,NYG,2026-05-05T16:01:45Z,nomination,FALSE,0002 1777996905 17617|0| AUCTION_INIT NA NA NA NA NA NA NA NA NA NA NA NA NA NA
UDFA,DET,2026-05-05T16:01:39Z,nomination,FALSE,0006 1777996899 17623|0| AUCTION_INIT NA NA NA NA NA NA NA NA NA NA NA NA NA NA
