SNAPSHOT_TIME_ET,CONF,FRANCHISE,PLAYER_ID,PLAYER,INJURY,BYE,SALARY,YEARS,CONTRACT,ROSTER_STATUS
05/13/2026 09:55 PM EDT,NFC,Dallas Cowboys,15913,"Benford, Christian",,,$1.10,1,2026 ERFA,
05/13/2026 09:55 PM EDT,NFC,Dallas Cowboys,14892,"Brooks, Jordyn",,,$7.66,1,2023 iEXT,
05/13/2026 09:55 PM EDT,NFC,Dallas Cowboys,17541,"Brown, Barion",,,$0.94,3,2026 UDFA,
05/13/2026 09:55 PM EDT,NFC,Dallas Cowboys,14170,"Bush, Devin",,,$10.78,2,2026 oEXT,
05/13/2026 09:55 PM EDT,NFC,Dallas Cowboys,17148,"Collins, Alfred",,,$1.14,3,2025 4.04,
05/13/2026 09:55 PM EDT,NFC,Dallas Cowboys,13844,"Cooke, Logan",,,$1.10,1,2026 R/F,
05/13/2026 09:55 PM EDT,NFC,Dallas Cowboys,17502,"Cooper Jr., Omar",,,$4.52,4,2026 1.08,
05/13/2026 09:55 PM EDT,NFC,Dallas Cowboys,16593,"Corum, Blake",,,$1.49,2,2024 3.03,
05/13/2026 09:55 PM EDT,NFC,Dallas Cowboys,14219,"Dean, Jamel",,,$2.25,2,2026 oEXT,
05/13/2026 09:55 PM EDT,NFC,Dallas Cowboys,15797,"Dulcich, Greg",,,$1.10,1,2026 R/F,
05/13/2026 09:55 PM EDT,NFC,Dallas Cowboys,15888,"Durant, Decobie",,,$1.10,1,2026 R/F,
05/13/2026 09:55 PM EDT,NFC,Dallas Cowboys,15464,"Echols, Brandin",,,$1.10,1,2026 R/F,
05/13/2026 09:55 PM EDT,NFC,Dallas Cowboys,14270,"Epps, Marcus",,,$1.10,1,2026 R/F,
05/13/2026 09:55 PM EDT,NFC,Dallas Cowboys,17097,"Felton, Tai",,,$1.04,3,2025 5.08,
05/13/2026 09:55 PM EDT,NFC,Dallas Cowboys,15866,"Flott, Cordale",,,$1.10,1,2026 ERFA,
05/13/2026 09:55 PM EDT,NFC,Dallas Cowboys,15331,"Freiermuth, Pat",,,$4.53,1,2024 iEXT,
05/13/2026 09:55 PM EDT,NFC,Dallas Cowboys,17571,"Golday, Jake",,,$1.52,4,2026 3.01,
05/13/2026 09:55 PM EDT,NFC,Dallas Cowboys,14405,"Granderson, Carl",,,$10.03,1,2023 iEXT,
05/13/2026 09:55 PM EDT,NFC,Dallas Cowboys,16688,"Guerendo, Isaac",,,$1.10,1,2026 R/F,
05/13/2026 09:55 PM EDT,NFC,Dallas Cowboys,17072,"Harris, Tre",,,$2.25,3,2025 2.03,
05/13/2026 09:55 PM EDT,NFC,Dallas Cowboys,17483,"Hemby, Roman",,,$0.94,3,2026 UDFA,
05/13/2026 09:55 PM EDT,NFC,Dallas Cowboys,17709,"Henry, Robert",,,$0.94,3,2026 UDFA,
05/13/2026 09:55 PM EDT,NFC,Dallas Cowboys,10266,"Heyward, Cameron",,,$13.59,1,2025 UFA,
05/13/2026 09:55 PM EDT,NFC,Dallas Cowboys,14086,"Hill, Justice",,,$1.10,1,2026 R/F,
05/13/2026 09:55 PM EDT,NFC,Dallas Cowboys,15366,"Holland, Jevon",,,$7.30,2,2024 B/R,
05/13/2026 09:55 PM EDT,NFC,Dallas Cowboys,13731,"Hughes, Mike",,,$1.10,1,2026 R/F,
05/13/2026 09:55 PM EDT,NFC,Dallas Cowboys,16598,"Irving, Bucky",,,$1.17,2,2024 4.06,
05/13/2026 09:55 PM EDT,NFC,Dallas Cowboys,17670,"Jackson, Domani",,,$0.94,3,2026 UDFA,
05/13/2026 09:55 PM EDT,NFC,Dallas Cowboys,14833,"Jeudy, Jerry",,,$4.05,3,2026 B/R,
05/13/2026 09:55 PM EDT,NFC,Dallas Cowboys,15881,"Jones, Jack",,,$1.10,1,2026 R/F,
05/13/2026 09:55 PM EDT,NFC,Dallas Cowboys,17646,"Kilgore, Jalon",,,$0.94,3,2026 UDFA,
05/13/2026 09:55 PM EDT,NFC,Dallas Cowboys,15727,"Knight, Bam",,,$1.10,1,2026 ERFA,
05/13/2026 09:55 PM EDT,NFC,Dallas Cowboys,11769,"Lawrence, Demarcus",,,$1.10,1,2025 R/F,
05/13/2026 09:55 PM EDT,NFC,Dallas Cowboys,11383,"Martin, Sam",,,$1.10,1,2026 R/F,
05/13/2026 09:55 PM EDT,NFC,Dallas Cowboys,16627,"McConkey, Ladd",,,$3.03,2,2024 1.12,
05/13/2026 09:55 PM EDT,NFC,Dallas Cowboys,14102,"Metcalf, DK",,,$13.60,3,2026 oEXT,
05/13/2026 09:55 PM EDT,NFC,Dallas Cowboys,15365,"Moehrig, Trevon",,,$7.18,3,2026 oEXT,
05/13/2026 09:55 PM EDT,NFC,Dallas Cowboys,17625,"Moore, Trey",,,$0.94,3,2026 UDFA,
05/13/2026 09:55 PM EDT,NFC,Dallas Cowboys,15369,"Patterson, Riley",,,$1.10,1,2026 ERFA,
05/13/2026 09:55 PM EDT,NFC,Dallas Cowboys,13723,"Payne, Da'Ron",,,$7.99,1,2023 SRFA,
05/13/2026 09:55 PM EDT,NFC,Dallas Cowboys,17115,"Pearce, James",,,$1.43,3,2025 3.05,
05/13/2026 09:55 PM EDT,NFC,Dallas Cowboys,13133,"Perine, Samaje",,,$1.10,1,2026 R/F,
05/13/2026 09:55 PM EDT,NFC,Dallas Cowboys,12620,"Prescott, Dak",,,$25.50,4,2026 B/R,
05/13/2026 09:55 PM EDT,NFC,Dallas Cowboys,17652,"Randall, Adam",,,$1.00,4,2026 4.25,
05/13/2026 09:55 PM EDT,NFC,Dallas Cowboys,13066,"Raymond, Kalif",,,$1.10,1,2026 R/F,
05/13/2026 09:55 PM EDT,NFC,Dallas Cowboys,17484,"Reid, Desmond",,,$0.94,3,2026 UDFA,
05/13/2026 09:55 PM EDT,NFC,Dallas Cowboys,17031,"Sanders, Shedeur",,,$1.17,3,2025 4.02,
05/13/2026 09:55 PM EDT,NFC,Dallas Cowboys,11945,"Santos, Cairo",,,$1.10,1,2026 R/F,
05/13/2026 09:55 PM EDT,NFC,Dallas Cowboys,13839,"Sieler, Zach",,,$16.50,2,2025 RRFA,
05/13/2026 09:55 PM EDT,NFC,Dallas Cowboys,16165,"Spears, Tyjae",,,$1.47,1,2023 3.07,
05/13/2026 09:55 PM EDT,NFC,Dallas Cowboys,15405,"Stephens, Brandon",,,$1.10,1,2026 R/F,
05/13/2026 09:55 PM EDT,NFC,Dallas Cowboys,14148,"Sweat, Montez",,,$8.44,3,2025 oEXT,
05/13/2026 09:55 PM EDT,NFC,Dallas Cowboys,14797,"Swift, D'Andre",,,$13.07,1,2024 UFA,
05/13/2026 09:55 PM EDT,NFC,Dallas Cowboys,17589,"Trotter, Josiah",,,$1.71,4,2026 2.12,
05/13/2026 09:55 PM EDT,NFC,Dallas Cowboys,16287,"Tucker, Tre",,,$5.77,3,2026 SRFA,
05/13/2026 09:55 PM EDT,NFC,Dallas Cowboys,16704,"Wallace, Trevin",,,$1.20,2,2024 4.02,
05/13/2026 09:55 PM EDT,NFC,Dallas Cowboys,17102,"Warren, Tyler",,,$3.66,3,2025 1.10,
05/13/2026 09:55 PM EDT,NFC,Dallas Cowboys,16216,"Washington, Darnell",,,$1.10,1,2026 R/F,
05/13/2026 09:55 PM EDT,NFC,Dallas Cowboys,17131,"Watts, Xavier",,,$1.29,3,2025 3.13,
05/13/2026 09:55 PM EDT,NFC,Dallas Cowboys,16226,"Wilson, Tyree",,,$2.10,1,2023 2.06,
05/13/2026 09:55 PM EDT,NFC,Dallas Cowboys,14947,"Wonnum, D.J.",,,$3.92,1,2024 UFA,
05/13/2026 09:55 PM EDT,NFC,New York Giants,14153,"Allen, Zach",,,$16.16,1,2025 oEXT,
05/13/2026 09:55 PM EDT,NFC,New York Giants,17466,"Beck, Carson",,,$1.06,4,2026 4.12,
05/13/2026 09:55 PM EDT,NFC,New York Giants,17698,"Bernard, Uar",,,$0.94,3,2026 UDFA,
05/13/2026 09:55 PM EDT,NFC,New York Giants,17261,"Biggers, Zeek",,,$1.10,1,2026 ERFA,
05/13/2026 09:55 PM EDT,NFC,New York Giants,17509,"Brazzell II, Chris",,,$1.56,4,2026 2.16,
05/13/2026 09:55 PM EDT,NFC,New York Giants,16181,"Brown, Chase",,,$1.33,1,2023 3.17,
05/13/2026 09:55 PM EDT,NFC,New York Giants,14897,"Brown, Derrick",,,$23.66,2,2024 UFA,
05/13/2026 09:55 PM EDT,NFC,New York Giants,16736,"Brownlee, Jarvis",,,$1.10,1,2025 R/F,
05/13/2026 09:55 PM EDT,NFC,New York Giants,17161,"Burch, Jordan",,,$0.99,2,2025 UDFA,
05/13/2026 09:55 PM EDT,NFC,New York Giants,15290,"Collins, Nico",,,$37.38,3,2026 oEXT,
05/13/2026 09:55 PM EDT,NFC,New York Giants,14911,"Davis, Ashtyn",,,$1.10,1,2026 R/F,
05/13/2026 09:55 PM EDT,NFC,New York Giants,15979,"Dicker, Cameron",,,$2.05,2,2025 UFA,
05/13/2026 09:55 PM EDT,NFC,New York Giants,17563,"Downs, Caleb",,,$2.62,4,2026 1.16,
05/13/2026 09:55 PM EDT,NFC,New York Giants,17056,"Etienne, Trevor",,,$1.04,3,2025 5.07,
05/13/2026 09:55 PM EDT,NFC,New York Giants,13837,"Franklin, Zaire",,,$11.00,1,2024 UFA,
05/13/2026 09:55 PM EDT,NFC,New York Giants,16009,"Gibbens, Jack",,,$1.10,1,2026 R/F,
05/13/2026 09:55 PM EDT,NFC,New York Giants,17060,"Giddens, DJ",,,$1.08,3,2025 4.17,
05/13/2026 09:55 PM EDT,NFC,New York Giants,16251,"Gonzalez, Christian",,,$1.21,1,2023 4.15,
05/13/2026 09:55 PM EDT,NFC,New York Giants,17138,"Grant, Kenneth",,,$1.26,3,2025 3.14,
05/13/2026 09:55 PM EDT,NFC,New York Giants,17190,"Hemingway, Tonka",,,$1.10,1,2026 R/F,
05/13/2026 09:55 PM EDT,NFC,New York Giants,14779,"Herbert, Justin",,,$16.65,3,2023 iEXT,
05/13/2026 09:55 PM EDT,NFC,New York Giants,16608,"Holani, George",,,$1.10,1,2026 R/F,
05/13/2026 09:55 PM EDT,NFC,New York Giants,17552,"Howell, Cashius",,,$1.23,4,2026 3.14,
05/13/2026 09:55 PM EDT,NFC,New York Giants,17635,"Johnson, Dalton",,,$0.94,3,2026 UDFA,
05/13/2026 09:55 PM EDT,NFC,New York Giants,16714,"Jones, Jarrian",,,$1.10,1,2026 R/F,
05/13/2026 09:55 PM EDT,NFC,New York Giants,17633,"Josephs, Joshua",,,$0.94,3,2026 UDFA,
05/13/2026 09:55 PM EDT,NFC,New York Giants,14143,"Knox, Dawson",,,$1.10,1,2026 R/F,
05/13/2026 09:55 PM EDT,NFC,New York Giants,14832,"Lamb, CeeDee",,,$41.50,2,2024 NEFToff,
05/13/2026 09:55 PM EDT,NFC,New York Giants,15794,"McBride, Trey",,,$22.66,1,2026 NEFT,
05/13/2026 09:55 PM EDT,NFC,New York Giants,16670,"McKinstry, Kool-Aid",,,$1.08,2,2024 5.13,
05/13/2026 09:55 PM EDT,NFC,New York Giants,17568,"Mesidor, Akheem",,,$1.49,4,2026 3.02,
05/13/2026 09:55 PM EDT,NFC,New York Giants,17033,"Milroe, Jalen",,,$1.23,3,2025 3.17,
05/13/2026 09:55 PM EDT,NFC,New York Giants,14154,"Nelson, Anthony",,,$1.10,1,2026 R/F,
05/13/2026 09:55 PM EDT,NFC,New York Giants,14669,"Nixon, Keisean",,,$3.26,1,2026 oEXT,
05/13/2026 09:55 PM EDT,NFC,New York Giants,17630,"Overton, LT",,,$0.94,3,2026 UDFA,
05/13/2026 09:55 PM EDT,NFC,New York Giants,16655,"Robinson, Chop",,,$1.56,2,2024 2.16,
05/13/2026 09:55 PM EDT,NFC,New York Giants,17617,"Rolder, Jimmy",,,$0.94,3,2026 UDFA,
05/13/2026 09:55 PM EDT,NFC,New York Giants,14136,"Samuel, Deebo",,,$15.49,1,2025 ORFA2,
05/13/2026 09:55 PM EDT,NFC,New York Giants,17116,"Sawyer, Jack",,,$0.99,2,2025 UDFA,
05/13/2026 09:55 PM EDT,NFC,New York Giants,17694,"Scott, Miles",,,$0.94,3,2026 UDFA,
05/13/2026 09:55 PM EDT,NFC,New York Giants,15428,"Sherwood, Jamien",,,$5.77,1,2026 SRFA,
05/13/2026 09:55 PM EDT,NFC,New York Giants,16428,"Smith, Xavier",,,$1.10,1,2026 R/F,
05/13/2026 09:55 PM EDT,NFC,New York Giants,17680,"Spears-Jennings, Robert",,,$0.94,3,2026 UDFA,
05/13/2026 09:55 PM EDT,NFC,New York Giants,17650,"Styles, Lorenzo",,,$0.94,3,2026 UDFA,
05/13/2026 09:55 PM EDT,NFC,New York Giants,14778,"Tagovailoa, Tua",,,$2.20,1,2026 B/R,
05/13/2026 09:55 PM EDT,NFC,New York Giants,14802,"Taylor, Jonathan",,,$19.36,1,2024 iEXT,
05/13/2026 09:55 PM EDT,NFC,New York Giants,17521,"Thomas, Zavion",,,$0.99,4,2026 5.09,
05/13/2026 09:55 PM EDT,NFC,New York Giants,16923,"Tillman, Dondrea",,,$1.10,1,2026 R/F,
05/13/2026 09:55 PM EDT,NFC,New York Giants,13113,"Watson, Deshaun",,,$1.10,1,2026 R/F,
05/13/2026 09:55 PM EDT,NFC,New York Giants,16262,"White, Keion",,,$1.23,1,2023 4.09,
05/13/2026 09:55 PM EDT,NFC,Philadelphia Eagles,17606,"Barham, Jaishawn",,,$0.98,4,2026 5.20,
05/13/2026 09:55 PM EDT,NFC,Philadelphia Eagles,17128,"Barron, Jahdae",,,$1.18,3,2025 4.01,
05/13/2026 09:55 PM EDT,NFC,Philadelphia Eagles,13869,"Bojorquez, Corey",,,$1.10,1,2026 R/F,
05/13/2026 09:55 PM EDT,NFC,Philadelphia Eagles,14147,"Bosa, Nick",,,$21.30,2,2023 UFA,
05/13/2026 09:55 PM EDT,NFC,Philadelphia Eagles,16641,"Bowers, Brock",,,$4.42,2,2024 1.07,
05/13/2026 09:55 PM EDT,NFC,Philadelphia Eagles,16324,"Brooks, Karl",,,$1.10,1,2026 R/F,
05/13/2026 09:55 PM EDT,NFC,Philadelphia Eagles,16705,"Bullock, Calen",,,$1.10,1,2026 ERFA,
05/13/2026 09:55 PM EDT,NFC,Philadelphia Eagles,14171,"Burns, Brian",,,$11.98,1,2024 B/R,
05/13/2026 09:55 PM EDT,NFC,Philadelphia Eagles,16603,"Davis, Ray",,,$1.18,2,2024 4.05,
05/13/2026 09:55 PM EDT,NFC,Philadelphia Eagles,16439,"Diabate, Mohamoud",,,$1.10,1,2026 R/F,
05/13/2026 09:55 PM EDT,NFC,Philadelphia Eagles,17689,"Doman, Tommy",,,$0.94,3,2026 UDFA,
05/13/2026 09:55 PM EDT,NFC,Philadelphia Eagles,17081,"Egbuka, Emeka",,,$2.84,3,2025 1.14,
05/13/2026 09:55 PM EDT,NFC,Philadelphia Eagles,14303,"Elliss, Kaden",,,$3.39,2,2024 oEXT,
05/13/2026 09:55 PM EDT,NFC,Philadelphia Eagles,17144,"Emmanwori, Nick",,,$1.61,3,2025 2.15,
05/13/2026 09:55 PM EDT,NFC,Philadelphia Eagles,17553,"Faulk, Keldric",,,$1.20,4,2026 3.16,
05/13/2026 09:55 PM EDT,NFC,Philadelphia Eagles,15799,"Ferguson, Jake",,,$5.20,2,2026 oEXT,
05/13/2026 09:55 PM EDT,NFC,Philadelphia Eagles,12611,"Goff, Jared",,,$20.57,2,2024 UFA,
05/13/2026 09:55 PM EDT,NFC,Philadelphia Eagles,15708,"Hall, Breece",,,$11.30,3,2025 iEXT,
05/13/2026 09:55 PM EDT,NFC,Philadelphia Eagles,17676,"Hall, TJ",,,$0.94,3,2026 UDFA,
05/13/2026 09:55 PM EDT,NFC,Philadelphia Eagles,17613,"Halton, Gracen",,,$0.98,4,2026 5.18,
05/13/2026 09:55 PM EDT,NFC,Philadelphia Eagles,17083,"Higgins, Jayden",,,$3.19,3,2025 1.12,
05/13/2026 09:55 PM EDT,NFC,Philadelphia Eagles,17574,"Hood, Colton",,,$0.98,4,2026 5.14,
05/13/2026 09:55 PM EDT,NFC,Philadelphia Eagles,17690,"Hughes, Parker",,,$0.94,3,2026 UDFA,
05/13/2026 09:55 PM EDT,NFC,Philadelphia Eagles,17125,"Knight, Demetrius",,,$1.30,3,2025 3.12,
05/13/2026 09:55 PM EDT,NFC,Philadelphia Eagles,14159,"Lawrence, Dexter",,,$15.84,1,2023 UFA,
05/13/2026 09:55 PM EDT,NFC,Philadelphia Eagles,17472,"Love, Jeremiyah",,,$9.73,4,2026 1.02,
05/13/2026 09:55 PM EDT,NFC,Philadelphia Eagles,14179,"Love, Julian",,,$7.94,1,2024 iEXT,
05/13/2026 09:55 PM EDT,NFC,Philadelphia Eagles,12956,"Lutz, Wil",,,$1.10,1,2026 R/F,
05/13/2026 09:55 PM EDT,NFC,Philadelphia Eagles,13952,"Luvu, Frankie",,,$5.64,1,2025 UFA,
05/13/2026 09:55 PM EDT,NFC,Philadelphia Eagles,14900,"Madubuike, Nnamdi",,,$10.45,1,2025 B/R,
05/13/2026 09:55 PM EDT,NFC,Philadelphia Eagles,17561,"McCoy, Jermod",,,$0.94,3,2026 UDFA,
05/13/2026 09:55 PM EDT,NFC,Philadelphia Eagles,16252,"McDonald, Will",,,$3.70,1,2023 3.18^,
05/13/2026 09:55 PM EDT,NFC,Philadelphia Eagles,14218,"Okereke, Bobby",,,$6.48,1,2025 UFA,
05/13/2026 09:55 PM EDT,NFC,Philadelphia Eagles,16102,"Pola-Mao, Isaiah",,,$1.10,1,2026 R/F,
05/13/2026 09:55 PM EDT,NFC,Philadelphia Eagles,16184,"Reed, Jayden",,,$1.75,1,2023 2.13,
05/13/2026 09:55 PM EDT,NFC,Philadelphia Eagles,16660,"Robinson, Darius",,,$1.33,2,2024 3.11,
05/13/2026 09:55 PM EDT,NFC,Philadelphia Eagles,17169,"Stout, Upton",,,$1.10,1,2026 ERFA,
05/13/2026 09:55 PM EDT,NFC,Philadelphia Eagles,13630,"Sutton, Courtland",,,$24.97,3,2026 oEXT,
05/13/2026 09:55 PM EDT,NFC,Philadelphia Eagles,16650,"Turner, Dallas",,,$2.05,2,2024 2.05,
05/13/2026 09:55 PM EDT,NFC,Philadelphia Eagles,17052,"Tuten, Bhayshul",,,$1.80,3,2025 2.10,
05/13/2026 09:55 PM EDT,NFC,Philadelphia Eagles,15742,"Warren, Jaylen",,,$9.99,1,2025 iEXT,
05/13/2026 09:55 PM EDT,NFC,Philadelphia Eagles,16579,"Williams, Caleb",,,$8.15,2,2024 1.02,
05/13/2026 09:55 PM EDT,NFC,Philadelphia Eagles,15756,"Williams, Jameson",,,$24.75,6,2026 mEXT,
05/13/2026 09:55 PM EDT,NFC,Philadelphia Eagles,17618,"Williams, Wesley",,,$0.94,3,2026 UDFA,
05/13/2026 09:55 PM EDT,NFC,Philadelphia Eagles,15401,"Wright, Nahshon",,,$1.10,1,2026 ERFA,
05/13/2026 09:55 PM EDT,NFC,Philadelphia Eagles,15819,"Wyatt, Devonte",,,$5.00,2,2026 oEXT,
05/13/2026 09:55 PM EDT,NFC,Washington Commanders,16223,"Anderson, Will",,,$3.53,1,2023 1.11,
05/13/2026 09:55 PM EDT,NFC,Washington Commanders,17551,"Bailey, David",,,$3.52,4,2026 1.11,
05/13/2026 09:55 PM EDT,NFC,Washington Commanders,17078,"Bech, Jack",,,$2.18,3,2025 2.04,
05/13/2026 09:55 PM EDT,NFC,Washington Commanders,17506,"Bell, Chris",,,$1.76,4,2026 2.11,
05/13/2026 09:55 PM EDT,NFC,Washington Commanders,17697,"Benny, Rayshaun",,,$0.94,3,2026 UDFA,
05/13/2026 09:55 PM EDT,NFC,Washington Commanders,16734,"Booker, Austin",,,$1.10,2,2024 4.19,
05/13/2026 09:55 PM EDT,NFC,Washington Commanders,11936,"Boswell, Chris",,,$2.09,1,2025 UFA,
05/13/2026 09:55 PM EDT,NFC,Washington Commanders,16597,"Brooks, Jonathon",,,$2.71,2,2024 1.14,
05/13/2026 09:55 PM EDT,NFC,Washington Commanders,16677,"Bullard, Javon",,,$1.30,2,2024 3.13,
05/13/2026 09:55 PM EDT,NFC,Washington Commanders,15281,"Chase, Ja'Marr",,,$44.70,4,2025 iEXT,
05/13/2026 09:55 PM EDT,NFC,Washington Commanders,17241,"Crawshaw, Jeremy",,,$0.99,2,2025 UDFA,
05/13/2026 09:55 PM EDT,NFC,Washington Commanders,17256,"Croskey-Merritt, Jacory",,,$0.99,2,2025 UDFA,
05/13/2026 09:55 PM EDT,NFC,Washington Commanders,17628,"Daniels, Kendal",,,$0.94,3,2026 UDFA,
05/13/2026 09:55 PM EDT,NFC,Washington Commanders,16767,"Davis, Tyler",,,$1.10,1,2026 ERFA,
05/13/2026 09:55 PM EDT,NFC,Washington Commanders,14943,"Davis-Gaither, Akeem",,,$1.10,1,2026 ERFA,
05/13/2026 09:55 PM EDT,NFC,Washington Commanders,17545,"Endries, Jack",,,$0.94,3,2026 UDFA,
05/13/2026 09:55 PM EDT,NFC,Washington Commanders,16190,"Flowers, Zay",,,$3.80,1,2023 1.10,
05/13/2026 09:55 PM EDT,NFC,Washington Commanders,17037,"Gabriel, Dillon",,,$1.07,3,2025 4.19,
05/13/2026 09:55 PM EDT,NFC,Washington Commanders,14149,"Gary, Rashan",,,$3.30,1,2024 iEXT,
05/13/2026 09:55 PM EDT,NFC,Washington Commanders,17121,"Graham, Mason",,,$2.56,3,2025 1.16,
05/13/2026 09:55 PM EDT,NFC,Washington Commanders,15823,"Harris, Christian",,,$1.10,1,2026 R/F,
05/13/2026 09:55 PM EDT,NFC,Washington Commanders,16731,"Hart, Cam",,,$1.10,1,2026 R/F,
05/13/2026 09:55 PM EDT,NFC,Washington Commanders,17601,"Haulcy, A.J.",,,$1.26,4,2026 3.12,
05/13/2026 09:55 PM EDT,NFC,Washington Commanders,17560,"Hill Jr., Anthony",,,$1.63,4,2026 2.14,
05/13/2026 09:55 PM EDT,NFC,Washington Commanders,14836,"Jefferson, Justin",,,$45.38,2,2024 NEFToff,
05/13/2026 09:55 PM EDT,NFC,Washington Commanders,16246,"Johnson, Antonio",,,$2.45,2,2025 iEXT,
05/13/2026 09:55 PM EDT,NFC,Washington Commanders,17548,"Joly, Justin",,,$1.01,4,2026 4.22,
05/13/2026 09:55 PM EDT,NFC,Washington Commanders,13332,"Jones, D.J.",,,$1.10,1,2026 R/F,
05/13/2026 09:55 PM EDT,NFC,Washington Commanders,17605,"Kacmarek, Will",,,$0.94,3,2026 UDFA,
05/13/2026 09:55 PM EDT,NFC,Washington Commanders,16213,"Kincaid, Dalton",,,$4.92,1,2023 1.07,
05/13/2026 09:55 PM EDT,NFC,Washington Commanders,13299,"Kittle, George",,,$20.00,1,2026 B/R,
05/13/2026 09:55 PM EDT,NFC,Washington Commanders,17593,"Klein, Marlin",,,$0.98,4,2026 5.11,
05/13/2026 09:55 PM EDT,NFC,Washington Commanders,15395,"Koonce, Malcolm",,,$1.10,1,2026 R/F,
05/13/2026 09:55 PM EDT,NFC,Washington Commanders,16651,"Latu, Laiatu",,,$2.37,2,2024 2.01,
05/13/2026 09:55 PM EDT,NFC,Washington Commanders,14782,"Love, Jordan",,,$11.53,1,2023 iEXT,
05/13/2026 09:55 PM EDT,NFC,Washington Commanders,17200,"Marshall, Jason",,,$1.10,1,2026 R/F,
05/13/2026 09:55 PM EDT,NFC,Washington Commanders,17569,"McDonald, Kayden",,,$1.28,4,2026 3.11,
05/13/2026 09:55 PM EDT,NFC,Washington Commanders,17186,"Moore, Malachi",,,$0.99,2,2025 UDFA,
05/13/2026 09:55 PM EDT,NFC,Washington Commanders,17047,"Sampson, Dylan",,,$1.22,3,2025 3.18,
05/13/2026 09:55 PM EDT,NFC,Washington Commanders,17167,"Sanker, Jonas",,,$0.99,2,2025 UDFA,
05/13/2026 09:55 PM EDT,NFC,Washington Commanders,17668,"Smack, Trey",,,$1.01,4,2026 4.24,
05/13/2026 09:55 PM EDT,NFC,Washington Commanders,9431,"Stafford, Matthew",,,$14.18,1,2024 SRFA,
05/13/2026 09:55 PM EDT,NFC,Washington Commanders,17640,"Taaffe, Michael",,,$0.94,3,2026 UDFA,
05/13/2026 09:55 PM EDT,NFC,Washington Commanders,16036,"Tonges, Jake",,,$1.10,1,2026 R/F,
05/13/2026 09:55 PM EDT,NFC,Washington Commanders,16747,"Tracy, Tyrone",,,$1.11,2,2024 4.16,
05/13/2026 09:55 PM EDT,NFC,Washington Commanders,13692,"Vea, Vita",,,$3.27,1,2024 UFA,
05/13/2026 09:55 PM EDT,NFC,Washington Commanders,16304,"Ward, Jay",,,$1.10,1,2026 R/F,
05/13/2026 09:55 PM EDT,NFC,Washington Commanders,17531,"White, Squirrel",,,$0.94,3,2026 UDFA,
05/13/2026 09:55 PM EDT,NFC,Washington Commanders,16284,"Williams, Dorian",,,$1.10,1,2026 R/F,
05/13/2026 09:55 PM EDT,NFC,Washington Commanders,15710,"Williams, Kyren",,,$8.21,3,2025 FRFA,
05/13/2026 09:55 PM EDT,NFC,Washington Commanders,17113,"Williams, Mykel",,,$1.64,3,2025 2.14,
05/13/2026 09:55 PM EDT,NFC,Washington Commanders,15753,"Wilson, Garrett",,,$11.55,4,2025 iEXT,
05/13/2026 09:55 PM EDT,NFC,Washington Commanders,16346,"Winters, Dee",,,$1.10,1,2026 ERFA,
05/13/2026 09:55 PM EDT,NFC,Chicago Bears,16414,"Aubrey, Brandon",,,$3.15,5,2025 iEXT,
05/13/2026 09:55 PM EDT,NFC,Chicago Bears,16384,"Bagent, Tyson",,,$1.10,1,2026 R/F,
05/13/2026 09:55 PM EDT,NFC,Chicago Bears,17503,"Bernard, Germie",,,$1.92,4,2026 2.08,
05/13/2026 09:55 PM EDT,NFC,Chicago Bears,15904,"Bland, DaRon",,,$6.87,2,2026 oEXT,
05/13/2026 09:55 PM EDT,NFC,Chicago Bears,17629,"Boettcher, Bryce",,,$0.94,3,2026 UDFA,
05/13/2026 09:55 PM EDT,NFC,Chicago Bears,12752,"Byard, Kevin",,,$4.18,1,2025 UFA,
05/13/2026 09:55 PM EDT,NFC,Chicago Bears,15418,"Bynum, Camryn",,,$6.27,1,2025 UFA,
05/13/2026 09:55 PM EDT,NFC,Chicago Bears,17614,"Canady, Jadon",,,$0.94,3,2026 UDFA,
05/13/2026 09:55 PM EDT,NFC,Chicago Bears,14630,"Cole, A.J.",,,$2.05,1,2025 UFA,
05/13/2026 09:55 PM EDT,NFC,Chicago Bears,17501,"Concepcion, KC",,,$5.56,4,2026 1.06,
05/13/2026 09:55 PM EDT,NFC,Chicago Bears,17656,"Durant, Zane",,,$0.94,3,2026 UDFA,
05/13/2026 09:55 PM EDT,NFC,Chicago Bears,13697,"Edmunds, Tremaine",,,$3.40,1,2023 UFA,
05/13/2026 09:55 PM EDT,NFC,Chicago Bears,17710,"Gyllenborg, John Michael",,,$0.94,3,2026 UDFA,
05/13/2026 09:55 PM EDT,NFC,Chicago Bears,14940,"Highsmith, Alex",,,$7.01,2,2022 oEXT,
05/13/2026 09:55 PM EDT,NFC,Chicago Bears,17570,"Hunter, Lee",,,$1.02,4,2026 4.21,
05/13/2026 09:55 PM EDT,NFC,Chicago Bears,17074,"Hunter, Travis",,,$7.73,3,2025 1.03,
05/13/2026 09:55 PM EDT,NFC,Chicago Bears,17055,"James, Jordan",,,$1.14,3,2025 4.05,
05/13/2026 09:55 PM EDT,NFC,Chicago Bears,16662,"Jenkins, Kris",,,$1.12,1,2024 4.15,
05/13/2026 09:55 PM EDT,NFC,Chicago Bears,17573,"Johnson, Chris",,,$1.12,4,2026 4.04,
05/13/2026 09:55 PM EDT,NFC,Chicago Bears,15398,"Jones, Patrick",,,$1.10,1,2026 R/F,
05/13/2026 09:55 PM EDT,NFC,Chicago Bears,15808,"Karlaftis, George",,,$3.91,4,2025 iEXT,
05/13/2026 09:55 PM EDT,NFC,Chicago Bears,17519,"Lance, Bryce",,,$1.02,4,2026 4.20,
05/13/2026 09:55 PM EDT,NFC,Chicago Bears,17184,"Lane, Jaylin",,,$0.99,2,2025 UDFA,
05/13/2026 09:55 PM EDT,NFC,Chicago Bears,15140,"Lewis, Cam",,,$1.10,1,2026 R/F,
05/13/2026 09:55 PM EDT,NFC,Chicago Bears,16604,"Lloyd, MarShawn",,,$1.42,2,2024 3.06,
05/13/2026 09:55 PM EDT,NFC,Chicago Bears,17104,"Loveland, Colston",,,$4.32,3,2025 1.08,
05/13/2026 09:55 PM EDT,NFC,Chicago Bears,15853,"Mafe, Boye",,,$1.10,1,2026 R/F,
05/13/2026 09:55 PM EDT,NFC,Chicago Bears,13116,"Mahomes, Patrick",,,$41.48,3,2023 oEXT,
05/13/2026 09:55 PM EDT,NFC,Chicago Bears,15473,"McDuffie, Isaiah",,,$1.10,1,2026 ERFA,
05/13/2026 09:55 PM EDT,NFC,Chicago Bears,17475,"McGowan, Seth",,,$0.94,3,2026 UDFA,
05/13/2026 09:55 PM EDT,NFC,Chicago Bears,14109,"McLaurin, Terry",,,$22.80,2,2026 B/R,
05/13/2026 09:55 PM EDT,NFC,Chicago Bears,16171,"Miller, Kendre",,,$2.34,1,2023 2.03,
05/13/2026 09:55 PM EDT,NFC,Chicago Bears,16296,"Miller, Ventrell",,,$1.10,1,2026 R/F,
05/13/2026 09:55 PM EDT,NFC,Chicago Bears,16189,"Mims, Marvin",,,$1.80,1,2023 2.12,
05/13/2026 09:55 PM EDT,NFC,Chicago Bears,17615,"Moore, Devin",,,$0.94,3,2026 UDFA,
05/13/2026 09:55 PM EDT,NFC,Chicago Bears,17129,"Morrison, Benjamin",,,$1.10,1,2026 R/F,
05/13/2026 09:55 PM EDT,NFC,Chicago Bears,17153,"Mukuba, Andrew",,,$1.11,3,2025 4.09,
05/13/2026 09:55 PM EDT,NFC,Chicago Bears,12772,"Murray, Eric",,,$1.10,1,2025 R/F,
05/13/2026 09:55 PM EDT,NFC,Chicago Bears,17609,"Neal, Julian",,,$0.94,3,2026 UDFA,
05/13/2026 09:55 PM EDT,NFC,Chicago Bears,15754,"Olave, Chris",,,$7.33,5,2025 iEXT,
05/13/2026 09:55 PM EDT,NFC,Chicago Bears,15124,"Pierre, James",,,$1.10,1,2026 ERFA,
05/13/2026 09:55 PM EDT,NFC,Chicago Bears,16927,"Redmond, Jalen",,,$1.10,1,2026 ERFA,
05/13/2026 09:55 PM EDT,NFC,Chicago Bears,16194,"Rice, Rashee",,,$3.70,1,2023 2.04^,
05/13/2026 09:55 PM EDT,NFC,Chicago Bears,17515,"Rivers, Eric",,,$0.94,3,2026 UDFA,
05/13/2026 09:55 PM EDT,NFC,Chicago Bears,17086,"Royals, Jalen",,,$1.24,3,2025 3.16,
05/13/2026 09:55 PM EDT,NFC,Chicago Bears,17505,"Sarratt, Elijah",,,$1.36,4,2026 3.07,
05/13/2026 09:55 PM EDT,NFC,Chicago Bears,17039,"Shough, Tyler",,,$1.35,3,2025 3.09,
05/13/2026 09:55 PM EDT,NFC,Chicago Bears,14163,"Simmons, Jeffery",,,$20.43,2,2025 iEXT,
05/13/2026 09:55 PM EDT,NFC,Chicago Bears,17178,"Simon, Cody",,,$1.10,1,2026 ERFA,
05/13/2026 09:55 PM EDT,NFC,Chicago Bears,17045,"Skattebo, Cam",,,$1.86,3,2025 2.09,
05/13/2026 09:55 PM EDT,NFC,Chicago Bears,15515,"Snowden, Charles",,,$1.10,1,2026 ERFA,
05/13/2026 09:55 PM EDT,NFC,Chicago Bears,16716,"Wilson, Payton",,,$1.24,2,2024 3.18,
05/13/2026 09:55 PM EDT,NFC,Chicago Bears,16610,"Wright, Jaylen",,,$1.73,2,2024 2.11,
05/13/2026 09:55 PM EDT,NFC,Chicago Bears,16276,"Young, Byron",,,$5.81,1,2023 3.19^,
05/13/2026 09:55 PM EDT,NFC,Detroit Lions,14840,"Aiyuk, Brandon",,,$7.20,3,2026 B/R,
05/13/2026 09:55 PM EDT,NFC,Detroit Lions,17550,"Bain Jr., Rueben",,,$3.80,4,2026 1.10,
05/13/2026 09:55 PM EDT,NFC,Detroit Lions,16330,"Baringer, Bryce",,,$1.14,1,2023 5.18,
05/13/2026 09:55 PM EDT,NFC,Detroit Lions,16594,"Benson, Trey",,,$2.46,2,2024 1.16,
05/13/2026 09:55 PM EDT,NFC,Detroit Lions,17220,"Borregales, Andres",,,$1.10,1,2026 ERFA,
05/13/2026 09:55 PM EDT,NFC,Detroit Lions,16193,"Boutte, Kayshon",,,$5.78,3,2026 SRFA,
05/13/2026 09:55 PM EDT,NFC,Detroit Lions,16281,"Brown, Ji'Ayir",,,$1.17,1,2023 5.10,
05/13/2026 09:55 PM EDT,NFC,Detroit Lions,17523,"Caldwell, Jeff",,,$0.98,4,2026 5.16,
05/13/2026 09:55 PM EDT,NFC,Detroit Lions,15258,"Carter, Michael",,,$1.10,1,2026 R/F,
05/13/2026 09:55 PM EDT,NFC,Detroit Lions,17477,"Coleman, Jonah",,,$1.81,4,2026 2.10,
05/13/2026 09:55 PM EDT,NFC,Detroit Lions,15715,"Cook, James",,,$13.73,1,2025 iEXT,
05/13/2026 09:55 PM EDT,NFC,Detroit Lions,14225,"Crosby, Maxx",,,$26.66,3,2024 iEXT,
05/13/2026 09:55 PM EDT,NFC,Detroit Lions,14805,"Dillon, AJ",,,$1.10,1,2026 R/F,
05/13/2026 09:55 PM EDT,NFC,Detroit Lions,14921,"Dugger, Kyle",,,$5.72,1,2023 SRFA,
05/13/2026 09:55 PM EDT,NFC,Detroit Lions,16654,"Elliss, Jonah",,,$1.10,2,2024 4.23,
05/13/2026 09:55 PM EDT,NFC,Detroit Lions,17107,"Ferguson, Terrance",,,$1.76,3,2025 2.11,
05/13/2026 09:55 PM EDT,NFC,Detroit Lions,14244,"Gay, Matt",,,$1.10,1,2026 R/F,
05/13/2026 09:55 PM EDT,NFC,Detroit Lions,17672,"Gill-Howard, Skyler",,,$0.94,3,2026 UDFA,
05/13/2026 09:55 PM EDT,NFC,Detroit Lions,14930,"Hamilton, Davon",,,$1.10,1,2026 R/F,
05/13/2026 09:55 PM EDT,NFC,Detroit Lions,13683,"Hand, Da'Shawn",,,$1.10,1,2026 R/F,
05/13/2026 09:55 PM EDT,NFC,Detroit Lions,17226,"Hassanein, Ahmed",,,$1.10,1,2026 R/F,
05/13/2026 09:55 PM EDT,NFC,Detroit Lions,17627,"Hibner, Matthew",,,$0.98,4,2026 5.12,
05/13/2026 09:55 PM EDT,NFC,Detroit Lions,17234,"Horn, Jimmy",,,$1.10,1,2026 ERFA,
05/13/2026 09:55 PM EDT,NFC,Detroit Lions,17036,"Howard, Will",,,$1.06,3,2025 5.04,
05/13/2026 09:55 PM EDT,NFC,Detroit Lions,15452,"Hufanga, Talanoa",,,$5.92,1,2024 SRFA,
05/13/2026 09:55 PM EDT,NFC,Detroit Lions,17064,"Hunter, Jarquez",,,$1.06,3,2025 5.02,
05/13/2026 09:55 PM EDT,NFC,Detroit Lions,14783,"Hurts, Jalen",,,$25.87,4,2024 iEXT,
05/13/2026 09:55 PM EDT,NFC,Detroit Lions,16457,"Izien, Christian",,,$1.10,1,2026 R/F,
05/13/2026 09:55 PM EDT,NFC,Detroit Lions,17201,"James, Shemar",,,$1.10,1,2026 ERFA,
05/13/2026 09:55 PM EDT,NFC,Detroit Lions,16649,"Johnson, Theo",,,$1.29,2,2024 3.14,
05/13/2026 09:55 PM EDT,NFC,Detroit Lions,17662,"Kelly, Jack",,,$0.94,3,2026 UDFA,
05/13/2026 09:55 PM EDT,NFC,Detroit Lions,17559,"Lawson, Deontae",,,$0.94,3,2026 UDFA,
05/13/2026 09:55 PM EDT,NFC,Detroit Lions,15461,"Lopez, Roy",,,$1.10,1,2026 R/F,
05/13/2026 09:55 PM EDT,NFC,Detroit Lions,15849,"McCreary, Roger",,,$1.10,1,2026 R/F,
05/13/2026 09:55 PM EDT,NFC,Detroit Lions,15702,"McKee, Tanner",,,$1.10,1,2025 R/F,
05/13/2026 09:55 PM EDT,NFC,Detroit Lions,17071,"McMillan, Tetairoa",,,$6.72,3,2025 1.04,
05/13/2026 09:55 PM EDT,NFC,Detroit Lions,15390,"McNeill, Alim",,,$2.06,2,2024 iEXT,
05/13/2026 09:55 PM EDT,NFC,Detroit Lions,17334,"Meeks, Jackson",,,$1.10,1,2026 R/F,
05/13/2026 09:55 PM EDT,NFC,Detroit Lions,17152,"Norman-Lott, Omarr",,,$0.99,2,2025 UDFA,
05/13/2026 09:55 PM EDT,NFC,Detroit Lions,15382,"Onwuzurike, Levi",,,$1.10,1,2026 R/F,
05/13/2026 09:55 PM EDT,NFC,Detroit Lions,15388,"Ossai, Joseph",,,$3.67,2,2026 ORFA3,
05/13/2026 09:55 PM EDT,NFC,Detroit Lions,16283,"Overshown, DeMarvion",,,$5.17,1,2024 iEXT,
05/13/2026 09:55 PM EDT,NFC,Detroit Lions,15914,"Rodriguez, Malcolm",,,$1.10,1,2026 R/F,
05/13/2026 09:55 PM EDT,NFC,Detroit Lions,15761,"Shakir, Khalil",,,$7.98,3,2025 iEXT,
05/13/2026 09:55 PM EDT,NFC,Detroit Lions,16896,"Shrader, Spencer",,,$1.10,1,2026 R/F,
05/13/2026 09:55 PM EDT,NFC,Detroit Lions,17207,"Sigle, Marques",,,$1.10,1,2026 R/F,
05/13/2026 09:55 PM EDT,NFC,Detroit Lions,17463,"Simpson, Ty",,,$2.91,4,2026 1.14,
05/13/2026 09:55 PM EDT,NFC,Detroit Lions,15282,"Smith, DeVonta",,,$20.53,3,2024 iEXT,
05/13/2026 09:55 PM EDT,NFC,Detroit Lions,17157,"TeSlaa, Isaac",,,$1.33,3,2025 3.10,
05/13/2026 09:55 PM EDT,NFC,Detroit Lions,17608,"Thomas, Jakobe",,,$0.94,3,2026 UDFA,
05/13/2026 09:55 PM EDT,NFC,Detroit Lions,17529,"Thompson, Brenen",,,$1.07,4,2026 4.10,
05/13/2026 09:55 PM EDT,NFC,Detroit Lions,16282,"Turner, Kobie",,,$11.00,3,2026 SRFA,
05/13/2026 09:55 PM EDT,NFC,Detroit Lions,15376,"Turner, Payton",,,$1.10,1,2026 R/F,
05/13/2026 09:55 PM EDT,NFC,Detroit Lions,15846,"Walker, Quay",,,$5.70,2,2025 iEXT,
05/13/2026 09:55 PM EDT,NFC,Detroit Lions,13707,"Ward, Denzel",,,$1.10,1,2026 R/F,
05/13/2026 09:55 PM EDT,NFC,Detroit Lions,17678,"West, Tyre",,,$0.94,3,2026 UDFA,
05/13/2026 09:55 PM EDT,NFC,Detroit Lions,17620,"Wetjen, Kaden",,,$0.94,3,2026 UDFA,
05/13/2026 09:55 PM EDT,NFC,Detroit Lions,17134,"Williams, Kyle",,,$1.97,3,2025 2.07,
05/13/2026 09:55 PM EDT,NFC,Detroit Lions,17146,"Williams, Tyleik",,,$1.09,3,2025 4.14,
05/13/2026 09:55 PM EDT,NFC,Detroit Lions,17555,"Woods, Peter",,,$1.30,4,2026 3.10,
05/13/2026 09:55 PM EDT,NFC,Detroit Lions,15894,"Woolen, Tariq",,,$1.10,1,2026 R/F,
05/13/2026 09:55 PM EDT,NFC,Detroit Lions,15864,"Wright, Alex",,,$3.95,2,2025 iEXT,
05/13/2026 09:55 PM EDT,NFC,Green Bay Packers,17639,"Abney, Keith",,,$0.94,3,2026 UDFA,
05/13/2026 09:55 PM EDT,NFC,Green Bay Packers,15355,"Bolton, Nick",,,$7.43,1,2025 UFA,
05/13/2026 09:55 PM EDT,NFC,Green Bay Packers,17500,"Boston, Denzel",,,$2.12,4,2026 2.05,
05/13/2026 09:55 PM EDT,NFC,Green Bay Packers,16244,"Branch, Brian",,,$3.70,1,2023 4.02^,
05/13/2026 09:55 PM EDT,NFC,Green Bay Packers,12616,"Brissett, Jacoby",,,$12.66,1,2026 oEXT,
05/13/2026 09:55 PM EDT,NFC,Green Bay Packers,17185,"Buchanan, Teddye",,,$0.99,2,2025 UDFA,
05/13/2026 09:55 PM EDT,NFC,Green Bay Packers,17269,"Chism, Efton",,,$1.10,1,2026 ERFA,
05/13/2026 09:55 PM EDT,NFC,Green Bay Packers,13782,"Dickson, Michael",,,$1.10,1,2026 R/F,
05/13/2026 09:55 PM EDT,NFC,Green Bay Packers,14472,"Dodson, Tyrel",,,$5.00,1,2026 mEXT,
05/13/2026 09:55 PM EDT,NFC,Green Bay Packers,17664,"Eckley, Ryan",,,$0.99,4,2026 5.05,
05/13/2026 09:55 PM EDT,NFC,Green Bay Packers,17135,"Ezeiruaku, Donovan",,,$1.39,3,2025 3.07,
05/13/2026 09:55 PM EDT,NFC,Green Bay Packers,17099,"Gadsden, Oronde",,,$1.04,3,2025 5.10,
05/13/2026 09:55 PM EDT,NFC,Green Bay Packers,17137,"Harmon, Derrick",,,$1.91,3,2025 2.08,
05/13/2026 09:55 PM EDT,NFC,Green Bay Packers,16614,"Harrison Jr., Marvin",,,$9.67,2,2024 1.01,
05/13/2026 09:55 PM EDT,NFC,Green Bay Packers,16303,"Herbig, Nick",,,$9.00,1,2026 ORFA5,
05/13/2026 09:55 PM EDT,NFC,Green Bay Packers,17098,"Horton, Tory",,,$1.11,3,2025 4.10,
05/13/2026 09:55 PM EDT,NFC,Green Bay Packers,17474,"Johnson, Emmett",,,$1.14,4,2026 4.02,
05/13/2026 09:55 PM EDT,NFC,Green Bay Packers,12741,"Jones, Chris",,,$5.64,1,2025 UFA,
05/13/2026 09:55 PM EDT,NFC,Green Bay Packers,17517,"Lane, Ja'Kobi",,,$1.11,4,2026 4.05,
05/13/2026 09:55 PM EDT,NFC,Green Bay Packers,17267,"Larison, Lan",,,$0.99,2,2025 UDFA,
05/13/2026 09:55 PM EDT,NFC,Green Bay Packers,17159,"Martin, Nick",,,$1.16,3,2025 4.03,
05/13/2026 09:55 PM EDT,NFC,Green Bay Packers,14067,"Minshew, Gardner",,,$1.10,1,2026 R/F,
05/13/2026 09:55 PM EDT,NFC,Green Bay Packers,13635,"Moore, D.J.",,,$22.26,1,2025 UFA,
05/13/2026 09:55 PM EDT,NFC,Green Bay Packers,17587,"Moore, Derrick",,,$1.41,4,2026 3.05,
05/13/2026 09:55 PM EDT,NFC,Green Bay Packers,14056,"Murray, Kyler",,,$24.40,2,2025 oEXT,
05/13/2026 09:55 PM EDT,NFC,Green Bay Packers,16692,"Newton, Jer'Zhan",,,$1.54,2,2024 3.01,
05/13/2026 09:55 PM EDT,NFC,Green Bay Packers,15385,"Ojulari, Azeez",,,$2.42,2,2025 oEXT,
05/13/2026 09:55 PM EDT,NFC,Green Bay Packers,15349,"Phillips, Jaelan",,,$9.41,1,2025 UFA,
05/13/2026 09:55 PM EDT,NFC,Green Bay Packers,15329,"Pitts, Kyle",,,$9.39,4,2024 iEXT,
05/13/2026 09:55 PM EDT,NFC,Green Bay Packers,17361,"Ponder, Elijah",,,$1.10,1,2026 ERFA,
05/13/2026 09:55 PM EDT,NFC,Green Bay Packers,17631,"Prysock, Ephesians",,,$0.94,3,2026 UDFA,
05/13/2026 09:55 PM EDT,NFC,Green Bay Packers,17181,"Ransom, Lathan",,,$0.99,2,2025 UDFA,
05/13/2026 09:55 PM EDT,NFC,Green Bay Packers,16161,"Robinson, Bijan",,,$9.22,1,2023 1.02,
05/13/2026 09:55 PM EDT,NFC,Green Bay Packers,16080,"Shaheed, Rashid",,,$5.96,2,2025 oEXT,
05/13/2026 09:55 PM EDT,NFC,Green Bay Packers,16741,"Smith-Wade, Chau",,,$1.10,1,2026 R/F,
05/13/2026 09:55 PM EDT,NFC,Green Bay Packers,16729,"Still, Tarheeb",,,$3.34,1,2025 UFA,
05/13/2026 09:55 PM EDT,NFC,Green Bay Packers,15377,"Stokes, Eric",,,$1.10,1,2026 R/F,
05/13/2026 09:55 PM EDT,NFC,Green Bay Packers,14979,"Strnad, Justin",,,$1.10,1,2026 R/F,
05/13/2026 09:55 PM EDT,NFC,Green Bay Packers,17498,"Tyson, Jordyn",,,$6.27,4,2026 1.05,
05/13/2026 09:55 PM EDT,NFC,Green Bay Packers,16230,"Van Ness, Lukas",,,$1.59,1,2023 3.02,
05/13/2026 09:55 PM EDT,NFC,Green Bay Packers,15284,"Waddle, Jaylen",,,$16.36,4,2025 oEXT,
05/13/2026 09:55 PM EDT,NFC,Green Bay Packers,15711,"Walker III, Kenneth",,,$10.80,3,2026 oEXT,
05/13/2026 09:55 PM EDT,NFC,Green Bay Packers,16719,"Williams, Evan",,,$5.05,2,2025 UFA,
05/13/2026 09:55 PM EDT,NFC,Green Bay Packers,15391,"Williams, Milton",,,$5.00,1,2024 UFA,
05/13/2026 09:55 PM EDT,NFC,Green Bay Packers,16432,"Wilson, Emanuel",,,$3.50,1,2026 mEXT,
05/13/2026 09:55 PM EDT,NFC,Green Bay Packers,17621,"Woodaz, Wade",,,$0.94,3,2026 UDFA,
05/13/2026 09:55 PM EDT,NFC,Minnesota Vikings,15911,"Araiza, Matt",,,$1.10,1,2026 R/F,
05/13/2026 09:55 PM EDT,NFC,Minnesota Vikings,16671,"Arnold, Terrion",,,$1.13,2,2024 4.10,
05/13/2026 09:55 PM EDT,NFC,Minnesota Vikings,17231,"Bartholomew, Gavin",,,$0.99,2,2025 UDFA,
05/13/2026 09:55 PM EDT,NFC,Minnesota Vikings,15861,"Bonitto, Nik",,,$5.93,2,2024 iEXT,
05/13/2026 09:55 PM EDT,NFC,Minnesota Vikings,17507,"Branch, Zachariah",,,$1.34,4,2026 3.08,
05/13/2026 09:55 PM EDT,NFC,Minnesota Vikings,15292,"Brown, Dyami",,,$1.10,1,2026 R/F,
05/13/2026 09:55 PM EDT,NFC,Minnesota Vikings,15356,"Browning, Baron",,,$1.10,1,2026 R/F,
05/13/2026 09:55 PM EDT,NFC,Minnesota Vikings,17040,"Cook, Brady",,,$1.10,1,2026 R/F,
05/13/2026 09:55 PM EDT,NFC,Minnesota Vikings,13592,"Darnold, Sam",,,$24.98,2,2025 iEXT,
05/13/2026 09:55 PM EDT,NFC,Minnesota Vikings,15817,"Davis, Jordan",,,$15.36,3,2025 iEXT,
05/13/2026 09:55 PM EDT,NFC,Minnesota Vikings,16675,"DeJean, Cooper",,,$1.24,2,2024 3.17,
05/13/2026 09:55 PM EDT,NFC,Minnesota Vikings,16204,"Dell, Tank",,,$1.35,1,2023 3.15,
05/13/2026 09:55 PM EDT,NFC,Minnesota Vikings,17643,"Demmings, Charles",,,$0.94,3,2026 UDFA,
05/13/2026 09:55 PM EDT,NFC,Minnesota Vikings,16187,"Downs, Josh",,,$1.98,1,2023 2.08,
05/13/2026 09:55 PM EDT,NFC,Minnesota Vikings,16786,"Drake-Rodriguez, Levi",,,$1.10,1,2026 ERFA,
05/13/2026 09:55 PM EDT,NFC,Minnesota Vikings,16889,"Duck, Storm",,,$1.10,1,2026 R/F,
05/13/2026 09:55 PM EDT,NFC,Minnesota Vikings,13806,"Elliott, DeShon",,,$7.70,2,2025 RRFA,
05/13/2026 09:55 PM EDT,NFC,Minnesota Vikings,17277,"Fitzgerald, Ryan",,,$1.10,1,2026 ERFA,
05/13/2026 09:55 PM EDT,NFC,Minnesota Vikings,14904,"Fulton, Kristian",,,$1.10,1,2026 R/F,
05/13/2026 09:55 PM EDT,NFC,Minnesota Vikings,15255,"Gainwell, Kenneth",,,$4.28,2,2026 mEXT,
05/13/2026 09:55 PM EDT,NFC,Minnesota Vikings,10945,"Hekker, Johnny",,,$1.10,1,2026 R/F,
05/13/2026 09:55 PM EDT,NFC,Minnesota Vikings,17592,"Igbinosun, Davison",,,$0.94,3,2026 UDFA,
05/13/2026 09:55 PM EDT,NFC,Minnesota Vikings,14059,"Jones, Daniel",,,$11.88,2,2026 mEXT,
05/13/2026 09:55 PM EDT,NFC,Minnesota Vikings,16350,"Jones, Jaylon",,,$1.10,1,2026 R/F,
05/13/2026 09:55 PM EDT,NFC,Minnesota Vikings,10292,"Jordan, Cameron",,,$1.10,1,2025 R/F,
05/13/2026 09:55 PM EDT,NFC,Minnesota Vikings,16214,"LaPorta, Sam",,,$3.10,1,2023 1.13,
05/13/2026 09:55 PM EDT,NFC,Minnesota Vikings,16013,"Landman, Nate",,,$1.10,1,2025 R/F,
05/13/2026 09:55 PM EDT,NFC,Minnesota Vikings,16217,"Latu, Cameron",,,$1.10,1,2026 R/F,
05/13/2026 09:55 PM EDT,NFC,Minnesota Vikings,16149,"Levis, Will",,,$1.10,1,2026 R/F,
05/13/2026 09:55 PM EDT,NFC,Minnesota Vikings,13307,"Milano, Matt",,,$1.10,1,2026 R/F,
05/13/2026 09:55 PM EDT,NFC,Minnesota Vikings,16689,"Murphy, Byron",,,$1.98,2,2024 2.06,
05/13/2026 09:55 PM EDT,NFC,Minnesota Vikings,15786,"Nailor, Jalen",,,$1.10,1,2026 ERFA,
05/13/2026 09:55 PM EDT,NFC,Minnesota Vikings,17046,"Neal, Devin",,,$1.12,3,2025 4.08,
05/13/2026 09:55 PM EDT,NFC,Minnesota Vikings,16679,"Nubin, Tyler",,,$1.38,2,2024 3.08,
05/13/2026 09:55 PM EDT,NFC,Minnesota Vikings,15386,"Odeyingbo, Dayo",,,$1.10,1,2026 R/F,
05/13/2026 09:55 PM EDT,NFC,Minnesota Vikings,16369,"Ojomo, Moro",,,$1.10,1,2025 R/F,
05/13/2026 09:55 PM EDT,NFC,Minnesota Vikings,13813,"Oluokun, Foyesade",,,$12.58,2,2026 oEXT,
05/13/2026 09:55 PM EDT,NFC,Minnesota Vikings,15350,"Parsons, Micah",,,$9.92,3,2024 iEXT,
05/13/2026 09:55 PM EDT,NFC,Minnesota Vikings,16293,"Phillips, Clark",,,$1.10,1,2026 R/F,
05/13/2026 09:55 PM EDT,NFC,Minnesota Vikings,17473,"Price, Jadarian",,,$4.99,4,2026 1.07,
05/13/2026 09:55 PM EDT,NFC,Minnesota Vikings,17607,"Raridon, Eli",,,$1.03,4,2026 4.17,
05/13/2026 09:55 PM EDT,NFC,Minnesota Vikings,15346,"Rousseau, Gregory",,,$12.67,1,2024 iEXT,
05/13/2026 09:55 PM EDT,NFC,Minnesota Vikings,14080,"Singletary, Devin",,,$1.10,1,2026 R/F,
05/13/2026 09:55 PM EDT,NFC,Minnesota Vikings,0801,"Thorson, Brett",,,$0.94,3,2026 UDFA,
05/13/2026 09:55 PM EDT,NFC,Minnesota Vikings,17151,"Turner, Shemar",,,$1.07,3,2025 5.01,
05/13/2026 09:55 PM EDT,NFC,Minnesota Vikings,15981,"Turpin, KaVontae",,,$1.10,1,2026 R/F,
05/13/2026 09:55 PM EDT,NFC,Minnesota Vikings,16356,"Valentine, Carrington",,,$1.10,1,2026 R/F,
05/13/2026 09:55 PM EDT,NFC,Minnesota Vikings,15109,"Westbrook-Ikhine, Nick",,,$1.10,1,2026 R/F,
05/13/2026 09:55 PM EDT,NFC,Minnesota Vikings,15081,"Wharton, Tershawn",,,$5.63,3,2025 iEXT,
05/13/2026 09:55 PM EDT,NFC,Minnesota Vikings,16452,"Whelan, Daniel",,,$1.10,1,2026 ERFA,
05/13/2026 09:55 PM EDT,NFC,Minnesota Vikings,17512,"Williams, Antonio",,,$2.39,4,2026 2.02,
05/13/2026 09:55 PM EDT,NFC,Minnesota Vikings,15256,"Williams, Javonte",,,$12.42,3,2026 oEXT,
05/13/2026 09:55 PM EDT,NFC,Minnesota Vikings,15694,"Willis, Malik",,,$8.00,3,2026 ORFA2,
05/13/2026 09:55 PM EDT,NFC,Minnesota Vikings,13447,"Wilson, Eric",,,$5.77,1,2026 SRFA,
05/13/2026 09:55 PM EDT,NFC,Minnesota Vikings,14909,"Winfield, Antoine",,,$15.43,2,2024 UFA,
05/13/2026 09:55 PM EDT,NFC,Minnesota Vikings,15626,"Wright, Brock",,,$1.10,1,2026 R/F,
05/13/2026 09:55 PM EDT,NFC,Atlanta Falcons,16746,"Ali, Rasheen",,,$1.10,1,2026 R/F,
05/13/2026 09:55 PM EDT,NFC,Atlanta Falcons,16596,"Allen, Braelon",,,$1.25,2,2024 3.16,
05/13/2026 09:55 PM EDT,NFC,Atlanta Falcons,17518,"Allen, Cyrus",,,$1.00,4,2026 5.01,
05/13/2026 09:55 PM EDT,NFC,Atlanta Falcons,10814,"Anger, Bryan",,,$1.10,1,2026 R/F,
05/13/2026 09:55 PM EDT,NFC,Atlanta Falcons,17108,"Arroyo, Elijah",,,$1.38,3,2025 3.08,
05/13/2026 09:55 PM EDT,NFC,Atlanta Falcons,16799,"Bethune, Tatum",,,$2.10,3,2026 oEXT,
05/13/2026 09:55 PM EDT,NFC,Atlanta Falcons,16018,"Blankenship, Reed",,,$2.01,3,2026 mEXT,
05/13/2026 09:55 PM EDT,NFC,Atlanta Falcons,14104,"Brown, A.J.",,,$36.61,1,2024 oEXT,
05/13/2026 09:55 PM EDT,NFC,Atlanta Falcons,17082,"Bryant, Pat",,,$1.19,3,2025 3.21,
05/13/2026 09:55 PM EDT,NFC,Atlanta Falcons,17165,"Caldwell, Jamaree",,,$1.10,1,2026 ERFA,
05/13/2026 09:55 PM EDT,NFC,Atlanta Falcons,17567,"Delp, Oscar",,,$1.15,4,2026 4.01,
05/13/2026 09:55 PM EDT,NFC,Atlanta Falcons,17619,"Dennis-Sutton, Dani",,,$1.07,4,2026 4.11,
05/13/2026 09:55 PM EDT,NFC,Atlanta Falcons,17171,"Dike, Chimere",,,$1.10,1,2026 ERFA,
05/13/2026 09:55 PM EDT,NFC,Atlanta Falcons,17636,"Dugger, Jaden",,,$0.94,3,2026 UDFA,
05/13/2026 09:55 PM EDT,NFC,Atlanta Falcons,17645,"Elliott, Keyshaun",,,$0.94,3,2026 UDFA,
05/13/2026 09:55 PM EDT,NFC,Atlanta Falcons,13189,"Engram, Evan",,,$11.50,1,2024 oEXT,
05/13/2026 09:55 PM EDT,NFC,Atlanta Falcons,17604,"Everette, Daylen",,,$0.94,3,2026 UDFA,
05/13/2026 09:55 PM EDT,NFC,Atlanta Falcons,15238,"Fields, Justin",,,$10.71,4,2024 iEXT,
05/13/2026 09:55 PM EDT,NFC,Atlanta Falcons,17155,"Gillotte, Ashton",,,$1.03,3,2025 5.21,
05/13/2026 09:55 PM EDT,NFC,Atlanta Falcons,17059,"Gordon, Ollie",,,$1.04,3,2025 5.09,
05/13/2026 09:55 PM EDT,NFC,Atlanta Falcons,17120,"Green, Mike",,,$1.57,3,2025 2.16,
05/13/2026 09:55 PM EDT,NFC,Atlanta Falcons,14247,"Greenlaw, Dre",,,$6.06,1,2025 UFA,
05/13/2026 09:55 PM EDT,NFC,Atlanta Falcons,17597,"Height, Romello",,,$0.98,4,2026 5.15,
05/13/2026 09:55 PM EDT,NFC,Atlanta Falcons,16333,"Higgins, Elijah",,,$1.10,1,2026 R/F,
05/13/2026 09:55 PM EDT,NFC,Atlanta Falcons,12801,"Hill, Tyreek",,,$6.65,2,2026 mEXT,
05/13/2026 09:55 PM EDT,NFC,Atlanta Falcons,17520,"Hurst, Ted",,,$1.39,4,2026 3.06,
05/13/2026 09:55 PM EDT,NFC,Atlanta Falcons,17634,"Jefferson, Justin",,,$0.94,3,2026 UDFA,
05/13/2026 09:55 PM EDT,NFC,Atlanta Falcons,17681,"Kanak, Jaren",,,$0.94,3,2026 UDFA,
05/13/2026 09:55 PM EDT,NFC,Atlanta Falcons,17352,"Kroeger, Kai",,,$1.10,1,2026 R/F,
05/13/2026 09:55 PM EDT,NFC,Atlanta Falcons,16513,"London, LaCale",,,$1.10,1,2026 R/F,
05/13/2026 09:55 PM EDT,NFC,Atlanta Falcons,17063,"Mafah, Phil",,,$1.07,3,2025 4.18,
05/13/2026 09:55 PM EDT,NFC,Atlanta Falcons,17208,"Mauigoa, Francisco",,,$1.10,1,2026 R/F,
05/13/2026 09:55 PM EDT,NFC,Atlanta Falcons,16212,"Mayer, Michael",,,$2.78,1,2023 1.15,
05/13/2026 09:55 PM EDT,NFC,Atlanta Falcons,16635,"McCaffrey, Luke",,,$4.09,4,2025 iEXT,
05/13/2026 09:55 PM EDT,NFC,Atlanta Falcons,16584,"McCarthy, J.J.",,,$4.87,2,2024 1.06,
05/13/2026 09:55 PM EDT,NFC,Atlanta Falcons,17486,"Miller, Jam",,,$0.99,4,2026 5.07,
05/13/2026 09:55 PM EDT,NFC,Atlanta Falcons,16582,"Nix, Bo",,,$1.69,2,2024 2.12,
05/13/2026 09:55 PM EDT,NFC,Atlanta Falcons,17080,"Noel, Jaylin",,,$1.46,3,2025 3.04,
05/13/2026 09:55 PM EDT,NFC,Atlanta Falcons,0802,"Nwankpa, Xavier",,,$0.94,3,2026 UDFA,
05/13/2026 09:55 PM EDT,NFC,Atlanta Falcons,17684,"Payne, VJ",,,$0.94,3,2026 UDFA,
05/13/2026 09:55 PM EDT,NFC,Atlanta Falcons,16703,"Phillips, Andru",,,$1.03,1,2024 UDFA,
05/13/2026 09:55 PM EDT,NFC,Atlanta Falcons,16240,"Porter Jr., Joey",,,$2.01,1,2026 oEXT,
05/13/2026 09:55 PM EDT,NFC,Atlanta Falcons,16152,"Richardson, Anthony",,,$10.93,1,2023 1.01,
05/13/2026 09:55 PM EDT,NFC,Atlanta Falcons,16292,"Ryland, Chad",,,$1.10,1,2026 R/F,
05/13/2026 09:55 PM EDT,NFC,Atlanta Falcons,16221,"Schoonmaker, Luke",,,$4.10,4,2024 iEXT,
05/13/2026 09:55 PM EDT,NFC,Atlanta Falcons,17658,"Sharar, Karson",,,$0.94,3,2026 UDFA,
05/13/2026 09:55 PM EDT,NFC,Atlanta Falcons,11150,"Smith, Geno",,,$8.36,1,2025 B/R,
05/13/2026 09:55 PM EDT,NFC,Atlanta Falcons,17424,"Smyth, Charlie",,,$1.10,1,2026 R/F,
05/13/2026 09:55 PM EDT,NFC,Atlanta Falcons,15259,"Stevenson, Rhamondre",,,$5.28,1,2026 oEXT,
05/13/2026 09:55 PM EDT,NFC,Atlanta Falcons,0800,"Stonehouse, Jack",,,$0.94,3,2026 UDFA,
05/13/2026 09:55 PM EDT,NFC,Atlanta Falcons,17126,"Stutsman, Danny",,,$1.10,1,2026 R/F,
05/13/2026 09:55 PM EDT,NFC,Atlanta Falcons,16693,"Sweat, T'Vondre",,,$1.23,2,2024 3.19,
05/13/2026 09:55 PM EDT,NFC,Atlanta Falcons,15173,"Tart, Teair",,,$1.10,1,2026 R/F,
05/13/2026 09:55 PM EDT,NFC,Atlanta Falcons,17655,"Traore, Seydou",,,$0.94,3,2026 UDFA,
05/13/2026 09:55 PM EDT,NFC,Atlanta Falcons,15877,"Uwazurike, Eyioma",,,$1.10,1,2026 R/F,
05/13/2026 09:55 PM EDT,NFC,Atlanta Falcons,17122,"Walker, Jalon",,,$1.72,3,2025 2.12,
05/13/2026 09:55 PM EDT,NFC,Atlanta Falcons,16192,"Washington, Parker",,,$12.00,4,2026 SRFA,
05/13/2026 09:55 PM EDT,NFC,Atlanta Falcons,15721,"White, Rachaad",,,$3.75,1,2025 ORFA3,
05/13/2026 09:55 PM EDT,NFC,Atlanta Falcons,17164,"Williams, Nohl",,,$1.10,1,2026 R/F,
05/13/2026 09:55 PM EDT,NFC,Atlanta Falcons,16206,"Wilson, Michael",,,$25.00,3,2026 SRFA,
05/13/2026 09:55 PM EDT,NFC,Atlanta Falcons,16241,"Witherspoon, Devon",,,$3.70,1,2023 4.08^,
05/13/2026 09:55 PM EDT,NFC,Atlanta Falcons,17250,"Wohler, Hunter",,,$1.10,1,2026 R/F,
05/13/2026 09:55 PM EDT,NFC,Atlanta Falcons,16273,"Young, Byron",,,$1.10,1,2026 R/F,
05/13/2026 09:55 PM EDT,NFC,Atlanta Falcons,17666,"van den Berg, Jordan",,,$0.94,3,2026 UDFA,
05/13/2026 09:55 PM EDT,NFC,Carolina Panthers,13589,"Allen, Josh",,,$27.24,1,2021 EXT,
05/13/2026 09:55 PM EDT,NFC,Carolina Panthers,17485,"Black, Kaelon",,,$1.04,4,2026 4.15,
05/13/2026 09:55 PM EDT,NFC,Carolina Panthers,16738,"Carlies, Jaylon",,,$1.10,1,2026 R/F,
05/13/2026 09:55 PM EDT,NFC,Carolina Panthers,12739,"Clark, Kenny",,,$5.23,1,2024 UFA,
05/13/2026 09:55 PM EDT,NFC,Carolina Panthers,12754,"Collins, Maliek",,,$2.30,1,2026 oEXT,
05/13/2026 09:55 PM EDT,NFC,Carolina Panthers,15352,"Collins, Zaven",,,$2.90,1,2025 oEXT,
05/13/2026 09:55 PM EDT,NFC,Carolina Panthers,16640,"Cowing, Jacob",,,$1.08,2,2024 5.10,
05/13/2026 09:55 PM EDT,NFC,Carolina Panthers,14907,"Delpit, Grant",,,$2.98,1,2024 iEXT,
05/13/2026 09:55 PM EDT,NFC,Carolina Panthers,17623,"Elarms-Orr, Kaleb",,,$0.94,3,2026 UDFA,
05/13/2026 09:55 PM EDT,NFC,Carolina Panthers,17103,"Fannin, Harold",,,$1.51,3,2025 3.02,
05/13/2026 09:55 PM EDT,NFC,Carolina Panthers,8851,"Folk, Nick",,,$1.10,1,2025 R/F,
05/13/2026 09:55 PM EDT,NFC,Carolina Panthers,16619,"Franklin, Troy",,,$1.52,2,2024 3.02,
05/13/2026 09:55 PM EDT,NFC,Carolina Panthers,13198,"Garrett, Myles",,,$19.60,1,2024 UFA,
05/13/2026 09:55 PM EDT,NFC,Carolina Panthers,17075,"Golden, Matthew",,,$2.99,3,2025 1.13,
05/13/2026 09:55 PM EDT,NFC,Carolina Panthers,15852,"Gordon, Kyler",,,$1.10,1,2026 R/F,
05/13/2026 09:55 PM EDT,NFC,Carolina Panthers,17712,"Harris, Zxavian",,,$0.94,3,2026 UDFA,
05/13/2026 09:55 PM EDT,NFC,Carolina Panthers,15565,"Hoecht, Michael",,,$1.10,1,2026 R/F,
05/13/2026 09:55 PM EDT,NFC,Carolina Panthers,12221,"Hunter, Danielle",,,$10.45,1,2025 UFA,
05/13/2026 09:55 PM EDT,NFC,Carolina Panthers,14073,"Jacobs, Josh",,,$21.20,1,2026 mEXT,
05/13/2026 09:55 PM EDT,NFC,Carolina Panthers,15989,"Jobe, Josh",,,$1.10,1,2026 R/F,
05/13/2026 09:55 PM EDT,NFC,Carolina Panthers,13764,"Johnson, Taron",,,$1.10,1,2026 R/F,
05/13/2026 09:55 PM EDT,NFC,Carolina Panthers,17051,"Judkins, Quinshon",,,$4.75,3,2025 1.07,
05/13/2026 09:55 PM EDT,NFC,Carolina Panthers,17686,"Keenan, Tim",,,$0.94,3,2026 UDFA,
05/13/2026 09:55 PM EDT,NFC,Carolina Panthers,17547,"Klare, Max",,,$1.09,4,2026 4.08,
05/13/2026 09:55 PM EDT,NFC,Carolina Panthers,16639,"Legette, Xavier",,,$2.28,2,2024 2.02,
05/13/2026 09:55 PM EDT,NFC,Carolina Panthers,15798,"Likely, Isaiah",,,$4.26,4,2024 iEXT,
05/13/2026 09:55 PM EDT,NFC,Carolina Panthers,16263,"Martin, Quan",,,$1.84,1,2023 2.11,
05/13/2026 09:55 PM EDT,NFC,Carolina Panthers,11947,"McManus, Brandon",,,$1.10,1,2026 R/F,
05/13/2026 09:55 PM EDT,NFC,Carolina Panthers,17195,"Mills, Rylie",,,$1.10,1,2026 R/F,
05/13/2026 09:55 PM EDT,NFC,Carolina Panthers,16626,"Mitchell, Adonai",,,$2.10,2,2024 2.04,
05/13/2026 09:55 PM EDT,NFC,Carolina Panthers,16178,"Mitchell, Keaton",,,$6.05,1,2024 RRFA,
05/13/2026 09:55 PM EDT,NFC,Carolina Panthers,16725,"Mustapha, Malik",,,$1.03,1,2024 UDFA,
05/13/2026 09:55 PM EDT,NFC,Carolina Panthers,14158,"Oliver, Ed",,,$7.13,2,2025 UFA,
05/13/2026 09:55 PM EDT,NFC,Carolina Panthers,15749,"Pacheco, Isiah",,,$5.88,1,2025 SRFA,
05/13/2026 09:55 PM EDT,NFC,Carolina Panthers,15762,"Pickens, George",,,$33.75,6,2026 mEXT,
05/13/2026 09:55 PM EDT,NFC,Carolina Panthers,15768,"Pierce, Alec",,,$20.65,3,2026 oEXT,
05/13/2026 09:55 PM EDT,NFC,Carolina Panthers,17166,"Ransaw, Caleb",,,$0.99,2,2025 UDFA,
05/13/2026 09:55 PM EDT,NFC,Carolina Panthers,12698,"Reed, Jarran",,,$1.10,1,2025 R/F,
05/13/2026 09:55 PM EDT,NFC,Carolina Panthers,17556,"Reese, Arvell",,,$2.76,4,2026 1.15,
05/13/2026 09:55 PM EDT,NFC,Carolina Panthers,15076,"Rozeboom, Christian",,,$1.10,1,2026 ERFA,
05/13/2026 09:55 PM EDT,NFC,Carolina Panthers,16185,"Smith-Njigba, Jaxon",,,$5.45,1,2023 1.06,
05/13/2026 09:55 PM EDT,NFC,Carolina Panthers,16870,"Speights, Omar",,,$2.06,2,2025 oEXT,
05/13/2026 09:55 PM EDT,NFC,Carolina Panthers,16344,"Stills, Dante",,,$2.04,1,2025 oEXT,
05/13/2026 09:55 PM EDT,NFC,Carolina Panthers,16717,"Taylor-Demerson, Dadrion",,,$1.10,1,2026 ERFA,
05/13/2026 09:55 PM EDT,NFC,Carolina Panthers,15051,"Townsend, Tommy",,,$2.07,3,2026 oEXT,
05/13/2026 09:55 PM EDT,NFC,Carolina Panthers,17174,"Walker, Deone",,,$2.73,6,2026 oEXT,
05/13/2026 09:55 PM EDT,NFC,Carolina Panthers,15815,"Walker, Travon",,,$10.19,3,2026 oEXT,
05/13/2026 09:55 PM EDT,NFC,Carolina Panthers,16684,"Washington, Malik",,,$1.09,2,2024 5.04,
05/13/2026 09:55 PM EDT,NFC,Carolina Panthers,14221,"Williams, Quincy",,,$5.75,1,2025 UFA,
05/13/2026 09:55 PM EDT,NFC,Carolina Panthers,17172,"Woodson, Craig",,,$0.99,2,2025 UDFA,
05/13/2026 09:55 PM EDT,NFC,Carolina Panthers,16620,"Worthy, Xavier",,,$5.43,2,2024 1.05,
05/13/2026 09:55 PM EDT,NFC,New Orleans Saints,17154,"Alexander, Darius",,,$1.10,1,2026 ERFA,
05/13/2026 09:55 PM EDT,NFC,New Orleans Saints,16645,"All, Erick",,,$1.08,2,2024 5.20,
05/13/2026 09:55 PM EDT,NFC,New Orleans Saints,16139,"Baker, Darrell",,,$1.10,1,2026 R/F,
05/13/2026 09:55 PM EDT,NFC,New Orleans Saints,15357,"Barmore, Christian",,,$13.70,1,2025 UFA,
05/13/2026 09:55 PM EDT,NFC,New Orleans Saints,16723,"Barner, AJ",,,$6.51,3,2026 oEXT,
05/13/2026 09:55 PM EDT,NFC,New Orleans Saints,15892,"Booker, Thomas",,,$1.10,1,2026 R/F,
05/13/2026 09:55 PM EDT,NFC,New Orleans Saints,15872,"Bryant, Coby",,,$4.02,3,2026 oEXT,
05/13/2026 09:55 PM EDT,NFC,New Orleans Saints,11644,"Carr, Derek",,,$1.10,1,2026 R/F,
05/13/2026 09:55 PM EDT,NFC,New Orleans Saints,17124,"Carter, Barrett",,,$0.99,2,2025 UDFA,
05/13/2026 09:55 PM EDT,NFC,New Orleans Saints,16169,"Charbonnet, Zach",,,$2.54,1,2023 2.01,
05/13/2026 09:55 PM EDT,NFC,New Orleans Saints,13610,"Chubb, Nick",,,$1.10,1,2026 R/F,
05/13/2026 09:55 PM EDT,NFC,New Orleans Saints,17651,"Cuevas, Josh",,,$0.94,3,2026 UDFA,
05/13/2026 09:55 PM EDT,NFC,New Orleans Saints,15001,"Curl, Kamren",,,$2.88,2,2024 oEXT,
05/13/2026 09:55 PM EDT,NFC,New Orleans Saints,17032,"Dart, Jaxson",,,$2.35,3,2025 2.02,
05/13/2026 09:55 PM EDT,NFC,New Orleans Saints,17598,"Davis, Tacario",,,$0.94,3,2026 UDFA,
05/13/2026 09:55 PM EDT,NFC,New Orleans Saints,14903,"Diggs, Trevon",,,$1.10,1,2026 R/F,
05/13/2026 09:55 PM EDT,NFC,New Orleans Saints,12842,"Dixon, Riley",,,$1.10,1,2026 R/F,
05/13/2026 09:55 PM EDT,NFC,New Orleans Saints,15779,"Doubs, Romeo",,,$5.30,4,2024 iEXT,
05/13/2026 09:55 PM EDT,NFC,New Orleans Saints,17599,"Douglas, Caleb",,,$1.22,4,2026 3.15,
05/13/2026 09:55 PM EDT,NFC,New Orleans Saints,15253,"Etienne, Travis",,,$7.32,1,2025 UFA,
05/13/2026 09:55 PM EDT,NFC,New Orleans Saints,13770,"Franklin-Myers, John",,,$1.10,1,2026 R/F,
05/13/2026 09:55 PM EDT,NFC,New Orleans Saints,16235,"Hall, Derick",,,$3.11,4,2025 iEXT,
05/13/2026 09:55 PM EDT,NFC,New Orleans Saints,17044,"Hampton, Omarion",,,$9.05,3,2025 1.02,
05/13/2026 09:55 PM EDT,NFC,New Orleans Saints,13284,"Hendrickson, Trey",,,$6.00,2,2024 oEXT,
05/13/2026 09:55 PM EDT,NFC,New Orleans Saints,16460,"Hickman, Ronnie",,,$1.10,1,2025 R/F,
05/13/2026 09:55 PM EDT,NFC,New Orleans Saints,14835,"Higgins, Tee",,,$19.09,2,2023 iEXT,
05/13/2026 09:55 PM EDT,NFC,New Orleans Saints,14138,"Hockenson, T.J.",,,$11.00,1,2026 mEXT,
05/13/2026 09:55 PM EDT,NFC,New Orleans Saints,17611,"Jackson, Darrell",,,$0.94,3,2026 UDFA,
05/13/2026 09:55 PM EDT,NFC,New Orleans Saints,17048,"Johnson, Kaleb",,,$3.41,3,2025 1.11,
05/13/2026 09:55 PM EDT,NFC,New Orleans Saints,15404,"Jones, Ernest",,,$3.75,2,2023 iEXT,
05/13/2026 09:55 PM EDT,NFC,New Orleans Saints,14899,"Kinlaw, Javon",,,$2.09,3,2026 oEXT,
05/13/2026 09:55 PM EDT,NFC,New Orleans Saints,17173,"Kiser, Jack",,,$0.99,2,2025 UDFA,
05/13/2026 09:55 PM EDT,NFC,New Orleans Saints,14867,"Kmet, Cole",,,$5.75,1,2025 B/R,
05/13/2026 09:55 PM EDT,NFC,New Orleans Saints,16016,"Kohou, Kader",,,$1.10,1,2026 R/F,
05/13/2026 09:55 PM EDT,NFC,New Orleans Saints,17035,"Leonard, Riley",,,$0.99,2,2025 UDFA,
05/13/2026 09:55 PM EDT,NFC,New Orleans Saints,15751,"London, Drake",,,$19.15,4,2025 iEXT,
05/13/2026 09:55 PM EDT,NFC,New Orleans Saints,17222,"Loop, Tyler",,,$0.99,2,2025 UDFA,
05/13/2026 09:55 PM EDT,NFC,New Orleans Saints,17053,"Marks, Woody",,,$1.20,2,2025 3.20,
05/13/2026 09:55 PM EDT,NFC,New Orleans Saints,16580,"Maye, Drake",,,$4.04,2,2024 1.08,
05/13/2026 09:55 PM EDT,NFC,New Orleans Saints,17600,"McClellan, Chris",,,$0.94,3,2026 UDFA,
05/13/2026 09:55 PM EDT,NFC,New Orleans Saints,10267,"Miller, Von",,,$1.10,1,2026 R/F,
05/13/2026 09:55 PM EDT,NFC,New Orleans Saints,15375,"Newsome, Greg",,,$1.10,1,2026 R/F,
05/13/2026 09:55 PM EDT,NFC,New Orleans Saints,17465,"Nussmeier, Garrett",,,$0.94,3,2026 UDFA,
05/13/2026 09:55 PM EDT,NFC,New Orleans Saints,15393,"Odighizuwa, Osa",,,$2.20,2,2024 oEXT,
05/13/2026 09:55 PM EDT,NFC,New Orleans Saints,16616,"Odunze, Rome",,,$6.14,2,2024 1.04,
05/13/2026 09:55 PM EDT,NFC,New Orleans Saints,17595,"Onyedim, Tyler",,,$0.94,3,2026 UDFA,
05/13/2026 09:55 PM EDT,NFC,New Orleans Saints,17654,"Payton, Cole",,,$0.94,3,2026 UDFA,
05/13/2026 09:55 PM EDT,NFC,New Orleans Saints,16583,"Penix Jr., Michael",,,$2.86,2,2024 1.13,
05/13/2026 09:55 PM EDT,NFC,New Orleans Saints,12238,"Perryman, Denzel",,,$1.10,1,2026 R/F,
05/13/2026 09:55 PM EDT,NFC,New Orleans Saints,17196,"Phillips, Jordan",,,$1.10,1,2026 R/F,
05/13/2026 09:55 PM EDT,NFC,New Orleans Saints,14842,"Pittman, Michael",,,$8.38,2,2023 iEXT,
05/13/2026 09:55 PM EDT,NFC,New Orleans Saints,13245,"Reddick, Haason",,,$1.10,1,2026 R/F,
05/13/2026 09:55 PM EDT,NFC,New Orleans Saints,17142,"Revel, Shavon",,,$1.10,1,2026 ERFA,
05/13/2026 09:55 PM EDT,NFC,New Orleans Saints,15089,"Roach, Malcolm",,,$1.10,1,2026 ERFA,
05/13/2026 09:55 PM EDT,NFC,New Orleans Saints,16174,"Rodriguez, Chris",,,$1.10,1,2026 ERFA,
05/13/2026 09:55 PM EDT,NFC,New Orleans Saints,17549,"Roush, Sam",,,$0.94,3,2026 UDFA,
05/13/2026 09:55 PM EDT,NFC,New Orleans Saints,13772,"Schultz, Dalton",,,$8.18,1,2024 iEXT,
05/13/2026 09:55 PM EDT,NFC,New Orleans Saints,16601,"Shipley, Will",,,$1.09,1,2024 5.08,
05/13/2026 09:55 PM EDT,NFC,New Orleans Saints,17114,"Stewart, Shemar",,,$1.25,2,2025 3.15,
05/13/2026 09:55 PM EDT,NFC,New Orleans Saints,16269,"Strange, Brenton",,,$4.60,3,2025 iEXT,
05/13/2026 09:55 PM EDT,NFC,New Orleans Saints,17514,"Stribling, De'Zhaun",,,$2.20,4,2026 2.04,
05/13/2026 09:55 PM EDT,NFC,New Orleans Saints,13690,"Sweat, Josh",,,$4.38,2,2025 iEXT,
05/13/2026 09:55 PM EDT,NFC,New Orleans Saints,17149,"Tuimoloau, JT",,,$3.14,3,2026 oEXT,
05/13/2026 09:55 PM EDT,NFC,New Orleans Saints,16266,"Tuipulotu, Tuli",,,$3.51,4,2025 iEXT,
05/13/2026 09:55 PM EDT,NFC,New Orleans Saints,14157,"Williams, Quinnen",,,$14.06,2,2023 UFA,
05/13/2026 09:55 PM EDT,NFC,New Orleans Saints,14877,"Young, Chase",,,$5.40,3,2026 mEXT,
05/13/2026 09:55 PM EDT,NFC,Tampa Bay Buccaneers,16186,"Addison, Jordan",,,$4.48,1,2023 1.08,
05/13/2026 09:55 PM EDT,NFC,Tampa Bay Buccaneers,17478,"Allen, Kaytron",,,$1.18,4,2026 3.18,
05/13/2026 09:55 PM EDT,NFC,Tampa Bay Buccaneers,16257,"Anudike-Uzomah, Felix",,,$1.57,1,2023 3.03,
05/13/2026 09:55 PM EDT,NFC,Tampa Bay Buccaneers,15301,"Atwell, Tutu",,,$1.10,1,2026 R/F,
05/13/2026 09:55 PM EDT,NFC,Tampa Bay Buccaneers,16846,"Bates, Jake",,,$1.10,1,2026 ERFA,
05/13/2026 09:55 PM EDT,NFC,Tampa Bay Buccaneers,16245,"Battle, Jordan",,,$5.81,1,2023 3.14^,
05/13/2026 09:55 PM EDT,NFC,Tampa Bay Buccaneers,17706,"Benson, Malik",,,$0.94,3,2026 UDFA,
05/13/2026 09:55 PM EDT,NFC,Tampa Bay Buccaneers,16700,"Bishop, Cole",,,$1.32,2,2024 3.12,
05/13/2026 09:55 PM EDT,NFC,Tampa Bay Buccaneers,17069,"Blue, Jaydon",,,$1.49,3,2025 3.03,
05/13/2026 09:55 PM EDT,NFC,Tampa Bay Buccaneers,17058,"Brooks, Tahj",,,$1.03,3,2025 5.13,
05/13/2026 09:55 PM EDT,NFC,Tampa Bay Buccaneers,17510,"Burks, Deion",,,$0.99,4,2026 5.08,
05/13/2026 09:55 PM EDT,NFC,Tampa Bay Buccaneers,17481,"Claiborne, Demond",,,$1.59,4,2026 2.15,
05/13/2026 09:55 PM EDT,NFC,Tampa Bay Buccaneers,17528,"Coleman, Kevin",,,$0.94,3,2026 UDFA,
05/13/2026 09:55 PM EDT,NFC,Tampa Bay Buccaneers,16314,"Dennis, SirVocea",,,$4.10,5,2026 oEXT,
05/13/2026 09:55 PM EDT,NFC,Tampa Bay Buccaneers,15755,"Dotson, Jahan",,,$1.10,1,2026 R/F,
05/13/2026 09:55 PM EDT,NFC,Tampa Bay Buccaneers,16595,"Estime, Audric",,,$1.10,1,2026 R/F,
05/13/2026 09:55 PM EDT,NFC,Tampa Bay Buccaneers,16667,"Gray, Cedric",,,$1.19,1,2024 4.03,
05/13/2026 09:55 PM EDT,NFC,Tampa Bay Buccaneers,17068,"Harvey, RJ",,,$2.70,3,2025 1.15,
05/13/2026 09:55 PM EDT,NFC,Tampa Bay Buccaneers,17105,"Helm, Gunnar",,,$0.99,2,2025 UDFA,
05/13/2026 09:55 PM EDT,NFC,Tampa Bay Buccaneers,14167,"Hines-Allen, Josh",,,$16.45,1,2022 iEXT,
05/13/2026 09:55 PM EDT,NFC,Tampa Bay Buccaneers,13138,"Hunt, Kareem",,,$1.10,1,2025 R/F,
05/13/2026 09:55 PM EDT,NFC,Tampa Bay Buccaneers,13738,"Jackson, Donte",,,$1.10,1,2026 R/F,
05/13/2026 09:55 PM EDT,NFC,Tampa Bay Buccaneers,13593,"Jackson, Lamar",,,$37.58,5,2026 oEXT,
05/13/2026 09:55 PM EDT,NFC,Tampa Bay Buccaneers,14924,"Johnson, Jaylon",,,$1.10,1,2026 R/F,
05/13/2026 09:55 PM EDT,NFC,Tampa Bay Buccaneers,14164,"Jones, Dre'Mont",,,$3.72,1,2023 oEXT,
05/13/2026 09:55 PM EDT,NFC,Tampa Bay Buccaneers,15863,"Jones, Travis",,,$3.71,4,2026 oEXT,
05/13/2026 09:55 PM EDT,NFC,Tampa Bay Buccaneers,13132,"Kamara, Alvin",,,$16.72,1,2025 UFA,
05/13/2026 09:55 PM EDT,NFC,Tampa Bay Buccaneers,16676,"Kinchens, Kamren",,,$1.11,2,2024 4.17,
05/13/2026 09:55 PM EDT,NFC,Tampa Bay Buccaneers,17713,"King, Haynes",,,$0.94,3,2026 UDFA,
05/13/2026 09:55 PM EDT,NFC,Tampa Bay Buccaneers,17647,"Law, Kendrick",,,$0.94,3,2026 UDFA,
05/13/2026 09:55 PM EDT,NFC,Tampa Bay Buccaneers,17578,"Louis, Kyle",,,$1.04,4,2026 4.16,
05/13/2026 09:55 PM EDT,NFC,Tampa Bay Buccaneers,15972,"Mason, Jordan",,,$8.36,1,2025 UFA,
05/13/2026 09:55 PM EDT,NFC,Tampa Bay Buccaneers,0804,"Montgomery, Tyren",,,$0.94,3,2026 UDFA,
05/13/2026 09:55 PM EDT,NFC,Tampa Bay Buccaneers,16615,"Nabers, Malik",,,$7.02,2,2024 1.03,
05/13/2026 09:55 PM EDT,NFC,Tampa Bay Buccaneers,16211,"Nacua, Puka",,,$5.81,1,2023 3.10^,
05/13/2026 09:55 PM EDT,NFC,Tampa Bay Buccaneers,13704,"Nwosu, Uchenna",,,$4.14,1,2024 UFA,
05/13/2026 09:55 PM EDT,NFC,Tampa Bay Buccaneers,17603,"Orange, Domonique",,,$0.94,3,2026 UDFA,
05/13/2026 09:55 PM EDT,NFC,Tampa Bay Buccaneers,17480,"Ott, Jaydn",,,$0.94,3,2026 UDFA,
05/13/2026 09:55 PM EDT,NFC,Tampa Bay Buccaneers,17471,"Pavia, Diego",,,$0.94,3,2026 UDFA,
05/13/2026 09:55 PM EDT,NFC,Tampa Bay Buccaneers,16887,"Rehkow, Ryan",,,$1.10,1,2026 ERFA,
05/13/2026 09:55 PM EDT,NFC,Tampa Bay Buccaneers,17586,"Rodriguez, Jacob",,,$2.05,4,2026 2.06,
05/13/2026 09:55 PM EDT,NFC,Tampa Bay Buccaneers,17543,"Sadiq, Kenyon",,,$4.13,4,2026 1.09,
05/13/2026 09:55 PM EDT,NFC,Tampa Bay Buccaneers,17049,"Smith, Brashard",,,$1.03,3,2025 5.15,
05/13/2026 09:55 PM EDT,NFC,Tampa Bay Buccaneers,16708,"Smith, Tykee",,,$1.12,2,2024 4.14,
05/13/2026 09:55 PM EDT,NFC,Tampa Bay Buccaneers,16166,"Tucker, Sean",,,$3.67,2,2026 ORFA5,
05/13/2026 09:55 PM EDT,NFC,Tampa Bay Buccaneers,16653,"Verse, Jared",,,$2.19,2,2024 2.03,
05/13/2026 09:55 PM EDT,NFC,Tampa Bay Buccaneers,17526,"Virgil, Reggie",,,$0.99,4,2026 5.06,
05/13/2026 09:55 PM EDT,NFC,Tampa Bay Buccaneers,13743,"Warner, Fred",,,$10.20,4,2026 mEXT,
05/13/2026 09:55 PM EDT,NFC,Tampa Bay Buccaneers,0803,"York, Taurean",,,$0.94,3,2026 UDFA,
05/13/2026 09:55 PM EDT,NFC,Arizona Cardinals,17558,"Allen, CJ",,,$2.29,4,2026 2.03,
05/13/2026 09:55 PM EDT,NFC,Arizona Cardinals,15293,"Bateman, Rashod",,,$5.00,3,2024 iEXT,
05/13/2026 09:55 PM EDT,NFC,Arizona Cardinals,17179,"Bowman, Billy",,,$1.02,3,2025 5.23,
05/13/2026 09:55 PM EDT,NFC,Arizona Cardinals,16256,"Bresee, Bryan",,,$3.70,1,2023 3.01^,
05/13/2026 09:55 PM EDT,NFC,Arizona Cardinals,12688,"Buckner, DeForest",,,$21.96,1,2026 oEXT,
05/13/2026 09:55 PM EDT,NFC,Arizona Cardinals,16239,"Campbell, Jack",,,$2.93,1,2023 1.14,
05/13/2026 09:55 PM EDT,NFC,Arizona Cardinals,17123,"Campbell, Jihaad",,,$2.10,3,2025 2.05,
05/13/2026 09:55 PM EDT,NFC,Arizona Cardinals,15831,"Chenal, Leo",,,$2.10,3,2026 oEXT,
05/13/2026 09:55 PM EDT,NFC,Arizona Cardinals,16617,"Coleman, Keon",,,$3.22,2,2024 1.11,
05/13/2026 09:55 PM EDT,NFC,Arizona Cardinals,16665,"Colson, Junior",,,$1.93,2,2024 2.07,
05/13/2026 09:55 PM EDT,NFC,Arizona Cardinals,16295,"Conner, Chamarri",,,$1.10,1,2026 ERFA,
05/13/2026 09:55 PM EDT,NFC,Arizona Cardinals,15738,"Davis, Malik",,,$1.10,1,2026 R/F,
05/13/2026 09:55 PM EDT,NFC,Arizona Cardinals,16278,"Diaby, YaYa",,,$7.00,2,2026 RRFA,
05/13/2026 09:55 PM EDT,NFC,Arizona Cardinals,15813,"Enagbare, Kingsley",,,$1.10,1,2026 R/F,
05/13/2026 09:55 PM EDT,NFC,Arizona Cardinals,14879,"Epenesa, A.J.",,,$3.77,2,2024 ORFA4,
05/13/2026 09:55 PM EDT,NFC,Arizona Cardinals,16162,"Gibbs, Jahmyr",,,$7.93,1,2023 1.03,
05/13/2026 09:55 PM EDT,NFC,Arizona Cardinals,14882,"Greenard, Jonathan",,,$9.90,3,2026 mEXT,
05/13/2026 09:55 PM EDT,NFC,Arizona Cardinals,15834,"Hamilton, Kyle",,,$8.45,3,2025 iEXT,
05/13/2026 09:55 PM EDT,NFC,Arizona Cardinals,14213,"Harris, Will",,,$1.10,1,2026 R/F,
05/13/2026 09:55 PM EDT,NFC,Arizona Cardinals,13228,"Hooker, Malik",,,$1.10,1,2026 R/F,
05/13/2026 09:55 PM EDT,NFC,Arizona Cardinals,14861,"Johnson, Juwan",,,$8.11,3,2025 iEXT,
05/13/2026 09:55 PM EDT,NFC,Arizona Cardinals,16254,"Kancey, Calijah",,,$1.93,1,2023 2.09,
05/13/2026 09:55 PM EDT,NFC,Arizona Cardinals,17467,"Klubnik, Cade",,,$1.03,4,2026 4.18,
05/13/2026 09:55 PM EDT,NFC,Arizona Cardinals,17644,"Koziol, Tanner",,,$1.00,4,2026 5.03,
05/13/2026 09:55 PM EDT,NFC,Arizona Cardinals,13700,"Landry, Harold",,,$10.89,1,2024 B/R,
05/13/2026 09:55 PM EDT,NFC,Arizona Cardinals,16672,"Lassiter, Kamari",,,$1.09,2,2024 5.07,
05/13/2026 09:55 PM EDT,NFC,Arizona Cardinals,16787,"Laulu, Jonah",,,$7.76,4,2026 oEXT,
05/13/2026 09:55 PM EDT,NFC,Arizona Cardinals,15237,"Lawrence, Trevor",,,$18.84,3,2024 iEXT,
05/13/2026 09:55 PM EDT,NFC,Arizona Cardinals,13227,"Lewis, Jourdan",,,$2.01,3,2026 oEXT,
05/13/2026 09:55 PM EDT,NFC,Arizona Cardinals,11721,"Mack, Khalil",,,$4.08,1,2025 UFA,
05/13/2026 09:55 PM EDT,NFC,Arizona Cardinals,13130,"McCaffrey, Christian",,,$30.00,1,2026 mEXT,
05/13/2026 09:55 PM EDT,NFC,Arizona Cardinals,14974,"Mooney, Darnell",,,$9.08,1,2025 SRFA,
05/13/2026 09:55 PM EDT,NFC,Arizona Cardinals,17622,"Muhammad, Malik",,,$0.94,3,2026 UDFA,
05/13/2026 09:55 PM EDT,NFC,Arizona Cardinals,17648,"Nowakowski, Riley",,,$0.94,3,2026 UDFA,
05/13/2026 09:55 PM EDT,NFC,Arizona Cardinals,17206,"Oliver, Collin",,,$0.99,2,2025 UDFA,
05/13/2026 09:55 PM EDT,NFC,Arizona Cardinals,17212,"Paul, Chris",,,$1.10,3,2025 4.11,
05/13/2026 09:55 PM EDT,NFC,Arizona Cardinals,17667,"Perkins, Harold",,,$0.94,3,2026 UDFA,
05/13/2026 09:55 PM EDT,NFC,Arizona Cardinals,13717,"Reid, Justin",,,$3.61,3,2026 oEXT,
05/13/2026 09:55 PM EDT,NFC,Arizona Cardinals,16698,"Sainristil, Mike",,,$1.17,2,2024 4.07,
05/13/2026 09:55 PM EDT,NFC,Arizona Cardinals,13832,"Sanders, Jason",,,$1.10,1,2026 R/F,
05/13/2026 09:55 PM EDT,NFC,Arizona Cardinals,16234,"Simpson, Trenton",,,$1.41,1,2023 3.12,
05/13/2026 09:55 PM EDT,NFC,Arizona Cardinals,17476,"Singleton, Nicholas",,,$1.46,4,2026 3.03,
05/13/2026 09:55 PM EDT,NFC,Arizona Cardinals,16644,"Sinnott, Ben",,,$1.78,2,2024 2.10,
05/13/2026 09:55 PM EDT,NFC,Arizona Cardinals,17118,"Stewart, Josaiah",,,$0.99,2,2025 UDFA,
05/13/2026 09:55 PM EDT,NFC,Arizona Cardinals,17582,"Stukes, Treydan",,,$1.17,4,2026 3.19,
05/13/2026 09:55 PM EDT,NFC,Arizona Cardinals,17497,"Tate, Carnell",,,$8.26,4,2026 1.03,
05/13/2026 09:55 PM EDT,NFC,Arizona Cardinals,15859,"Taylor-Britt, Cam",,,$1.10,1,2026 R/F,
05/13/2026 09:55 PM EDT,NFC,Arizona Cardinals,17576,"Thieneman, Dillon",,,$3.08,4,2026 1.13,
05/13/2026 09:55 PM EDT,NFC,Arizona Cardinals,17525,"Thomas, Noah",,,$0.94,3,2026 UDFA,
05/13/2026 09:55 PM EDT,NFC,Arizona Cardinals,17583,"Thomas, R Mason",,,$1.13,4,2026 4.03,
05/13/2026 09:55 PM EDT,NFC,Arizona Cardinals,16618,"Thomas Jr., Brian",,,$3.45,2,2024 1.10,
05/13/2026 09:55 PM EDT,NFC,Arizona Cardinals,16268,"Turner, DJ",,,$3.48,2,2025 iEXT,
05/13/2026 09:55 PM EDT,NFC,Arizona Cardinals,17030,"Ward, Cam",,,$5.92,3,2025 1.05,
05/13/2026 09:55 PM EDT,NFC,Arizona Cardinals,16673,"Wiggins, Nate",,,$2.57,4,2026 oEXT,
05/13/2026 09:55 PM EDT,NFC,Los Angeles Rams,16167,"Achane, De'Von",,,$5.81,1,2023 2.02^,
05/13/2026 09:55 PM EDT,NFC,Los Angeles Rams,17468,"Allar, Drew",,,$1.01,4,2026 4.23,
05/13/2026 09:55 PM EDT,NFC,Los Angeles Rams,17130,"Amos, Trey",,,$0.99,2,2025 UDFA,
05/13/2026 09:55 PM EDT,NFC,Los Angeles Rams,17073,"Ayomanor, Elic",,,$1.21,3,2025 3.19,
05/13/2026 09:55 PM EDT,NFC,Los Angeles Rams,13251,"Baker, Budda",,,$3.27,1,2024 B/R,
05/13/2026 09:55 PM EDT,NFC,Los Angeles Rams,14983,"Bass, Tyler",,,$1.10,1,2026 R/F,
05/13/2026 09:55 PM EDT,NFC,Los Angeles Rams,17536,"Bell, Dillon",,,$0.94,3,2026 UDFA,
05/13/2026 09:55 PM EDT,NFC,Los Angeles Rams,17699,"Bentley, Dallen",,,$0.94,3,2026 UDFA,
05/13/2026 09:55 PM EDT,NFC,Los Angeles Rams,16264,"Benton, Keeanu",,,$3.70,1,2023 5.08^,
05/13/2026 09:55 PM EDT,NFC,Los Angeles Rams,17591,"Boerkircher, Nate",,,$0.94,3,2026 UDFA,
05/13/2026 09:55 PM EDT,NFC,Los Angeles Rams,15933,"Brown, Montaric",,,$1.10,1,2026 R/F,
05/13/2026 09:55 PM EDT,NFC,Los Angeles Rams,17112,"Carter, Abdul",,,$3.97,3,2025 1.09,
05/13/2026 09:55 PM EDT,NFC,Los Angeles Rams,17581,"Cisse, Brandon",,,$0.98,4,2026 5.17,
05/13/2026 09:55 PM EDT,NFC,Los Angeles Rams,17594,"Clark, Bud",,,$1.10,4,2026 4.07,
05/13/2026 09:55 PM EDT,NFC,Los Angeles Rams,16696,"Cooper, Edgerrin",,,$1.58,2,2024 2.15,
05/13/2026 09:55 PM EDT,NFC,Los Angeles Rams,17596,"Crawford, Keyron",,,$0.98,4,2026 5.19,
05/13/2026 09:55 PM EDT,NFC,Los Angeles Rams,10816,"Davis, Demario",,,$3.38,1,2024 UFA,
05/13/2026 09:55 PM EDT,NFC,Los Angeles Rams,17562,"Delane, Mansoor",,,$1.19,4,2026 3.17,
05/13/2026 09:55 PM EDT,NFC,Los Angeles Rams,11671,"Evans, Mike",,,$37.24,3,2025 iEXT,
05/13/2026 09:55 PM EDT,NFC,Los Angeles Rams,16694,"Fiske, Braden",,,$1.46,2,2024 3.04,
05/13/2026 09:55 PM EDT,NFC,Los Angeles Rams,17127,"Johnson, Will",,,$1.06,3,2025 5.05,
05/13/2026 09:55 PM EDT,NFC,Los Angeles Rams,17394,"Lowery, Reuben",,,$1.10,1,2026 R/F,
05/13/2026 09:55 PM EDT,NFC,Los Angeles Rams,14127,"Meyers, Jakobi",,,$8.12,2,2026 oEXT,
05/13/2026 09:55 PM EDT,NFC,Los Angeles Rams,17585,"Miller, Christen",,,$1.05,4,2026 4.14,
05/13/2026 09:55 PM EDT,NFC,Los Angeles Rams,17479,"Moss, Le'Veon",,,$0.94,3,2026 UDFA,
05/13/2026 09:55 PM EDT,NFC,Los Angeles Rams,17254,"Mumpfield, Konata",,,$0.99,2,2025 UDFA,
05/13/2026 09:55 PM EDT,NFC,Los Angeles Rams,15345,"Paye, Kwity",,,$4.08,2,2024 iEXT,
05/13/2026 09:55 PM EDT,NFC,Los Angeles Rams,16622,"Pearsall, Ricky",,,$2.57,2,2024 1.15,
05/13/2026 09:55 PM EDT,NFC,Los Angeles Rams,17612,"Proctor, Kaleb",,,$0.94,3,2026 UDFA,
05/13/2026 09:55 PM EDT,NFC,Los Angeles Rams,15698,"Purdy, Brock",,,$32.78,6,2026 oEXT,
05/13/2026 09:55 PM EDT,NFC,Los Angeles Rams,12735,"Rankins, Sheldon",,,$1.10,1,2026 R/F,
05/13/2026 09:55 PM EDT,NFC,Los Angeles Rams,17602,"Regis, Albert",,,$0.94,3,2026 UDFA,
05/13/2026 09:55 PM EDT,NFC,Los Angeles Rams,17642,"Rivers, Chandler",,,$0.94,3,2026 UDFA,
05/13/2026 09:55 PM EDT,NFC,Los Angeles Rams,17119,"Scourton, Nic",,,$1.09,3,2025 4.13,
05/13/2026 09:55 PM EDT,NFC,Los Angeles Rams,17675,"Smith, Anthony",,,$0.94,3,2026 UDFA,
05/13/2026 09:55 PM EDT,NFC,Los Angeles Rams,13298,"Stewart, Grover",,,$5.88,1,2025 SRFA,
05/13/2026 09:55 PM EDT,NFC,Los Angeles Rams,16642,"Stover, Cade",,,$1.08,2,2024 5.12,
05/13/2026 09:55 PM EDT,NFC,Los Angeles Rams,17557,"Styles, Sonny",,,$3.28,4,2026 1.12,
05/13/2026 09:55 PM EDT,NFC,Los Angeles Rams,17487,"Taylor, J'Mari",,,$0.94,3,2026 UDFA,
05/13/2026 09:55 PM EDT,NFC,Los Angeles Rams,17106,"Taylor, Mason",,,$1.67,3,2025 2.13,
05/13/2026 09:55 PM EDT,NFC,Los Angeles Rams,16724,"Taylor, Tory",,,$1.13,2,2024 4.12,
05/13/2026 09:55 PM EDT,NFC,Los Angeles Rams,16191,"Tillman, Cedric",,,$1.46,1,2023 3.08,
05/13/2026 09:55 PM EDT,NFC,Los Angeles Rams,17538,"Wallace, Harrison",,,$0.94,3,2026 UDFA,
05/13/2026 09:55 PM EDT,NFC,Los Angeles Rams,15510,"Washington, Ar'Darius",,,$1.10,1,2026 R/F,
05/13/2026 09:55 PM EDT,NFC,Los Angeles Rams,13214,"Watt, T.J.",,,$25.36,5,2025 iEXT,
05/13/2026 09:55 PM EDT,NFC,Los Angeles Rams,17177,"West, CJ",,,$0.99,2,2025 UDFA,
05/13/2026 09:55 PM EDT,NFC,Los Angeles Rams,17577,"Wheatley, Zakee",,,$0.94,3,2026 UDFA,
05/13/2026 09:55 PM EDT,NFC,Los Angeles Rams,16633,"Whittington, Jordan",,,$1.10,1,2026 R/F,
05/13/2026 09:55 PM EDT,NFC,Los Angeles Rams,14169,"Wilson, Mack",,,$1.10,1,2025 R/F,
05/13/2026 09:55 PM EDT,NFC,Los Angeles Rams,17145,"Winston, Kevin",,,$1.03,3,2025 5.16,
05/13/2026 09:55 PM EDT,NFC,Los Angeles Rams,16148,"Young, Bryce",,,$6.09,1,2023 1.05,
05/13/2026 09:55 PM EDT,NFC,San Francisco 49ers,16012,"Alford, Dee",,,$1.10,1,2025 R/F,
05/13/2026 09:55 PM EDT,NFC,San Francisco 49ers,13759,"Armstrong, Dorance",,,$3.45,1,2026 oEXT,
05/13/2026 09:55 PM EDT,NFC,San Francisco 49ers,15777,"Austin III, Calvin",,,$1.10,1,2026 R/F,
05/13/2026 09:55 PM EDT,NFC,San Francisco 49ers,13172,"Brown, Noah",,,$1.10,1,2025 R/F,
05/13/2026 09:55 PM EDT,NFC,San Francisco 49ers,14777,"Burrow, Joe",,,$26.97,2,2023 iEXT,
05/13/2026 09:55 PM EDT,NFC,San Francisco 49ers,16233,"Carter, Jalen",,,$3.30,1,2023 1.12,
05/13/2026 09:55 PM EDT,NFC,San Francisco 49ers,17504,"Daniels, CJ",,,$0.98,4,2026 5.13,
05/13/2026 09:55 PM EDT,NFC,San Francisco 49ers,16581,"Daniels, Jayden",,,$3.72,2,2024 1.09,
05/13/2026 09:55 PM EDT,NFC,San Francisco 49ers,9064,"Flacco, Joe",,,$1.10,1,2025 R/F,
05/13/2026 09:55 PM EDT,NFC,San Francisco 49ers,14901,"Gallimore, Neville",,,$1.10,1,2026 R/F,
05/13/2026 09:55 PM EDT,NFC,San Francisco 49ers,15337,"Gray, Noah",,,$5.20,2,2026 oEXT,
05/13/2026 09:55 PM EDT,NFC,San Francisco 49ers,17141,"Hairston, Maxwell",,,$1.13,3,2025 4.06,
05/13/2026 09:55 PM EDT,NFC,San Francisco 49ers,17685,"Heidenreich, Eli",,,$0.99,4,2026 5.04,
05/13/2026 09:55 PM EDT,NFC,San Francisco 49ers,17043,"Henderson, TreVeyon",,,$5.28,3,2025 1.06,
05/13/2026 09:55 PM EDT,NFC,San Francisco 49ers,16280,"Henley, Daiyan",,,$3.70,1,2023 3.13^,
05/13/2026 09:55 PM EDT,NFC,San Francisco 49ers,15805,"Hutchinson, Aidan",,,$10.78,4,2025 iEXT,
05/13/2026 09:55 PM EDT,NFC,San Francisco 49ers,16201,"Hutchinson, Xavier",,,$1.10,1,2026 R/F,
05/13/2026 09:55 PM EDT,NFC,San Francisco 49ers,13714,"James, Derwin",,,$5.67,1,2024 B/R,
05/13/2026 09:55 PM EDT,NFC,San Francisco 49ers,11244,"Kelce, Travis",,,$9.90,1,2026 mEXT,
05/13/2026 09:55 PM EDT,NFC,San Francisco 49ers,17683,"Kuwatch, Jackson",,,$0.94,3,2026 UDFA,
05/13/2026 09:55 PM EDT,NFC,San Francisco 49ers,17580,"Lawrence, Malachi",,,$1.98,4,2026 2.07,
05/13/2026 09:55 PM EDT,NFC,San Francisco 49ers,17499,"Lemon, Makai",,,$7.14,4,2026 1.04,
05/13/2026 09:55 PM EDT,NFC,San Francisco 49ers,13802,"Martin, Jake",,,$1.10,1,2026 ERFA,
05/13/2026 09:55 PM EDT,NFC,San Francisco 49ers,15845,"McDuffie, Trent",,,$3.51,1,2024 oEXT,
05/13/2026 09:55 PM EDT,NFC,San Francisco 49ers,14908,"McKinney, Xavier",,,$4.74,1,2024 oEXT,
05/13/2026 09:55 PM EDT,NFC,San Francisco 49ers,16628,"McMillan, Jalen",,,$1.36,2,2024 3.09,
05/13/2026 09:55 PM EDT,NFC,San Francisco 49ers,17575,"McNeil-Warren, Emmanuel",,,$1.44,4,2026 3.04,
05/13/2026 09:55 PM EDT,NFC,San Francisco 49ers,16690,"Mitchell, Quinyon",,,$1.21,2,2024 3.21,
05/13/2026 09:55 PM EDT,NFC,San Francisco 49ers,17066,"Monangai, Kyle",,,$0.99,2,2025 UDFA,
05/13/2026 09:55 PM EDT,NFC,San Francisco 49ers,16286,"Moody, Jake",,,$1.10,1,2026 R/F,
05/13/2026 09:55 PM EDT,NFC,San Francisco 49ers,17700,"Murdock, Red",,,$0.94,3,2026 UDFA,
05/13/2026 09:55 PM EDT,NFC,San Francisco 49ers,16224,"Murphy, Myles",,,$1.42,1,2023 3.11,
05/13/2026 09:55 PM EDT,NFC,San Francisco 49ers,16215,"Musgrave, Luke",,,$1.88,1,2023 2.10,
05/13/2026 09:55 PM EDT,NFC,San Francisco 49ers,17554,"Parker, T.J.",,,$1.86,4,2026 2.09,
05/13/2026 09:55 PM EDT,NFC,San Francisco 49ers,14085,"Pollard, Tony",,,$8.15,1,2025 UFA,
05/13/2026 09:55 PM EDT,NFC,San Francisco 49ers,17590,"Ponds, D'Angelo",,,$1.08,4,2026 4.09,
05/13/2026 09:55 PM EDT,NFC,San Francisco 49ers,12697,"Robinson, A'Shawn",,,$8.36,1,2025 UFA,
05/13/2026 09:55 PM EDT,NFC,San Francisco 49ers,17139,"Sanders, T.J.",,,$1.10,3,2025 4.12,
05/13/2026 09:55 PM EDT,NFC,San Francisco 49ers,17147,"Schwesinger, Carson",,,$2.04,3,2025 2.06,
05/13/2026 09:55 PM EDT,NFC,San Francisco 49ers,13696,"Smith, Roquan",,,$9.90,2,2025 B/R,
05/13/2026 09:55 PM EDT,NFC,San Francisco 49ers,15287,"St. Brown, Amon-Ra",,,$37.66,3,2024 iEXT,
05/13/2026 09:55 PM EDT,NFC,San Francisco 49ers,17132,"Starks, Malaki",,,$1.41,3,2025 3.06,
05/13/2026 09:55 PM EDT,NFC,San Francisco 49ers,10775,"Wagner, Bobby",,,$4.81,1,2025 UFA,
05/13/2026 09:55 PM EDT,NFC,San Francisco 49ers,16629,"Wilson, Roman",,,$1.81,2,2024 2.09,
05/13/2026 09:55 PM EDT,NFC,San Francisco 49ers,17588,"Young, Zion",,,$1.05,4,2026 4.13,
05/13/2026 09:55 PM EDT,NFC,San Francisco 49ers,14592,"Zaccheaus, Olamide",,,$1.10,1,2025 R/F,
05/13/2026 09:55 PM EDT,NFC,Seattle Seahawks,17579,"Banks, Caleb",,,$1.32,4,2026 3.09,
05/13/2026 09:55 PM EDT,NFC,Seattle Seahawks,14217,"Barton, Cody",,,$4.95,2,2025 UFA,
05/13/2026 09:55 PM EDT,NFC,Seattle Seahawks,17508,"Bell, Skyler",,,$1.25,4,2026 3.13,
05/13/2026 09:55 PM EDT,NFC,Seattle Seahawks,16164,"Bigsby, Tank",,,$3.67,1,2026 ORFA3,
05/13/2026 09:55 PM EDT,NFC,Seattle Seahawks,17076,"Bond, Isaiah",,,$0.99,2,2025 UDFA,
05/13/2026 09:55 PM EDT,NFC,Seattle Seahawks,16794,"Briggs, Jowon",,,$2.09,3,2026 oEXT,
05/13/2026 09:55 PM EDT,NFC,Seattle Seahawks,17070,"Burden, Luther",,,$2.45,3,2025 2.01,
05/13/2026 09:55 PM EDT,NFC,Seattle Seahawks,17527,"Cameron, Josh",,,$0.94,3,2026 UDFA,
05/13/2026 09:55 PM EDT,NFC,Seattle Seahawks,14888,"Chaisson, K'Lavon",,,$3.49,2,2026 oEXT,
05/13/2026 09:55 PM EDT,NFC,Seattle Seahawks,16809,"Coker, Jalen",,,$5.10,4,2024 iEXT,
05/13/2026 09:55 PM EDT,NFC,Seattle Seahawks,17303,"Collins, Beaux",,,$1.10,1,2026 ERFA,
05/13/2026 09:55 PM EDT,NFC,Seattle Seahawks,15484,"Cooper, Jonathon",,,$6.94,3,2025 iEXT,
05/13/2026 09:55 PM EDT,NFC,Seattle Seahawks,15839,"Cross, Nick",,,$7.80,3,2026 ORFA5,
05/13/2026 09:55 PM EDT,NFC,Seattle Seahawks,16265,"Dexter, Gervon",,,$3.70,1,2023 5.03^,
05/13/2026 09:55 PM EDT,NFC,Seattle Seahawks,12186,"Diggs, Stefon",,,$12.00,1,2026 B/R,
05/13/2026 09:55 PM EDT,NFC,Seattle Seahawks,14800,"Dobbins, J.K.",,,$7.45,1,2025 SRFA,
05/13/2026 09:55 PM EDT,NFC,Seattle Seahawks,16657,"Dorlus, Brandon",,,$2.09,3,2026 oEXT,
05/13/2026 09:55 PM EDT,NFC,Seattle Seahawks,15681,"Elliss, Christian",,,$1.10,1,2026 R/F,
05/13/2026 09:55 PM EDT,NFC,Seattle Seahawks,17511,"Fields, Malachi",,,$1.67,4,2026 2.13,
05/13/2026 09:55 PM EDT,NFC,Seattle Seahawks,17657,"Green, Taylen",,,$0.94,3,2026 UDFA,
05/13/2026 09:55 PM EDT,NFC,Seattle Seahawks,14954,"Hawkins, Jaylinn",,,$3.45,2,2025 iEXT,
05/13/2026 09:55 PM EDT,NFC,Seattle Seahawks,16712,"Hunt, Jalyx",,,$2.81,3,2025 UFA,
05/13/2026 09:55 PM EDT,NFC,Seattle Seahawks,17610,"Huskey, Jalen",,,$0.94,3,2026 UDFA,
05/13/2026 09:55 PM EDT,NFC,Seattle Seahawks,16711,"Isaac, Adisa",,,$1.10,1,2025 R/F,
05/13/2026 09:55 PM EDT,NFC,Seattle Seahawks,17584,"Jacas, Gabe",,,$1.02,4,2026 4.19,
05/13/2026 09:55 PM EDT,NFC,Seattle Seahawks,17042,"Jeanty, Ashton",,,$10.80,3,2025 1.01,
05/13/2026 09:55 PM EDT,NFC,Seattle Seahawks,17079,"Johnson, Tez",,,$4.52,4,2025 iEXT,
05/13/2026 09:55 PM EDT,NFC,Seattle Seahawks,16188,"Johnston, Quentin",,,$4.10,1,2023 1.09,
05/13/2026 09:55 PM EDT,NFC,Seattle Seahawks,15330,"Jordan, Brevin",,,$1.10,1,2026 R/F,
05/13/2026 09:55 PM EDT,NFC,Seattle Seahawks,16722,"Knight, Tyrice",,,$2.10,3,2026 oEXT,
05/13/2026 09:55 PM EDT,NFC,Seattle Seahawks,15795,"Kolar, Charlie",,,$1.10,1,2026 R/F,
05/13/2026 09:55 PM EDT,NFC,Seattle Seahawks,16222,"Kraft, Tucker",,,$3.70,1,2023 4.04^,
05/13/2026 09:55 PM EDT,NFC,Seattle Seahawks,17205,"Lambert-Smith, KeAndre",,,$0.99,2,2025 UDFA,
05/13/2026 09:55 PM EDT,NFC,Seattle Seahawks,15822,"Lloyd, Devin",,,$8.01,3,2026 mEXT,
05/13/2026 09:55 PM EDT,NFC,Seattle Seahawks,16390,"McLaughlin, Jaleel",,,$1.10,1,2026 R/F,
05/13/2026 09:55 PM EDT,NFC,Seattle Seahawks,17339,"McNamara, Austin",,,$2.01,3,2026 oEXT,
05/13/2026 09:55 PM EDT,NFC,Seattle Seahawks,15363,"Melifonwu, Ifeatu",,,$1.10,1,2026 R/F,
05/13/2026 09:55 PM EDT,NFC,Seattle Seahawks,17462,"Mendoza, Fernando",,,$11.67,4,2026 1.01,
05/13/2026 09:55 PM EDT,NFC,Seattle Seahawks,16585,"Milton, Joe",,,$1.10,1,2026 R/F,
05/13/2026 09:55 PM EDT,NFC,Seattle Seahawks,17136,"Nolen, Walter",,,$1.54,3,2025 3.01,
05/13/2026 09:55 PM EDT,NFC,Seattle Seahawks,17665,"Obiazor, Namdi",,,$0.94,3,2026 UDFA,
05/13/2026 09:55 PM EDT,NFC,Seattle Seahawks,15889,"Okonkwo, Chigoziem",,,$4.96,3,2023 oEXT,
05/13/2026 09:55 PM EDT,NFC,Seattle Seahawks,16691,"Orhorhoro, Ruke",,,$1.28,1,2024 3.15,
05/13/2026 09:55 PM EDT,NFC,Seattle Seahawks,15351,"Owusu-Koramoah, Jeremiah",,,$6.55,3,2025 B/R,
05/13/2026 09:55 PM EDT,NFC,Seattle Seahawks,16199,"Palmer, Trey",,,$1.10,1,2026 R/F,
05/13/2026 09:55 PM EDT,NFC,Seattle Seahawks,17163,"Parrish, Jacob",,,$0.99,2,2025 UDFA,
05/13/2026 09:55 PM EDT,NFC,Seattle Seahawks,14896,"Queen, Patrick",,,$8.72,1,2024 oEXT,
05/13/2026 09:55 PM EDT,NFC,Seattle Seahawks,17564,"Ramsey, Kamari",,,$0.94,3,2026 UDFA,
05/13/2026 09:55 PM EDT,NFC,Seattle Seahawks,16586,"Rattler, Spencer",,,$1.10,1,2026 R/F,
05/13/2026 09:55 PM EDT,NFC,Seattle Seahawks,16681,"Reichard, Will",,,$2.05,3,2025 iEXT,
05/13/2026 09:55 PM EDT,NFC,Seattle Seahawks,15716,"Robinson, Brian",,,$5.88,3,2025 SRFA,
05/13/2026 09:55 PM EDT,NFC,Seattle Seahawks,16298,"Robinson, Tavius",,,$1.10,1,2026 ERFA,
05/13/2026 09:55 PM EDT,NFC,Seattle Seahawks,16643,"Sanders, Ja'Tavion",,,$1.34,1,2024 3.10,
05/13/2026 09:55 PM EDT,NFC,Seattle Seahawks,17616,"Scott, Keionte",,,$0.99,4,2026 5.10,
05/13/2026 09:55 PM EDT,NFC,Seattle Seahawks,17175,"Smith, Arian",,,$0.99,2,2025 UDFA,
05/13/2026 09:55 PM EDT,NFC,Seattle Seahawks,17626,"Smith, Genesis",,,$0.94,3,2026 UDFA,
05/13/2026 09:55 PM EDT,NFC,Seattle Seahawks,16228,"Smith, Nolan",,,$1.55,1,2023 3.04,
05/13/2026 09:55 PM EDT,NFC,Seattle Seahawks,17544,"Stowers, Eli",,,$2.50,4,2026 2.01,
05/13/2026 09:55 PM EDT,NFC,Seattle Seahawks,16150,"Stroud, C.J.",,,$6.90,1,2023 1.04,
05/13/2026 09:55 PM EDT,NFC,Seattle Seahawks,17707,"Sturdivant, J Michael",,,$0.94,3,2026 UDFA,
05/13/2026 09:55 PM EDT,NFC,Seattle Seahawks,17572,"Terrell, Avieon",,,$1.00,4,2026 5.02,
05/13/2026 09:55 PM EDT,NFC,Seattle Seahawks,17087,"Thornton, Dont'e",,,$1.03,3,2025 5.17,
05/13/2026 09:55 PM EDT,NFC,Seattle Seahawks,17202,"Trader, Dante",,,$1.10,1,2026 ERFA,
05/13/2026 09:55 PM EDT,NFC,Seattle Seahawks,17546,"Trigg, Michael",,,$0.94,3,2026 UDFA,
05/13/2026 09:55 PM EDT,NFC,Seattle Seahawks,16621,"Walker, Devontez",,,$1.10,1,2026 R/F,
05/13/2026 09:55 PM EDT,NFC,Seattle Seahawks,17482,"Washington Jr., Mike",,,$1.10,4,2026 4.06,
05/13/2026 09:55 PM EDT,NFC,Seattle Seahawks,17192,"Watkins, Jordan",,,$0.99,2,2025 UDFA,
05/13/2026 09:55 PM EDT,NFC,Seattle Seahawks,15789,"Watson, Christian",,,$30.01,4,2026 mEXT,
05/13/2026 09:55 PM EDT,NFC,Seattle Seahawks,16195,"Wicks, Dontayvion",,,$3.74,4,2024 oEXT,
05/13/2026 09:55 PM EDT,NFC,Seattle Seahawks,16274,"Williams, Garrett",,,$1.10,1,2025 R/F,
05/13/2026 09:55 PM EDT,NFC,Seattle Seahawks,17096,"Williams, Savion",,,$1.08,3,2025 4.15,
05/13/2026 09:55 PM EDT,NFC,Seattle Seahawks,17542,"Young, Colbie",,,$0.94,3,2026 UDFA,
05/13/2026 09:55 PM EDT,AFC,Buffalo Bills,16223,"Anderson, Will",,,$4.48,1,2023 1.08,
05/13/2026 09:55 PM EDT,AFC,Buffalo Bills,16671,"Arnold, Terrion",,,$1.18,2,2024 4.07,
05/13/2026 09:55 PM EDT,AFC,Buffalo Bills,17108,"Arroyo, Elijah",,,$1.35,3,2025 3.09,
05/13/2026 09:55 PM EDT,AFC,Buffalo Bills,17629,"Boettcher, Bryce",,,$0.99,4,2026 5.08,
05/13/2026 09:55 PM EDT,AFC,Buffalo Bills,16641,"Bowers, Brock",,,$7.02,2,2024 1.03,
05/13/2026 09:55 PM EDT,AFC,Buffalo Bills,16256,"Bresee, Bryan",,,$3.70,1,2023 2.04^,
05/13/2026 09:55 PM EDT,AFC,Buffalo Bills,16677,"Bullard, Javon",,,$1.44,2,2024 3.05,
05/13/2026 09:55 PM EDT,AFC,Buffalo Bills,17214,"Burke, Denzel",,,$1.10,1,2026 R/F,
05/13/2026 09:55 PM EDT,AFC,Buffalo Bills,14777,"Burrow, Joe",,,$27.27,3,2023 iEXT,
05/13/2026 09:55 PM EDT,AFC,Buffalo Bills,15831,"Chenal, Leo",,,$2.10,3,2026 oEXT,
05/13/2026 09:55 PM EDT,AFC,Buffalo Bills,17581,"Cisse, Brandon",,,$0.94,3,2026 UDFA,
05/13/2026 09:55 PM EDT,AFC,Buffalo Bills,15484,"Cooper, Jonathon",,,$9.26,2,2024 UFA,
05/13/2026 09:55 PM EDT,AFC,Buffalo Bills,15839,"Cross, Nick",,,$6.66,2,2025 iEXT,
05/13/2026 09:55 PM EDT,AFC,Buffalo Bills,17651,"Cuevas, Josh",,,$0.94,3,2026 UDFA,
05/13/2026 09:55 PM EDT,AFC,Buffalo Bills,17619,"Dennis-Sutton, Dani",,,$1.04,4,2026 4.14,
05/13/2026 09:55 PM EDT,AFC,Buffalo Bills,16265,"Dexter, Gervon",,,$3.70,1,2023 5.13^,
05/13/2026 09:55 PM EDT,AFC,Buffalo Bills,15779,"Doubs, Romeo",,,$6.17,3,2025 iEXT,
05/13/2026 09:55 PM EDT,AFC,Buffalo Bills,17664,"Eckley, Ryan",,,$0.99,4,2026 5.06,
05/13/2026 09:55 PM EDT,AFC,Buffalo Bills,17081,"Egbuka, Emeka",,,$3.19,3,2025 1.12,
05/13/2026 09:55 PM EDT,AFC,Buffalo Bills,17604,"Everette, Daylen",,,$0.94,3,2026 UDFA,
05/13/2026 09:55 PM EDT,AFC,Buffalo Bills,16162,"Gibbs, Jahmyr",,,$6.90,1,2023 1.04,
05/13/2026 09:55 PM EDT,AFC,Buffalo Bills,16667,"Gray, Cedric",,,$1.17,2,2024 4.09,
05/13/2026 09:55 PM EDT,AFC,Buffalo Bills,16702,"Green, Renardo",,,$4.81,1,2025 UFA,
05/13/2026 09:55 PM EDT,AFC,Buffalo Bills,17613,"Halton, Gracen",,,$1.08,4,2026 4.08,
05/13/2026 09:55 PM EDT,AFC,Buffalo Bills,16614,"Harrison Jr., Marvin",,,$6.14,2,2024 1.04,
05/13/2026 09:55 PM EDT,AFC,Buffalo Bills,17601,"Haulcy, A.J.",,,$1.34,4,2026 3.08,
05/13/2026 09:55 PM EDT,AFC,Buffalo Bills,17685,"Heidenreich, Eli",,,$0.94,3,2026 UDFA,
05/13/2026 09:55 PM EDT,AFC,Buffalo Bills,17249,"Jackson, Dan",,,$0.99,2,2025 UDFA,
05/13/2026 09:55 PM EDT,AFC,Buffalo Bills,17055,"James, Jordan",,,$1.13,3,2025 4.04,
05/13/2026 09:55 PM EDT,AFC,Buffalo Bills,17042,"Jeanty, Ashton",,,$10.80,3,2025 1.01,
05/13/2026 09:55 PM EDT,AFC,Buffalo Bills,17079,"Johnson, Tez",,,$1.10,1,2026 ERFA,
05/13/2026 09:55 PM EDT,AFC,Buffalo Bills,16651,"Latu, Laiatu",,,$2.37,2,2024 2.01,
05/13/2026 09:55 PM EDT,AFC,Buffalo Bills,14109,"McLaurin, Terry",,,$10.29,2,2024 B/R,
05/13/2026 09:55 PM EDT,AFC,Buffalo Bills,17575,"McNeil-Warren, Emmanuel",,,$1.67,4,2026 2.13,
05/13/2026 09:55 PM EDT,AFC,Buffalo Bills,17129,"Morrison, Benjamin",,,$0.99,2,2025 UDFA,
05/13/2026 09:55 PM EDT,AFC,Buffalo Bills,16615,"Nabers, Malik",,,$8.15,2,2024 1.02,
05/13/2026 09:55 PM EDT,AFC,Buffalo Bills,17609,"Neal, Julian",,,$0.94,3,2026 UDFA,
05/13/2026 09:55 PM EDT,AFC,Buffalo Bills,16692,"Newton, Jer'Zhan",,,$1.49,2,2024 3.03,
05/13/2026 09:55 PM EDT,AFC,Buffalo Bills,16225,"Ojulari, BJ",,,$1.10,1,2025 R/F,
05/13/2026 09:55 PM EDT,AFC,Buffalo Bills,16681,"Reichard, Will",,,$1.03,1,2024 UDFA,
05/13/2026 09:55 PM EDT,AFC,Buffalo Bills,17139,"Sanders, T.J.",,,$1.03,3,2025 5.09,
05/13/2026 09:55 PM EDT,AFC,Buffalo Bills,16234,"Simpson, Trenton",,,$1.10,1,2026 R/F,
05/13/2026 09:55 PM EDT,AFC,Buffalo Bills,16165,"Spears, Tyjae",,,$1.46,1,2023 3.08,
05/13/2026 09:55 PM EDT,AFC,Buffalo Bills,17126,"Stutsman, Danny",,,$1.30,3,2025 3.12,
05/13/2026 09:55 PM EDT,AFC,Buffalo Bills,17557,"Styles, Sonny",,,$4.52,4,2026 1.08,
05/13/2026 09:55 PM EDT,AFC,Buffalo Bills,15806,"Thibodeaux, Kayvon",,,$5.51,4,2025 iEXT,
05/13/2026 09:55 PM EDT,AFC,Buffalo Bills,14518,"Thompson, Jalen",,,$2.18,1,2026 oEXT,
05/13/2026 09:55 PM EDT,AFC,Buffalo Bills,16788,"Vele, Devaughn",,,$1.10,1,2026 ERFA,
05/13/2026 09:55 PM EDT,AFC,Buffalo Bills,13920,"Ward, Charvarius",,,$2.09,1,2025 UFA,
05/13/2026 09:55 PM EDT,AFC,Buffalo Bills,16192,"Washington, Parker",,,$8.27,3,2026 oEXT,
05/13/2026 09:55 PM EDT,AFC,Buffalo Bills,16148,"Young, Bryce",,,$7.93,1,2023 1.03,
05/13/2026 09:55 PM EDT,AFC,Miami Dolphins,15394,"Adebo, Paulson",,,$6.42,2,2024 iEXT,
05/13/2026 09:55 PM EDT,AFC,Miami Dolphins,15904,"Bland, DaRon",,,$5.88,2,2025 SRFA,
05/13/2026 09:55 PM EDT,AFC,Miami Dolphins,14630,"Cole, A.J.",,,$3.99,1,2024 iEXT,
05/13/2026 09:55 PM EDT,AFC,Miami Dolphins,15888,"Durant, Decobie",,,$1.10,1,2026 R/F,
05/13/2026 09:55 PM EDT,AFC,Miami Dolphins,16190,"Flowers, Zay",,,$3.53,1,2023 1.11,
05/13/2026 09:55 PM EDT,AFC,Miami Dolphins,13837,"Franklin, Zaire",,,$9.41,1,2024 iEXT,
05/13/2026 09:55 PM EDT,AFC,Miami Dolphins,14224,"Gardner-Johnson, Chauncey",,,$6.75,1,2024 UFA,
05/13/2026 09:55 PM EDT,AFC,Miami Dolphins,17060,"Giddens, DJ",,,$1.03,3,2025 5.13,
05/13/2026 09:55 PM EDT,AFC,Miami Dolphins,15708,"Hall, Breece",,,$15.12,1,2026 5YO,
05/13/2026 09:55 PM EDT,AFC,Miami Dolphins,14213,"Harris, Will",,,$1.10,1,2025 R/F,
05/13/2026 09:55 PM EDT,AFC,Miami Dolphins,13284,"Hendrickson, Trey",,,$5.67,1,2024 iEXT,
05/13/2026 09:55 PM EDT,AFC,Miami Dolphins,13742,"Hill, B.J.",,,$3.25,1,2025 UFA,
05/13/2026 09:55 PM EDT,AFC,Miami Dolphins,17560,"Hill Jr., Anthony",,,$1.86,4,2026 2.09,
05/13/2026 09:55 PM EDT,AFC,Miami Dolphins,17064,"Hunter, Jarquez",,,$1.03,3,2025 5.11,
05/13/2026 09:55 PM EDT,AFC,Miami Dolphins,16188,"Johnston, Quentin",,,$4.92,1,2023 1.07,
05/13/2026 09:55 PM EDT,AFC,Miami Dolphins,17547,"Klare, Max",,,$1.05,4,2026 4.12,
05/13/2026 09:55 PM EDT,AFC,Miami Dolphins,17125,"Knight, Demetrius",,,$1.32,3,2025 3.11,
05/13/2026 09:55 PM EDT,AFC,Miami Dolphins,13164,"Kupp, Cooper",,,$4.18,1,2025 UFA,
05/13/2026 09:55 PM EDT,AFC,Miami Dolphins,17519,"Lance, Bryce",,,$0.94,3,2026 UDFA,
05/13/2026 09:55 PM EDT,AFC,Miami Dolphins,16013,"Landman, Nate",,,$3.27,1,2024 UFA,
05/13/2026 09:55 PM EDT,AFC,Miami Dolphins,11769,"Lawrence, Demarcus",,,$3.34,1,2025 UFA,
05/13/2026 09:55 PM EDT,AFC,Miami Dolphins,15445,"Lenoir, Deommodore",,,$2.28,2,2025 UFA,
05/13/2026 09:55 PM EDT,AFC,Miami Dolphins,13227,"Lewis, Jourdan",,,$1.10,1,2026 R/F,
05/13/2026 09:55 PM EDT,AFC,Miami Dolphins,16580,"Maye, Drake",,,$3.22,2,2024 1.11,
05/13/2026 09:55 PM EDT,AFC,Miami Dolphins,15895,"McCollum, Zyon",,,$1.10,1,2026 R/F,
05/13/2026 09:55 PM EDT,AFC,Miami Dolphins,14717,"McLaughlin, Chase",,,$2.11,2,2025 iEXT,
05/13/2026 09:55 PM EDT,AFC,Miami Dolphins,14995,"Metellus, Josh",,,$5.88,1,2025 SRFA,
05/13/2026 09:55 PM EDT,AFC,Miami Dolphins,17585,"Miller, Christen",,,$1.05,4,2026 4.13,
05/13/2026 09:55 PM EDT,AFC,Miami Dolphins,16689,"Murphy, Byron",,,$1.73,2,2024 2.11,
05/13/2026 09:55 PM EDT,AFC,Miami Dolphins,17166,"Ransaw, Caleb",,,$0.99,2,2025 UDFA,
05/13/2026 09:55 PM EDT,AFC,Miami Dolphins,16231,"Sanders, Drew",,,$1.84,1,2023 2.11,
05/13/2026 09:55 PM EDT,AFC,Miami Dolphins,16870,"Speights, Omar",,,$1.10,1,2026 R/F,
05/13/2026 09:55 PM EDT,AFC,Miami Dolphins,15287,"St. Brown, Amon-Ra",,,$37.05,3,2024 iEXT,
05/13/2026 09:55 PM EDT,AFC,Miami Dolphins,9431,"Stafford, Matthew",,,$10.66,1,2025 UFA,
05/13/2026 09:55 PM EDT,AFC,Miami Dolphins,17132,"Starks, Malaki",,,$1.72,3,2025 2.12,
05/13/2026 09:55 PM EDT,AFC,Miami Dolphins,17118,"Stewart, Josaiah",,,$1.23,3,2025 3.17,
05/13/2026 09:55 PM EDT,AFC,Miami Dolphins,17572,"Terrell, Avieon",,,$1.22,4,2026 3.15,
05/13/2026 09:55 PM EDT,AFC,Miami Dolphins,17608,"Thomas, Jakobe",,,$0.98,4,2026 5.20,
05/13/2026 09:55 PM EDT,AFC,Miami Dolphins,17583,"Thomas, R Mason",,,$1.32,4,2026 3.09,
05/13/2026 09:55 PM EDT,AFC,Miami Dolphins,15358,"Togiai, Tommy",,,$1.10,1,2026 ERFA,
05/13/2026 09:55 PM EDT,AFC,Miami Dolphins,17102,"Warren, Tyler",,,$3.41,3,2025 1.11,
05/13/2026 09:55 PM EDT,AFC,Miami Dolphins,17482,"Washington Jr., Mike",,,$1.04,4,2026 4.15,
05/13/2026 09:55 PM EDT,AFC,Miami Dolphins,13214,"Watt, T.J.",,,$22.63,2,2024 B/R,
05/13/2026 09:55 PM EDT,AFC,New England Patriots,17478,"Allen, Kaytron",,,$1.10,4,2026 4.05,
05/13/2026 09:55 PM EDT,AFC,New England Patriots,13759,"Armstrong, Dorance",,,$1.10,1,2025 R/F,
05/13/2026 09:55 PM EDT,AFC,New England Patriots,14256,"Bailey, Jake",,,$1.10,1,2026 R/F,
05/13/2026 09:55 PM EDT,AFC,New England Patriots,17579,"Banks, Caleb",,,$1.36,4,2026 3.07,
05/13/2026 09:55 PM EDT,AFC,New England Patriots,17706,"Benson, Malik",,,$0.94,3,2026 UDFA,
05/13/2026 09:55 PM EDT,AFC,New England Patriots,17220,"Borregales, Andres",,,$0.99,2,2025 UDFA,
05/13/2026 09:55 PM EDT,AFC,New England Patriots,17500,"Boston, Denzel",,,$3.08,4,2026 1.13,
05/13/2026 09:55 PM EDT,AFC,New England Patriots,17507,"Branch, Zachariah",,,$1.26,4,2026 3.12,
05/13/2026 09:55 PM EDT,AFC,New England Patriots,17510,"Burks, Deion",,,$0.94,3,2026 UDFA,
05/13/2026 09:55 PM EDT,AFC,New England Patriots,12752,"Byard, Kevin",,,$9.48,1,2026 TT,
05/13/2026 09:55 PM EDT,AFC,New England Patriots,17148,"Collins, Alfred",,,$1.16,3,2025 4.01,
05/13/2026 09:55 PM EDT,AFC,New England Patriots,17171,"Dike, Chimere",,,$1.06,3,2025 5.03,
05/13/2026 09:55 PM EDT,AFC,New England Patriots,17689,"Doman, Tommy",,,$0.94,3,2026 UDFA,
05/13/2026 09:55 PM EDT,AFC,New England Patriots,15681,"Elliss, Christian",,,$1.10,1,2026 R/F,
05/13/2026 09:55 PM EDT,AFC,New England Patriots,16654,"Elliss, Jonah",,,$1.10,2,2024 4.24,
05/13/2026 09:55 PM EDT,AFC,New England Patriots,15823,"Harris, Christian",,,$1.10,1,2026 R/F,
05/13/2026 09:55 PM EDT,AFC,New England Patriots,17712,"Harris, Zxavian",,,$0.94,3,2026 UDFA,
05/13/2026 09:55 PM EDT,AFC,New England Patriots,17597,"Height, Romello",,,$0.94,3,2026 UDFA,
05/13/2026 09:55 PM EDT,AFC,New England Patriots,12626,"Henry, Derrick",,,$20.33,2,2026 B/R,
05/13/2026 09:55 PM EDT,AFC,New England Patriots,14167,"Hines-Allen, Josh",,,$14.64,1,2023 B/R,
05/13/2026 09:55 PM EDT,AFC,New England Patriots,17234,"Horn, Jimmy",,,$0.99,2,2025 UDFA,
05/13/2026 09:55 PM EDT,AFC,New England Patriots,17634,"Jefferson, Justin",,,$1.00,4,2026 5.03,
05/13/2026 09:55 PM EDT,AFC,New England Patriots,16175,"Johnson, Roschon",,,$1.35,1,2023 3.15,
05/13/2026 09:55 PM EDT,AFC,New England Patriots,14059,"Jones, Daniel",,,$6.38,1,2025 UFA,
05/13/2026 09:55 PM EDT,AFC,New England Patriots,16714,"Jones, Jarrian",,,$1.10,1,2026 ERFA,
05/13/2026 09:55 PM EDT,AFC,New England Patriots,15868,"Jones, Marcus",,,$3.85,2,2026 oEXT,
05/13/2026 09:55 PM EDT,AFC,New England Patriots,15395,"Koonce, Malcolm",,,$1.10,1,2026 R/F,
05/13/2026 09:55 PM EDT,AFC,New England Patriots,15798,"Likely, Isaiah",,,$4.26,4,2024 iEXT,
05/13/2026 09:55 PM EDT,AFC,New England Patriots,14782,"Love, Jordan",,,$11.50,3,2023 iEXT,
05/13/2026 09:55 PM EDT,AFC,New England Patriots,14900,"Madubuike, Nnamdi",,,$7.39,3,2025 B/R,
05/13/2026 09:55 PM EDT,AFC,New England Patriots,16263,"Martin, Quan",,,$1.55,1,2023 3.04,
05/13/2026 09:55 PM EDT,AFC,New England Patriots,17569,"McDonald, Kayden",,,$1.59,4,2026 2.15,
05/13/2026 09:55 PM EDT,AFC,New England Patriots,16252,"McDonald, Will",,,$3.70,1,2023 3.17^,
05/13/2026 09:55 PM EDT,AFC,New England Patriots,17475,"McGowan, Seth",,,$0.94,3,2026 UDFA,
05/13/2026 09:55 PM EDT,AFC,New England Patriots,17702,"Morton, Behren",,,$0.94,3,2026 UDFA,
05/13/2026 09:55 PM EDT,AFC,New England Patriots,17153,"Mukuba, Andrew",,,$1.14,3,2025 4.03,
05/13/2026 09:55 PM EDT,AFC,New England Patriots,15786,"Nailor, Jalen",,,$1.10,1,2026 ERFA,
05/13/2026 09:55 PM EDT,AFC,New England Patriots,17080,"Noel, Jaylin",,,$1.38,3,2025 3.08,
05/13/2026 09:55 PM EDT,AFC,New England Patriots,14218,"Okereke, Bobby",,,$8.02,2,2025 UFA,
05/13/2026 09:55 PM EDT,AFC,New England Patriots,15388,"Ossai, Joseph",,,$3.64,2,2025 iEXT,
05/13/2026 09:55 PM EDT,AFC,New England Patriots,15349,"Phillips, Jaelan",,,$11.89,4,2024 B/R,
05/13/2026 09:55 PM EDT,AFC,New England Patriots,17156,"Porter, Darien",,,$0.99,2,2025 UDFA,
05/13/2026 09:55 PM EDT,AFC,New England Patriots,15076,"Rozeboom, Christian",,,$4.07,1,2024 iEXT,
05/13/2026 09:55 PM EDT,AFC,New England Patriots,17543,"Sadiq, Kenyon",,,$3.80,4,2026 1.10,
05/13/2026 09:55 PM EDT,AFC,New England Patriots,16698,"Sainristil, Mike",,,$1.20,2,2024 4.04,
05/13/2026 09:55 PM EDT,AFC,New England Patriots,16080,"Shaheed, Rashid",,,$7.28,4,2025 iEXT,
05/13/2026 09:55 PM EDT,AFC,New England Patriots,14163,"Simmons, Jeffery",,,$16.18,5,2025 oEXT,
05/13/2026 09:55 PM EDT,AFC,New England Patriots,15446,"Slaton, Tedarrell",,,$1.10,1,2026 ERFA,
05/13/2026 09:55 PM EDT,AFC,New England Patriots,17626,"Smith, Genesis",,,$0.94,3,2026 UDFA,
05/13/2026 09:55 PM EDT,AFC,New England Patriots,17582,"Stukes, Treydan",,,$1.09,4,2026 4.07,
05/13/2026 09:55 PM EDT,AFC,New England Patriots,17640,"Taaffe, Michael",,,$0.94,3,2026 UDFA,
05/13/2026 09:55 PM EDT,AFC,New England Patriots,16236,"To'oTo'o, Henry",,,$1.14,1,2023 5.21,
05/13/2026 09:55 PM EDT,AFC,New England Patriots,16268,"Turner, DJ",,,$1.14,1,2023 5.17,
05/13/2026 09:55 PM EDT,AFC,New England Patriots,17134,"Williams, Kyle",,,$1.49,3,2025 3.03,
05/13/2026 09:55 PM EDT,AFC,New England Patriots,15753,"Wilson, Garrett",,,$12.96,5,2025 iEXT,
05/13/2026 09:55 PM EDT,AFC,New England Patriots,16206,"Wilson, Michael",,,$1.14,1,2023 5.22,
05/13/2026 09:55 PM EDT,AFC,New England Patriots,16629,"Wilson, Roman",,,$1.93,2,2024 2.07,
05/13/2026 09:55 PM EDT,AFC,New England Patriots,14947,"Wonnum, D.J.",,,$1.10,1,2026 R/F,
05/13/2026 09:55 PM EDT,AFC,New England Patriots,17542,"Young, Colbie",,,$0.94,3,2026 UDFA,
05/13/2026 09:55 PM EDT,AFC,New York Jets,11675,"Adams, Davante",,,$23.96,1,2024 UFA,
05/13/2026 09:55 PM EDT,AFC,New York Jets,16596,"Allen, Braelon",,,$1.33,2,2024 3.11,
05/13/2026 09:55 PM EDT,AFC,New York Jets,16264,"Benton, Keeanu",,,$3.70,1,2023 5.02^,
05/13/2026 09:55 PM EDT,AFC,New York Jets,14892,"Brooks, Jordyn",,,$14.84,1,2026 NEFT,
05/13/2026 09:55 PM EDT,AFC,New York Jets,14105,"Brown, Marquise",,,$3.90,2,2026 B/R,
05/13/2026 09:55 PM EDT,AFC,New York Jets,16705,"Bullock, Calen",,,$1.08,2,2024 5.11,
05/13/2026 09:55 PM EDT,AFC,New York Jets,14888,"Chaisson, K'Lavon",,,$3.49,2,2026 oEXT,
05/13/2026 09:55 PM EDT,AFC,New York Jets,16675,"DeJean, Cooper",,,$1.25,2,2024 3.16,
05/13/2026 09:55 PM EDT,AFC,New York Jets,16278,"Diaby, YaYa",,,$7.50,3,2026 RRFA,
05/13/2026 09:55 PM EDT,AFC,New York Jets,17056,"Etienne, Trevor",,,$1.14,3,2025 4.02,
05/13/2026 09:55 PM EDT,AFC,New York Jets,16619,"Franklin, Troy",,,$1.52,2,2024 3.02,
05/13/2026 09:55 PM EDT,AFC,New York Jets,16251,"Gonzalez, Christian",,,$3.70,1,2023 4.05^,
05/13/2026 09:55 PM EDT,AFC,New York Jets,17676,"Hall, TJ",,,$0.94,3,2026 UDFA,
05/13/2026 09:55 PM EDT,AFC,New York Jets,17072,"Harris, Tre",,,$2.18,3,2025 2.04,
05/13/2026 09:55 PM EDT,AFC,New York Jets,17690,"Hughes, Parker",,,$0.94,3,2026 UDFA,
05/13/2026 09:55 PM EDT,AFC,New York Jets,13682,"Key, Arden",,,$1.10,1,2026 R/F,
05/13/2026 09:55 PM EDT,AFC,New York Jets,17205,"Lambert-Smith, KeAndre",,,$0.99,2,2025 UDFA,
05/13/2026 09:55 PM EDT,AFC,New York Jets,17559,"Lawson, Deontae",,,$0.94,3,2026 UDFA,
05/13/2026 09:55 PM EDT,AFC,New York Jets,15794,"McBride, Trey",,,$16.57,5,2025 iEXT,
05/13/2026 09:55 PM EDT,AFC,New York Jets,14842,"Pittman, Michael",,,$14.56,1,2024 oEXT,
05/13/2026 09:55 PM EDT,AFC,New York Jets,12620,"Prescott, Dak",,,$40.93,2,2021 EXT,
05/13/2026 09:55 PM EDT,AFC,New York Jets,17181,"Ransom, Lathan",,,$0.99,2,2025 UDFA,
05/13/2026 09:55 PM EDT,AFC,New York Jets,17556,"Reese, Arvell",,,$3.28,4,2026 1.12,
05/13/2026 09:55 PM EDT,AFC,New York Jets,16697,"Smith, Maason",,,$1.08,2,2024 5.16,
05/13/2026 09:55 PM EDT,AFC,New York Jets,14802,"Taylor, Jonathan",,,$18.67,2,2025 oEXT,
05/13/2026 09:55 PM EDT,AFC,New York Jets,17030,"Ward, Cam",,,$6.72,3,2025 1.04,
05/13/2026 09:55 PM EDT,AFC,New York Jets,17577,"Wheatley, Zakee",,,$0.94,3,2026 UDFA,
05/13/2026 09:55 PM EDT,AFC,New York Jets,16274,"Williams, Garrett",,,$1.14,1,2023 5.26,
05/13/2026 09:55 PM EDT,AFC,New York Jets,16226,"Wilson, Tyree",,,$2.78,1,2023 1.15,
05/13/2026 09:55 PM EDT,AFC,Baltimore Ravens,16186,"Addison, Jordan",,,$5.45,1,2023 1.06,
05/13/2026 09:55 PM EDT,AFC,Baltimore Ravens,14840,"Aiyuk, Brandon",,,$2.38,2,2026 B/R,
05/13/2026 09:55 PM EDT,AFC,Baltimore Ravens,17369,"Ajiake, Austin",,,$1.10,1,2026 R/F,
05/13/2026 09:55 PM EDT,AFC,Baltimore Ravens,17558,"Allen, CJ",,,$1.98,4,2026 2.07,
05/13/2026 09:55 PM EDT,AFC,Baltimore Ravens,17466,"Beck, Carson",,,$1.13,4,2026 4.02,
05/13/2026 09:55 PM EDT,AFC,Baltimore Ravens,16281,"Brown, Ji'Ayir",,,$1.10,1,2026 ERFA,
05/13/2026 09:55 PM EDT,AFC,Baltimore Ravens,17082,"Bryant, Pat",,,$1.09,3,2025 4.12,
05/13/2026 09:55 PM EDT,AFC,Baltimore Ravens,14927,"Chinn, Jeremy",,,$5.01,2,2026 oEXT,
05/13/2026 09:55 PM EDT,AFC,Baltimore Ravens,13681,"Chubb, Bradley",,,$3.75,1,2025 ORFA1,
05/13/2026 09:55 PM EDT,AFC,Baltimore Ravens,16187,"Downs, Josh",,,$1.57,1,2023 3.03,
05/13/2026 09:55 PM EDT,AFC,Baltimore Ravens,14303,"Elliss, Kaden",,,$5.85,1,2025 UFA,
05/13/2026 09:55 PM EDT,AFC,Baltimore Ravens,13189,"Engram, Evan",,,$6.48,1,2025 UFA,
05/13/2026 09:55 PM EDT,AFC,Baltimore Ravens,17107,"Ferguson, Terrance",,,$1.25,3,2025 3.15,
05/13/2026 09:55 PM EDT,AFC,Baltimore Ravens,15499,"Gillikin, Blake",,,$1.10,1,2026 R/F,
05/13/2026 09:55 PM EDT,AFC,Baltimore Ravens,16235,"Hall, Derick",,,$1.10,1,2026 R/F,
05/13/2026 09:55 PM EDT,AFC,Baltimore Ravens,17044,"Hampton, Omarion",,,$5.92,3,2025 1.05,
05/13/2026 09:55 PM EDT,AFC,Baltimore Ravens,14779,"Herbert, Justin",,,$15.59,3,2023 iEXT,
05/13/2026 09:55 PM EDT,AFC,Baltimore Ravens,16727,"Hicks, Jaden",,,$1.10,1,2026 R/F,
05/13/2026 09:55 PM EDT,AFC,Baltimore Ravens,13424,"Hill, Taysom",,,$1.10,1,2026 R/F,
05/13/2026 09:55 PM EDT,AFC,Baltimore Ravens,17074,"Hunter, Travis",,,$9.05,3,2025 1.02,
05/13/2026 09:55 PM EDT,AFC,Baltimore Ravens,17592,"Igbinosun, Davison",,,$0.94,3,2026 UDFA,
05/13/2026 09:55 PM EDT,AFC,Baltimore Ravens,17605,"Kacmarek, Will",,,$0.94,3,2026 UDFA,
05/13/2026 09:55 PM EDT,AFC,Baltimore Ravens,17352,"Kroeger, Kai",,,$1.10,1,2026 R/F,
05/13/2026 09:55 PM EDT,AFC,Baltimore Ravens,17647,"Law, Kendrick",,,$0.94,3,2026 UDFA,
05/13/2026 09:55 PM EDT,AFC,Baltimore Ravens,15140,"Lewis, Cam",,,$1.10,1,2026 R/F,
05/13/2026 09:55 PM EDT,AFC,Baltimore Ravens,16300,"McGuire, Isaiah",,,$1.10,1,2026 R/F,
05/13/2026 09:55 PM EDT,AFC,Baltimore Ravens,15368,"McPherson, Evan",,,$1.10,1,2026 R/F,
05/13/2026 09:55 PM EDT,AFC,Baltimore Ravens,16171,"Miller, Kendre",,,$2.10,1,2023 2.06,
05/13/2026 09:55 PM EDT,AFC,Baltimore Ravens,17587,"Moore, Derrick",,,$1.41,4,2026 3.05,
05/13/2026 09:55 PM EDT,AFC,Baltimore Ravens,17622,"Muhammad, Malik",,,$0.94,3,2026 UDFA,
05/13/2026 09:55 PM EDT,AFC,Baltimore Ravens,16224,"Murphy, Myles",,,$3.30,2,2026 oEXT,
05/13/2026 09:55 PM EDT,AFC,Baltimore Ravens,16725,"Mustapha, Malik",,,$2.06,3,2025 iEXT,
05/13/2026 09:55 PM EDT,AFC,Baltimore Ravens,14158,"Oliver, Ed",,,$7.60,1,2023 iEXT,
05/13/2026 09:55 PM EDT,AFC,Baltimore Ravens,16622,"Pearsall, Ricky",,,$2.71,2,2024 1.14,
05/13/2026 09:55 PM EDT,AFC,Baltimore Ravens,15762,"Pickens, George",,,$36.00,3,2026 mEXT,
05/13/2026 09:55 PM EDT,AFC,Baltimore Ravens,17602,"Regis, Albert",,,$0.94,3,2026 UDFA,
05/13/2026 09:55 PM EDT,AFC,Baltimore Ravens,16660,"Robinson, Darius",,,$1.56,2,2024 2.16,
05/13/2026 09:55 PM EDT,AFC,Baltimore Ravens,15346,"Rousseau, Gregory",,,$7.37,2,2024 iEXT,
05/13/2026 09:55 PM EDT,AFC,Baltimore Ravens,17031,"Sanders, Shedeur",,,$1.24,3,2025 3.16,
05/13/2026 09:55 PM EDT,AFC,Baltimore Ravens,17476,"Singleton, Nicholas",,,$1.14,4,2026 4.01,
05/13/2026 09:55 PM EDT,AFC,Baltimore Ravens,0800,"Stonehouse, Jack",,,$0.94,3,2026 UDFA,
05/13/2026 09:55 PM EDT,AFC,Baltimore Ravens,16693,"Sweat, T'Vondre",,,$1.23,2,2024 3.19,
05/13/2026 09:55 PM EDT,AFC,Baltimore Ravens,15173,"Tart, Teair",,,$1.10,1,2026 R/F,
05/13/2026 09:55 PM EDT,AFC,Baltimore Ravens,0801,"Thorson, Brett",,,$0.94,3,2026 UDFA,
05/13/2026 09:55 PM EDT,AFC,Baltimore Ravens,16287,"Tucker, Tre",,,$1.10,1,2026 ERFA,
05/13/2026 09:55 PM EDT,AFC,Baltimore Ravens,16650,"Turner, Dallas",,,$2.10,2,2024 2.04,
05/13/2026 09:55 PM EDT,AFC,Baltimore Ravens,14925,"Uche, Josh",,,$1.10,1,2026 R/F,
05/13/2026 09:55 PM EDT,AFC,Baltimore Ravens,15711,"Walker III, Kenneth",,,$10.99,1,2025 iEXT,
05/13/2026 09:55 PM EDT,AFC,Baltimore Ravens,13113,"Watson, Deshaun",,,$1.10,1,2026 R/F,
05/13/2026 09:55 PM EDT,AFC,Baltimore Ravens,17164,"Williams, Nohl",,,$1.10,1,2026 R/F,
05/13/2026 09:55 PM EDT,AFC,Baltimore Ravens,16716,"Wilson, Payton",,,$1.29,2,2024 3.14,
05/13/2026 09:55 PM EDT,AFC,Baltimore Ravens,14909,"Winfield, Antoine",,,$9.11,2,2026 oEXT,
05/13/2026 09:55 PM EDT,AFC,Baltimore Ravens,17555,"Woods, Peter",,,$1.49,4,2026 3.02,
05/13/2026 09:55 PM EDT,AFC,Baltimore Ravens,16620,"Worthy, Xavier",,,$4.04,2,2024 1.08,
05/13/2026 09:55 PM EDT,AFC,Baltimore Ravens,15864,"Wright, Alex",,,$3.17,2,2025 iEXT,
05/13/2026 09:55 PM EDT,AFC,Baltimore Ravens,15401,"Wright, Nahshon",,,$1.10,1,2026 ERFA,
05/13/2026 09:55 PM EDT,AFC,Cincinnati Bengals,16645,"All, Erick",,,$1.03,1,2024 UDFA,
05/13/2026 09:55 PM EDT,AFC,Cincinnati Bengals,16018,"Blankenship, Reed",,,$3.75,1,2026 ORFAN,
05/13/2026 09:55 PM EDT,AFC,Cincinnati Bengals,12688,"Buckner, DeForest",,,$17.56,1,2025 UFA,
05/13/2026 09:55 PM EDT,AFC,Cincinnati Bengals,14170,"Bush, Devin",,,$10.26,3,2026 oEXT,
05/13/2026 09:55 PM EDT,AFC,Cincinnati Bengals,17123,"Campbell, Jihaad",,,$2.04,3,2025 2.06,
05/13/2026 09:55 PM EDT,AFC,Cincinnati Bengals,16640,"Cowing, Jacob",,,$1.22,2,2024 4.01,
05/13/2026 09:55 PM EDT,AFC,Cincinnati Bengals,13710,"Davis, Carlton",,,$2.22,1,2024 iEXT,
05/13/2026 09:55 PM EDT,AFC,Cincinnati Bengals,15738,"Davis, Malik",,,$1.10,1,2026 R/F,
05/13/2026 09:55 PM EDT,AFC,Cincinnati Bengals,17599,"Douglas, Caleb",,,$1.07,4,2026 4.10,
05/13/2026 09:55 PM EDT,AFC,Cincinnati Bengals,15813,"Enagbare, Kingsley",,,$1.10,1,2026 R/F,
05/13/2026 09:55 PM EDT,AFC,Cincinnati Bengals,16351,"Evans, Ethan",,,$1.14,1,2023 5.25,
05/13/2026 09:55 PM EDT,AFC,Cincinnati Bengals,17155,"Gillotte, Ashton",,,$0.99,2,2025 UDFA,
05/13/2026 09:55 PM EDT,AFC,Cincinnati Bengals,14405,"Granderson, Carl",,,$5.92,1,2026 ORFAN,
05/13/2026 09:55 PM EDT,AFC,Cincinnati Bengals,17120,"Green, Mike",,,$1.41,3,2025 3.06,
05/13/2026 09:55 PM EDT,AFC,Cincinnati Bengals,15254,"Harris, Najee",,,$4.16,2,2025 UFA,
05/13/2026 09:55 PM EDT,AFC,Cincinnati Bengals,17098,"Horton, Tory",,,$1.12,3,2025 4.06,
05/13/2026 09:55 PM EDT,AFC,Cincinnati Bengals,14073,"Jacobs, Josh",,,$14.27,1,2024 UFA,
05/13/2026 09:55 PM EDT,AFC,Cincinnati Bengals,14910,"Jones, Brandon",,,$5.88,1,2025 SRFA,
05/13/2026 09:55 PM EDT,AFC,Cincinnati Bengals,13748,"Jones, Justin",,,$3.86,2,2025 UFA,
05/13/2026 09:55 PM EDT,AFC,Cincinnati Bengals,17051,"Judkins, Quinshon",,,$5.28,3,2025 1.06,
05/13/2026 09:55 PM EDT,AFC,Cincinnati Bengals,16775,"Karty, Joshua",,,$1.08,2,2024 5.10,
05/13/2026 09:55 PM EDT,AFC,Cincinnati Bengals,14127,"Meyers, Jakobi",,,$9.12,2,2026 mEXT,
05/13/2026 09:55 PM EDT,AFC,Cincinnati Bengals,15365,"Moehrig, Trevon",,,$6.92,1,2024 iEXT,
05/13/2026 09:55 PM EDT,AFC,Cincinnati Bengals,13635,"Moore, D.J.",,,$14.42,3,2026 oEXT,
05/13/2026 09:55 PM EDT,AFC,Cincinnati Bengals,13470,"Moore, Kenny",,,$3.07,2,2025 UFA,
05/13/2026 09:55 PM EDT,AFC,Cincinnati Bengals,17595,"Onyedim, Tyler",,,$0.94,3,2026 UDFA,
05/13/2026 09:55 PM EDT,AFC,Cincinnati Bengals,17554,"Parker, T.J.",,,$1.46,4,2026 3.03,
05/13/2026 09:55 PM EDT,AFC,Cincinnati Bengals,14871,"Parkinson, Colby",,,$1.10,1,2026 R/F,
05/13/2026 09:55 PM EDT,AFC,Cincinnati Bengals,17473,"Price, Jadarian",,,$8.26,4,2026 1.03,
05/13/2026 09:55 PM EDT,AFC,Cincinnati Bengals,14957,"Robertson, Amik",,,$1.10,1,2025 R/F,
05/13/2026 09:55 PM EDT,AFC,Cincinnati Bengals,17178,"Simon, Cody",,,$1.04,3,2025 5.06,
05/13/2026 09:55 PM EDT,AFC,Cincinnati Bengals,14122,"Slayton, Darius",,,$1.10,1,2025 R/F,
05/13/2026 09:55 PM EDT,AFC,Cincinnati Bengals,13298,"Stewart, Grover",,,$16.41,1,2025 UFA,
05/13/2026 09:55 PM EDT,AFC,Cincinnati Bengals,17576,"Thieneman, Dillon",,,$2.29,4,2026 2.03,
05/13/2026 09:55 PM EDT,AFC,Cincinnati Bengals,17529,"Thompson, Brenen",,,$1.12,4,2026 4.03,
05/13/2026 09:55 PM EDT,AFC,Cincinnati Bengals,16652,"Trice, Bralen",,,$1.54,2,2024 3.01,
05/13/2026 09:55 PM EDT,AFC,Cincinnati Bengals,16684,"Washington, Malik",,,$1.10,2,2024 5.01,
05/13/2026 09:55 PM EDT,AFC,Cincinnati Bengals,16579,"Williams, Caleb",,,$9.67,2,2024 1.01,
05/13/2026 09:55 PM EDT,AFC,Cincinnati Bengals,16284,"Williams, Dorian",,,$1.17,1,2023 5.10,
05/13/2026 09:55 PM EDT,AFC,Cincinnati Bengals,15694,"Willis, Malik",,,$10.10,1,2026 mEXT,
05/13/2026 09:55 PM EDT,AFC,Cincinnati Bengals,16276,"Young, Byron",,,$5.81,1,2023 3.12^,
05/13/2026 09:55 PM EDT,AFC,Cleveland Browns,17508,"Bell, Skyler",,,$1.23,4,2026 3.14,
05/13/2026 09:55 PM EDT,AFC,Cleveland Browns,17503,"Bernard, Germie",,,$2.12,4,2026 2.05,
05/13/2026 09:55 PM EDT,AFC,Cleveland Browns,14933,"Blackmon, Julian",,,$1.10,1,2026 R/F,
05/13/2026 09:55 PM EDT,AFC,Cleveland Browns,17591,"Boerkircher, Nate",,,$1.02,4,2026 4.19,
05/13/2026 09:55 PM EDT,AFC,Cleveland Browns,16244,"Branch, Brian",,,$3.70,1,2023 2.10^,
05/13/2026 09:55 PM EDT,AFC,Cleveland Browns,15933,"Brown, Montaric",,,$1.10,1,2026 R/F,
05/13/2026 09:55 PM EDT,AFC,Cleveland Browns,14171,"Burns, Brian",,,$24.31,4,2025 iEXT,
05/13/2026 09:55 PM EDT,AFC,Cleveland Browns,17124,"Carter, Barrett",,,$1.03,3,2025 5.18,
05/13/2026 09:55 PM EDT,AFC,Cleveland Browns,16233,"Carter, Jalen",,,$3.80,1,2023 1.10,
05/13/2026 09:55 PM EDT,AFC,Cleveland Browns,15352,"Collins, Zaven",,,$4.10,1,2024 iEXT,
05/13/2026 09:55 PM EDT,AFC,Cleveland Browns,13782,"Dickson, Michael",,,$4.73,1,2024 iEXT,
05/13/2026 09:55 PM EDT,AFC,Cleveland Browns,17657,"Green, Taylen",,,$0.98,4,2026 5.18,
05/13/2026 09:55 PM EDT,AFC,Cleveland Browns,14247,"Greenlaw, Dre",,,$5.47,2,2025 oEXT,
05/13/2026 09:55 PM EDT,AFC,Cleveland Browns,13228,"Hooker, Malik",,,$1.10,1,2026 R/F,
05/13/2026 09:55 PM EDT,AFC,Cleveland Browns,17584,"Jacas, Gabe",,,$1.00,4,2026 5.05,
05/13/2026 09:55 PM EDT,AFC,Cleveland Browns,13738,"Jackson, Donte",,,$1.10,1,2025 R/F,
05/13/2026 09:55 PM EDT,AFC,Cleveland Browns,13714,"James, Derwin",,,$6.04,2,2025 iEXT,
05/13/2026 09:55 PM EDT,AFC,Cleveland Browns,15863,"Jones, Travis",,,$6.00,1,2026 RRFA,
05/13/2026 09:55 PM EDT,AFC,Cleveland Browns,14143,"Knox, Dawson",,,$1.10,1,2026 R/F,
05/13/2026 09:55 PM EDT,AFC,Cleveland Browns,12956,"Lutz, Wil",,,$1.10,1,2026 R/F,
05/13/2026 09:55 PM EDT,AFC,Cleveland Browns,13590,"Mayfield, Baker",,,$22.96,1,2024 iEXT,
05/13/2026 09:55 PM EDT,AFC,Cleveland Browns,16390,"McLaughlin, Jaleel",,,$1.10,1,2026 R/F,
05/13/2026 09:55 PM EDT,AFC,Cleveland Browns,13307,"Milano, Matt",,,$1.10,1,2026 R/F,
05/13/2026 09:55 PM EDT,AFC,Cleveland Browns,15754,"Olave, Chris",,,$14.15,2,2025 iEXT,
05/13/2026 09:55 PM EDT,AFC,Cleveland Browns,17047,"Sampson, Dylan",,,$1.61,3,2025 2.15,
05/13/2026 09:55 PM EDT,AFC,Cleveland Browns,15003,"Stone, Geno",,,$3.52,1,2026 RRFA,
05/13/2026 09:55 PM EDT,AFC,Cleveland Browns,16642,"Stover, Cade",,,$1.09,2,2024 5.05,
05/13/2026 09:55 PM EDT,AFC,Cleveland Browns,15856,"Taylor, Alontae",,,$6.01,1,2025 oEXT,
05/13/2026 09:55 PM EDT,AFC,Cleveland Browns,17106,"Taylor, Mason",,,$1.91,3,2025 2.08,
05/13/2026 09:55 PM EDT,AFC,Cleveland Browns,16191,"Tillman, Cedric",,,$4.85,1,2025 oEXT,
05/13/2026 09:55 PM EDT,AFC,Cleveland Browns,16166,"Tucker, Sean",,,$3.52,1,2026 RRFA,
05/13/2026 09:55 PM EDT,AFC,Cleveland Browns,17149,"Tuimoloau, JT",,,$1.21,3,2025 3.19,
05/13/2026 09:55 PM EDT,AFC,Cleveland Browns,16266,"Tuipulotu, Tuli",,,$1.29,1,2023 4.04,
05/13/2026 09:55 PM EDT,AFC,Cleveland Browns,17151,"Turner, Shemar",,,$1.18,3,2025 3.22,
05/13/2026 09:55 PM EDT,AFC,Cleveland Browns,16230,"Van Ness, Lukas",,,$1.43,1,2023 3.10,
05/13/2026 09:55 PM EDT,AFC,Cleveland Browns,16653,"Verse, Jared",,,$2.46,2,2024 1.16,
05/13/2026 09:55 PM EDT,AFC,Cleveland Browns,16610,"Wright, Jaylen",,,$1.42,2,2024 3.06,
05/13/2026 09:55 PM EDT,AFC,Cleveland Browns,17588,"Young, Zion",,,$1.25,4,2026 3.13,
05/13/2026 09:55 PM EDT,AFC,Pittsburgh Steelers,17468,"Allar, Drew",,,$1.18,4,2026 3.18,
05/13/2026 09:55 PM EDT,AFC,Pittsburgh Steelers,13671,"Andrews, Mark",,,$8.57,1,2025 B/R,
05/13/2026 09:55 PM EDT,AFC,Pittsburgh Steelers,15892,"Booker, Thomas",,,$1.10,1,2026 R/F,
05/13/2026 09:55 PM EDT,AFC,Pittsburgh Steelers,17179,"Bowman, Billy",,,$0.99,2,2025 UDFA,
05/13/2026 09:55 PM EDT,AFC,Pittsburgh Steelers,17509,"Brazzell II, Chris",,,$1.30,4,2026 3.10,
05/13/2026 09:55 PM EDT,AFC,Pittsburgh Steelers,17268,"Briningstool, Jake",,,$0.99,2,2025 UDFA,
05/13/2026 09:55 PM EDT,AFC,Pittsburgh Steelers,16169,"Charbonnet, Zach",,,$2.65,1,2023 1.16,
05/13/2026 09:55 PM EDT,AFC,Pittsburgh Steelers,16696,"Cooper, Edgerrin",,,$1.86,2,2024 2.08,
05/13/2026 09:55 PM EDT,AFC,Pittsburgh Steelers,16204,"Dell, Tank",,,$1.50,1,2023 3.06,
05/13/2026 09:55 PM EDT,AFC,Pittsburgh Steelers,17135,"Ezeiruaku, Donovan",,,$1.39,3,2025 3.07,
05/13/2026 09:55 PM EDT,AFC,Pittsburgh Steelers,16253,"Forbes, Emmanuel",,,$1.25,1,2023 4.06,
05/13/2026 09:55 PM EDT,AFC,Pittsburgh Steelers,17059,"Gordon, Ollie",,,$0.99,2,2025 UDFA,
05/13/2026 09:55 PM EDT,AFC,Pittsburgh Steelers,17141,"Hairston, Maxwell",,,$1.11,3,2025 4.07,
05/13/2026 09:55 PM EDT,AFC,Pittsburgh Steelers,14930,"Hamilton, Davon",,,$1.10,1,2026 R/F,
05/13/2026 09:55 PM EDT,AFC,Pittsburgh Steelers,15834,"Hamilton, Kyle",,,$7.80,3,2026 oEXT,
05/13/2026 09:55 PM EDT,AFC,Pittsburgh Steelers,17105,"Helm, Gunnar",,,$1.04,3,2025 5.07,
05/13/2026 09:55 PM EDT,AFC,Pittsburgh Steelers,17043,"Henderson, TreVeyon",,,$4.75,3,2025 1.07,
05/13/2026 09:55 PM EDT,AFC,Pittsburgh Steelers,15452,"Hufanga, Talanoa",,,$9.77,1,2025 oEXT,
05/13/2026 09:55 PM EDT,AFC,Pittsburgh Steelers,14783,"Hurts, Jalen",,,$41.47,1,2024 oEXT,
05/13/2026 09:55 PM EDT,AFC,Pittsburgh Steelers,17048,"Johnson, Kaleb",,,$2.45,3,2025 2.01,
05/13/2026 09:55 PM EDT,AFC,Pittsburgh Steelers,17548,"Joly, Justin",,,$0.98,4,2026 5.19,
05/13/2026 09:55 PM EDT,AFC,Pittsburgh Steelers,16613,"Laube, Dylan",,,$1.10,1,2026 R/F,
05/13/2026 09:55 PM EDT,AFC,Pittsburgh Steelers,17580,"Lawrence, Malachi",,,$1.63,4,2026 2.14,
05/13/2026 09:55 PM EDT,AFC,Pittsburgh Steelers,17561,"McCoy, Jermod",,,$0.99,4,2026 5.07,
05/13/2026 09:55 PM EDT,AFC,Pittsburgh Steelers,15759,"Metchie, John",,,$1.10,1,2026 R/F,
05/13/2026 09:55 PM EDT,AFC,Pittsburgh Steelers,16843,"Mevis, Harrison",,,$1.10,1,2026 R/F,
05/13/2026 09:55 PM EDT,AFC,Pittsburgh Steelers,17195,"Mills, Rylie",,,$0.99,2,2025 UDFA,
05/13/2026 09:55 PM EDT,AFC,Pittsburgh Steelers,16626,"Mitchell, Adonai",,,$2.28,2,2024 2.02,
05/13/2026 09:55 PM EDT,AFC,Pittsburgh Steelers,16690,"Mitchell, Quinyon",,,$1.17,2,2024 4.08,
05/13/2026 09:55 PM EDT,AFC,Pittsburgh Steelers,17667,"Perkins, Harold",,,$1.01,4,2026 4.21,
05/13/2026 09:55 PM EDT,AFC,Pittsburgh Steelers,16631,"Polk, Ja'Lynn",,,$1.10,1,2026 R/F,
05/13/2026 09:55 PM EDT,AFC,Pittsburgh Steelers,17652,"Randall, Adam",,,$0.99,4,2026 5.10,
05/13/2026 09:55 PM EDT,AFC,Pittsburgh Steelers,17077,"Restrepo, Xavier",,,$1.10,1,2026 R/F,
05/13/2026 09:55 PM EDT,AFC,Pittsburgh Steelers,16152,"Richardson, Anthony",,,$9.22,1,2023 1.02,
05/13/2026 09:55 PM EDT,AFC,Pittsburgh Steelers,13629,"Ridley, Calvin",,,$13.31,1,2022 UFA,
05/13/2026 09:55 PM EDT,AFC,Pittsburgh Steelers,13791,"Scott, J.K.",,,$1.10,1,2026 R/F,
05/13/2026 09:55 PM EDT,AFC,Pittsburgh Steelers,17463,"Simpson, Ty",,,$2.39,4,2026 2.02,
05/13/2026 09:55 PM EDT,AFC,Pittsburgh Steelers,17114,"Stewart, Shemar",,,$1.54,3,2025 3.01,
05/13/2026 09:55 PM EDT,AFC,Pittsburgh Steelers,17497,"Tate, Carnell",,,$9.73,4,2026 1.02,
05/13/2026 09:55 PM EDT,AFC,Pittsburgh Steelers,17143,"Thomas, Azareye'h",,,$0.99,2,2025 UDFA,
05/13/2026 09:55 PM EDT,AFC,Pittsburgh Steelers,17546,"Trigg, Michael",,,$0.99,4,2026 5.12,
05/13/2026 09:55 PM EDT,AFC,Pittsburgh Steelers,15284,"Waddle, Jaylen",,,$24.02,2,2026 oEXT,
05/13/2026 09:55 PM EDT,AFC,Pittsburgh Steelers,17122,"Walker, Jalon",,,$1.76,3,2025 2.11,
05/13/2026 09:55 PM EDT,AFC,Pittsburgh Steelers,17512,"Williams, Antonio",,,$1.81,4,2026 2.10,
05/13/2026 09:55 PM EDT,AFC,Houston Texans,14590,"Al-Shaair, Azeez",,,$4.44,1,2024 iEXT,
05/13/2026 09:55 PM EDT,AFC,Houston Texans,13251,"Baker, Budda",,,$7.37,1,2025 oEXT,
05/13/2026 09:55 PM EDT,AFC,Houston Texans,16139,"Baker, Darrell",,,$1.10,1,2026 R/F,
05/13/2026 09:55 PM EDT,AFC,Houston Texans,17485,"Black, Kaelon",,,$1.03,4,2026 4.16,
05/13/2026 09:55 PM EDT,AFC,Houston Texans,13418,"Bourne, Kendrick",,,$1.10,1,2026 R/F,
05/13/2026 09:55 PM EDT,AFC,Houston Texans,16794,"Briggs, Jowon",,,$2.09,3,2026 oEXT,
05/13/2026 09:55 PM EDT,AFC,Houston Texans,14104,"Brown, A.J.",,,$23.12,1,2022 iEXT,
05/13/2026 09:55 PM EDT,AFC,Houston Texans,14219,"Dean, Jamel",,,$1.10,1,2025 R/F,
05/13/2026 09:55 PM EDT,AFC,Houston Texans,12842,"Dixon, Riley",,,$1.10,1,2026 R/F,
05/13/2026 09:55 PM EDT,AFC,Houston Texans,16694,"Fiske, Braden",,,$1.58,2,2024 2.15,
05/13/2026 09:55 PM EDT,AFC,Houston Texans,17121,"Graham, Mason",,,$2.99,3,2025 1.13,
05/13/2026 09:55 PM EDT,AFC,Houston Texans,16688,"Guerendo, Isaac",,,$1.13,2,2024 4.12,
05/13/2026 09:55 PM EDT,AFC,Houston Texans,17638,"Gumbs, George",,,$0.94,3,2026 UDFA,
05/13/2026 09:55 PM EDT,AFC,Houston Texans,12678,"Higbee, Tyler",,,$1.10,1,2026 R/F,
05/13/2026 09:55 PM EDT,AFC,Houston Texans,17036,"Howard, Will",,,$1.08,3,2025 4.13,
05/13/2026 09:55 PM EDT,AFC,Houston Texans,15805,"Hutchinson, Aidan",,,$10.26,5,2025 iEXT,
05/13/2026 09:55 PM EDT,AFC,Houston Texans,16207,"Iosivas, Andrei",,,$1.17,1,2023 5.09,
05/13/2026 09:55 PM EDT,AFC,Houston Texans,17611,"Jackson, Darrell",,,$1.01,4,2026 4.22,
05/13/2026 09:55 PM EDT,AFC,Houston Texans,15809,"Johnson, Jermaine",,,$7.46,4,2025 iEXT,
05/13/2026 09:55 PM EDT,AFC,Houston Texans,17633,"Josephs, Joshua",,,$0.94,3,2026 UDFA,
05/13/2026 09:55 PM EDT,AFC,Houston Texans,16254,"Kancey, Calijah",,,$1.93,1,2023 2.09,
05/13/2026 09:55 PM EDT,AFC,Houston Texans,16213,"Kincaid, Dalton",,,$4.10,1,2023 1.09,
05/13/2026 09:55 PM EDT,AFC,Houston Texans,16676,"Kinchens, Kamren",,,$1.09,2,2024 5.09,
05/13/2026 09:55 PM EDT,AFC,Houston Texans,17467,"Klubnik, Cade",,,$0.98,4,2026 5.13,
05/13/2026 09:55 PM EDT,AFC,Houston Texans,14832,"Lamb, CeeDee",,,$24.65,2,2023 iEXT,
05/13/2026 09:55 PM EDT,AFC,Houston Texans,17517,"Lane, Ja'Kobi",,,$1.02,4,2026 4.18,
05/13/2026 09:55 PM EDT,AFC,Houston Texans,16639,"Legette, Xavier",,,$2.57,2,2024 1.15,
05/13/2026 09:55 PM EDT,AFC,Houston Texans,16707,"Liufau, Marist",,,$1.10,2,2024 4.21,
05/13/2026 09:55 PM EDT,AFC,Houston Texans,17053,"Marks, Woody",,,$1.10,3,2025 4.09,
05/13/2026 09:55 PM EDT,AFC,Houston Texans,13130,"McCaffrey, Christian",,,$15.68,1,2025 B/R,
05/13/2026 09:55 PM EDT,AFC,Houston Texans,15890,"McFadden, Micah",,,$1.10,1,2026 R/F,
05/13/2026 09:55 PM EDT,AFC,Houston Texans,17568,"Mesidor, Akheem",,,$1.56,4,2026 2.16,
05/13/2026 09:55 PM EDT,AFC,Houston Texans,17033,"Milroe, Jalen",,,$1.29,3,2025 3.13,
05/13/2026 09:55 PM EDT,AFC,Houston Texans,14067,"Minshew, Gardner",,,$1.10,1,2026 R/F,
05/13/2026 09:55 PM EDT,AFC,Houston Texans,17186,"Moore, Malachi",,,$0.99,2,2025 UDFA,
05/13/2026 09:55 PM EDT,AFC,Houston Texans,15802,"Otton, Cade",,,$7.35,2,2024 iEXT,
05/13/2026 09:55 PM EDT,AFC,Houston Texans,17630,"Overton, LT",,,$0.94,3,2026 UDFA,
05/13/2026 09:55 PM EDT,AFC,Houston Texans,17654,"Payton, Cole",,,$0.98,4,2026 5.16,
05/13/2026 09:55 PM EDT,AFC,Houston Texans,15768,"Pierce, Alec",,,$20.69,3,2025 iEXT,
05/13/2026 09:55 PM EDT,AFC,Houston Texans,17590,"Ponds, D'Angelo",,,$1.20,4,2026 3.16,
05/13/2026 09:55 PM EDT,AFC,Houston Texans,15698,"Purdy, Brock",,,$37.58,4,2025 oEXT,
05/13/2026 09:55 PM EDT,AFC,Houston Texans,17607,"Raridon, Eli",,,$1.11,4,2026 4.04,
05/13/2026 09:55 PM EDT,AFC,Houston Texans,17617,"Rolder, Jimmy",,,$1.02,4,2026 4.20,
05/13/2026 09:55 PM EDT,AFC,Houston Texans,13832,"Sanders, Jason",,,$1.10,1,2026 R/F,
05/13/2026 09:55 PM EDT,AFC,Houston Texans,17045,"Skattebo, Cam",,,$1.67,3,2025 2.13,
05/13/2026 09:55 PM EDT,AFC,Houston Texans,17175,"Smith, Arian",,,$0.99,2,2025 UDFA,
05/13/2026 09:55 PM EDT,AFC,Houston Texans,14257,"Speed, E.J.",,,$1.10,1,2026 R/F,
05/13/2026 09:55 PM EDT,AFC,Houston Texans,17514,"Stribling, De'Zhaun",,,$2.62,4,2026 1.16,
05/13/2026 09:55 PM EDT,AFC,Houston Texans,16717,"Taylor-Demerson, Dadrion",,,$1.08,2,2024 5.18,
05/13/2026 09:55 PM EDT,AFC,Houston Texans,13260,"Tomlinson, Dalvin",,,$1.10,1,2026 R/F,
05/13/2026 09:55 PM EDT,AFC,Houston Texans,12610,"Wentz, Carson",,,$1.10,1,2026 R/F,
05/13/2026 09:55 PM EDT,AFC,Houston Texans,17618,"Williams, Wesley",,,$0.94,3,2026 UDFA,
05/13/2026 09:55 PM EDT,AFC,Houston Texans,16241,"Witherspoon, Devon",,,$3.70,1,2023 3.09^,
05/13/2026 09:55 PM EDT,AFC,Indianapolis Colts,16012,"Alford, Dee",,,$1.10,1,2026 R/F,
05/13/2026 09:55 PM EDT,AFC,Indianapolis Colts,17518,"Allen, Cyrus",,,$0.99,4,2026 5.09,
05/13/2026 09:55 PM EDT,AFC,Indianapolis Colts,17550,"Bain Jr., Rueben",,,$4.13,4,2026 1.09,
05/13/2026 09:55 PM EDT,AFC,Indianapolis Colts,16723,"Barner, AJ",,,$1.03,1,2024 UDFA,
05/13/2026 09:55 PM EDT,AFC,Indianapolis Colts,17697,"Benny, Rayshaun",,,$0.94,3,2026 UDFA,
05/13/2026 09:55 PM EDT,AFC,Indianapolis Colts,16700,"Bishop, Cole",,,$1.24,2,2024 3.17,
05/13/2026 09:55 PM EDT,AFC,Indianapolis Colts,17058,"Brooks, Tahj",,,$0.99,2,2025 UDFA,
05/13/2026 09:55 PM EDT,AFC,Indianapolis Colts,17070,"Burden, Luther",,,$2.70,3,2025 1.15,
05/13/2026 09:55 PM EDT,AFC,Indianapolis Colts,17567,"Delp, Oscar",,,$1.07,4,2026 4.09,
05/13/2026 09:55 PM EDT,AFC,Indianapolis Colts,17563,"Downs, Caleb",,,$2.76,4,2026 1.15,
05/13/2026 09:55 PM EDT,AFC,Indianapolis Colts,14953,"Dye, Troy",,,$1.10,1,2026 R/F,
05/13/2026 09:55 PM EDT,AFC,Indianapolis Colts,14149,"Gary, Rashan",,,$7.43,2,2025 iEXT,
05/13/2026 09:55 PM EDT,AFC,Indianapolis Colts,16460,"Hickman, Ronnie",,,$2.26,1,2026 oEXT,
05/13/2026 09:55 PM EDT,AFC,Indianapolis Colts,17574,"Hood, Colton",,,$0.94,3,2026 UDFA,
05/13/2026 09:55 PM EDT,AFC,Indianapolis Colts,16712,"Hunt, Jalyx",,,$1.10,1,2025 R/F,
05/13/2026 09:55 PM EDT,AFC,Indianapolis Colts,13593,"Jackson, Lamar",,,$43.14,1,2026 NEFT2,
05/13/2026 09:55 PM EDT,AFC,Indianapolis Colts,16662,"Jenkins, Kris",,,$1.12,2,2024 4.17,
05/13/2026 09:55 PM EDT,AFC,Indianapolis Colts,16649,"Johnson, Theo",,,$1.11,2,2024 4.19,
05/13/2026 09:55 PM EDT,AFC,Indianapolis Colts,15871,"Joseph, Kerby",,,$8.21,2,2025 FRFA,
05/13/2026 09:55 PM EDT,AFC,Indianapolis Colts,16672,"Lassiter, Kamari",,,$1.03,1,2024 UDFA,
05/13/2026 09:55 PM EDT,AFC,Indianapolis Colts,14159,"Lawrence, Dexter",,,$14.01,3,2025 iEXT,
05/13/2026 09:55 PM EDT,AFC,Indianapolis Colts,14179,"Love, Julian",,,$9.55,2,2025 oEXT,
05/13/2026 09:55 PM EDT,AFC,Indianapolis Colts,16635,"McCaffrey, Luke",,,$1.14,2,2024 4.11,
05/13/2026 09:55 PM EDT,AFC,Indianapolis Colts,15845,"McDuffie, Trent",,,$1.10,1,2026 R/F,
05/13/2026 09:55 PM EDT,AFC,Indianapolis Colts,16670,"McKinstry, Kool-Aid",,,$1.09,2,2024 5.07,
05/13/2026 09:55 PM EDT,AFC,Indianapolis Colts,14102,"Metcalf, DK",,,$13.99,1,2023 oEXT,
05/13/2026 09:55 PM EDT,AFC,Indianapolis Colts,17066,"Monangai, Kyle",,,$1.03,3,2025 5.14,
05/13/2026 09:55 PM EDT,AFC,Indianapolis Colts,14071,"Montgomery, David",,,$17.03,1,2024 iEXT,
05/13/2026 09:55 PM EDT,AFC,Indianapolis Colts,17046,"Neal, Devin",,,$1.08,3,2025 4.15,
05/13/2026 09:55 PM EDT,AFC,Indianapolis Colts,16582,"Nix, Bo",,,$1.81,2,2024 2.09,
05/13/2026 09:55 PM EDT,AFC,Indianapolis Colts,13813,"Oluokun, Foyesade",,,$8.50,2,2026 oEXT,
05/13/2026 09:55 PM EDT,AFC,Indianapolis Colts,15345,"Paye, Kwity",,,$3.96,2,2025 UFA,
05/13/2026 09:55 PM EDT,AFC,Indianapolis Colts,16102,"Pola-Mao, Isaiah",,,$1.10,1,2026 R/F,
05/13/2026 09:55 PM EDT,AFC,Indianapolis Colts,16887,"Rehkow, Ryan",,,$1.10,1,2026 ERFA,
05/13/2026 09:55 PM EDT,AFC,Indianapolis Colts,16194,"Rice, Rashee",,,$3.70,1,2023 2.08^,
05/13/2026 09:55 PM EDT,AFC,Indianapolis Colts,16655,"Robinson, Chop",,,$1.78,2,2024 2.10,
05/13/2026 09:55 PM EDT,AFC,Indianapolis Colts,15761,"Shakir, Khalil",,,$7.11,1,2025 iEXT,
05/13/2026 09:55 PM EDT,AFC,Indianapolis Colts,15259,"Stevenson, Rhamondre",,,$4.58,1,2024 iEXT,
05/13/2026 09:55 PM EDT,AFC,Indianapolis Colts,17650,"Styles, Lorenzo",,,$0.94,3,2026 UDFA,
05/13/2026 09:55 PM EDT,AFC,Indianapolis Colts,16618,"Thomas Jr., Brian",,,$3.72,2,2024 1.09,
05/13/2026 09:55 PM EDT,AFC,Indianapolis Colts,16747,"Tracy, Tyrone",,,$1.14,2,2024 4.10,
05/13/2026 09:55 PM EDT,AFC,Indianapolis Colts,14235,"Tranquill, Drue",,,$1.10,1,2025 R/F,
05/13/2026 09:55 PM EDT,AFC,Indianapolis Colts,16282,"Turner, Kobie",,,$5.92,1,2024 SRFA,
05/13/2026 09:55 PM EDT,AFC,Indianapolis Colts,15846,"Walker, Quay",,,$5.52,3,2025 iEXT,
05/13/2026 09:55 PM EDT,AFC,Indianapolis Colts,13743,"Warner, Fred",,,$7.92,2,2025 B/R,
05/13/2026 09:55 PM EDT,AFC,Indianapolis Colts,16262,"White, Keion",,,$1.22,1,2023 4.11,
05/13/2026 09:55 PM EDT,AFC,Indianapolis Colts,16673,"Wiggins, Nate",,,$1.13,2,2024 4.13,
05/13/2026 09:55 PM EDT,AFC,Indianapolis Colts,16719,"Williams, Evan",,,$1.03,1,2024 UDFA,
05/13/2026 09:55 PM EDT,AFC,Indianapolis Colts,15756,"Williams, Jameson",,,$21.34,4,2026 mEXT,
05/13/2026 09:55 PM EDT,AFC,Indianapolis Colts,17146,"Williams, Tyleik",,,$1.07,3,2025 4.17,
05/13/2026 09:55 PM EDT,AFC,Jacksonville Jaguars,13589,"Allen, Josh",,,$40.19,1,2026 EFT,
05/13/2026 09:55 PM EDT,AFC,Jacksonville Jaguars,17551,"Bailey, David",,,$3.52,4,2026 1.11,
05/13/2026 09:55 PM EDT,AFC,Jacksonville Jaguars,16255,"Banks, Deonte",,,$1.17,1,2023 5.14,
05/13/2026 09:55 PM EDT,AFC,Jacksonville Jaguars,17078,"Bech, Jack",,,$2.10,3,2025 2.05,
05/13/2026 09:55 PM EDT,AFC,Jacksonville Jaguars,16733,"Bertrand, JD",,,$1.13,2,2024 4.14,
05/13/2026 09:55 PM EDT,AFC,Jacksonville Jaguars,16164,"Bigsby, Tank",,,$1.36,1,2023 3.14,
05/13/2026 09:55 PM EDT,AFC,Jacksonville Jaguars,12686,"Bosa, Joey",,,$2.20,2,2025 UFA,
05/13/2026 09:55 PM EDT,AFC,Jacksonville Jaguars,17477,"Coleman, Jonah",,,$1.76,4,2026 2.11,
05/13/2026 09:55 PM EDT,AFC,Jacksonville Jaguars,16617,"Coleman, Keon",,,$3.03,2,2024 1.12,
05/13/2026 09:55 PM EDT,AFC,Jacksonville Jaguars,13146,"Conner, James",,,$3.69,3,2026 B/R,
05/13/2026 09:55 PM EDT,AFC,Jacksonville Jaguars,16603,"Davis, Ray",,,$1.32,2,2024 3.12,
05/13/2026 09:55 PM EDT,AFC,Jacksonville Jaguars,17562,"Delane, Mansoor",,,$1.28,4,2026 3.11,
05/13/2026 09:55 PM EDT,AFC,Jacksonville Jaguars,12186,"Diggs, Stefon",,,$6.08,3,2025 B/R,
05/13/2026 09:55 PM EDT,AFC,Jacksonville Jaguars,13697,"Edmunds, Tremaine",,,$3.07,2,2025 UFA,
05/13/2026 09:55 PM EDT,AFC,Jacksonville Jaguars,17645,"Elliott, Keyshaun",,,$0.94,3,2026 UDFA,
05/13/2026 09:55 PM EDT,AFC,Jacksonville Jaguars,17037,"Gabriel, Dillon",,,$1.06,3,2025 4.19,
05/13/2026 09:55 PM EDT,AFC,Jacksonville Jaguars,13674,"Goedert, Dallas",,,$6.53,1,2024 B/R,
05/13/2026 09:55 PM EDT,AFC,Jacksonville Jaguars,17075,"Golden, Matthew",,,$3.66,3,2025 1.10,
05/13/2026 09:55 PM EDT,AFC,Jacksonville Jaguars,17138,"Grant, Kenneth",,,$1.43,3,2025 3.05,
05/13/2026 09:55 PM EDT,AFC,Jacksonville Jaguars,16280,"Henley, Daiyan",,,$3.70,1,2023 2.14^,
05/13/2026 09:55 PM EDT,AFC,Jacksonville Jaguars,16711,"Isaac, Adisa",,,$1.08,2,2024 5.12,
05/13/2026 09:55 PM EDT,AFC,Jacksonville Jaguars,14252,"Jackson, Michael",,,$1.10,1,2025 R/F,
05/13/2026 09:55 PM EDT,AFC,Jacksonville Jaguars,14095,"Johnson, Ty",,,$1.10,1,2026 R/F,
05/13/2026 09:55 PM EDT,AFC,Jacksonville Jaguars,17127,"Johnson, Will",,,$1.12,3,2025 4.05,
05/13/2026 09:55 PM EDT,AFC,Jacksonville Jaguars,10292,"Jordan, Cameron",,,$1.10,1,2025 R/F,
05/13/2026 09:55 PM EDT,AFC,Jacksonville Jaguars,16222,"Kraft, Tucker",,,$3.70,1,2023 4.14^,
05/13/2026 09:55 PM EDT,AFC,Jacksonville Jaguars,16149,"Levis, Will",,,$2.93,1,2023 1.14,
05/13/2026 09:55 PM EDT,AFC,Jacksonville Jaguars,16680,"Little, Cam",,,$1.03,1,2024 UDFA,
05/13/2026 09:55 PM EDT,AFC,Jacksonville Jaguars,15473,"McDuffie, Isaiah",,,$1.10,1,2026 R/F,
05/13/2026 09:55 PM EDT,AFC,Jacksonville Jaguars,17615,"Moore, Devin",,,$0.94,3,2026 UDFA,
05/13/2026 09:55 PM EDT,AFC,Jacksonville Jaguars,17152,"Norman-Lott, Omarr",,,$1.03,3,2025 5.17,
05/13/2026 09:55 PM EDT,AFC,Jacksonville Jaguars,16679,"Nubin, Tyler",,,$1.69,2,2024 2.12,
05/13/2026 09:55 PM EDT,AFC,Jacksonville Jaguars,15393,"Odighizuwa, Osa",,,$4.51,1,2025 RRFA,
05/13/2026 09:55 PM EDT,AFC,Jacksonville Jaguars,17603,"Orange, Domonique",,,$0.94,3,2026 UDFA,
05/13/2026 09:55 PM EDT,AFC,Jacksonville Jaguars,17564,"Ramsey, Kamari",,,$0.94,3,2026 UDFA,
05/13/2026 09:55 PM EDT,AFC,Jacksonville Jaguars,17642,"Rivers, Chandler",,,$0.94,3,2026 UDFA,
05/13/2026 09:55 PM EDT,AFC,Jacksonville Jaguars,12831,"Roberts, Elandon",,,$1.10,1,2026 R/F,
05/13/2026 09:55 PM EDT,AFC,Jacksonville Jaguars,12785,"Robinson, Demarcus",,,$1.10,1,2026 R/F,
05/13/2026 09:55 PM EDT,AFC,Jacksonville Jaguars,17549,"Roush, Sam",,,$0.94,3,2026 UDFA,
05/13/2026 09:55 PM EDT,AFC,Jacksonville Jaguars,17086,"Royals, Jalen",,,$1.20,3,2025 3.20,
05/13/2026 09:55 PM EDT,AFC,Jacksonville Jaguars,17039,"Shough, Tyler",,,$2.25,3,2025 2.03,
05/13/2026 09:55 PM EDT,AFC,Jacksonville Jaguars,17182,"Sorrell, Barryn",,,$1.03,3,2025 5.19,
05/13/2026 09:55 PM EDT,AFC,Jacksonville Jaguars,17521,"Thomas, Zavion",,,$1.06,4,2026 4.11,
05/13/2026 09:55 PM EDT,AFC,Jacksonville Jaguars,12231,"Thompson, Shaq",,,$1.10,1,2026 R/F,
05/13/2026 09:55 PM EDT,AFC,Jacksonville Jaguars,16036,"Tonges, Jake",,,$1.10,1,2026 ERFA,
05/13/2026 09:55 PM EDT,AFC,Jacksonville Jaguars,15742,"Warren, Jaylen",,,$4.11,1,2023 iEXT,
05/13/2026 09:55 PM EDT,AFC,Jacksonville Jaguars,17145,"Winston, Kevin",,,$1.04,3,2025 5.05,
05/13/2026 09:55 PM EDT,AFC,Tennessee Titans,17639,"Abney, Keith",,,$0.94,3,2026 UDFA,
05/13/2026 09:55 PM EDT,AFC,Tennessee Titans,14153,"Allen, Zach",,,$13.94,1,2024 UFA,
05/13/2026 09:55 PM EDT,AFC,Tennessee Titans,15409,"Barnes, Derrick",,,$1.10,1,2025 R/F,
05/13/2026 09:55 PM EDT,AFC,Tennessee Titans,15913,"Benford, Christian",,,$1.10,1,2026 ERFA,
05/13/2026 09:55 PM EDT,AFC,Tennessee Titans,17698,"Bernard, Uar",,,$0.94,3,2026 UDFA,
05/13/2026 09:55 PM EDT,AFC,Tennessee Titans,16193,"Boutte, Kayshon",,,$5.77,2,2026 SRFA,
05/13/2026 09:55 PM EDT,AFC,Tennessee Titans,11640,"Bridgewater, Teddy",,,$1.10,1,2026 R/F,
05/13/2026 09:55 PM EDT,AFC,Tennessee Titans,16597,"Brooks, Jonathon",,,$2.86,2,2024 1.13,
05/13/2026 09:55 PM EDT,AFC,Tennessee Titans,16181,"Brown, Chase",,,$9.71,2,2025 iEXT,
05/13/2026 09:55 PM EDT,AFC,Tennessee Titans,17161,"Burch, Jordan",,,$0.99,2,2025 UDFA,
05/13/2026 09:55 PM EDT,AFC,Tennessee Titans,17614,"Canady, Jadon",,,$0.94,3,2026 UDFA,
05/13/2026 09:55 PM EDT,AFC,Tennessee Titans,15290,"Collins, Nico",,,$27.78,3,2025 B/R,
05/13/2026 09:55 PM EDT,AFC,Tennessee Titans,13592,"Darnold, Sam",,,$13.95,3,2026 mEXT,
05/13/2026 09:55 PM EDT,AFC,Tennessee Titans,17598,"Davis, Tacario",,,$0.94,3,2026 UDFA,
05/13/2026 09:55 PM EDT,AFC,Tennessee Titans,16314,"Dennis, SirVocea",,,$1.10,1,2026 ERFA,
05/13/2026 09:55 PM EDT,AFC,Tennessee Titans,17623,"Elarms-Orr, Kaleb",,,$1.00,4,2026 5.04,
05/13/2026 09:55 PM EDT,AFC,Tennessee Titans,15833,"Gardner, Sauce",,,$1.10,1,2025 R/F,
05/13/2026 09:55 PM EDT,AFC,Tennessee Titans,11760,"Garoppolo, Jimmy",,,$1.10,1,2025 R/F,
05/13/2026 09:55 PM EDT,AFC,Tennessee Titans,17672,"Gill-Howard, Skyler",,,$0.94,3,2026 UDFA,
05/13/2026 09:55 PM EDT,AFC,Tennessee Titans,16661,"Hall Jr., Michael",,,$1.28,2,2024 3.15,
05/13/2026 09:55 PM EDT,AFC,Tennessee Titans,17483,"Hemby, Roman",,,$0.94,3,2026 UDFA,
05/13/2026 09:55 PM EDT,AFC,Tennessee Titans,16303,"Herbig, Nick",,,$1.23,1,2023 4.10,
05/13/2026 09:55 PM EDT,AFC,Tennessee Titans,14940,"Highsmith, Alex",,,$10.70,2,2026 oEXT,
05/13/2026 09:55 PM EDT,AFC,Tennessee Titans,13289,"Hollins, Mack",,,$1.10,1,2025 R/F,
05/13/2026 09:55 PM EDT,AFC,Tennessee Titans,17552,"Howell, Cashius",,,$1.44,4,2026 3.04,
05/13/2026 09:55 PM EDT,AFC,Tennessee Titans,15261,"Hubbard, Chuba",,,$9.12,1,2025 oEXT,
05/13/2026 09:55 PM EDT,AFC,Tennessee Titans,12221,"Hunter, Danielle",,,$18.69,1,2026 oEXT,
05/13/2026 09:55 PM EDT,AFC,Tennessee Titans,17520,"Hurst, Ted",,,$1.17,4,2026 3.19,
05/13/2026 09:55 PM EDT,AFC,Tennessee Titans,13226,"Jackson, Adoree",,,$1.10,1,2026 R/F,
05/13/2026 09:55 PM EDT,AFC,Tennessee Titans,16246,"Johnson, Antonio",,,$3.52,2,2026 RRFA,
05/13/2026 09:55 PM EDT,AFC,Tennessee Titans,17635,"Johnson, Dalton",,,$0.94,3,2026 UDFA,
05/13/2026 09:55 PM EDT,AFC,Tennessee Titans,17474,"Johnson, Emmett",,,$1.19,4,2026 3.17,
05/13/2026 09:55 PM EDT,AFC,Tennessee Titans,12741,"Jones, Chris",,,$3.53,1,2025 iEXT,
05/13/2026 09:55 PM EDT,AFC,Tennessee Titans,13332,"Jones, D.J.",,,$1.10,1,2025 R/F,
05/13/2026 09:55 PM EDT,AFC,Tennessee Titans,15398,"Jones, Patrick",,,$1.10,1,2025 R/F,
05/13/2026 09:55 PM EDT,AFC,Tennessee Titans,14899,"Kinlaw, Javon",,,$1.10,1,2026 R/F,
05/13/2026 09:55 PM EDT,AFC,Tennessee Titans,17593,"Klein, Marlin",,,$0.98,4,2026 5.17,
05/13/2026 09:55 PM EDT,AFC,Tennessee Titans,17624,"Lee, Will",,,$0.94,3,2026 UDFA,
05/13/2026 09:55 PM EDT,AFC,Tennessee Titans,17499,"Lemon, Makai",,,$5.56,4,2026 1.06,
05/13/2026 09:55 PM EDT,AFC,Tennessee Titans,17104,"Loveland, Colston",,,$4.32,3,2025 1.08,
05/13/2026 09:55 PM EDT,AFC,Tennessee Titans,15972,"Mason, Jordan",,,$3.52,1,2026 RRFA,
05/13/2026 09:55 PM EDT,AFC,Tennessee Titans,16584,"McCarthy, J.J.",,,$4.42,2,2024 1.07,
05/13/2026 09:55 PM EDT,AFC,Tennessee Titans,17600,"McClellan, Chris",,,$0.94,3,2026 UDFA,
05/13/2026 09:55 PM EDT,AFC,Tennessee Titans,11947,"McManus, Brandon",,,$1.10,1,2025 R/F,
05/13/2026 09:55 PM EDT,AFC,Tennessee Titans,17339,"McNamara, Austin",,,$1.10,1,2026 ERFA,
05/13/2026 09:55 PM EDT,AFC,Tennessee Titans,15390,"McNeill, Alim",,,$2.06,1,2024 oEXT,
05/13/2026 09:55 PM EDT,AFC,Tennessee Titans,10267,"Miller, Von",,,$1.10,1,2026 R/F,
05/13/2026 09:55 PM EDT,AFC,Tennessee Titans,16189,"Mims, Marvin",,,$1.38,1,2023 3.13,
05/13/2026 09:55 PM EDT,AFC,Tennessee Titans,16211,"Nacua, Puka",,,$5.81,1,2023 5.03^,
05/13/2026 09:55 PM EDT,AFC,Tennessee Titans,17150,"Oladejo, Oluwafemi",,,$1.04,3,2025 5.08,
05/13/2026 09:55 PM EDT,AFC,Tennessee Titans,16691,"Orhorhoro, Ruke",,,$1.11,2,2024 4.20,
05/13/2026 09:55 PM EDT,AFC,Tennessee Titans,16583,"Penix Jr., Michael",,,$1.62,2,2024 2.14,
05/13/2026 09:55 PM EDT,AFC,Tennessee Titans,17142,"Revel, Shavon",,,$1.03,3,2025 5.16,
05/13/2026 09:55 PM EDT,AFC,Tennessee Titans,17147,"Schwesinger, Carson",,,$1.80,3,2025 2.10,
05/13/2026 09:55 PM EDT,AFC,Tennessee Titans,16228,"Smith, Nolan",,,$1.32,1,2023 3.19,
05/13/2026 09:55 PM EDT,AFC,Tennessee Titans,16708,"Smith, Tykee",,,$1.08,2,2024 5.14,
05/13/2026 09:55 PM EDT,AFC,Tennessee Titans,17544,"Stowers, Eli",,,$2.20,4,2026 2.04,
05/13/2026 09:55 PM EDT,AFC,Tennessee Titans,16150,"Stroud, C.J.",,,$3.30,1,2023 1.12,
05/13/2026 09:55 PM EDT,AFC,Tennessee Titans,17157,"TeSlaa, Isaac",,,$1.11,3,2025 4.08,
05/13/2026 09:55 PM EDT,AFC,Tennessee Titans,15789,"Watson, Christian",,,$19.00,2,2026 mEXT,
05/13/2026 09:55 PM EDT,AFC,Tennessee Titans,15721,"White, Rachaad",,,$2.85,2,2026 mEXT,
05/13/2026 09:55 PM EDT,AFC,Tennessee Titans,15894,"Woolen, Tariq",,,$1.10,1,2026 R/F,
05/13/2026 09:55 PM EDT,AFC,Denver Broncos,17154,"Alexander, Darius",,,$1.03,3,2025 5.10,
05/13/2026 09:55 PM EDT,AFC,Denver Broncos,17061,"Allen, LeQuint",,,$1.10,1,2026 R/F,
05/13/2026 09:55 PM EDT,AFC,Denver Broncos,17130,"Amos, Trey",,,$1.10,1,2026 R/F,
05/13/2026 09:55 PM EDT,AFC,Denver Broncos,16257,"Anudike-Uzomah, Felix",,,$1.10,1,2026 R/F,
05/13/2026 09:55 PM EDT,AFC,Denver Broncos,17073,"Ayomanor, Elic",,,$1.17,3,2025 3.23,
05/13/2026 09:55 PM EDT,AFC,Denver Broncos,17606,"Barham, Jaishawn",,,$1.01,4,2026 5.01,
05/13/2026 09:55 PM EDT,AFC,Denver Broncos,16245,"Battle, Jordan",,,$6.50,1,2026 ORFA3,
05/13/2026 09:55 PM EDT,AFC,Denver Broncos,17699,"Bentley, Dallen",,,$0.94,3,2026 UDFA,
05/13/2026 09:55 PM EDT,AFC,Denver Broncos,17069,"Blue, Jaydon",,,$1.22,3,2025 3.18,
05/13/2026 09:55 PM EDT,AFC,Denver Broncos,17076,"Bond, Isaiah",,,$1.02,3,2025 5.22,
05/13/2026 09:55 PM EDT,AFC,Denver Broncos,16734,"Booker, Austin",,,$1.10,2,2024 4.22,
05/13/2026 09:55 PM EDT,AFC,Denver Broncos,14147,"Bosa, Nick",,,$23.13,3,2026 mEXT,
05/13/2026 09:55 PM EDT,AFC,Denver Broncos,17158,"Broughton, Vernon",,,$1.10,1,2026 R/F,
05/13/2026 09:55 PM EDT,AFC,Denver Broncos,14897,"Brown, Derrick",,,$19.49,2,2024 oEXT,
05/13/2026 09:55 PM EDT,AFC,Denver Broncos,16736,"Brownlee, Jarvis",,,$1.10,1,2025 R/F,
05/13/2026 09:55 PM EDT,AFC,Denver Broncos,17185,"Buchanan, Teddye",,,$1.03,3,2025 5.20,
05/13/2026 09:55 PM EDT,AFC,Denver Broncos,17165,"Caldwell, Jamaree",,,$1.10,1,2026 R/F,
05/13/2026 09:55 PM EDT,AFC,Denver Broncos,13675,"Conklin, Tyler",,,$1.10,1,2026 R/F,
05/13/2026 09:55 PM EDT,AFC,Denver Broncos,15860,"Cook, Bryan",,,$1.10,1,2026 R/F,
05/13/2026 09:55 PM EDT,AFC,Denver Broncos,17596,"Crawford, Keyron",,,$0.94,3,2026 UDFA,
05/13/2026 09:55 PM EDT,AFC,Denver Broncos,17241,"Crawshaw, Jeremy",,,$1.06,3,2025 5.01,
05/13/2026 09:55 PM EDT,AFC,Denver Broncos,17256,"Croskey-Merritt, Jacory",,,$0.99,2,2025 UDFA,
05/13/2026 09:55 PM EDT,AFC,Denver Broncos,17636,"Dugger, Jaden",,,$0.94,3,2026 UDFA,
05/13/2026 09:55 PM EDT,AFC,Denver Broncos,15253,"Etienne, Travis",,,$14.48,2,2026 oEXT,
05/13/2026 09:55 PM EDT,AFC,Denver Broncos,17191,"Farmer, Joshua",,,$1.10,1,2026 R/F,
05/13/2026 09:55 PM EDT,AFC,Denver Broncos,17553,"Faulk, Keldric",,,$1.52,4,2026 3.01,
05/13/2026 09:55 PM EDT,AFC,Denver Broncos,17221,"Harris, Marcus",,,$1.10,1,2026 R/F,
05/13/2026 09:55 PM EDT,AFC,Denver Broncos,17627,"Hibner, Matthew",,,$0.94,3,2026 UDFA,
05/13/2026 09:55 PM EDT,AFC,Denver Broncos,14835,"Higgins, Tee",,,$15.43,2,2024 B/R,
05/13/2026 09:55 PM EDT,AFC,Denver Broncos,14138,"Hockenson, T.J.",,,$18.50,2,2025 oEXT,
05/13/2026 09:55 PM EDT,AFC,Denver Broncos,14182,"Hooker, Amani",,,$5.43,1,2025 UFA,
05/13/2026 09:55 PM EDT,AFC,Denver Broncos,17610,"Huskey, Jalen",,,$0.94,3,2026 UDFA,
05/13/2026 09:55 PM EDT,AFC,Denver Broncos,16722,"Knight, Tyrice",,,$1.03,1,2024 UDFA,
05/13/2026 09:55 PM EDT,AFC,Denver Broncos,17644,"Koziol, Tanner",,,$0.94,3,2026 UDFA,
05/13/2026 09:55 PM EDT,AFC,Denver Broncos,16214,"LaPorta, Sam",,,$3.70,1,2023 2.02^,
05/13/2026 09:55 PM EDT,AFC,Denver Broncos,17184,"Lane, Jaylin",,,$1.10,1,2026 ERFA,
05/13/2026 09:55 PM EDT,AFC,Denver Broncos,15237,"Lawrence, Trevor",,,$14.95,2,2025 UFA,
05/13/2026 09:55 PM EDT,AFC,Denver Broncos,16604,"Lloyd, MarShawn",,,$1.38,2,2024 3.08,
05/13/2026 09:55 PM EDT,AFC,Denver Broncos,17222,"Loop, Tyler",,,$1.06,3,2025 5.02,
05/13/2026 09:55 PM EDT,AFC,Denver Broncos,17472,"Love, Jeremiyah",,,$11.67,4,2026 1.01,
05/13/2026 09:55 PM EDT,AFC,Denver Broncos,17159,"Martin, Nick",,,$1.10,3,2025 4.10,
05/13/2026 09:55 PM EDT,AFC,Denver Broncos,16212,"Mayer, Michael",,,$1.10,1,2026 R/F,
05/13/2026 09:55 PM EDT,AFC,Denver Broncos,16628,"McMillan, Jalen",,,$1.19,2,2024 4.05,
05/13/2026 09:55 PM EDT,AFC,Denver Broncos,17071,"McMillan, Tetairoa",,,$7.73,3,2025 1.03,
05/13/2026 09:55 PM EDT,AFC,Denver Broncos,16585,"Milton, Joe",,,$1.10,1,2025 R/F,
05/13/2026 09:55 PM EDT,AFC,Denver Broncos,17700,"Murdock, Red",,,$0.94,3,2026 UDFA,
05/13/2026 09:55 PM EDT,AFC,Denver Broncos,15378,"Oweh, Odafe",,,$3.60,2,2024 iEXT,
05/13/2026 09:55 PM EDT,AFC,Denver Broncos,17163,"Parrish, Jacob",,,$1.10,1,2026 ERFA,
05/13/2026 09:55 PM EDT,AFC,Denver Broncos,17684,"Payne, VJ",,,$0.94,3,2026 UDFA,
05/13/2026 09:55 PM EDT,AFC,Denver Broncos,16703,"Phillips, Andru",,,$1.10,1,2025 R/F,
05/13/2026 09:55 PM EDT,AFC,Denver Broncos,17196,"Phillips, Jordan",,,$1.10,1,2026 R/F,
05/13/2026 09:55 PM EDT,AFC,Denver Broncos,17612,"Proctor, Kaleb",,,$0.94,3,2026 UDFA,
05/13/2026 09:55 PM EDT,AFC,Denver Broncos,17566,"Royer, Joe",,,$0.94,3,2026 UDFA,
05/13/2026 09:55 PM EDT,AFC,Denver Broncos,16643,"Sanders, Ja'Tavion",,,$1.24,2,2024 3.18,
05/13/2026 09:55 PM EDT,AFC,Denver Broncos,17616,"Scott, Keionte",,,$0.98,4,2026 5.14,
05/13/2026 09:55 PM EDT,AFC,Denver Broncos,13744,"Shepherd, Nathan",,,$1.10,1,2026 R/F,
05/13/2026 09:55 PM EDT,AFC,Denver Broncos,15428,"Sherwood, Jamien",,,$5.88,2,2025 SRFA,
05/13/2026 09:55 PM EDT,AFC,Denver Broncos,17668,"Smack, Trey",,,$0.98,4,2026 5.15,
05/13/2026 09:55 PM EDT,AFC,Denver Broncos,13696,"Smith, Roquan",,,$14.27,2,2024 oEXT,
05/13/2026 09:55 PM EDT,AFC,Denver Broncos,14778,"Tagovailoa, Tua",,,$20.49,2,2025 B/R,
05/13/2026 09:55 PM EDT,AFC,Denver Broncos,17202,"Trader, Dante",,,$1.10,1,2026 R/F,
05/13/2026 09:55 PM EDT,AFC,Denver Broncos,17655,"Traore, Seydou",,,$0.94,3,2026 UDFA,
05/13/2026 09:55 PM EDT,AFC,Denver Broncos,17160,"Umanmielen, Princely",,,$0.99,2,2025 UDFA,
05/13/2026 09:55 PM EDT,AFC,Denver Broncos,15877,"Uwazurike, Eyioma",,,$1.10,1,2026 ERFA,
05/13/2026 09:55 PM EDT,AFC,Denver Broncos,17192,"Watkins, Jordan",,,$1.10,1,2026 R/F,
05/13/2026 09:55 PM EDT,AFC,Denver Broncos,16633,"Whittington, Jordan",,,$1.10,1,2026 R/F,
05/13/2026 09:55 PM EDT,AFC,Denver Broncos,17113,"Williams, Mykel",,,$1.97,3,2025 2.07,
05/13/2026 09:55 PM EDT,AFC,Denver Broncos,17096,"Williams, Savion",,,$1.03,3,2025 5.12,
05/13/2026 09:55 PM EDT,AFC,Denver Broncos,17172,"Woodson, Craig",,,$1.03,3,2025 5.15,
05/13/2026 09:55 PM EDT,AFC,Kansas City Chiefs,17632,"Barrett, Nick",,,$0.94,3,2026 UDFA,
05/13/2026 09:55 PM EDT,AFC,Kansas City Chiefs,17128,"Barron, Jahdae",,,$1.19,3,2025 3.21,
05/13/2026 09:55 PM EDT,AFC,Kansas City Chiefs,17506,"Bell, Chris",,,$1.71,4,2026 2.12,
05/13/2026 09:55 PM EDT,AFC,Kansas City Chiefs,16594,"Benson, Trey",,,$1.98,2,2024 2.06,
05/13/2026 09:55 PM EDT,AFC,Kansas City Chiefs,15835,"Brisker, Jaquan",,,$4.47,2,2025 iEXT,
05/13/2026 09:55 PM EDT,AFC,Kansas City Chiefs,17637,"Capehart, DeMonte",,,$0.94,3,2026 UDFA,
05/13/2026 09:55 PM EDT,AFC,Kansas City Chiefs,15281,"Chase, Ja'Marr",,,$20.61,4,2024 iEXT,
05/13/2026 09:55 PM EDT,AFC,Kansas City Chiefs,17594,"Clark, Bud",,,$1.00,4,2026 5.02,
05/13/2026 09:55 PM EDT,AFC,Kansas City Chiefs,12754,"Collins, Maliek",,,$1.10,1,2026 R/F,
05/13/2026 09:55 PM EDT,AFC,Kansas City Chiefs,16665,"Colson, Junior",,,$2.05,2,2024 2.05,
05/13/2026 09:55 PM EDT,AFC,Kansas City Chiefs,17501,"Concepcion, KC",,,$4.99,4,2026 1.07,
05/13/2026 09:55 PM EDT,AFC,Kansas City Chiefs,17628,"Daniels, Kendal",,,$0.94,3,2026 UDFA,
05/13/2026 09:55 PM EDT,AFC,Kansas City Chiefs,17032,"Dart, Jaxson",,,$2.35,3,2025 2.02,
05/13/2026 09:55 PM EDT,AFC,Kansas City Chiefs,15755,"Dotson, Jahan",,,$1.10,1,2026 R/F,
05/13/2026 09:55 PM EDT,AFC,Kansas City Chiefs,16786,"Drake-Rodriguez, Levi",,,$1.10,1,2026 ERFA,
05/13/2026 09:55 PM EDT,AFC,Kansas City Chiefs,17144,"Emmanwori, Nick",,,$1.57,3,2025 2.16,
05/13/2026 09:55 PM EDT,AFC,Kansas City Chiefs,17545,"Endries, Jack",,,$0.94,3,2026 UDFA,
05/13/2026 09:55 PM EDT,AFC,Kansas City Chiefs,17103,"Fannin, Harold",,,$1.33,3,2025 3.10,
05/13/2026 09:55 PM EDT,AFC,Kansas City Chiefs,15866,"Flott, Cordale",,,$1.10,1,2026 R/F,
05/13/2026 09:55 PM EDT,AFC,Kansas City Chiefs,17099,"Gadsden, Oronde",,,$0.99,2,2025 UDFA,
05/13/2026 09:55 PM EDT,AFC,Kansas City Chiefs,13198,"Garrett, Myles",,,$22.90,5,2025 iEXT,
05/13/2026 09:55 PM EDT,AFC,Kansas City Chiefs,13347,"Gonzalez, Zane",,,$1.10,1,2026 R/F,
05/13/2026 09:55 PM EDT,AFC,Kansas City Chiefs,16444,"Grupe, Blake",,,$1.10,1,2026 R/F,
05/13/2026 09:55 PM EDT,AFC,Kansas City Chiefs,17068,"Harvey, RJ",,,$2.56,3,2025 1.16,
05/13/2026 09:55 PM EDT,AFC,Kansas City Chiefs,15366,"Holland, Jevon",,,$2.67,2,2025 UFA,
05/13/2026 09:55 PM EDT,AFC,Kansas City Chiefs,17570,"Hunter, Lee",,,$0.98,4,2026 5.22,
05/13/2026 09:55 PM EDT,AFC,Kansas City Chiefs,17193,"Ingram-Dawkins, Tyrion",,,$1.10,1,2026 R/F,
05/13/2026 09:55 PM EDT,AFC,Kansas City Chiefs,14836,"Jefferson, Justin",,,$43.12,3,2024 iEXT,
05/13/2026 09:55 PM EDT,AFC,Kansas City Chiefs,17578,"Louis, Kyle",,,$0.94,3,2026 UDFA,
05/13/2026 09:55 PM EDT,AFC,Kansas City Chiefs,13116,"Mahomes, Patrick",,,$41.47,3,2023 oEXT,
05/13/2026 09:55 PM EDT,AFC,Kansas City Chiefs,11383,"Martin, Sam",,,$1.10,1,2026 R/F,
05/13/2026 09:55 PM EDT,AFC,Kansas City Chiefs,15849,"McCreary, Roger",,,$1.10,1,2026 R/F,
05/13/2026 09:55 PM EDT,AFC,Kansas City Chiefs,17239,"Mickens, R.J.",,,$1.10,1,2026 ERFA,
05/13/2026 09:55 PM EDT,AFC,Kansas City Chiefs,15402,"Molden, Elijah",,,$1.10,1,2026 R/F,
05/13/2026 09:55 PM EDT,AFC,Kansas City Chiefs,17625,"Moore, Trey",,,$0.94,3,2026 UDFA,
05/13/2026 09:55 PM EDT,AFC,Kansas City Chiefs,17136,"Nolen, Walter",,,$1.46,3,2025 3.04,
05/13/2026 09:55 PM EDT,AFC,Kansas City Chiefs,16616,"Odunze, Rome",,,$5.43,2,2024 1.05,
05/13/2026 09:55 PM EDT,AFC,Kansas City Chiefs,16572,"Okada, Ty",,,$1.10,1,2026 R/F,
05/13/2026 09:55 PM EDT,AFC,Kansas City Chiefs,17631,"Prysock, Ephesians",,,$0.94,3,2026 UDFA,
05/13/2026 09:55 PM EDT,AFC,Kansas City Chiefs,17505,"Sarratt, Elijah",,,$1.03,4,2026 4.17,
05/13/2026 09:55 PM EDT,AFC,Kansas City Chiefs,17119,"Scourton, Nic",,,$1.09,3,2025 4.11,
05/13/2026 09:55 PM EDT,AFC,Kansas City Chiefs,16450,"Thomas, Drake",,,$1.10,1,2026 ERFA,
05/13/2026 09:55 PM EDT,AFC,Kansas City Chiefs,15787,"Thornton, Tyquan",,,$2.40,1,2026 B/R,
05/13/2026 09:55 PM EDT,AFC,Kansas City Chiefs,15492,"Tonga, Khyiris",,,$1.10,1,2026 R/F,
05/13/2026 09:55 PM EDT,AFC,Kansas City Chiefs,17589,"Trotter, Josiah",,,$1.92,4,2026 2.08,
05/13/2026 09:55 PM EDT,AFC,Kansas City Chiefs,17498,"Tyson, Jordyn",,,$6.27,4,2026 1.05,
05/13/2026 09:55 PM EDT,AFC,Kansas City Chiefs,15510,"Washington, Ar'Darius",,,$1.10,1,2026 ERFA,
05/13/2026 09:55 PM EDT,AFC,Kansas City Chiefs,15081,"Wharton, Tershawn",,,$1.10,1,2025 R/F,
05/13/2026 09:55 PM EDT,AFC,Kansas City Chiefs,17490,"Whittington, Noah",,,$0.94,3,2026 UDFA,
05/13/2026 09:55 PM EDT,AFC,Kansas City Chiefs,15391,"Williams, Milton",,,$2.02,4,2026 oEXT,
05/13/2026 09:55 PM EDT,AFC,Kansas City Chiefs,14221,"Williams, Quincy",,,$4.94,2,2026 B/R,
05/13/2026 09:55 PM EDT,AFC,Kansas City Chiefs,16010,"Wright, Ryan",,,$1.10,1,2026 R/F,
05/13/2026 09:55 PM EDT,AFC,Kansas City Chiefs,15819,"Wyatt, Devonte",,,$2.05,2,2025 iEXT,
05/13/2026 09:55 PM EDT,AFC,Las Vegas Raiders,15873,"Bellinger, Daniel",,,$2.06,1,2024 UFA,
05/13/2026 09:55 PM EDT,AFC,Las Vegas Raiders,15869,"Bernard, Terrel",,,$5.15,2,2025 UFA,
05/13/2026 09:55 PM EDT,AFC,Las Vegas Raiders,13869,"Bojorquez, Corey",,,$2.05,1,2025 UFA,
05/13/2026 09:55 PM EDT,AFC,Las Vegas Raiders,13172,"Brown, Noah",,,$2.06,1,2024 UFA,
05/13/2026 09:55 PM EDT,AFC,Las Vegas Raiders,17112,"Carter, Abdul",,,$3.97,3,2025 1.09,
05/13/2026 09:55 PM EDT,AFC,Las Vegas Raiders,17502,"Cooper Jr., Omar",,,$2.91,4,2026 1.14,
05/13/2026 09:55 PM EDT,AFC,Las Vegas Raiders,16581,"Daniels, Jayden",,,$4.87,2,2024 1.06,
05/13/2026 09:55 PM EDT,AFC,Las Vegas Raiders,15817,"Davis, Jordan",,,$20.26,1,2026 NEFT,
05/13/2026 09:55 PM EDT,AFC,Las Vegas Raiders,15821,"Dean, Nakobe",,,$7.69,4,2026 oEXT,
05/13/2026 09:55 PM EDT,AFC,Las Vegas Raiders,14823,"Dowdle, Rico",,,$5.77,1,2026 SRFA,
05/13/2026 09:55 PM EDT,AFC,Las Vegas Raiders,14921,"Dugger, Kyle",,,$7.08,1,2024 UFA,
05/13/2026 09:55 PM EDT,AFC,Las Vegas Raiders,15799,"Ferguson, Jake",,,$5.77,2,2026 SRFA,
05/13/2026 09:55 PM EDT,AFC,Las Vegas Raiders,14904,"Fulton, Kristian",,,$1.10,1,2026 R/F,
05/13/2026 09:55 PM EDT,AFC,Las Vegas Raiders,12611,"Goff, Jared",,,$26.98,2,2024 oEXT,
05/13/2026 09:55 PM EDT,AFC,Las Vegas Raiders,17710,"Gyllenborg, John Michael",,,$0.94,3,2026 UDFA,
05/13/2026 09:55 PM EDT,AFC,Las Vegas Raiders,14954,"Hawkins, Jaylinn",,,$1.10,1,2026 ERFA,
05/13/2026 09:55 PM EDT,AFC,Las Vegas Raiders,15361,"Horn, Jaycee",,,$3.14,1,2025 UFA,
05/13/2026 09:55 PM EDT,AFC,Las Vegas Raiders,16598,"Irving, Bucky",,,$1.11,2,2024 4.18,
05/13/2026 09:55 PM EDT,AFC,Las Vegas Raiders,15989,"Jobe, Josh",,,$1.10,1,2026 R/F,
05/13/2026 09:55 PM EDT,AFC,Las Vegas Raiders,15404,"Jones, Ernest",,,$7.43,2,2025 UFA,
05/13/2026 09:55 PM EDT,AFC,Las Vegas Raiders,15923,"Lake, Quentin",,,$4.39,1,2025 UFA,
05/13/2026 09:55 PM EDT,AFC,Las Vegas Raiders,13700,"Landry, Harold",,,$7.92,2,2025 UFA,
05/13/2026 09:55 PM EDT,AFC,Las Vegas Raiders,15751,"London, Drake",,,$29.83,1,2026 5YO,
05/13/2026 09:55 PM EDT,AFC,Las Vegas Raiders,14908,"McKinney, Xavier",,,$5.88,1,2023 UFA,
05/13/2026 09:55 PM EDT,AFC,Las Vegas Raiders,13704,"Nwosu, Uchenna",,,$1.10,1,2026 R/F,
05/13/2026 09:55 PM EDT,AFC,Las Vegas Raiders,17665,"Obiazor, Namdi",,,$0.94,3,2026 UDFA,
05/13/2026 09:55 PM EDT,AFC,Las Vegas Raiders,17115,"Pearce, James",,,$1.86,3,2025 2.09,
05/13/2026 09:55 PM EDT,AFC,Las Vegas Raiders,16586,"Rattler, Spencer",,,$1.08,2,2024 5.13,
05/13/2026 09:55 PM EDT,AFC,Las Vegas Raiders,16161,"Robinson, Bijan",,,$10.93,1,2023 1.01,
05/13/2026 09:55 PM EDT,AFC,Las Vegas Raiders,14997,"Rodgers, Isaiah",,,$1.10,1,2026 ERFA,
05/13/2026 09:55 PM EDT,AFC,Las Vegas Raiders,17167,"Sanker, Jonas",,,$1.02,3,2025 5.21,
05/13/2026 09:55 PM EDT,AFC,Las Vegas Raiders,14215,"Saunders, Khalen",,,$2.06,1,2024 UFA,
05/13/2026 09:55 PM EDT,AFC,Las Vegas Raiders,13193,"Smith, Jonnu",,,$5.02,1,2025 UFA,
05/13/2026 09:55 PM EDT,AFC,Las Vegas Raiders,16185,"Smith-Njigba, Jaxon",,,$6.09,1,2023 1.05,
05/13/2026 09:55 PM EDT,AFC,Las Vegas Raiders,13630,"Sutton, Courtland",,,$24.97,3,2026 oEXT,
05/13/2026 09:55 PM EDT,AFC,Las Vegas Raiders,13690,"Sweat, Josh",,,$5.78,3,2026 oEXT,
05/13/2026 09:55 PM EDT,AFC,Las Vegas Raiders,14797,"Swift, D'Andre",,,$6.56,1,2024 oEXT,
05/13/2026 09:55 PM EDT,AFC,Las Vegas Raiders,15788,"Tolbert, Jalen",,,$2.05,2,2025 UFA,
05/13/2026 09:55 PM EDT,AFC,Las Vegas Raiders,15387,"Werner, Pete",,,$2.05,1,2025 UFA,
05/13/2026 09:55 PM EDT,AFC,Las Vegas Raiders,14157,"Williams, Quinnen",,,$12.65,1,2025 UFA,
05/13/2026 09:55 PM EDT,AFC,Las Vegas Raiders,17621,"Woodaz, Wade",,,$0.94,3,2026 UDFA,
05/13/2026 09:55 PM EDT,AFC,Los Angeles Chargers,16167,"Achane, De'Von",,,$5.81,1,2023 2.13^,
05/13/2026 09:55 PM EDT,AFC,Los Angeles Chargers,16414,"Aubrey, Brandon",,,$3.92,4,2026 oEXT,
05/13/2026 09:55 PM EDT,AFC,Los Angeles Chargers,17261,"Biggers, Zeek",,,$1.10,1,2026 R/F,
05/13/2026 09:55 PM EDT,AFC,Los Angeles Chargers,17523,"Caldwell, Jeff",,,$0.94,3,2026 UDFA,
05/13/2026 09:55 PM EDT,AFC,Los Angeles Chargers,17527,"Cameron, Josh",,,$0.94,3,2026 UDFA,
05/13/2026 09:55 PM EDT,AFC,Los Angeles Chargers,16239,"Campbell, Jack",,,$3.10,1,2023 1.13,
05/13/2026 09:55 PM EDT,AFC,Los Angeles Chargers,17481,"Claiborne, Demond",,,$1.15,4,2026 3.20,
05/13/2026 09:55 PM EDT,AFC,Los Angeles Chargers,17528,"Coleman, Kevin",,,$0.94,3,2026 UDFA,
05/13/2026 09:55 PM EDT,AFC,Los Angeles Chargers,15715,"Cook, James",,,$16.87,3,2026 oEXT,
05/13/2026 09:55 PM EDT,AFC,Los Angeles Chargers,16593,"Corum, Blake",,,$1.39,2,2024 3.07,
05/13/2026 09:55 PM EDT,AFC,Los Angeles Chargers,16455,"Cox, Brenton",,,$2.54,1,2025 oEXT,
05/13/2026 09:55 PM EDT,AFC,Los Angeles Chargers,14225,"Crosby, Maxx",,,$25.29,3,2023 iEXT,
05/13/2026 09:55 PM EDT,AFC,Los Angeles Chargers,17504,"Daniels, CJ",,,$0.94,3,2026 UDFA,
05/13/2026 09:55 PM EDT,AFC,Los Angeles Chargers,16657,"Dorlus, Brandon",,,$1.10,1,2026 ERFA,
05/13/2026 09:55 PM EDT,AFC,Los Angeles Chargers,14322,"Edwards, T.J.",,,$10.63,2,2024 oEXT,
05/13/2026 09:55 PM EDT,AFC,Los Angeles Chargers,12860,"Fairbairn, Ka'imi",,,$1.99,1,2023 iEXT,
05/13/2026 09:55 PM EDT,AFC,Los Angeles Chargers,17511,"Fields, Malachi",,,$2.05,4,2026 2.06,
05/13/2026 09:55 PM EDT,AFC,Los Angeles Chargers,17571,"Golday, Jake",,,$1.39,4,2026 3.06,
05/13/2026 09:55 PM EDT,AFC,Los Angeles Chargers,14882,"Greenard, Jonathan",,,$20.65,1,2025 oEXT,
05/13/2026 09:55 PM EDT,AFC,Los Angeles Chargers,15812,"Hall, Logan",,,$1.10,1,2026 R/F,
05/13/2026 09:55 PM EDT,AFC,Los Angeles Chargers,15469,"Hamlin, Damar",,,$3.84,1,2024 iEXT,
05/13/2026 09:55 PM EDT,AFC,Los Angeles Chargers,17137,"Harmon, Derrick",,,$1.64,3,2025 2.14,
05/13/2026 09:55 PM EDT,AFC,Los Angeles Chargers,16227,"Harrison, Zach",,,$1.10,1,2025 R/F,
05/13/2026 09:55 PM EDT,AFC,Los Angeles Chargers,17083,"Higgins, Jayden",,,$2.84,3,2025 1.14,
05/13/2026 09:55 PM EDT,AFC,Los Angeles Chargers,17573,"Johnson, Chris",,,$1.10,4,2026 4.06,
05/13/2026 09:55 PM EDT,AFC,Los Angeles Chargers,16350,"Jones, Jaylon",,,$4.08,1,2024 iEXT,
05/13/2026 09:55 PM EDT,AFC,Los Angeles Chargers,17662,"Kelly, Jack",,,$0.94,3,2026 UDFA,
05/13/2026 09:55 PM EDT,AFC,Los Angeles Chargers,17646,"Kilgore, Jalon",,,$0.98,4,2026 5.21,
05/13/2026 09:55 PM EDT,AFC,Los Angeles Chargers,17035,"Leonard, Riley",,,$1.10,1,2026 R/F,
05/13/2026 09:55 PM EDT,AFC,Los Angeles Chargers,16627,"McConkey, Ladd",,,$3.45,2,2024 1.10,
05/13/2026 09:55 PM EDT,AFC,Los Angeles Chargers,15363,"Melifonwu, Ifeatu",,,$2.06,2,2024 oEXT,
05/13/2026 09:55 PM EDT,AFC,Los Angeles Chargers,17462,"Mendoza, Fernando",,,$7.14,4,2026 1.04,
05/13/2026 09:55 PM EDT,AFC,Los Angeles Chargers,17465,"Nussmeier, Garrett",,,$0.94,3,2026 UDFA,
05/13/2026 09:55 PM EDT,AFC,Los Angeles Chargers,16159,"O'Connell, Aidan",,,$1.21,1,2023 4.15,
05/13/2026 09:55 PM EDT,AFC,Los Angeles Chargers,15350,"Parsons, Micah",,,$11.08,3,2024 iEXT,
05/13/2026 09:55 PM EDT,AFC,Los Angeles Chargers,15329,"Pitts, Kyle",,,$10.07,2,2024 iEXT,
05/13/2026 09:55 PM EDT,AFC,Los Angeles Chargers,16184,"Reed, Jayden",,,$2.05,1,2023 2.07,
05/13/2026 09:55 PM EDT,AFC,Los Angeles Chargers,17522,"Roberts, Chase",,,$0.94,3,2026 UDFA,
05/13/2026 09:55 PM EDT,AFC,Los Angeles Chargers,17586,"Rodriguez, Jacob",,,$2.50,4,2026 2.01,
05/13/2026 09:55 PM EDT,AFC,Los Angeles Chargers,13431,"Sanchez, Rigoberto",,,$2.39,1,2024 iEXT,
05/13/2026 09:55 PM EDT,AFC,Los Angeles Chargers,16644,"Sinnott, Ben",,,$1.66,2,2024 2.13,
05/13/2026 09:55 PM EDT,AFC,Los Angeles Chargers,17049,"Smith, Brashard",,,$1.08,3,2025 4.14,
05/13/2026 09:55 PM EDT,AFC,Los Angeles Chargers,16729,"Still, Tarheeb",,,$1.10,1,2026 R/F,
05/13/2026 09:55 PM EDT,AFC,Los Angeles Chargers,17169,"Stout, Upton",,,$1.10,1,2026 ERFA,
05/13/2026 09:55 PM EDT,AFC,Los Angeles Chargers,16269,"Strange, Brenton",,,$1.10,1,2025 R/F,
05/13/2026 09:55 PM EDT,AFC,Los Angeles Chargers,17487,"Taylor, J'Mari",,,$0.94,3,2026 UDFA,
05/13/2026 09:55 PM EDT,AFC,Los Angeles Chargers,17087,"Thornton, Dont'e",,,$2.06,1,2025 UFA,
05/13/2026 09:55 PM EDT,AFC,Los Angeles Chargers,17052,"Tuten, Bhayshul",,,$1.51,3,2025 3.02,
05/13/2026 09:55 PM EDT,AFC,Los Angeles Chargers,17174,"Walker, Deone",,,$1.10,1,2026 ERFA,
05/13/2026 09:55 PM EDT,AFC,Los Angeles Chargers,16704,"Wallace, Trevin",,,$1.20,1,2024 4.03,
05/13/2026 09:55 PM EDT,AFC,Los Angeles Chargers,17131,"Watts, Xavier",,,$1.26,3,2025 3.14,
05/13/2026 09:55 PM EDT,AFC,Los Angeles Chargers,16346,"Winters, Dee",,,$1.10,1,2025 R/F,
