season,franchise_id,gameday_status,adl_position,mean_players,weeks
2021,0001,ACT,CB,3.588235294117647,17
2021,0001,ACT,DE,3.9411764705882355,17
2021,0001,ACT,DT,4.9411764705882355,17
2021,0001,ACT,LB,4.882352941176471,17
2021,0001,ACT,PK,1,17
2021,0001,ACT,PN,1,17
2021,0001,ACT,QB,1.8823529411764706,17
2021,0001,ACT,RB,3.588235294117647,17
2021,0001,ACT,S,2.8823529411764706,17
2021,0001,ACT,TE,1.7058823529411764,17
2021,0001,ACT,UNMAPPED,0,17
2021,0001,ACT,WR,4.411764705882353,17
2021,0001,INA,CB,0.17647058823529413,17
2021,0001,INA,DE,0.4117647058823529,17
2021,0001,INA,DT,0.29411764705882354,17
2021,0001,INA,LB,0.35294117647058826,17
2021,0001,INA,PK,0.058823529411764705,17
2021,0001,INA,PN,0.058823529411764705,17
2021,0001,INA,QB,1.1764705882352942,17
2021,0001,INA,RB,0.4117647058823529,17
2021,0001,INA,S,0.11764705882352941,17
2021,0001,INA,TE,0.35294117647058826,17
2021,0001,INA,UNMAPPED,0,17
2021,0001,INA,WR,0.23529411764705882,17
2021,0002,ACT,CB,3.176470588235294,17
2021,0002,ACT,DE,3.823529411764706,17
2021,0002,ACT,DT,4.705882352941177,17
2021,0002,ACT,LB,3.8823529411764706,17
2021,0002,ACT,PK,1,17
2021,0002,ACT,PN,0.9411764705882353,17
2021,0002,ACT,QB,2.8823529411764706,17
2021,0002,ACT,RB,5.294117647058823,17
2021,0002,ACT,S,2.588235294117647,17
2021,0002,ACT,TE,1.4705882352941178,17
2021,0002,ACT,UNMAPPED,0,17
2021,0002,ACT,WR,6.764705882352941,17
2021,0002,INA,CB,0.23529411764705882,17
2021,0002,INA,DE,0.23529411764705882,17
2021,0002,INA,DT,0.29411764705882354,17
2021,0002,INA,LB,0.29411764705882354,17
2021,0002,INA,PK,0.058823529411764705,17
2021,0002,INA,PN,0.11764705882352941,17
2021,0002,INA,QB,0.23529411764705882,17
2021,0002,INA,RB,0.4117647058823529,17
2021,0002,INA,S,0.17647058823529413,17
2021,0002,INA,TE,0.11764705882352941,17
2021,0002,INA,UNMAPPED,0,17
2021,0002,INA,WR,0.8235294117647058,17
2021,0003,ACT,CB,4.176470588235294,17
2021,0003,ACT,DE,4.411764705882353,17
2021,0003,ACT,DT,5.705882352941177,17
2021,0003,ACT,LB,3.1176470588235294,17
2021,0003,ACT,PK,1,17
2021,0003,ACT,PN,1.2352941176470589,17
2021,0003,ACT,QB,2.9411764705882355,17
2021,0003,ACT,RB,5.470588235294118,17
2021,0003,ACT,S,3.823529411764706,17
2021,0003,ACT,TE,3.4705882352941178,17
2021,0003,ACT,UNMAPPED,0,17
2021,0003,ACT,WR,5.352941176470588,17
2021,0003,INA,CB,0.47058823529411764,17
2021,0003,INA,DE,0.29411764705882354,17
2021,0003,INA,DT,0.5294117647058824,17
2021,0003,INA,LB,0.17647058823529413,17
2021,0003,INA,PK,0.058823529411764705,17
2021,0003,INA,PN,0.058823529411764705,17
2021,0003,INA,QB,0.17647058823529413,17
2021,0003,INA,RB,0.35294117647058826,17
2021,0003,INA,S,0.29411764705882354,17
2021,0003,INA,TE,0.29411764705882354,17
2021,0003,INA,UNMAPPED,0,17
2021,0003,INA,WR,0.4117647058823529,17
2021,0004,ACT,CB,3.411764705882353,17
2021,0004,ACT,DE,6.0588235294117645,17
2021,0004,ACT,DT,4.117647058823529,17
2021,0004,ACT,LB,4.117647058823529,17
2021,0004,ACT,PK,1.2941176470588236,17
2021,0004,ACT,PN,1,17
2021,0004,ACT,QB,3.5294117647058822,17
2021,0004,ACT,RB,2.176470588235294,17
2021,0004,ACT,S,2.7058823529411766,17
2021,0004,ACT,TE,3.4705882352941178,17
2021,0004,ACT,UNMAPPED,0,17
2021,0004,ACT,WR,6.0588235294117645,17
2021,0004,INA,CB,0.29411764705882354,17
2021,0004,INA,DE,0.4117647058823529,17
2021,0004,INA,DT,0.4117647058823529,17
2021,0004,INA,LB,0.8235294117647058,17
2021,0004,INA,PK,0.058823529411764705,17
2021,0004,INA,PN,0.058823529411764705,17
2021,0004,INA,QB,0.23529411764705882,17
2021,0004,INA,RB,0.35294117647058826,17
2021,0004,INA,S,0.29411764705882354,17
2021,0004,INA,TE,0.35294117647058826,17
2021,0004,INA,UNMAPPED,0,17
2021,0004,INA,WR,1,17
2021,0005,ACT,CB,3.8823529411764706,17
2021,0005,ACT,DE,4.647058823529412,17
2021,0005,ACT,DT,5.294117647058823,17
2021,0005,ACT,LB,4.882352941176471,17
2021,0005,ACT,PK,1.1176470588235294,17
2021,0005,ACT,PN,1.3529411764705883,17
2021,0005,ACT,QB,1.2941176470588236,17
2021,0005,ACT,RB,4.294117647058823,17
2021,0005,ACT,S,4.117647058823529,17
2021,0005,ACT,TE,1.8823529411764706,17
2021,0005,ACT,UNMAPPED,0,17
2021,0005,ACT,WR,7,17
2021,0005,INA,CB,0.5294117647058824,17
2021,0005,INA,DE,0.47058823529411764,17
2021,0005,INA,DT,0.4117647058823529,17
2021,0005,INA,LB,0.47058823529411764,17
2021,0005,INA,PK,0.058823529411764705,17
2021,0005,INA,PN,0.17647058823529413,17
2021,0005,INA,QB,0.11764705882352941,17
2021,0005,INA,RB,0.4117647058823529,17
2021,0005,INA,S,0.4117647058823529,17
2021,0005,INA,TE,0.11764705882352941,17
2021,0005,INA,UNMAPPED,0,17
2021,0005,INA,WR,0.5882352941176471,17
2021,0006,ACT,CB,2.764705882352941,17
2021,0006,ACT,DE,4.705882352941177,17
2021,0006,ACT,DT,4.0588235294117645,17
2021,0006,ACT,LB,4.764705882352941,17
2021,0006,ACT,PK,1.3529411764705883,17
2021,0006,ACT,PN,1.0588235294117647,17
2021,0006,ACT,QB,2.235294117647059,17
2021,0006,ACT,RB,3.823529411764706,17
2021,0006,ACT,S,3.7058823529411766,17
2021,0006,ACT,TE,3.176470588235294,17
2021,0006,ACT,UNMAPPED,0,17
2021,0006,ACT,WR,7,17
2021,0006,INA,CB,0.17647058823529413,17
2021,0006,INA,DE,0.6470588235294118,17
2021,0006,INA,DT,0.35294117647058826,17
2021,0006,INA,LB,0.4117647058823529,17
2021,0006,INA,PK,0.058823529411764705,17
2021,0006,INA,PN,0.058823529411764705,17
2021,0006,INA,QB,0.17647058823529413,17
2021,0006,INA,RB,0.29411764705882354,17
2021,0006,INA,S,0.29411764705882354,17
2021,0006,INA,TE,0.23529411764705882,17
2021,0006,INA,UNMAPPED,0,17
2021,0006,INA,WR,0.7647058823529411,17
2021,0007,ACT,CB,3.235294117647059,17
2021,0007,ACT,DE,4.705882352941177,17
2021,0007,ACT,DT,2.588235294117647,17
2021,0007,ACT,LB,5.352941176470588,17
2021,0007,ACT,PK,1,17
2021,0007,ACT,PN,1.2352941176470589,17
2021,0007,ACT,QB,2.3529411764705883,17
2021,0007,ACT,RB,6,17
2021,0007,ACT,S,3.764705882352941,17
2021,0007,ACT,TE,2.764705882352941,17
2021,0007,ACT,UNMAPPED,0,17
2021,0007,ACT,WR,7,17
2021,0007,INA,CB,0.23529411764705882,17
2021,0007,INA,DE,0.4117647058823529,17
2021,0007,INA,DT,0.29411764705882354,17
2021,0007,INA,LB,0.8235294117647058,17
2021,0007,INA,PK,0.058823529411764705,17
2021,0007,INA,PN,0.11764705882352941,17
2021,0007,INA,QB,0.23529411764705882,17
2021,0007,INA,RB,0.7058823529411765,17
2021,0007,INA,S,0.23529411764705882,17
2021,0007,INA,TE,0.23529411764705882,17
2021,0007,INA,UNMAPPED,0,17
2021,0007,INA,WR,0.8823529411764706,17
2021,0008,ACT,CB,2.823529411764706,17
2021,0008,ACT,DE,4.235294117647059,17
2021,0008,ACT,DT,3,17
2021,0008,ACT,LB,5.411764705882353,17
2021,0008,ACT,PK,1.2352941176470589,17
2021,0008,ACT,PN,1,17
2021,0008,ACT,QB,3.823529411764706,17
2021,0008,ACT,RB,3.176470588235294,17
2021,0008,ACT,S,4.294117647058823,17
2021,0008,ACT,TE,2.823529411764706,17
2021,0008,ACT,UNMAPPED,0,17
2021,0008,ACT,WR,4.764705882352941,17
2021,0008,INA,CB,0.47058823529411764,17
2021,0008,INA,DE,0.23529411764705882,17
2021,0008,INA,DT,0.23529411764705882,17
2021,0008,INA,LB,0.5294117647058824,17
2021,0008,INA,PK,0.058823529411764705,17
2021,0008,INA,PN,0.17647058823529413,17
2021,0008,INA,QB,0.17647058823529413,17
2021,0008,INA,RB,0.35294117647058826,17
2021,0008,INA,S,0.29411764705882354,17
2021,0008,INA,TE,0.11764705882352941,17
2021,0008,INA,UNMAPPED,0,17
2021,0008,INA,WR,0.4117647058823529,17
2021,0009,ACT,CB,3.588235294117647,17
2021,0009,ACT,DE,4.294117647058823,17
2021,0009,ACT,DT,4.588235294117647,17
2021,0009,ACT,LB,4.294117647058823,17
2021,0009,ACT,PK,1.2941176470588236,17
2021,0009,ACT,PN,1.1764705882352942,17
2021,0009,ACT,QB,2.235294117647059,17
2021,0009,ACT,RB,4.705882352941177,17
2021,0009,ACT,S,5.411764705882353,17
2021,0009,ACT,TE,2.235294117647059,17
2021,0009,ACT,UNMAPPED,0,17
2021,0009,ACT,WR,5.823529411764706,17
2021,0009,INA,CB,0.47058823529411764,17
2021,0009,INA,DE,0.29411764705882354,17
2021,0009,INA,DT,0.29411764705882354,17
2021,0009,INA,LB,0.23529411764705882,17
2021,0009,INA,PK,0.058823529411764705,17
2021,0009,INA,PN,0,17
2021,0009,INA,QB,0.17647058823529413,17
2021,0009,INA,RB,0.5294117647058824,17
2021,0009,INA,S,0.5882352941176471,17
2021,0009,INA,TE,0.23529411764705882,17
2021,0009,INA,UNMAPPED,0,17
2021,0009,INA,WR,0.5882352941176471,17
2021,0010,ACT,CB,3.411764705882353,17
2021,0010,ACT,DE,3.588235294117647,17
2021,0010,ACT,DT,3.823529411764706,17
2021,0010,ACT,LB,4.9411764705882355,17
2021,0010,ACT,PK,1,17
2021,0010,ACT,PN,0.8235294117647058,17
2021,0010,ACT,QB,2.3529411764705883,17
2021,0010,ACT,RB,3.411764705882353,17
2021,0010,ACT,S,3.9411764705882355,17
2021,0010,ACT,TE,2.8823529411764706,17
2021,0010,ACT,UNMAPPED,0,17
2021,0010,ACT,WR,6.764705882352941,17
2021,0010,INA,CB,0.29411764705882354,17
2021,0010,INA,DE,0.5294117647058824,17
2021,0010,INA,DT,0.17647058823529413,17
2021,0010,INA,LB,0.4117647058823529,17
2021,0010,INA,PK,0.058823529411764705,17
2021,0010,INA,PN,0.058823529411764705,17
2021,0010,INA,QB,0.17647058823529413,17
2021,0010,INA,RB,0.11764705882352941,17
2021,0010,INA,S,0.35294117647058826,17
2021,0010,INA,TE,0.23529411764705882,17
2021,0010,INA,UNMAPPED,0,17
2021,0010,INA,WR,0.47058823529411764,17
2021,0011,ACT,CB,2.3529411764705883,17
2021,0011,ACT,DE,4.352941176470588,17
2021,0011,ACT,DT,2.823529411764706,17
2021,0011,ACT,LB,3.823529411764706,17
2021,0011,ACT,PK,0.9411764705882353,17
2021,0011,ACT,PN,1,17
2021,0011,ACT,QB,2.8823529411764706,17
2021,0011,ACT,RB,5,17
2021,0011,ACT,S,3.176470588235294,17
2021,0011,ACT,TE,4.588235294117647,17
2021,0011,ACT,UNMAPPED,0,17
2021,0011,ACT,WR,7.9411764705882355,17
2021,0011,INA,CB,0.29411764705882354,17
2021,0011,INA,DE,0.23529411764705882,17
2021,0011,INA,DT,0.17647058823529413,17
2021,0011,INA,LB,0.17647058823529413,17
2021,0011,INA,PK,0.058823529411764705,17
2021,0011,INA,PN,0,17
2021,0011,INA,QB,0.35294117647058826,17
2021,0011,INA,RB,0.5294117647058824,17
2021,0011,INA,S,0.29411764705882354,17
2021,0011,INA,TE,0.35294117647058826,17
2021,0011,INA,UNMAPPED,0,17
2021,0011,INA,WR,0.8235294117647058,17
2021,0012,ACT,CB,2.588235294117647,17
2021,0012,ACT,DE,3.7058823529411766,17
2021,0012,ACT,DT,3.1176470588235294,17
2021,0012,ACT,LB,4.411764705882353,17
2021,0012,ACT,PK,1.1176470588235294,17
2021,0012,ACT,PN,1,17
2021,0012,ACT,QB,3.9411764705882355,17
2021,0012,ACT,RB,5.764705882352941,17
2021,0012,ACT,S,2.823529411764706,17
2021,0012,ACT,TE,3.176470588235294,17
2021,0012,ACT,UNMAPPED,0,17
2021,0012,ACT,WR,5.352941176470588,17
2021,0012,INA,CB,0.11764705882352941,17
2021,0012,INA,DE,0.23529411764705882,17
2021,0012,INA,DT,0.23529411764705882,17
2021,0012,INA,LB,0.47058823529411764,17
2021,0012,INA,PK,0.058823529411764705,17
2021,0012,INA,PN,0.058823529411764705,17
2021,0012,INA,QB,0.29411764705882354,17
2021,0012,INA,RB,0.5882352941176471,17
2021,0012,INA,S,0.29411764705882354,17
2021,0012,INA,TE,0.23529411764705882,17
2021,0012,INA,UNMAPPED,0,17
2021,0012,INA,WR,0.5294117647058824,17
2021,0013,ACT,CB,5,17
2021,0013,ACT,DE,5.588235294117647,17
2021,0013,ACT,DT,3.1176470588235294,17
2021,0013,ACT,LB,5,17
2021,0013,ACT,PK,1,17
2021,0013,ACT,PN,1,17
2021,0013,ACT,QB,2,17
2021,0013,ACT,RB,2.823529411764706,17
2021,0013,ACT,S,3.764705882352941,17
2021,0013,ACT,TE,1.4705882352941178,17
2021,0013,ACT,UNMAPPED,0,17
2021,0013,ACT,WR,7.764705882352941,17
2021,0013,INA,CB,0.7058823529411765,17
2021,0013,INA,DE,0.4117647058823529,17
2021,0013,INA,DT,0.23529411764705882,17
2021,0013,INA,LB,0.35294117647058826,17
2021,0013,INA,PK,0.11764705882352941,17
2021,0013,INA,PN,0,17
2021,0013,INA,QB,0.11764705882352941,17
2021,0013,INA,RB,0.17647058823529413,17
2021,0013,INA,S,0.35294117647058826,17
2021,0013,INA,TE,0.058823529411764705,17
2021,0013,INA,UNMAPPED,0,17
2021,0013,INA,WR,0.8823529411764706,17
2021,0014,ACT,CB,3.176470588235294,17
2021,0014,ACT,DE,4.529411764705882,17
2021,0014,ACT,DT,2.7058823529411766,17
2021,0014,ACT,LB,4.882352941176471,17
2021,0014,ACT,PK,1,17
2021,0014,ACT,PN,1,17
2021,0014,ACT,QB,1.7058823529411764,17
2021,0014,ACT,RB,4,17
2021,0014,ACT,S,4.529411764705882,17
2021,0014,ACT,TE,2.0588235294117645,17
2021,0014,ACT,UNMAPPED,0,17
2021,0014,ACT,WR,8.176470588235293,17
2021,0014,INA,CB,0.5882352941176471,17
2021,0014,INA,DE,0.6470588235294118,17
2021,0014,INA,DT,0.5294117647058824,17
2021,0014,INA,LB,0.6470588235294118,17
2021,0014,INA,PK,0.058823529411764705,17
2021,0014,INA,PN,0.058823529411764705,17
2021,0014,INA,QB,0.23529411764705882,17
2021,0014,INA,RB,0.5882352941176471,17
2021,0014,INA,S,0.47058823529411764,17
2021,0014,INA,TE,0.11764705882352941,17
2021,0014,INA,UNMAPPED,0,17
2021,0014,INA,WR,0.9411764705882353,17
2021,0015,ACT,CB,4.352941176470588,17
2021,0015,ACT,DE,5.0588235294117645,17
2021,0015,ACT,DT,3.411764705882353,17
2021,0015,ACT,LB,4.352941176470588,17
2021,0015,ACT,PK,1.2941176470588236,17
2021,0015,ACT,PN,1.3529411764705883,17
2021,0015,ACT,QB,3.0588235294117645,17
2021,0015,ACT,RB,3.764705882352941,17
2021,0015,ACT,S,4.235294117647059,17
2021,0015,ACT,TE,2.411764705882353,17
2021,0015,ACT,UNMAPPED,0,17
2021,0015,ACT,WR,7.352941176470588,17
2021,0015,INA,CB,0.4117647058823529,17
2021,0015,INA,DE,0.5294117647058824,17
2021,0015,INA,DT,0.17647058823529413,17
2021,0015,INA,LB,0.47058823529411764,17
2021,0015,INA,PK,0.11764705882352941,17
2021,0015,INA,PN,0.11764705882352941,17
2021,0015,INA,QB,0.35294117647058826,17
2021,0015,INA,RB,0.47058823529411764,17
2021,0015,INA,S,0.29411764705882354,17
2021,0015,INA,TE,0.11764705882352941,17
2021,0015,INA,UNMAPPED,0,17
2021,0015,INA,WR,0.7647058823529411,17
2021,0016,ACT,CB,4.470588235294118,17
2021,0016,ACT,DE,3.7058823529411766,17
2021,0016,ACT,DT,5.117647058823529,17
2021,0016,ACT,LB,4.176470588235294,17
2021,0016,ACT,PK,1.2941176470588236,17
2021,0016,ACT,PN,1.3529411764705883,17
2021,0016,ACT,QB,2.235294117647059,17
2021,0016,ACT,RB,5.0588235294117645,17
2021,0016,ACT,S,3.411764705882353,17
2021,0016,ACT,TE,3,17
2021,0016,ACT,UNMAPPED,0,17
2021,0016,ACT,WR,5.705882352941177,17
2021,0016,INA,CB,0.17647058823529413,17
2021,0016,INA,DE,0.4117647058823529,17
2021,0016,INA,DT,0.29411764705882354,17
2021,0016,INA,LB,0.29411764705882354,17
2021,0016,INA,PK,0.17647058823529413,17
2021,0016,INA,PN,0.11764705882352941,17
2021,0016,INA,QB,0.11764705882352941,17
2021,0016,INA,RB,0.47058823529411764,17
2021,0016,INA,S,0.4117647058823529,17
2021,0016,INA,TE,0.35294117647058826,17
2021,0016,INA,UNMAPPED,0,17
2021,0016,INA,WR,0.6470588235294118,17
2021,0017,ACT,CB,3.235294117647059,17
2021,0017,ACT,DE,5.470588235294118,17
2021,0017,ACT,DT,5,17
2021,0017,ACT,LB,4.176470588235294,17
2021,0017,ACT,PK,1,17
2021,0017,ACT,PN,1,17
2021,0017,ACT,QB,2.764705882352941,17
2021,0017,ACT,RB,5.235294117647059,17
2021,0017,ACT,S,4.294117647058823,17
2021,0017,ACT,TE,1.2941176470588236,17
2021,0017,ACT,UNMAPPED,0,17
2021,0017,ACT,WR,5.235294117647059,17
2021,0017,INA,CB,0.29411764705882354,17
2021,0017,INA,DE,0.47058823529411764,17
2021,0017,INA,DT,0.29411764705882354,17
2021,0017,INA,LB,0.47058823529411764,17
2021,0017,INA,PK,0.058823529411764705,17
2021,0017,INA,PN,0,17
2021,0017,INA,QB,0.29411764705882354,17
2021,0017,INA,RB,0.5882352941176471,17
2021,0017,INA,S,0.4117647058823529,17
2021,0017,INA,TE,0.058823529411764705,17
2021,0017,INA,UNMAPPED,0,17
2021,0017,INA,WR,0.7058823529411765,17
2021,0018,ACT,CB,3,17
2021,0018,ACT,DE,3.0588235294117645,17
2021,0018,ACT,DT,3.764705882352941,17
2021,0018,ACT,LB,1.9411764705882353,17
2021,0018,ACT,PK,1,17
2021,0018,ACT,PN,1,17
2021,0018,ACT,QB,1.8823529411764706,17
2021,0018,ACT,RB,4.352941176470588,17
2021,0018,ACT,S,3.411764705882353,17
2021,0018,ACT,TE,1.2352941176470589,17
2021,0018,ACT,UNMAPPED,0,17
2021,0018,ACT,WR,4.647058823529412,17
2021,0018,INA,CB,0.23529411764705882,17
2021,0018,INA,DE,0.5882352941176471,17
2021,0018,INA,DT,0.23529411764705882,17
2021,0018,INA,LB,0.29411764705882354,17
2021,0018,INA,PK,0.058823529411764705,17
2021,0018,INA,PN,0.058823529411764705,17
2021,0018,INA,QB,0.11764705882352941,17
2021,0018,INA,RB,0.47058823529411764,17
2021,0018,INA,S,0.5882352941176471,17
2021,0018,INA,TE,0.11764705882352941,17
2021,0018,INA,UNMAPPED,0,17
2021,0018,INA,WR,0.4117647058823529,17
2021,0019,ACT,CB,4.882352941176471,17
2021,0019,ACT,DE,3.588235294117647,17
2021,0019,ACT,DT,4.764705882352941,17
2021,0019,ACT,LB,5.235294117647059,17
2021,0019,ACT,PK,0.9411764705882353,17
2021,0019,ACT,PN,0.9411764705882353,17
2021,0019,ACT,QB,2.411764705882353,17
2021,0019,ACT,RB,3.7058823529411766,17
2021,0019,ACT,S,3.2941176470588234,17
2021,0019,ACT,TE,3.764705882352941,17
2021,0019,ACT,UNMAPPED,0,17
2021,0019,ACT,WR,6.235294117647059,17
2021,0019,INA,CB,0.5294117647058824,17
2021,0019,INA,DE,0.23529411764705882,17
2021,0019,INA,DT,0.4117647058823529,17
2021,0019,INA,LB,0.7058823529411765,17
2021,0019,INA,PK,0.058823529411764705,17
2021,0019,INA,PN,0.058823529411764705,17
2021,0019,INA,QB,0.17647058823529413,17
2021,0019,INA,RB,0.4117647058823529,17
2021,0019,INA,S,0.29411764705882354,17
2021,0019,INA,TE,0.23529411764705882,17
2021,0019,INA,UNMAPPED,0,17
2021,0019,INA,WR,0.5882352941176471,17
2021,0020,ACT,CB,6.470588235294118,17
2021,0020,ACT,DE,4.647058823529412,17
2021,0020,ACT,DT,3.235294117647059,17
2021,0020,ACT,LB,3.588235294117647,17
2021,0020,ACT,PK,1.0588235294117647,17
2021,0020,ACT,PN,1,17
2021,0020,ACT,QB,2.2941176470588234,17
2021,0020,ACT,RB,4.764705882352941,17
2021,0020,ACT,S,4.0588235294117645,17
2021,0020,ACT,TE,1.8823529411764706,17
2021,0020,ACT,UNMAPPED,0,17
2021,0020,ACT,WR,7.705882352941177,17
2021,0020,INA,CB,0.9411764705882353,17
2021,0020,INA,DE,0.29411764705882354,17
2021,0020,INA,DT,0.47058823529411764,17
2021,0020,INA,LB,0.23529411764705882,17
2021,0020,INA,PK,0.058823529411764705,17
2021,0020,INA,PN,0.058823529411764705,17
2021,0020,INA,QB,0.17647058823529413,17
2021,0020,INA,RB,0.29411764705882354,17
2021,0020,INA,S,0.23529411764705882,17
2021,0020,INA,TE,0.23529411764705882,17
2021,0020,INA,UNMAPPED,0,17
2021,0020,INA,WR,0.8823529411764706,17
2021,0021,ACT,CB,2.4705882352941178,17
2021,0021,ACT,DE,5.235294117647059,17
2021,0021,ACT,DT,4.0588235294117645,17
2021,0021,ACT,LB,3.588235294117647,17
2021,0021,ACT,PK,1,17
2021,0021,ACT,PN,0.9411764705882353,17
2021,0021,ACT,QB,2,17
2021,0021,ACT,RB,3.588235294117647,17
2021,0021,ACT,S,4.588235294117647,17
2021,0021,ACT,TE,2.411764705882353,17
2021,0021,ACT,UNMAPPED,0,17
2021,0021,ACT,WR,8.176470588235293,17
2021,0021,INA,CB,0.11764705882352941,17
2021,0021,INA,DE,0.47058823529411764,17
2021,0021,INA,DT,0.23529411764705882,17
2021,0021,INA,LB,0.6470588235294118,17
2021,0021,INA,PK,0.058823529411764705,17
2021,0021,INA,PN,0,17
2021,0021,INA,QB,1.0588235294117647,17
2021,0021,INA,RB,0.29411764705882354,17
2021,0021,INA,S,0.35294117647058826,17
2021,0021,INA,TE,0.35294117647058826,17
2021,0021,INA,UNMAPPED,0,17
2021,0021,INA,WR,0.9411764705882353,17
2021,0022,ACT,CB,3.5294117647058822,17
2021,0022,ACT,DE,4.235294117647059,17
2021,0022,ACT,DT,4.176470588235294,17
2021,0022,ACT,LB,3.7058823529411766,17
2021,0022,ACT,PK,1.1764705882352942,17
2021,0022,ACT,PN,1,17
2021,0022,ACT,QB,2.5294117647058822,17
2021,0022,ACT,RB,6.176470588235294,17
2021,0022,ACT,S,3.6470588235294117,17
2021,0022,ACT,TE,2.7058823529411766,17
2021,0022,ACT,UNMAPPED,0,17
2021,0022,ACT,WR,5.588235294117647,17
2021,0022,INA,CB,0.23529411764705882,17
2021,0022,INA,DE,0.47058823529411764,17
2021,0022,INA,DT,0.23529411764705882,17
2021,0022,INA,LB,0.17647058823529413,17
2021,0022,INA,PK,0.11764705882352941,17
2021,0022,INA,PN,0.058823529411764705,17
2021,0022,INA,QB,0.23529411764705882,17
2021,0022,INA,RB,0.47058823529411764,17
2021,0022,INA,S,0.23529411764705882,17
2021,0022,INA,TE,0.17647058823529413,17
2021,0022,INA,UNMAPPED,0,17
2021,0022,INA,WR,0.8235294117647058,17
2021,0023,ACT,CB,3.235294117647059,17
2021,0023,ACT,DE,7.294117647058823,17
2021,0023,ACT,DT,5.647058823529412,17
2021,0023,ACT,LB,5.9411764705882355,17
2021,0023,ACT,PK,0.8823529411764706,17
2021,0023,ACT,PN,1,17
2021,0023,ACT,QB,2.2941176470588234,17
2021,0023,ACT,RB,3.235294117647059,17
2021,0023,ACT,S,4.0588235294117645,17
2021,0023,ACT,TE,1.7647058823529411,17
2021,0023,ACT,UNMAPPED,0,17
2021,0023,ACT,WR,3.8823529411764706,17
2021,0023,INA,CB,0.17647058823529413,17
2021,0023,INA,DE,0.8235294117647058,17
2021,0023,INA,DT,1,17
2021,0023,INA,LB,0.35294117647058826,17
2021,0023,INA,PK,0.058823529411764705,17
2021,0023,INA,PN,0.058823529411764705,17
2021,0023,INA,QB,0.23529411764705882,17
2021,0023,INA,RB,0.5294117647058824,17
2021,0023,INA,S,0.35294117647058826,17
2021,0023,INA,TE,0.17647058823529413,17
2021,0023,INA,UNMAPPED,0,17
2021,0023,INA,WR,0.5294117647058824,17
2021,0024,ACT,CB,4.588235294117647,17
2021,0024,ACT,DE,4.235294117647059,17
2021,0024,ACT,DT,6.176470588235294,17
2021,0024,ACT,LB,4.882352941176471,17
2021,0024,ACT,PK,1,17
2021,0024,ACT,PN,1.2352941176470589,17
2021,0024,ACT,QB,3,17
2021,0024,ACT,RB,2.5294117647058822,17
2021,0024,ACT,S,4.647058823529412,17
2021,0024,ACT,TE,2.1176470588235294,17
2021,0024,ACT,UNMAPPED,0,17
2021,0024,ACT,WR,6.0588235294117645,17
2021,0024,INA,CB,0.5294117647058824,17
2021,0024,INA,DE,0.5294117647058824,17
2021,0024,INA,DT,0.47058823529411764,17
2021,0024,INA,LB,0.35294117647058826,17
2021,0024,INA,PK,0.058823529411764705,17
2021,0024,INA,PN,0.058823529411764705,17
2021,0024,INA,QB,0.29411764705882354,17
2021,0024,INA,RB,0.11764705882352941,17
2021,0024,INA,S,0.47058823529411764,17
2021,0024,INA,TE,0.11764705882352941,17
2021,0024,INA,UNMAPPED,0,17
2021,0024,INA,WR,0.4117647058823529,17
2021,0025,ACT,CB,3.764705882352941,17
2021,0025,ACT,DE,4.176470588235294,17
2021,0025,ACT,DT,4.294117647058823,17
2021,0025,ACT,LB,5.764705882352941,17
2021,0025,ACT,PK,1,17
2021,0025,ACT,PN,1,17
2021,0025,ACT,QB,2.7058823529411766,17
2021,0025,ACT,RB,3.9411764705882355,17
2021,0025,ACT,S,3.2941176470588234,17
2021,0025,ACT,TE,2.7058823529411766,17
2021,0025,ACT,UNMAPPED,0,17
2021,0025,ACT,WR,5.235294117647059,17
2021,0025,INA,CB,0.29411764705882354,17
2021,0025,INA,DE,0.23529411764705882,17
2021,0025,INA,DT,0.29411764705882354,17
2021,0025,INA,LB,0.5882352941176471,17
2021,0025,INA,PK,0,17
2021,0025,INA,PN,0,17
2021,0025,INA,QB,0.23529411764705882,17
2021,0025,INA,RB,0.35294117647058826,17
2021,0025,INA,S,0.5294117647058824,17
2021,0025,INA,TE,0.29411764705882354,17
2021,0025,INA,UNMAPPED,0,17
2021,0025,INA,WR,0.47058823529411764,17
2021,0026,ACT,CB,4.0588235294117645,17
2021,0026,ACT,DE,3.9411764705882355,17
2021,0026,ACT,DT,3.3529411764705883,17
2021,0026,ACT,LB,5.411764705882353,17
2021,0026,ACT,PK,1,17
2021,0026,ACT,PN,1,17
2021,0026,ACT,QB,1.2941176470588236,17
2021,0026,ACT,RB,2.823529411764706,17
2021,0026,ACT,S,3.5294117647058822,17
2021,0026,ACT,TE,2.8823529411764706,17
2021,0026,ACT,UNMAPPED,0,17
2021,0026,ACT,WR,4.647058823529412,17
2021,0026,INA,CB,0.4117647058823529,17
2021,0026,INA,DE,0.23529411764705882,17
2021,0026,INA,DT,0.23529411764705882,17
2021,0026,INA,LB,0.4117647058823529,17
2021,0026,INA,PK,0.058823529411764705,17
2021,0026,INA,PN,0.058823529411764705,17
2021,0026,INA,QB,0.058823529411764705,17
2021,0026,INA,RB,0.35294117647058826,17
2021,0026,INA,S,0.4117647058823529,17
2021,0026,INA,TE,0.29411764705882354,17
2021,0026,INA,UNMAPPED,0,17
2021,0026,INA,WR,0.4117647058823529,17
2021,0027,ACT,CB,2.7058823529411766,17
2021,0027,ACT,DE,5.705882352941177,17
2021,0027,ACT,DT,4.117647058823529,17
2021,0027,ACT,LB,3.411764705882353,17
2021,0027,ACT,PK,1,17
2021,0027,ACT,PN,1.0588235294117647,17
2021,0027,ACT,QB,1.9411764705882353,17
2021,0027,ACT,RB,4.117647058823529,17
2021,0027,ACT,S,3.176470588235294,17
2021,0027,ACT,TE,2.176470588235294,17
2021,0027,ACT,UNMAPPED,0,17
2021,0027,ACT,WR,6.470588235294118,17
2021,0027,INA,CB,0.11764705882352941,17
2021,0027,INA,DE,0.6470588235294118,17
2021,0027,INA,DT,0.47058823529411764,17
2021,0027,INA,LB,0.29411764705882354,17
2021,0027,INA,PK,0.058823529411764705,17
2021,0027,INA,PN,0.058823529411764705,17
2021,0027,INA,QB,0.17647058823529413,17
2021,0027,INA,RB,0.4117647058823529,17
2021,0027,INA,S,0.17647058823529413,17
2021,0027,INA,TE,0.11764705882352941,17
2021,0027,INA,UNMAPPED,0,17
2021,0027,INA,WR,0.5294117647058824,17
2021,0028,ACT,CB,2.6470588235294117,17
2021,0028,ACT,DE,4.294117647058823,17
2021,0028,ACT,DT,5.0588235294117645,17
2021,0028,ACT,LB,6.117647058823529,17
2021,0028,ACT,PK,1.0588235294117647,17
2021,0028,ACT,PN,1.0588235294117647,17
2021,0028,ACT,QB,3.235294117647059,17
2021,0028,ACT,RB,3.6470588235294117,17
2021,0028,ACT,S,3.764705882352941,17
2021,0028,ACT,TE,2.764705882352941,17
2021,0028,ACT,UNMAPPED,0,17
2021,0028,ACT,WR,5.294117647058823,17
2021,0028,INA,CB,0.29411764705882354,17
2021,0028,INA,DE,0.47058823529411764,17
2021,0028,INA,DT,0.5882352941176471,17
2021,0028,INA,LB,0.5882352941176471,17
2021,0028,INA,PK,0.058823529411764705,17
2021,0028,INA,PN,0.058823529411764705,17
2021,0028,INA,QB,0.35294117647058826,17
2021,0028,INA,RB,0.29411764705882354,17
2021,0028,INA,S,0.4117647058823529,17
2021,0028,INA,TE,0.47058823529411764,17
2021,0028,INA,UNMAPPED,0,17
2021,0028,INA,WR,0.6470588235294118,17
2021,0029,ACT,CB,4.882352941176471,17
2021,0029,ACT,DE,2.823529411764706,17
2021,0029,ACT,DT,2.823529411764706,17
2021,0029,ACT,LB,4.0588235294117645,17
2021,0029,ACT,PK,2.823529411764706,17
2021,0029,ACT,PN,1.8823529411764706,17
2021,0029,ACT,QB,1.8823529411764706,17
2021,0029,ACT,RB,5.117647058823529,17
2021,0029,ACT,S,4.235294117647059,17
2021,0029,ACT,TE,2.6470588235294117,17
2021,0029,ACT,UNMAPPED,0,17
2021,0029,ACT,WR,7.294117647058823,17
2021,0029,INA,CB,0.7647058823529411,17
2021,0029,INA,DE,0.17647058823529413,17
2021,0029,INA,DT,0.17647058823529413,17
2021,0029,INA,LB,0.47058823529411764,17
2021,0029,INA,PK,0.17647058823529413,17
2021,0029,INA,PN,0.11764705882352941,17
2021,0029,INA,QB,0.11764705882352941,17
2021,0029,INA,RB,0.5294117647058824,17
2021,0029,INA,S,0.35294117647058826,17
2021,0029,INA,TE,0.35294117647058826,17
2021,0029,INA,UNMAPPED,0,17
2021,0029,INA,WR,0.5294117647058824,17
2021,0030,ACT,CB,4.352941176470588,17
2021,0030,ACT,DE,5.352941176470588,17
2021,0030,ACT,DT,5.235294117647059,17
2021,0030,ACT,LB,3.7058823529411766,17
2021,0030,ACT,PK,1.411764705882353,17
2021,0030,ACT,PN,1.6470588235294117,17
2021,0030,ACT,QB,2.176470588235294,17
2021,0030,ACT,RB,3.3529411764705883,17
2021,0030,ACT,S,4.352941176470588,17
2021,0030,ACT,TE,2.1176470588235294,17
2021,0030,ACT,UNMAPPED,0,17
2021,0030,ACT,WR,6.470588235294118,17
2021,0030,INA,CB,0.23529411764705882,17
2021,0030,INA,DE,0.35294117647058826,17
2021,0030,INA,DT,0.29411764705882354,17
2021,0030,INA,LB,0.5882352941176471,17
2021,0030,INA,PK,0.058823529411764705,17
2021,0030,INA,PN,0.11764705882352941,17
2021,0030,INA,QB,0.11764705882352941,17
2021,0030,INA,RB,0.5882352941176471,17
2021,0030,INA,S,0.29411764705882354,17
2021,0030,INA,TE,0.11764705882352941,17
2021,0030,INA,UNMAPPED,0,17
2021,0030,INA,WR,0.35294117647058826,17
2021,0031,ACT,CB,4.352941176470588,17
2021,0031,ACT,DE,3.7058823529411766,17
2021,0031,ACT,DT,3,17
2021,0031,ACT,LB,6.176470588235294,17
2021,0031,ACT,PK,1.2941176470588236,17
2021,0031,ACT,PN,0.9411764705882353,17
2021,0031,ACT,QB,2.588235294117647,17
2021,0031,ACT,RB,3.588235294117647,17
2021,0031,ACT,S,3.764705882352941,17
2021,0031,ACT,TE,2.3529411764705883,17
2021,0031,ACT,UNMAPPED,0,17
2021,0031,ACT,WR,5.235294117647059,17
2021,0031,INA,CB,0.4117647058823529,17
2021,0031,INA,DE,0.29411764705882354,17
2021,0031,INA,DT,0.23529411764705882,17
2021,0031,INA,LB,0.6470588235294118,17
2021,0031,INA,PK,0.058823529411764705,17
2021,0031,INA,PN,0,17
2021,0031,INA,QB,0.4117647058823529,17
2021,0031,INA,RB,0.4117647058823529,17
2021,0031,INA,S,0.23529411764705882,17
2021,0031,INA,TE,0.11764705882352941,17
2021,0031,INA,UNMAPPED,0,17
2021,0031,INA,WR,1.1176470588235294,17
2021,0032,ACT,CB,2.764705882352941,17
2021,0032,ACT,DE,3.8823529411764706,17
2021,0032,ACT,DT,2.4705882352941178,17
2021,0032,ACT,LB,4.294117647058823,17
2021,0032,ACT,PK,1.4705882352941178,17
2021,0032,ACT,PN,1,17
2021,0032,ACT,QB,3.3529411764705883,17
2021,0032,ACT,RB,5.235294117647059,17
2021,0032,ACT,S,3.823529411764706,17
2021,0032,ACT,TE,2.7058823529411766,17
2021,0032,ACT,UNMAPPED,0,17
2021,0032,ACT,WR,8.823529411764707,17
2021,0032,INA,CB,0.47058823529411764,17
2021,0032,INA,DE,0.29411764705882354,17
2021,0032,INA,DT,0.23529411764705882,17
2021,0032,INA,LB,0.47058823529411764,17
2021,0032,INA,PK,0.058823529411764705,17
2021,0032,INA,PN,0.058823529411764705,17
2021,0032,INA,QB,0.47058823529411764,17
2021,0032,INA,RB,0.47058823529411764,17
2021,0032,INA,S,0.35294117647058826,17
2021,0032,INA,TE,0.11764705882352941,17
2021,0032,INA,UNMAPPED,0,17
2021,0032,INA,WR,1.3529411764705883,17
2022,0001,ACT,CB,4.705882352941177,17
2022,0001,ACT,DE,4.352941176470588,17
2022,0001,ACT,DT,3.6470588235294117,17
2022,0001,ACT,LB,4.764705882352941,17
2022,0001,ACT,PK,1.4705882352941178,17
2022,0001,ACT,PN,1.0588235294117647,17
2022,0001,ACT,QB,2.823529411764706,17
2022,0001,ACT,RB,4.235294117647059,17
2022,0001,ACT,S,3.411764705882353,17
2022,0001,ACT,TE,2.1176470588235294,17
2022,0001,ACT,UNMAPPED,0,17
2022,0001,ACT,WR,5.0588235294117645,17
2022,0001,INA,CB,0.9411764705882353,17
2022,0001,INA,DE,1,17
2022,0001,INA,DT,0.29411764705882354,17
2022,0001,INA,LB,0.9411764705882353,17
2022,0001,INA,PK,0.11764705882352941,17
2022,0001,INA,PN,0.058823529411764705,17
2022,0001,INA,QB,0.47058823529411764,17
2022,0001,INA,RB,0.4117647058823529,17
2022,0001,INA,S,0.29411764705882354,17
2022,0001,INA,TE,0.5882352941176471,17
2022,0001,INA,UNMAPPED,0,17
2022,0001,INA,WR,1.1764705882352942,17
2022,0002,ACT,CB,2.7058823529411766,17
2022,0002,ACT,DE,6.470588235294118,17
2022,0002,ACT,DT,4.529411764705882,17
2022,0002,ACT,LB,2.176470588235294,17
2022,0002,ACT,PK,1,17
2022,0002,ACT,PN,1,17
2022,0002,ACT,QB,1.8823529411764706,17
2022,0002,ACT,RB,4,17
2022,0002,ACT,S,3.176470588235294,17
2022,0002,ACT,TE,2.7058823529411766,17
2022,0002,ACT,UNMAPPED,0,17
2022,0002,ACT,WR,7.0588235294117645,17
2022,0002,INA,CB,0.47058823529411764,17
2022,0002,INA,DE,1.0588235294117647,17
2022,0002,INA,DT,0.47058823529411764,17
2022,0002,INA,LB,0.17647058823529413,17
2022,0002,INA,PK,0.058823529411764705,17
2022,0002,INA,PN,0.058823529411764705,17
2022,0002,INA,QB,0.11764705882352941,17
2022,0002,INA,RB,0.7058823529411765,17
2022,0002,INA,S,0.29411764705882354,17
2022,0002,INA,TE,0.29411764705882354,17
2022,0002,INA,UNMAPPED,0,17
2022,0002,INA,WR,1.1176470588235294,17
2022,0003,ACT,CB,3.588235294117647,17
2022,0003,ACT,DE,4.647058823529412,17
2022,0003,ACT,DT,4.764705882352941,17
2022,0003,ACT,LB,4.0588235294117645,17
2022,0003,ACT,PK,1,17
2022,0003,ACT,PN,1,17
2022,0003,ACT,QB,2.6470588235294117,17
2022,0003,ACT,RB,4,17
2022,0003,ACT,S,3.764705882352941,17
2022,0003,ACT,TE,2.1176470588235294,17
2022,0003,ACT,UNMAPPED,0,17
2022,0003,ACT,WR,5.470588235294118,17
2022,0003,INA,CB,0.5294117647058824,17
2022,0003,INA,DE,0.8823529411764706,17
2022,0003,INA,DT,0.4117647058823529,17
2022,0003,INA,LB,0.4117647058823529,17
2022,0003,INA,PK,0,17
2022,0003,INA,PN,0,17
2022,0003,INA,QB,0.7058823529411765,17
2022,0003,INA,RB,1.0588235294117647,17
2022,0003,INA,S,0.47058823529411764,17
2022,0003,INA,TE,0.17647058823529413,17
2022,0003,INA,UNMAPPED,0,17
2022,0003,INA,WR,0.6470588235294118,17
2022,0004,ACT,CB,3.7058823529411766,17
2022,0004,ACT,DE,4.823529411764706,17
2022,0004,ACT,DT,4.0588235294117645,17
2022,0004,ACT,LB,4.588235294117647,17
2022,0004,ACT,PK,0.9411764705882353,17
2022,0004,ACT,PN,1,17
2022,0004,ACT,QB,3.411764705882353,17
2022,0004,ACT,RB,3.0588235294117645,17
2022,0004,ACT,S,2.823529411764706,17
2022,0004,ACT,TE,3.823529411764706,17
2022,0004,ACT,UNMAPPED,0,17
2022,0004,ACT,WR,5.764705882352941,17
2022,0004,INA,CB,0.7058823529411765,17
2022,0004,INA,DE,0.7058823529411765,17
2022,0004,INA,DT,0.5882352941176471,17
2022,0004,INA,LB,0.47058823529411764,17
2022,0004,INA,PK,0.11764705882352941,17
2022,0004,INA,PN,0.058823529411764705,17
2022,0004,INA,QB,0.8235294117647058,17
2022,0004,INA,RB,0.8823529411764706,17
2022,0004,INA,S,0.35294117647058826,17
2022,0004,INA,TE,0.35294117647058826,17
2022,0004,INA,UNMAPPED,0,17
2022,0004,INA,WR,1.1176470588235294,17
2022,0005,ACT,CB,4.588235294117647,17
2022,0005,ACT,DE,4.9411764705882355,17
2022,0005,ACT,DT,4.352941176470588,17
2022,0005,ACT,LB,4.117647058823529,17
2022,0005,ACT,PK,1.0588235294117647,17
2022,0005,ACT,PN,1.8235294117647058,17
2022,0005,ACT,QB,1.8823529411764706,17
2022,0005,ACT,RB,3.1176470588235294,17
2022,0005,ACT,S,4.705882352941177,17
2022,0005,ACT,TE,1.8823529411764706,17
2022,0005,ACT,UNMAPPED,0,17
2022,0005,ACT,WR,5.647058823529412,17
2022,0005,INA,CB,0.7058823529411765,17
2022,0005,INA,DE,0.23529411764705882,17
2022,0005,INA,DT,0.5882352941176471,17
2022,0005,INA,LB,0.23529411764705882,17
2022,0005,INA,PK,0.058823529411764705,17
2022,0005,INA,PN,0.17647058823529413,17
2022,0005,INA,QB,0.23529411764705882,17
2022,0005,INA,RB,0.5882352941176471,17
2022,0005,INA,S,1,17
2022,0005,INA,TE,0.29411764705882354,17
2022,0005,INA,UNMAPPED,0,17
2022,0005,INA,WR,1.8823529411764706,17
2022,0006,ACT,CB,2.823529411764706,17
2022,0006,ACT,DE,4.0588235294117645,17
2022,0006,ACT,DT,3.9411764705882355,17
2022,0006,ACT,LB,4.0588235294117645,17
2022,0006,ACT,PK,1,17
2022,0006,ACT,PN,1,17
2022,0006,ACT,QB,2.588235294117647,17
2022,0006,ACT,RB,5.0588235294117645,17
2022,0006,ACT,S,5.294117647058823,17
2022,0006,ACT,TE,2.7058823529411766,17
2022,0006,ACT,UNMAPPED,0,17
2022,0006,ACT,WR,6.0588235294117645,17
2022,0006,INA,CB,0.23529411764705882,17
2022,0006,INA,DE,0.9411764705882353,17
2022,0006,INA,DT,0.8235294117647058,17
2022,0006,INA,LB,0.23529411764705882,17
2022,0006,INA,PK,0.058823529411764705,17
2022,0006,INA,PN,0.058823529411764705,17
2022,0006,INA,QB,0.4117647058823529,17
2022,0006,INA,RB,0.5882352941176471,17
2022,0006,INA,S,0.6470588235294118,17
2022,0006,INA,TE,0.7058823529411765,17
2022,0006,INA,UNMAPPED,0,17
2022,0006,INA,WR,0.7647058823529411,17
2022,0007,ACT,CB,3.176470588235294,17
2022,0007,ACT,DE,6.235294117647059,17
2022,0007,ACT,DT,2.411764705882353,17
2022,0007,ACT,LB,6.411764705882353,17
2022,0007,ACT,PK,0.9411764705882353,17
2022,0007,ACT,PN,1.2352941176470589,17
2022,0007,ACT,QB,1.0588235294117647,17
2022,0007,ACT,RB,4.176470588235294,17
2022,0007,ACT,S,2.3529411764705883,17
2022,0007,ACT,TE,1.7647058823529411,17
2022,0007,ACT,UNMAPPED,0,17
2022,0007,ACT,WR,6.411764705882353,17
2022,0007,INA,CB,0.4117647058823529,17
2022,0007,INA,DE,0.4117647058823529,17
2022,0007,INA,DT,0.8235294117647058,17
2022,0007,INA,LB,0.5294117647058824,17
2022,0007,INA,PK,0.058823529411764705,17
2022,0007,INA,PN,0.058823529411764705,17
2022,0007,INA,QB,0.058823529411764705,17
2022,0007,INA,RB,1.2941176470588236,17
2022,0007,INA,S,0.7647058823529411,17
2022,0007,INA,TE,0.23529411764705882,17
2022,0007,INA,UNMAPPED,0,17
2022,0007,INA,WR,1,17
2022,0008,ACT,CB,4.235294117647059,17
2022,0008,ACT,DE,4,17
2022,0008,ACT,DT,3.823529411764706,17
2022,0008,ACT,LB,3.1176470588235294,17
2022,0008,ACT,PK,1.2941176470588236,17
2022,0008,ACT,PN,1.2941176470588236,17
2022,0008,ACT,QB,2.8823529411764706,17
2022,0008,ACT,RB,4.529411764705882,17
2022,0008,ACT,S,4.470588235294118,17
2022,0008,ACT,TE,3.1176470588235294,17
2022,0008,ACT,UNMAPPED,0,17
2022,0008,ACT,WR,5.882352941176471,17
2022,0008,INA,CB,0.6470588235294118,17
2022,0008,INA,DE,0.5294117647058824,17
2022,0008,INA,DT,0.5294117647058824,17
2022,0008,INA,LB,0.4117647058823529,17
2022,0008,INA,PK,0.11764705882352941,17
2022,0008,INA,PN,0.058823529411764705,17
2022,0008,INA,QB,0.4117647058823529,17
2022,0008,INA,RB,0.4117647058823529,17
2022,0008,INA,S,0.47058823529411764,17
2022,0008,INA,TE,0.29411764705882354,17
2022,0008,INA,UNMAPPED,0,17
2022,0008,INA,WR,1.3529411764705883,17
2022,0009,ACT,CB,3.588235294117647,17
2022,0009,ACT,DE,4.764705882352941,17
2022,0009,ACT,DT,4.411764705882353,17
2022,0009,ACT,LB,3.764705882352941,17
2022,0009,ACT,PK,1.2352941176470589,17
2022,0009,ACT,PN,1.0588235294117647,17
2022,0009,ACT,QB,3.0588235294117645,17
2022,0009,ACT,RB,5,17
2022,0009,ACT,S,3.9411764705882355,17
2022,0009,ACT,TE,2.0588235294117645,17
2022,0009,ACT,UNMAPPED,0,17
2022,0009,ACT,WR,5.588235294117647,17
2022,0009,INA,CB,0.5882352941176471,17
2022,0009,INA,DE,0.5882352941176471,17
2022,0009,INA,DT,0.5882352941176471,17
2022,0009,INA,LB,1,17
2022,0009,INA,PK,0.23529411764705882,17
2022,0009,INA,PN,0.058823529411764705,17
2022,0009,INA,QB,0.7647058823529411,17
2022,0009,INA,RB,0.29411764705882354,17
2022,0009,INA,S,0.29411764705882354,17
2022,0009,INA,TE,0.23529411764705882,17
2022,0009,INA,UNMAPPED,0,17
2022,0009,INA,WR,1.7058823529411764,17
2022,0010,ACT,CB,3.3529411764705883,17
2022,0010,ACT,DE,5.470588235294118,17
2022,0010,ACT,DT,3.5294117647058822,17
2022,0010,ACT,LB,3.9411764705882355,17
2022,0010,ACT,PK,0.9411764705882353,17
2022,0010,ACT,PN,1.0588235294117647,17
2022,0010,ACT,QB,2.764705882352941,17
2022,0010,ACT,RB,4.235294117647059,17
2022,0010,ACT,S,4.117647058823529,17
2022,0010,ACT,TE,2.7058823529411766,17
2022,0010,ACT,UNMAPPED,0,17
2022,0010,ACT,WR,6.0588235294117645,17
2022,0010,INA,CB,1.4705882352941178,17
2022,0010,INA,DE,1,17
2022,0010,INA,DT,0.6470588235294118,17
2022,0010,INA,LB,0.4117647058823529,17
2022,0010,INA,PK,0.11764705882352941,17
2022,0010,INA,PN,0,17
2022,0010,INA,QB,0.23529411764705882,17
2022,0010,INA,RB,0.7058823529411765,17
2022,0010,INA,S,0.29411764705882354,17
2022,0010,INA,TE,0.5882352941176471,17
2022,0010,INA,UNMAPPED,0,17
2022,0010,INA,WR,1.1176470588235294,17
2022,0011,ACT,CB,2.411764705882353,17
2022,0011,ACT,DE,4.0588235294117645,17
2022,0011,ACT,DT,3.411764705882353,17
2022,0011,ACT,LB,4.411764705882353,17
2022,0011,ACT,PK,1,17
2022,0011,ACT,PN,1.1176470588235294,17
2022,0011,ACT,QB,2.5294117647058822,17
2022,0011,ACT,RB,3.0588235294117645,17
2022,0011,ACT,S,3.3529411764705883,17
2022,0011,ACT,TE,2.3529411764705883,17
2022,0011,ACT,UNMAPPED,0,17
2022,0011,ACT,WR,9.941176470588236,17
2022,0011,INA,CB,0.23529411764705882,17
2022,0011,INA,DE,0.5882352941176471,17
2022,0011,INA,DT,0.47058823529411764,17
2022,0011,INA,LB,0.47058823529411764,17
2022,0011,INA,PK,0,17
2022,0011,INA,PN,0.058823529411764705,17
2022,0011,INA,QB,0.5294117647058824,17
2022,0011,INA,RB,1.2352941176470589,17
2022,0011,INA,S,0.7058823529411765,17
2022,0011,INA,TE,0.23529411764705882,17
2022,0011,INA,UNMAPPED,0,17
2022,0011,INA,WR,2.3529411764705883,17
2022,0012,ACT,CB,2.8823529411764706,17
2022,0012,ACT,DE,2.764705882352941,17
2022,0012,ACT,DT,3.4705882352941178,17
2022,0012,ACT,LB,5.294117647058823,17
2022,0012,ACT,PK,1,17
2022,0012,ACT,PN,1.411764705882353,17
2022,0012,ACT,QB,3.7058823529411766,17
2022,0012,ACT,RB,4.294117647058823,17
2022,0012,ACT,S,3.6470588235294117,17
2022,0012,ACT,TE,2.823529411764706,17
2022,0012,ACT,UNMAPPED,0,17
2022,0012,ACT,WR,5.470588235294118,17
2022,0012,INA,CB,0.47058823529411764,17
2022,0012,INA,DE,0.29411764705882354,17
2022,0012,INA,DT,0.4117647058823529,17
2022,0012,INA,LB,1.1176470588235294,17
2022,0012,INA,PK,0,17
2022,0012,INA,PN,0.058823529411764705,17
2022,0012,INA,QB,0.7647058823529411,17
2022,0012,INA,RB,0.6470588235294118,17
2022,0012,INA,S,0.7647058823529411,17
2022,0012,INA,TE,0.8823529411764706,17
2022,0012,INA,UNMAPPED,0,17
2022,0012,INA,WR,0.7058823529411765,17
2022,0013,ACT,CB,4.352941176470588,17
2022,0013,ACT,DE,4.294117647058823,17
2022,0013,ACT,DT,4.9411764705882355,17
2022,0013,ACT,LB,3.764705882352941,17
2022,0013,ACT,PK,1,17
2022,0013,ACT,PN,0.9411764705882353,17
2022,0013,ACT,QB,2.176470588235294,17
2022,0013,ACT,RB,3.9411764705882355,17
2022,0013,ACT,S,4.117647058823529,17
2022,0013,ACT,TE,1.8235294117647058,17
2022,0013,ACT,UNMAPPED,0,17
2022,0013,ACT,WR,6.0588235294117645,17
2022,0013,INA,CB,1.2352941176470589,17
2022,0013,INA,DE,0.6470588235294118,17
2022,0013,INA,DT,0.5882352941176471,17
2022,0013,INA,LB,0.23529411764705882,17
2022,0013,INA,PK,0,17
2022,0013,INA,PN,0.058823529411764705,17
2022,0013,INA,QB,0.058823529411764705,17
2022,0013,INA,RB,0.5294117647058824,17
2022,0013,INA,S,0.6470588235294118,17
2022,0013,INA,TE,0.17647058823529413,17
2022,0013,INA,UNMAPPED,0,17
2022,0013,INA,WR,1.588235294117647,17
2022,0014,ACT,CB,3.823529411764706,17
2022,0014,ACT,DE,5.0588235294117645,17
2022,0014,ACT,DT,3.6470588235294117,17
2022,0014,ACT,LB,4.0588235294117645,17
2022,0014,ACT,PK,1,17
2022,0014,ACT,PN,1.0588235294117647,17
2022,0014,ACT,QB,2.5294117647058822,17
2022,0014,ACT,RB,3.7058823529411766,17
2022,0014,ACT,S,3.7058823529411766,17
2022,0014,ACT,TE,2.6470588235294117,17
2022,0014,ACT,UNMAPPED,0,17
2022,0014,ACT,WR,6.823529411764706,17
2022,0014,INA,CB,0.6470588235294118,17
2022,0014,INA,DE,0.8235294117647058,17
2022,0014,INA,DT,0.35294117647058826,17
2022,0014,INA,LB,0.9411764705882353,17
2022,0014,INA,PK,0.11764705882352941,17
2022,0014,INA,PN,0.058823529411764705,17
2022,0014,INA,QB,0.7647058823529411,17
2022,0014,INA,RB,0.29411764705882354,17
2022,0014,INA,S,0.5882352941176471,17
2022,0014,INA,TE,0.5882352941176471,17
2022,0014,INA,UNMAPPED,0,17
2022,0014,INA,WR,1.2352941176470589,17
2022,0015,ACT,CB,4,17
2022,0015,ACT,DE,4.647058823529412,17
2022,0015,ACT,DT,3.6470588235294117,17
2022,0015,ACT,LB,5.411764705882353,17
2022,0015,ACT,PK,1.0588235294117647,17
2022,0015,ACT,PN,1.0588235294117647,17
2022,0015,ACT,QB,2.2941176470588234,17
2022,0015,ACT,RB,4.882352941176471,17
2022,0015,ACT,S,3.7058823529411766,17
2022,0015,ACT,TE,1.8823529411764706,17
2022,0015,ACT,UNMAPPED,0,17
2022,0015,ACT,WR,6.470588235294118,17
2022,0015,INA,CB,0.35294117647058826,17
2022,0015,INA,DE,0.5882352941176471,17
2022,0015,INA,DT,0.35294117647058826,17
2022,0015,INA,LB,0.5882352941176471,17
2022,0015,INA,PK,0.058823529411764705,17
2022,0015,INA,PN,0.058823529411764705,17
2022,0015,INA,QB,0.29411764705882354,17
2022,0015,INA,RB,1.1176470588235294,17
2022,0015,INA,S,0.5294117647058824,17
2022,0015,INA,TE,0.11764705882352941,17
2022,0015,INA,UNMAPPED,0,17
2022,0015,INA,WR,1.0588235294117647,17
2022,0016,ACT,CB,3.2941176470588234,17
2022,0016,ACT,DE,4.647058823529412,17
2022,0016,ACT,DT,4.470588235294118,17
2022,0016,ACT,LB,3.588235294117647,17
2022,0016,ACT,PK,1.0588235294117647,17
2022,0016,ACT,PN,1,17
2022,0016,ACT,QB,3.1176470588235294,17
2022,0016,ACT,RB,4.411764705882353,17
2022,0016,ACT,S,3.411764705882353,17
2022,0016,ACT,TE,3.6470588235294117,17
2022,0016,ACT,UNMAPPED,0,17
2022,0016,ACT,WR,4.9411764705882355,17
2022,0016,INA,CB,0.7058823529411765,17
2022,0016,INA,DE,0.5294117647058824,17
2022,0016,INA,DT,0.6470588235294118,17
2022,0016,INA,LB,0.6470588235294118,17
2022,0016,INA,PK,0,17
2022,0016,INA,PN,0.058823529411764705,17
2022,0016,INA,QB,0.8823529411764706,17
2022,0016,INA,RB,0.9411764705882353,17
2022,0016,INA,S,0.6470588235294118,17
2022,0016,INA,TE,0.9411764705882353,17
2022,0016,INA,UNMAPPED,0,17
2022,0016,INA,WR,1.2352941176470589,17
2022,0017,ACT,CB,3.6470588235294117,17
2022,0017,ACT,DE,4.764705882352941,17
2022,0017,ACT,DT,4.294117647058823,17
2022,0017,ACT,LB,4.352941176470588,17
2022,0017,ACT,PK,1,17
2022,0017,ACT,PN,1,17
2022,0017,ACT,QB,2,17
2022,0017,ACT,RB,4.529411764705882,17
2022,0017,ACT,S,4.764705882352941,17
2022,0017,ACT,TE,2.3529411764705883,17
2022,0017,ACT,UNMAPPED,0,17
2022,0017,ACT,WR,5.352941176470588,17
2022,0017,INA,CB,0.5882352941176471,17
2022,0017,INA,DE,0.7058823529411765,17
2022,0017,INA,DT,0.35294117647058826,17
2022,0017,INA,LB,0.47058823529411764,17
2022,0017,INA,PK,0.058823529411764705,17
2022,0017,INA,PN,0.058823529411764705,17
2022,0017,INA,QB,0.17647058823529413,17
2022,0017,INA,RB,0.47058823529411764,17
2022,0017,INA,S,0.7647058823529411,17
2022,0017,INA,TE,0.29411764705882354,17
2022,0017,INA,UNMAPPED,0,17
2022,0017,INA,WR,1,17
2022,0018,ACT,CB,4.176470588235294,17
2022,0018,ACT,DE,5.705882352941177,17
2022,0018,ACT,DT,4.764705882352941,17
2022,0018,ACT,LB,3.235294117647059,17
2022,0018,ACT,PK,1,17
2022,0018,ACT,PN,1,17
2022,0018,ACT,QB,1.8235294117647058,17
2022,0018,ACT,RB,3.3529411764705883,17
2022,0018,ACT,S,4.705882352941177,17
2022,0018,ACT,TE,1.8823529411764706,17
2022,0018,ACT,UNMAPPED,0,17
2022,0018,ACT,WR,6,17
2022,0018,INA,CB,0.7058823529411765,17
2022,0018,INA,DE,0.6470588235294118,17
2022,0018,INA,DT,0.5294117647058824,17
2022,0018,INA,LB,0.4117647058823529,17
2022,0018,INA,PK,0.058823529411764705,17
2022,0018,INA,PN,0.058823529411764705,17
2022,0018,INA,QB,0.11764705882352941,17
2022,0018,INA,RB,0.23529411764705882,17
2022,0018,INA,S,0.8235294117647058,17
2022,0018,INA,TE,0.35294117647058826,17
2022,0018,INA,UNMAPPED,0,17
2022,0018,INA,WR,1.0588235294117647,17
2022,0019,ACT,CB,3.7058823529411766,17
2022,0019,ACT,DE,4.705882352941177,17
2022,0019,ACT,DT,3.8823529411764706,17
2022,0019,ACT,LB,4.117647058823529,17
2022,0019,ACT,PK,0.9411764705882353,17
2022,0019,ACT,PN,1.1176470588235294,17
2022,0019,ACT,QB,2.764705882352941,17
2022,0019,ACT,RB,3.235294117647059,17
2022,0019,ACT,S,3.7058823529411766,17
2022,0019,ACT,TE,3.4705882352941178,17
2022,0019,ACT,UNMAPPED,0,17
2022,0019,ACT,WR,5.470588235294118,17
2022,0019,INA,CB,0.8823529411764706,17
2022,0019,INA,DE,0.5294117647058824,17
2022,0019,INA,DT,0.5882352941176471,17
2022,0019,INA,LB,0.7058823529411765,17
2022,0019,INA,PK,0.058823529411764705,17
2022,0019,INA,PN,0.058823529411764705,17
2022,0019,INA,QB,0.23529411764705882,17
2022,0019,INA,RB,0.7058823529411765,17
2022,0019,INA,S,0.9411764705882353,17
2022,0019,INA,TE,0.7058823529411765,17
2022,0019,INA,UNMAPPED,0,17
2022,0019,INA,WR,0.7058823529411765,17
2022,0020,ACT,CB,3.8823529411764706,17
2022,0020,ACT,DE,5.882352941176471,17
2022,0020,ACT,DT,2.8823529411764706,17
2022,0020,ACT,LB,4.294117647058823,17
2022,0020,ACT,PK,1,17
2022,0020,ACT,PN,1.3529411764705883,17
2022,0020,ACT,QB,2.2941176470588234,17
2022,0020,ACT,RB,3.235294117647059,17
2022,0020,ACT,S,3.0588235294117645,17
2022,0020,ACT,TE,2.7058823529411766,17
2022,0020,ACT,UNMAPPED,0,17
2022,0020,ACT,WR,7.294117647058823,17
2022,0020,INA,CB,0.6470588235294118,17
2022,0020,INA,DE,0.7058823529411765,17
2022,0020,INA,DT,0.7058823529411765,17
2022,0020,INA,LB,0.35294117647058826,17
2022,0020,INA,PK,0.058823529411764705,17
2022,0020,INA,PN,0.11764705882352941,17
2022,0020,INA,QB,0.7058823529411765,17
2022,0020,INA,RB,0.7647058823529411,17
2022,0020,INA,S,0.23529411764705882,17
2022,0020,INA,TE,0.29411764705882354,17
2022,0020,INA,UNMAPPED,0,17
2022,0020,INA,WR,2.1176470588235294,17
2022,0021,ACT,CB,3.176470588235294,17
2022,0021,ACT,DE,4.705882352941177,17
2022,0021,ACT,DT,4.470588235294118,17
2022,0021,ACT,LB,3.411764705882353,17
2022,0021,ACT,PK,1,17
2022,0021,ACT,PN,1,17
2022,0021,ACT,QB,2.823529411764706,17
2022,0021,ACT,RB,3.5294117647058822,17
2022,0021,ACT,S,4.411764705882353,17
2022,0021,ACT,TE,2.411764705882353,17
2022,0021,ACT,UNMAPPED,0,17
2022,0021,ACT,WR,6.9411764705882355,17
2022,0021,INA,CB,0.23529411764705882,17
2022,0021,INA,DE,0.9411764705882353,17
2022,0021,INA,DT,0.6470588235294118,17
2022,0021,INA,LB,0.29411764705882354,17
2022,0021,INA,PK,0.058823529411764705,17
2022,0021,INA,PN,0.058823529411764705,17
2022,0021,INA,QB,0.11764705882352941,17
2022,0021,INA,RB,0.4117647058823529,17
2022,0021,INA,S,0.5882352941176471,17
2022,0021,INA,TE,0.23529411764705882,17
2022,0021,INA,UNMAPPED,0,17
2022,0021,INA,WR,1.411764705882353,17
2022,0022,ACT,CB,4.0588235294117645,17
2022,0022,ACT,DE,3.9411764705882355,17
2022,0022,ACT,DT,3.6470588235294117,17
2022,0022,ACT,LB,3.7058823529411766,17
2022,0022,ACT,PK,1,17
2022,0022,ACT,PN,1.411764705882353,17
2022,0022,ACT,QB,3.7058823529411766,17
2022,0022,ACT,RB,4.352941176470588,17
2022,0022,ACT,S,3.6470588235294117,17
2022,0022,ACT,TE,2.5294117647058822,17
2022,0022,ACT,UNMAPPED,0,17
2022,0022,ACT,WR,5.294117647058823,17
2022,0022,INA,CB,0.5882352941176471,17
2022,0022,INA,DE,0.7647058823529411,17
2022,0022,INA,DT,0.4117647058823529,17
2022,0022,INA,LB,0.29411764705882354,17
2022,0022,INA,PK,0.35294117647058826,17
2022,0022,INA,PN,0.058823529411764705,17
2022,0022,INA,QB,0.5882352941176471,17
2022,0022,INA,RB,1.1176470588235294,17
2022,0022,INA,S,0.5294117647058824,17
2022,0022,INA,TE,0.5294117647058824,17
2022,0022,INA,UNMAPPED,0,17
2022,0022,INA,WR,0.8235294117647058,17
2022,0023,ACT,CB,5.294117647058823,17
2022,0023,ACT,DE,6.823529411764706,17
2022,0023,ACT,DT,3.9411764705882355,17
2022,0023,ACT,LB,4,17
2022,0023,ACT,PK,1.1764705882352942,17
2022,0023,ACT,PN,1.0588235294117647,17
2022,0023,ACT,QB,1.9411764705882353,17
2022,0023,ACT,RB,3.1176470588235294,17
2022,0023,ACT,S,3.176470588235294,17
2022,0023,ACT,TE,2.764705882352941,17
2022,0023,ACT,UNMAPPED,0,17
2022,0023,ACT,WR,5.352941176470588,17
2022,0023,INA,CB,0.4117647058823529,17
2022,0023,INA,DE,1.411764705882353,17
2022,0023,INA,DT,0.7058823529411765,17
2022,0023,INA,LB,0.5294117647058824,17
2022,0023,INA,PK,0.058823529411764705,17
2022,0023,INA,PN,0.058823529411764705,17
2022,0023,INA,QB,0.29411764705882354,17
2022,0023,INA,RB,0.8823529411764706,17
2022,0023,INA,S,0.47058823529411764,17
2022,0023,INA,TE,0.23529411764705882,17
2022,0023,INA,UNMAPPED,0,17
2022,0023,INA,WR,0.7647058823529411,17
2022,0024,ACT,CB,3.411764705882353,17
2022,0024,ACT,DE,6.294117647058823,17
2022,0024,ACT,DT,3.764705882352941,17
2022,0024,ACT,LB,4.235294117647059,17
2022,0024,ACT,PK,1.5294117647058822,17
2022,0024,ACT,PN,1.5294117647058822,17
2022,0024,ACT,QB,2.3529411764705883,17
2022,0024,ACT,RB,2.6470588235294117,17
2022,0024,ACT,S,4.647058823529412,17
2022,0024,ACT,TE,1.9411764705882353,17
2022,0024,ACT,UNMAPPED,0,17
2022,0024,ACT,WR,4.9411764705882355,17
2022,0024,INA,CB,0.6470588235294118,17
2022,0024,INA,DE,1.7647058823529411,17
2022,0024,INA,DT,0.8235294117647058,17
2022,0024,INA,LB,0.29411764705882354,17
2022,0024,INA,PK,0.11764705882352941,17
2022,0024,INA,PN,0.11764705882352941,17
2022,0024,INA,QB,0.29411764705882354,17
2022,0024,INA,RB,0.35294117647058826,17
2022,0024,INA,S,0.7058823529411765,17
2022,0024,INA,TE,0.35294117647058826,17
2022,0024,INA,UNMAPPED,0,17
2022,0024,INA,WR,1.0588235294117647,17
2022,0025,ACT,CB,3.176470588235294,17
2022,0025,ACT,DE,4.470588235294118,17
2022,0025,ACT,DT,3.764705882352941,17
2022,0025,ACT,LB,5.117647058823529,17
2022,0025,ACT,PK,1.1176470588235294,17
2022,0025,ACT,PN,1,17
2022,0025,ACT,QB,2.3529411764705883,17
2022,0025,ACT,RB,4.705882352941177,17
2022,0025,ACT,S,3.411764705882353,17
2022,0025,ACT,TE,3.7058823529411766,17
2022,0025,ACT,UNMAPPED,0,17
2022,0025,ACT,WR,5.882352941176471,17
2022,0025,INA,CB,0.8823529411764706,17
2022,0025,INA,DE,0.6470588235294118,17
2022,0025,INA,DT,0.29411764705882354,17
2022,0025,INA,LB,0.4117647058823529,17
2022,0025,INA,PK,0.35294117647058826,17
2022,0025,INA,PN,0,17
2022,0025,INA,QB,0.8823529411764706,17
2022,0025,INA,RB,0.47058823529411764,17
2022,0025,INA,S,0.6470588235294118,17
2022,0025,INA,TE,0.8235294117647058,17
2022,0025,INA,UNMAPPED,0,17
2022,0025,INA,WR,0.8823529411764706,17
2022,0026,ACT,CB,3.764705882352941,17
2022,0026,ACT,DE,3.2941176470588234,17
2022,0026,ACT,DT,3.411764705882353,17
2022,0026,ACT,LB,6.764705882352941,17
2022,0026,ACT,PK,1.1176470588235294,17
2022,0026,ACT,PN,1.588235294117647,17
2022,0026,ACT,QB,1.8235294117647058,17
2022,0026,ACT,RB,3.4705882352941178,17
2022,0026,ACT,S,4.176470588235294,17
2022,0026,ACT,TE,2.823529411764706,17
2022,0026,ACT,UNMAPPED,0,17
2022,0026,ACT,WR,5.176470588235294,17
2022,0026,INA,CB,1.3529411764705883,17
2022,0026,INA,DE,0.29411764705882354,17
2022,0026,INA,DT,0.4117647058823529,17
2022,0026,INA,LB,0.8235294117647058,17
2022,0026,INA,PK,0.058823529411764705,17
2022,0026,INA,PN,0.11764705882352941,17
2022,0026,INA,QB,0.6470588235294118,17
2022,0026,INA,RB,0.5294117647058824,17
2022,0026,INA,S,0.47058823529411764,17
2022,0026,INA,TE,0.35294117647058826,17
2022,0026,INA,UNMAPPED,0,17
2022,0026,INA,WR,1.0588235294117647,17
2022,0027,ACT,CB,3.764705882352941,17
2022,0027,ACT,DE,4.529411764705882,17
2022,0027,ACT,DT,3.8823529411764706,17
2022,0027,ACT,LB,4.235294117647059,17
2022,0027,ACT,PK,0.9411764705882353,17
2022,0027,ACT,PN,1,17
2022,0027,ACT,QB,2.1176470588235294,17
2022,0027,ACT,RB,4.470588235294118,17
2022,0027,ACT,S,3.2941176470588234,17
2022,0027,ACT,TE,2.0588235294117645,17
2022,0027,ACT,UNMAPPED,0,17
2022,0027,ACT,WR,5.647058823529412,17
2022,0027,INA,CB,0.4117647058823529,17
2022,0027,INA,DE,0.7647058823529411,17
2022,0027,INA,DT,0.5882352941176471,17
2022,0027,INA,LB,0.4117647058823529,17
2022,0027,INA,PK,0.058823529411764705,17
2022,0027,INA,PN,0.11764705882352941,17
2022,0027,INA,QB,0.7647058823529411,17
2022,0027,INA,RB,1.2352941176470589,17
2022,0027,INA,S,0.17647058823529413,17
2022,0027,INA,TE,0.11764705882352941,17
2022,0027,INA,UNMAPPED,0,17
2022,0027,INA,WR,0.8823529411764706,17
2022,0028,ACT,CB,2.8823529411764706,17
2022,0028,ACT,DE,4.411764705882353,17
2022,0028,ACT,DT,4.705882352941177,17
2022,0028,ACT,LB,4.470588235294118,17
2022,0028,ACT,PK,1.1764705882352942,17
2022,0028,ACT,PN,1.1176470588235294,17
2022,0028,ACT,QB,2.5294117647058822,17
2022,0028,ACT,RB,5.352941176470588,17
2022,0028,ACT,S,3.5294117647058822,17
2022,0028,ACT,TE,2.4705882352941178,17
2022,0028,ACT,UNMAPPED,0,17
2022,0028,ACT,WR,7.0588235294117645,17
2022,0028,INA,CB,0.5294117647058824,17
2022,0028,INA,DE,0.47058823529411764,17
2022,0028,INA,DT,0.4117647058823529,17
2022,0028,INA,LB,0.4117647058823529,17
2022,0028,INA,PK,0.058823529411764705,17
2022,0028,INA,PN,0.058823529411764705,17
2022,0028,INA,QB,0.6470588235294118,17
2022,0028,INA,RB,0.4117647058823529,17
2022,0028,INA,S,0.29411764705882354,17
2022,0028,INA,TE,0.5294117647058824,17
2022,0028,INA,UNMAPPED,0,17
2022,0028,INA,WR,1.411764705882353,17
2022,0029,ACT,CB,3.235294117647059,17
2022,0029,ACT,DE,2.4705882352941178,17
2022,0029,ACT,DT,2.2941176470588234,17
2022,0029,ACT,LB,5.176470588235294,17
2022,0029,ACT,PK,1.8235294117647058,17
2022,0029,ACT,PN,1.8823529411764706,17
2022,0029,ACT,QB,2.4705882352941178,17
2022,0029,ACT,RB,5.823529411764706,17
2022,0029,ACT,S,3.588235294117647,17
2022,0029,ACT,TE,2.1176470588235294,17
2022,0029,ACT,UNMAPPED,0,17
2022,0029,ACT,WR,7.529411764705882,17
2022,0029,INA,CB,0.7647058823529411,17
2022,0029,INA,DE,0.5294117647058824,17
2022,0029,INA,DT,0.11764705882352941,17
2022,0029,INA,LB,0.8235294117647058,17
2022,0029,INA,PK,0.17647058823529413,17
2022,0029,INA,PN,0.11764705882352941,17
2022,0029,INA,QB,0.5294117647058824,17
2022,0029,INA,RB,1.1764705882352942,17
2022,0029,INA,S,0.4117647058823529,17
2022,0029,INA,TE,0.47058823529411764,17
2022,0029,INA,UNMAPPED,0,17
2022,0029,INA,WR,1.4705882352941178,17
2022,0030,ACT,CB,4.352941176470588,17
2022,0030,ACT,DE,4.0588235294117645,17
2022,0030,ACT,DT,5.0588235294117645,17
2022,0030,ACT,LB,3.3529411764705883,17
2022,0030,ACT,PK,1.7647058823529411,17
2022,0030,ACT,PN,2.764705882352941,17
2022,0030,ACT,QB,1.6470588235294117,17
2022,0030,ACT,RB,3.5294117647058822,17
2022,0030,ACT,S,4.294117647058823,17
2022,0030,ACT,TE,2.764705882352941,17
2022,0030,ACT,UNMAPPED,0,17
2022,0030,ACT,WR,4.764705882352941,17
2022,0030,INA,CB,0.5294117647058824,17
2022,0030,INA,DE,0.4117647058823529,17
2022,0030,INA,DT,1,17
2022,0030,INA,LB,0.35294117647058826,17
2022,0030,INA,PK,0.11764705882352941,17
2022,0030,INA,PN,0.23529411764705882,17
2022,0030,INA,QB,0.29411764705882354,17
2022,0030,INA,RB,0.4117647058823529,17
2022,0030,INA,S,1.1176470588235294,17
2022,0030,INA,TE,0.11764705882352941,17
2022,0030,INA,UNMAPPED,0,17
2022,0030,INA,WR,1.6470588235294117,17
2022,0031,ACT,CB,4.117647058823529,17
2022,0031,ACT,DE,4.176470588235294,17
2022,0031,ACT,DT,2.823529411764706,17
2022,0031,ACT,LB,4.352941176470588,17
2022,0031,ACT,PK,1.2941176470588236,17
2022,0031,ACT,PN,0.9411764705882353,17
2022,0031,ACT,QB,2.764705882352941,17
2022,0031,ACT,RB,3.176470588235294,17
2022,0031,ACT,S,4.588235294117647,17
2022,0031,ACT,TE,2.1176470588235294,17
2022,0031,ACT,UNMAPPED,0,17
2022,0031,ACT,WR,4.647058823529412,17
2022,0031,INA,CB,0.9411764705882353,17
2022,0031,INA,DE,0.7058823529411765,17
2022,0031,INA,DT,0.6470588235294118,17
2022,0031,INA,LB,1.8235294117647058,17
2022,0031,INA,PK,0.17647058823529413,17
2022,0031,INA,PN,0.058823529411764705,17
2022,0031,INA,QB,0.23529411764705882,17
2022,0031,INA,RB,0.5882352941176471,17
2022,0031,INA,S,0.6470588235294118,17
2022,0031,INA,TE,0.35294117647058826,17
2022,0031,INA,UNMAPPED,0,17
2022,0031,INA,WR,1.0588235294117647,17
2022,0032,ACT,CB,2.1176470588235294,17
2022,0032,ACT,DE,6,17
2022,0032,ACT,DT,2.588235294117647,17
2022,0032,ACT,LB,4.705882352941177,17
2022,0032,ACT,PK,1,17
2022,0032,ACT,PN,1.2941176470588236,17
2022,0032,ACT,QB,1.8235294117647058,17
2022,0032,ACT,RB,7.470588235294118,17
2022,0032,ACT,S,2.235294117647059,17
2022,0032,ACT,TE,2.9411764705882355,17
2022,0032,ACT,UNMAPPED,0,17
2022,0032,ACT,WR,6.705882352941177,17
2022,0032,INA,CB,0.35294117647058826,17
2022,0032,INA,DE,0.47058823529411764,17
2022,0032,INA,DT,0.4117647058823529,17
2022,0032,INA,LB,0.35294117647058826,17
2022,0032,INA,PK,0.11764705882352941,17
2022,0032,INA,PN,0.058823529411764705,17
2022,0032,INA,QB,0.29411764705882354,17
2022,0032,INA,RB,2,17
2022,0032,INA,S,0.11764705882352941,17
2022,0032,INA,TE,0.5294117647058824,17
2022,0032,INA,UNMAPPED,0,17
2022,0032,INA,WR,1.2352941176470589,17
2023,0001,ACT,CB,5.0588235294117645,17
2023,0001,ACT,DE,5.470588235294118,17
2023,0001,ACT,DT,4.882352941176471,17
2023,0001,ACT,LB,5.0588235294117645,17
2023,0001,ACT,PK,1,17
2023,0001,ACT,PN,1,17
2023,0001,ACT,QB,2.9411764705882355,17
2023,0001,ACT,RB,4.117647058823529,17
2023,0001,ACT,S,3.0588235294117645,17
2023,0001,ACT,TE,2.3529411764705883,17
2023,0001,ACT,UNMAPPED,0,17
2023,0001,ACT,WR,4.352941176470588,17
2023,0001,INA,CB,0.7647058823529411,17
2023,0001,INA,DE,0.5882352941176471,17
2023,0001,INA,DT,0.4117647058823529,17
2023,0001,INA,LB,0.8235294117647058,17
2023,0001,INA,PK,0,17
2023,0001,INA,PN,0,17
2023,0001,INA,QB,0.7058823529411765,17
2023,0001,INA,RB,0.8823529411764706,17
2023,0001,INA,S,0.7647058823529411,17
2023,0001,INA,TE,0.23529411764705882,17
2023,0001,INA,UNMAPPED,0,17
2023,0001,INA,WR,0.47058823529411764,17
2023,0002,ACT,CB,3.3529411764705883,17
2023,0002,ACT,DE,7.176470588235294,17
2023,0002,ACT,DT,5.176470588235294,17
2023,0002,ACT,LB,3.235294117647059,17
2023,0002,ACT,PK,1.0588235294117647,17
2023,0002,ACT,PN,0.9411764705882353,17
2023,0002,ACT,QB,1.8235294117647058,17
2023,0002,ACT,RB,2.8823529411764706,17
2023,0002,ACT,S,2.823529411764706,17
2023,0002,ACT,TE,2.588235294117647,17
2023,0002,ACT,UNMAPPED,0,17
2023,0002,ACT,WR,6.470588235294118,17
2023,0002,INA,CB,0.47058823529411764,17
2023,0002,INA,DE,0.6470588235294118,17
2023,0002,INA,DT,0.6470588235294118,17
2023,0002,INA,LB,0.5294117647058824,17
2023,0002,INA,PK,0.058823529411764705,17
2023,0002,INA,PN,0.058823529411764705,17
2023,0002,INA,QB,0.5882352941176471,17
2023,0002,INA,RB,0.7647058823529411,17
2023,0002,INA,S,0.7058823529411765,17
2023,0002,INA,TE,0.4117647058823529,17
2023,0002,INA,UNMAPPED,0,17
2023,0002,INA,WR,0.7647058823529411,17
2023,0003,ACT,CB,4.352941176470588,17
2023,0003,ACT,DE,5.117647058823529,17
2023,0003,ACT,DT,3.6470588235294117,17
2023,0003,ACT,LB,2.9411764705882355,17
2023,0003,ACT,PK,1.0588235294117647,17
2023,0003,ACT,PN,1.1764705882352942,17
2023,0003,ACT,QB,4.647058823529412,17
2023,0003,ACT,RB,3.8823529411764706,17
2023,0003,ACT,S,3.411764705882353,17
2023,0003,ACT,TE,2.764705882352941,17
2023,0003,ACT,UNMAPPED,0,17
2023,0003,ACT,WR,5.235294117647059,17
2023,0003,INA,CB,0.9411764705882353,17
2023,0003,INA,DE,0.5294117647058824,17
2023,0003,INA,DT,0.29411764705882354,17
2023,0003,INA,LB,0.17647058823529413,17
2023,0003,INA,PK,0.058823529411764705,17
2023,0003,INA,PN,0.058823529411764705,17
2023,0003,INA,QB,0.35294117647058826,17
2023,0003,INA,RB,0.5882352941176471,17
2023,0003,INA,S,0.5294117647058824,17
2023,0003,INA,TE,0.47058823529411764,17
2023,0003,INA,UNMAPPED,0,17
2023,0003,INA,WR,0.7058823529411765,17
2023,0004,ACT,CB,3.411764705882353,17
2023,0004,ACT,DE,6,17
2023,0004,ACT,DT,4.294117647058823,17
2023,0004,ACT,LB,4.176470588235294,17
2023,0004,ACT,PK,1,17
2023,0004,ACT,PN,1,17
2023,0004,ACT,QB,3.176470588235294,17
2023,0004,ACT,RB,3.9411764705882355,17
2023,0004,ACT,S,3.6470588235294117,17
2023,0004,ACT,TE,3.235294117647059,17
2023,0004,ACT,UNMAPPED,0,17
2023,0004,ACT,WR,4.882352941176471,17
2023,0004,INA,CB,0.8235294117647058,17
2023,0004,INA,DE,0.5882352941176471,17
2023,0004,INA,DT,0.4117647058823529,17
2023,0004,INA,LB,0.29411764705882354,17
2023,0004,INA,PK,0.058823529411764705,17
2023,0004,INA,PN,0.058823529411764705,17
2023,0004,INA,QB,0.4117647058823529,17
2023,0004,INA,RB,0.47058823529411764,17
2023,0004,INA,S,1,17
2023,0004,INA,TE,0.11764705882352941,17
2023,0004,INA,UNMAPPED,0,17
2023,0004,INA,WR,0.47058823529411764,17
2023,0005,ACT,CB,3.9411764705882355,17
2023,0005,ACT,DE,4,17
2023,0005,ACT,DT,4.117647058823529,17
2023,0005,ACT,LB,4.294117647058823,17
2023,0005,ACT,PK,1,17
2023,0005,ACT,PN,2.0588235294117645,17
2023,0005,ACT,QB,2.235294117647059,17
2023,0005,ACT,RB,3.5294117647058822,17
2023,0005,ACT,S,4.294117647058823,17
2023,0005,ACT,TE,1.7058823529411764,17
2023,0005,ACT,UNMAPPED,0,17
2023,0005,ACT,WR,6.823529411764706,17
2023,0005,INA,CB,0.5882352941176471,17
2023,0005,INA,DE,0.5882352941176471,17
2023,0005,INA,DT,0.5294117647058824,17
2023,0005,INA,LB,0.47058823529411764,17
2023,0005,INA,PK,0.058823529411764705,17
2023,0005,INA,PN,0.058823529411764705,17
2023,0005,INA,QB,0.29411764705882354,17
2023,0005,INA,RB,1.411764705882353,17
2023,0005,INA,S,0.8235294117647058,17
2023,0005,INA,TE,0.11764705882352941,17
2023,0005,INA,UNMAPPED,0,17
2023,0005,INA,WR,1.3529411764705883,17
2023,0006,ACT,CB,3.0588235294117645,17
2023,0006,ACT,DE,4.588235294117647,17
2023,0006,ACT,DT,4.647058823529412,17
2023,0006,ACT,LB,2.9411764705882355,17
2023,0006,ACT,PK,1.6470588235294117,17
2023,0006,ACT,PN,1.0588235294117647,17
2023,0006,ACT,QB,3.235294117647059,17
2023,0006,ACT,RB,2.588235294117647,17
2023,0006,ACT,S,4.117647058823529,17
2023,0006,ACT,TE,3.3529411764705883,17
2023,0006,ACT,UNMAPPED,0,17
2023,0006,ACT,WR,8,17
2023,0006,INA,CB,0.17647058823529413,17
2023,0006,INA,DE,0.6470588235294118,17
2023,0006,INA,DT,1.1176470588235294,17
2023,0006,INA,LB,0.47058823529411764,17
2023,0006,INA,PK,0.058823529411764705,17
2023,0006,INA,PN,0.058823529411764705,17
2023,0006,INA,QB,0.5882352941176471,17
2023,0006,INA,RB,0.17647058823529413,17
2023,0006,INA,S,0.47058823529411764,17
2023,0006,INA,TE,0.35294117647058826,17
2023,0006,INA,UNMAPPED,0,17
2023,0006,INA,WR,0.7058823529411765,17
2023,0007,ACT,CB,4.0588235294117645,17
2023,0007,ACT,DE,5,17
2023,0007,ACT,DT,3.2941176470588234,17
2023,0007,ACT,LB,3.9411764705882355,17
2023,0007,ACT,PK,0.9411764705882353,17
2023,0007,ACT,PN,1,17
2023,0007,ACT,QB,1.411764705882353,17
2023,0007,ACT,RB,4.529411764705882,17
2023,0007,ACT,S,4.117647058823529,17
2023,0007,ACT,TE,2.764705882352941,17
2023,0007,ACT,UNMAPPED,0,17
2023,0007,ACT,WR,6.235294117647059,17
2023,0007,INA,CB,0.4117647058823529,17
2023,0007,INA,DE,0.9411764705882353,17
2023,0007,INA,DT,0.9411764705882353,17
2023,0007,INA,LB,0.5882352941176471,17
2023,0007,INA,PK,0.058823529411764705,17
2023,0007,INA,PN,0.058823529411764705,17
2023,0007,INA,QB,1.1764705882352942,17
2023,0007,INA,RB,1,17
2023,0007,INA,S,0.8235294117647058,17
2023,0007,INA,TE,0.47058823529411764,17
2023,0007,INA,UNMAPPED,0,17
2023,0007,INA,WR,1,17
2023,0008,ACT,CB,3.2941176470588234,17
2023,0008,ACT,DE,5.0588235294117645,17
2023,0008,ACT,DT,4.0588235294117645,17
2023,0008,ACT,LB,5.176470588235294,17
2023,0008,ACT,PK,1.2352941176470589,17
2023,0008,ACT,PN,1.1176470588235294,17
2023,0008,ACT,QB,3.1176470588235294,17
2023,0008,ACT,RB,3.0588235294117645,17
2023,0008,ACT,S,3.8823529411764706,17
2023,0008,ACT,TE,2.2941176470588234,17
2023,0008,ACT,UNMAPPED,0,17
2023,0008,ACT,WR,6.352941176470588,17
2023,0008,INA,CB,0.6470588235294118,17
2023,0008,INA,DE,0.5882352941176471,17
2023,0008,INA,DT,0.5294117647058824,17
2023,0008,INA,LB,0.5882352941176471,17
2023,0008,INA,PK,0.11764705882352941,17
2023,0008,INA,PN,0.058823529411764705,17
2023,0008,INA,QB,0.8235294117647058,17
2023,0008,INA,RB,0.5882352941176471,17
2023,0008,INA,S,0.4117647058823529,17
2023,0008,INA,TE,0.23529411764705882,17
2023,0008,INA,UNMAPPED,0,17
2023,0008,INA,WR,0.8235294117647058,17
2023,0009,ACT,CB,2.764705882352941,17
2023,0009,ACT,DE,4.823529411764706,17
2023,0009,ACT,DT,2.823529411764706,17
2023,0009,ACT,LB,5.352941176470588,17
2023,0009,ACT,PK,1.1764705882352942,17
2023,0009,ACT,PN,1.0588235294117647,17
2023,0009,ACT,QB,2.764705882352941,17
2023,0009,ACT,RB,5,17
2023,0009,ACT,S,3.7058823529411766,17
2023,0009,ACT,TE,2.9411764705882355,17
2023,0009,ACT,UNMAPPED,0,17
2023,0009,ACT,WR,6.882352941176471,17
2023,0009,INA,CB,0.47058823529411764,17
2023,0009,INA,DE,0.35294117647058826,17
2023,0009,INA,DT,0.23529411764705882,17
2023,0009,INA,LB,1.0588235294117647,17
2023,0009,INA,PK,0.058823529411764705,17
2023,0009,INA,PN,0,17
2023,0009,INA,QB,0.47058823529411764,17
2023,0009,INA,RB,0.7058823529411765,17
2023,0009,INA,S,0.29411764705882354,17
2023,0009,INA,TE,0.29411764705882354,17
2023,0009,INA,UNMAPPED,0,17
2023,0009,INA,WR,1.7058823529411764,17
2023,0010,ACT,CB,4.235294117647059,17
2023,0010,ACT,DE,4.588235294117647,17
2023,0010,ACT,DT,3.823529411764706,17
2023,0010,ACT,LB,4.117647058823529,17
2023,0010,ACT,PK,0.9411764705882353,17
2023,0010,ACT,PN,1.0588235294117647,17
2023,0010,ACT,QB,1.8823529411764706,17
2023,0010,ACT,RB,4.117647058823529,17
2023,0010,ACT,S,3.6470588235294117,17
2023,0010,ACT,TE,3,17
2023,0010,ACT,UNMAPPED,0,17
2023,0010,ACT,WR,7.764705882352941,17
2023,0010,INA,CB,0.7647058823529411,17
2023,0010,INA,DE,0.47058823529411764,17
2023,0010,INA,DT,0.35294117647058826,17
2023,0010,INA,LB,0.4117647058823529,17
2023,0010,INA,PK,0.058823529411764705,17
2023,0010,INA,PN,0.058823529411764705,17
2023,0010,INA,QB,0.17647058823529413,17
2023,0010,INA,RB,0.7647058823529411,17
2023,0010,INA,S,0.35294117647058826,17
2023,0010,INA,TE,0.17647058823529413,17
2023,0010,INA,UNMAPPED,0,17
2023,0010,INA,WR,1.1764705882352942,17
2023,0011,ACT,CB,2.176470588235294,17
2023,0011,ACT,DE,6,17
2023,0011,ACT,DT,3.3529411764705883,17
2023,0011,ACT,LB,5.176470588235294,17
2023,0011,ACT,PK,1,17
2023,0011,ACT,PN,1,17
2023,0011,ACT,QB,2,17
2023,0011,ACT,RB,5,17
2023,0011,ACT,S,3.0588235294117645,17
2023,0011,ACT,TE,2.5294117647058822,17
2023,0011,ACT,UNMAPPED,0,17
2023,0011,ACT,WR,7.470588235294118,17
2023,0011,INA,CB,0.17647058823529413,17
2023,0011,INA,DE,0.8235294117647058,17
2023,0011,INA,DT,0.17647058823529413,17
2023,0011,INA,LB,0.47058823529411764,17
2023,0011,INA,PK,0.058823529411764705,17
2023,0011,INA,PN,0.11764705882352941,17
2023,0011,INA,QB,0.7058823529411765,17
2023,0011,INA,RB,0.5882352941176471,17
2023,0011,INA,S,0.23529411764705882,17
2023,0011,INA,TE,0.47058823529411764,17
2023,0011,INA,UNMAPPED,0,17
2023,0011,INA,WR,1.411764705882353,17
2023,0012,ACT,CB,2.823529411764706,17
2023,0012,ACT,DE,4.882352941176471,17
2023,0012,ACT,DT,3.764705882352941,17
2023,0012,ACT,LB,5.470588235294118,17
2023,0012,ACT,PK,1.2941176470588236,17
2023,0012,ACT,PN,1.2352941176470589,17
2023,0012,ACT,QB,2.3529411764705883,17
2023,0012,ACT,RB,4.352941176470588,17
2023,0012,ACT,S,3.8823529411764706,17
2023,0012,ACT,TE,2.1176470588235294,17
2023,0012,ACT,UNMAPPED,0,17
2023,0012,ACT,WR,5.9411764705882355,17
2023,0012,INA,CB,0.29411764705882354,17
2023,0012,INA,DE,1,17
2023,0012,INA,DT,0.23529411764705882,17
2023,0012,INA,LB,0.6470588235294118,17
2023,0012,INA,PK,0.058823529411764705,17
2023,0012,INA,PN,0.058823529411764705,17
2023,0012,INA,QB,0.6470588235294118,17
2023,0012,INA,RB,0.9411764705882353,17
2023,0012,INA,S,0.6470588235294118,17
2023,0012,INA,TE,0.35294117647058826,17
2023,0012,INA,UNMAPPED,0,17
2023,0012,INA,WR,1,17
2023,0013,ACT,CB,3.4705882352941178,17
2023,0013,ACT,DE,4.176470588235294,17
2023,0013,ACT,DT,4.411764705882353,17
2023,0013,ACT,LB,4.470588235294118,17
2023,0013,ACT,PK,1,17
2023,0013,ACT,PN,1,17
2023,0013,ACT,QB,2.588235294117647,17
2023,0013,ACT,RB,2.7058823529411766,17
2023,0013,ACT,S,4.9411764705882355,17
2023,0013,ACT,TE,2.2941176470588234,17
2023,0013,ACT,UNMAPPED,0,17
2023,0013,ACT,WR,7.823529411764706,17
2023,0013,INA,CB,1.411764705882353,17
2023,0013,INA,DE,0.5882352941176471,17
2023,0013,INA,DT,0.5882352941176471,17
2023,0013,INA,LB,0.5294117647058824,17
2023,0013,INA,PK,0,17
2023,0013,INA,PN,0,17
2023,0013,INA,QB,0.29411764705882354,17
2023,0013,INA,RB,0.29411764705882354,17
2023,0013,INA,S,0.7058823529411765,17
2023,0013,INA,TE,0.4117647058823529,17
2023,0013,INA,UNMAPPED,0,17
2023,0013,INA,WR,0.7058823529411765,17
2023,0014,ACT,CB,3.5294117647058822,17
2023,0014,ACT,DE,5.176470588235294,17
2023,0014,ACT,DT,5.0588235294117645,17
2023,0014,ACT,LB,2.6470588235294117,17
2023,0014,ACT,PK,1.0588235294117647,17
2023,0014,ACT,PN,1.1176470588235294,17
2023,0014,ACT,QB,2,17
2023,0014,ACT,RB,4.176470588235294,17
2023,0014,ACT,S,4.411764705882353,17
2023,0014,ACT,TE,2.823529411764706,17
2023,0014,ACT,UNMAPPED,0,17
2023,0014,ACT,WR,7,17
2023,0014,INA,CB,0.5882352941176471,17
2023,0014,INA,DE,0.4117647058823529,17
2023,0014,INA,DT,0.7058823529411765,17
2023,0014,INA,LB,0.35294117647058826,17
2023,0014,INA,PK,0.058823529411764705,17
2023,0014,INA,PN,0.058823529411764705,17
2023,0014,INA,QB,0.17647058823529413,17
2023,0014,INA,RB,0.5882352941176471,17
2023,0014,INA,S,0.35294117647058826,17
2023,0014,INA,TE,0.17647058823529413,17
2023,0014,INA,UNMAPPED,0,17
2023,0014,INA,WR,1,17
2023,0015,ACT,CB,3.8823529411764706,17
2023,0015,ACT,DE,3.823529411764706,17
2023,0015,ACT,DT,4.235294117647059,17
2023,0015,ACT,LB,5.588235294117647,17
2023,0015,ACT,PK,1.5294117647058822,17
2023,0015,ACT,PN,1.2352941176470589,17
2023,0015,ACT,QB,1.4705882352941178,17
2023,0015,ACT,RB,5.647058823529412,17
2023,0015,ACT,S,4,17
2023,0015,ACT,TE,1.7058823529411764,17
2023,0015,ACT,UNMAPPED,0,17
2023,0015,ACT,WR,5.588235294117647,17
2023,0015,INA,CB,0.35294117647058826,17
2023,0015,INA,DE,0.5882352941176471,17
2023,0015,INA,DT,0.4117647058823529,17
2023,0015,INA,LB,0.9411764705882353,17
2023,0015,INA,PK,0.11764705882352941,17
2023,0015,INA,PN,0.058823529411764705,17
2023,0015,INA,QB,0.23529411764705882,17
2023,0015,INA,RB,1.1176470588235294,17
2023,0015,INA,S,0.47058823529411764,17
2023,0015,INA,TE,0.17647058823529413,17
2023,0015,INA,UNMAPPED,0,17
2023,0015,INA,WR,0.7647058823529411,17
2023,0016,ACT,CB,3.1176470588235294,17
2023,0016,ACT,DE,5.0588235294117645,17
2023,0016,ACT,DT,4.411764705882353,17
2023,0016,ACT,LB,4,17
2023,0016,ACT,PK,1.0588235294117647,17
2023,0016,ACT,PN,1.0588235294117647,17
2023,0016,ACT,QB,3.235294117647059,17
2023,0016,ACT,RB,4.588235294117647,17
2023,0016,ACT,S,3.411764705882353,17
2023,0016,ACT,TE,3.5294117647058822,17
2023,0016,ACT,UNMAPPED,0,17
2023,0016,ACT,WR,6.470588235294118,17
2023,0016,INA,CB,0.5294117647058824,17
2023,0016,INA,DE,0.29411764705882354,17
2023,0016,INA,DT,0.47058823529411764,17
2023,0016,INA,LB,0.29411764705882354,17
2023,0016,INA,PK,0.058823529411764705,17
2023,0016,INA,PN,0.058823529411764705,17
2023,0016,INA,QB,0.35294117647058826,17
2023,0016,INA,RB,0.5882352941176471,17
2023,0016,INA,S,0.7647058823529411,17
2023,0016,INA,TE,0.29411764705882354,17
2023,0016,INA,UNMAPPED,0,17
2023,0016,INA,WR,1.3529411764705883,17
2023,0017,ACT,CB,5.0588235294117645,17
2023,0017,ACT,DE,5.470588235294118,17
2023,0017,ACT,DT,5.823529411764706,17
2023,0017,ACT,LB,2.3529411764705883,17
2023,0017,ACT,PK,1.588235294117647,17
2023,0017,ACT,PN,1.3529411764705883,17
2023,0017,ACT,QB,2,17
2023,0017,ACT,RB,2.764705882352941,17
2023,0017,ACT,S,3.411764705882353,17
2023,0017,ACT,TE,2.2941176470588234,17
2023,0017,ACT,UNMAPPED,0,17
2023,0017,ACT,WR,5.705882352941177,17
2023,0017,INA,CB,0.5294117647058824,17
2023,0017,INA,DE,0.5882352941176471,17
2023,0017,INA,DT,0.8235294117647058,17
2023,0017,INA,LB,0.35294117647058826,17
2023,0017,INA,PK,0.11764705882352941,17
2023,0017,INA,PN,0.11764705882352941,17
2023,0017,INA,QB,0.29411764705882354,17
2023,0017,INA,RB,0.23529411764705882,17
2023,0017,INA,S,0.7058823529411765,17
2023,0017,INA,TE,0.29411764705882354,17
2023,0017,INA,UNMAPPED,0,17
2023,0017,INA,WR,0.7647058823529411,17
2023,0018,ACT,CB,3.588235294117647,17
2023,0018,ACT,DE,5.176470588235294,17
2023,0018,ACT,DT,4.294117647058823,17
2023,0018,ACT,LB,5,17
2023,0018,ACT,PK,1,17
2023,0018,ACT,PN,1,17
2023,0018,ACT,QB,1.5294117647058822,17
2023,0018,ACT,RB,3.7058823529411766,17
2023,0018,ACT,S,4.764705882352941,17
2023,0018,ACT,TE,2.0588235294117645,17
2023,0018,ACT,UNMAPPED,0,17
2023,0018,ACT,WR,6.882352941176471,17
2023,0018,INA,CB,1.411764705882353,17
2023,0018,INA,DE,0.35294117647058826,17
2023,0018,INA,DT,0.4117647058823529,17
2023,0018,INA,LB,0.35294117647058826,17
2023,0018,INA,PK,0,17
2023,0018,INA,PN,0.058823529411764705,17
2023,0018,INA,QB,0.11764705882352941,17
2023,0018,INA,RB,0.6470588235294118,17
2023,0018,INA,S,1,17
2023,0018,INA,TE,0.29411764705882354,17
2023,0018,INA,UNMAPPED,0,17
2023,0018,INA,WR,1.2352941176470589,17
2023,0019,ACT,CB,3.5294117647058822,17
2023,0019,ACT,DE,4.294117647058823,17
2023,0019,ACT,DT,4.470588235294118,17
2023,0019,ACT,LB,4.470588235294118,17
2023,0019,ACT,PK,1.1764705882352942,17
2023,0019,ACT,PN,1.1764705882352942,17
2023,0019,ACT,QB,2.7058823529411766,17
2023,0019,ACT,RB,3.8823529411764706,17
2023,0019,ACT,S,3.764705882352941,17
2023,0019,ACT,TE,2.3529411764705883,17
2023,0019,ACT,UNMAPPED,0,17
2023,0019,ACT,WR,5.9411764705882355,17
2023,0019,INA,CB,0.8823529411764706,17
2023,0019,INA,DE,0.47058823529411764,17
2023,0019,INA,DT,0.6470588235294118,17
2023,0019,INA,LB,0.4117647058823529,17
2023,0019,INA,PK,0.058823529411764705,17
2023,0019,INA,PN,0.058823529411764705,17
2023,0019,INA,QB,1.411764705882353,17
2023,0019,INA,RB,0.8823529411764706,17
2023,0019,INA,S,0.6470588235294118,17
2023,0019,INA,TE,0.29411764705882354,17
2023,0019,INA,UNMAPPED,0,17
2023,0019,INA,WR,0.7058823529411765,17
2023,0020,ACT,CB,3.7058823529411766,17
2023,0020,ACT,DE,5,17
2023,0020,ACT,DT,4.411764705882353,17
2023,0020,ACT,LB,3.764705882352941,17
2023,0020,ACT,PK,1,17
2023,0020,ACT,PN,1.0588235294117647,17
2023,0020,ACT,QB,3.1176470588235294,17
2023,0020,ACT,RB,3.176470588235294,17
2023,0020,ACT,S,3.411764705882353,17
2023,0020,ACT,TE,2.6470588235294117,17
2023,0020,ACT,UNMAPPED,0,17
2023,0020,ACT,WR,7.352941176470588,17
2023,0020,INA,CB,0.7647058823529411,17
2023,0020,INA,DE,1.8235294117647058,17
2023,0020,INA,DT,1.0588235294117647,17
2023,0020,INA,LB,0.23529411764705882,17
2023,0020,INA,PK,0.058823529411764705,17
2023,0020,INA,PN,0.11764705882352941,17
2023,0020,INA,QB,0.23529411764705882,17
2023,0020,INA,RB,0.23529411764705882,17
2023,0020,INA,S,0.29411764705882354,17
2023,0020,INA,TE,0.5882352941176471,17
2023,0020,INA,UNMAPPED,0,17
2023,0020,INA,WR,0.6470588235294118,17
2023,0021,ACT,CB,2.8823529411764706,17
2023,0021,ACT,DE,4.764705882352941,17
2023,0021,ACT,DT,4.294117647058823,17
2023,0021,ACT,LB,3.4705882352941178,17
2023,0021,ACT,PK,1.0588235294117647,17
2023,0021,ACT,PN,1.1176470588235294,17
2023,0021,ACT,QB,2.2941176470588234,17
2023,0021,ACT,RB,3.0588235294117645,17
2023,0021,ACT,S,4.176470588235294,17
2023,0021,ACT,TE,2.9411764705882355,17
2023,0021,ACT,UNMAPPED,0,17
2023,0021,ACT,WR,7.882352941176471,17
2023,0021,INA,CB,0.47058823529411764,17
2023,0021,INA,DE,0.35294117647058826,17
2023,0021,INA,DT,0.47058823529411764,17
2023,0021,INA,LB,0.6470588235294118,17
2023,0021,INA,PK,0.058823529411764705,17
2023,0021,INA,PN,0,17
2023,0021,INA,QB,0.4117647058823529,17
2023,0021,INA,RB,0.9411764705882353,17
2023,0021,INA,S,0.5882352941176471,17
2023,0021,INA,TE,0.4117647058823529,17
2023,0021,INA,UNMAPPED,0,17
2023,0021,INA,WR,0.9411764705882353,17
2023,0022,ACT,CB,5.411764705882353,17
2023,0022,ACT,DE,4.647058823529412,17
2023,0022,ACT,DT,4.176470588235294,17
2023,0022,ACT,LB,3.5294117647058822,17
2023,0022,ACT,PK,1,17
2023,0022,ACT,PN,1.3529411764705883,17
2023,0022,ACT,QB,2.2941176470588234,17
2023,0022,ACT,RB,5.235294117647059,17
2023,0022,ACT,S,4.0588235294117645,17
2023,0022,ACT,TE,1.8823529411764706,17
2023,0022,ACT,UNMAPPED,0,17
2023,0022,ACT,WR,4.9411764705882355,17
2023,0022,INA,CB,0.5882352941176471,17
2023,0022,INA,DE,0.35294117647058826,17
2023,0022,INA,DT,0.5882352941176471,17
2023,0022,INA,LB,0.47058823529411764,17
2023,0022,INA,PK,0.058823529411764705,17
2023,0022,INA,PN,0.11764705882352941,17
2023,0022,INA,QB,0.7058823529411765,17
2023,0022,INA,RB,1,17
2023,0022,INA,S,0.4117647058823529,17
2023,0022,INA,TE,0.29411764705882354,17
2023,0022,INA,UNMAPPED,0,17
2023,0022,INA,WR,1.7647058823529411,17
2023,0023,ACT,CB,4.411764705882353,17
2023,0023,ACT,DE,6.823529411764706,17
2023,0023,ACT,DT,4.294117647058823,17
2023,0023,ACT,LB,2.7058823529411766,17
2023,0023,ACT,PK,1,17
2023,0023,ACT,PN,1,17
2023,0023,ACT,QB,2.2941176470588234,17
2023,0023,ACT,RB,5,17
2023,0023,ACT,S,3.6470588235294117,17
2023,0023,ACT,TE,2.823529411764706,17
2023,0023,ACT,UNMAPPED,0,17
2023,0023,ACT,WR,5.9411764705882355,17
2023,0023,INA,CB,0.5882352941176471,17
2023,0023,INA,DE,0.4117647058823529,17
2023,0023,INA,DT,1.2352941176470589,17
2023,0023,INA,LB,0.29411764705882354,17
2023,0023,INA,PK,0.058823529411764705,17
2023,0023,INA,PN,0.058823529411764705,17
2023,0023,INA,QB,0.23529411764705882,17
2023,0023,INA,RB,0.5882352941176471,17
2023,0023,INA,S,0.35294117647058826,17
2023,0023,INA,TE,0.23529411764705882,17
2023,0023,INA,UNMAPPED,0,17
2023,0023,INA,WR,0.8823529411764706,17
2023,0024,ACT,CB,4.176470588235294,17
2023,0024,ACT,DE,6.176470588235294,17
2023,0024,ACT,DT,4.647058823529412,17
2023,0024,ACT,LB,5.352941176470588,17
2023,0024,ACT,PK,0.9411764705882353,17
2023,0024,ACT,PN,1.3529411764705883,17
2023,0024,ACT,QB,1.7058823529411764,17
2023,0024,ACT,RB,2.1176470588235294,17
2023,0024,ACT,S,3.411764705882353,17
2023,0024,ACT,TE,1.5294117647058822,17
2023,0024,ACT,UNMAPPED,0,17
2023,0024,ACT,WR,4.9411764705882355,17
2023,0024,INA,CB,0.8235294117647058,17
2023,0024,INA,DE,0.6470588235294118,17
2023,0024,INA,DT,0.35294117647058826,17
2023,0024,INA,LB,0.8823529411764706,17
2023,0024,INA,PK,0.058823529411764705,17
2023,0024,INA,PN,0.11764705882352941,17
2023,0024,INA,QB,0.29411764705882354,17
2023,0024,INA,RB,0.6470588235294118,17
2023,0024,INA,S,0.4117647058823529,17
2023,0024,INA,TE,0.29411764705882354,17
2023,0024,INA,UNMAPPED,0,17
2023,0024,INA,WR,0.6470588235294118,17
2023,0025,ACT,CB,3.7058823529411766,17
2023,0025,ACT,DE,4.470588235294118,17
2023,0025,ACT,DT,3.588235294117647,17
2023,0025,ACT,LB,3.588235294117647,17
2023,0025,ACT,PK,1.3529411764705883,17
2023,0025,ACT,PN,1.5294117647058822,17
2023,0025,ACT,QB,3.3529411764705883,17
2023,0025,ACT,RB,4.470588235294118,17
2023,0025,ACT,S,3.2941176470588234,17
2023,0025,ACT,TE,4.588235294117647,17
2023,0025,ACT,UNMAPPED,0,17
2023,0025,ACT,WR,6.0588235294117645,17
2023,0025,INA,CB,0.5882352941176471,17
2023,0025,INA,DE,0.6470588235294118,17
2023,0025,INA,DT,0.4117647058823529,17
2023,0025,INA,LB,0.4117647058823529,17
2023,0025,INA,PK,0.11764705882352941,17
2023,0025,INA,PN,0.11764705882352941,17
2023,0025,INA,QB,0.8823529411764706,17
2023,0025,INA,RB,0.5882352941176471,17
2023,0025,INA,S,0.29411764705882354,17
2023,0025,INA,TE,0.4117647058823529,17
2023,0025,INA,UNMAPPED,0,17
2023,0025,INA,WR,0.5294117647058824,17
2023,0026,ACT,CB,4.117647058823529,17
2023,0026,ACT,DE,4.352941176470588,17
2023,0026,ACT,DT,3.588235294117647,17
2023,0026,ACT,LB,5.411764705882353,17
2023,0026,ACT,PK,1.3529411764705883,17
2023,0026,ACT,PN,0.9411764705882353,17
2023,0026,ACT,QB,1.4705882352941178,17
2023,0026,ACT,RB,5.529411764705882,17
2023,0026,ACT,S,3.3529411764705883,17
2023,0026,ACT,TE,1.8823529411764706,17
2023,0026,ACT,UNMAPPED,0,17
2023,0026,ACT,WR,7.176470588235294,17
2023,0026,INA,CB,0.8823529411764706,17
2023,0026,INA,DE,0.7058823529411765,17
2023,0026,INA,DT,0.35294117647058826,17
2023,0026,INA,LB,0.5882352941176471,17
2023,0026,INA,PK,0.11764705882352941,17
2023,0026,INA,PN,0.11764705882352941,17
2023,0026,INA,QB,0.17647058823529413,17
2023,0026,INA,RB,1.0588235294117647,17
2023,0026,INA,S,0.35294117647058826,17
2023,0026,INA,TE,0.23529411764705882,17
2023,0026,INA,UNMAPPED,0,17
2023,0026,INA,WR,0.5882352941176471,17
2023,0027,ACT,CB,4.764705882352941,17
2023,0027,ACT,DE,5.705882352941177,17
2023,0027,ACT,DT,4.117647058823529,17
2023,0027,ACT,LB,3.6470588235294117,17
2023,0027,ACT,PK,1.0588235294117647,17
2023,0027,ACT,PN,1,17
2023,0027,ACT,QB,2.411764705882353,17
2023,0027,ACT,RB,5,17
2023,0027,ACT,S,4.117647058823529,17
2023,0027,ACT,TE,2.3529411764705883,17
2023,0027,ACT,UNMAPPED,0,17
2023,0027,ACT,WR,5.235294117647059,17
2023,0027,INA,CB,0.7647058823529411,17
2023,0027,INA,DE,0.47058823529411764,17
2023,0027,INA,DT,0.23529411764705882,17
2023,0027,INA,LB,0.8235294117647058,17
2023,0027,INA,PK,0.058823529411764705,17
2023,0027,INA,PN,0.058823529411764705,17
2023,0027,INA,QB,0.5882352941176471,17
2023,0027,INA,RB,0.47058823529411764,17
2023,0027,INA,S,1.1764705882352942,17
2023,0027,INA,TE,0.29411764705882354,17
2023,0027,INA,UNMAPPED,0,17
2023,0027,INA,WR,0.6470588235294118,17
2023,0028,ACT,CB,3.2941176470588234,17
2023,0028,ACT,DE,5.647058823529412,17
2023,0028,ACT,DT,3.2941176470588234,17
2023,0028,ACT,LB,3.5294117647058822,17
2023,0028,ACT,PK,1.2352941176470589,17
2023,0028,ACT,PN,1.1176470588235294,17
2023,0028,ACT,QB,2.5294117647058822,17
2023,0028,ACT,RB,3.3529411764705883,17
2023,0028,ACT,S,4.235294117647059,17
2023,0028,ACT,TE,1.8235294117647058,17
2023,0028,ACT,UNMAPPED,0,17
2023,0028,ACT,WR,7.352941176470588,17
2023,0028,INA,CB,0.8235294117647058,17
2023,0028,INA,DE,0.8823529411764706,17
2023,0028,INA,DT,0.4117647058823529,17
2023,0028,INA,LB,0.7058823529411765,17
2023,0028,INA,PK,0.11764705882352941,17
2023,0028,INA,PN,0.058823529411764705,17
2023,0028,INA,QB,0.29411764705882354,17
2023,0028,INA,RB,0.6470588235294118,17
2023,0028,INA,S,0.6470588235294118,17
2023,0028,INA,TE,0.17647058823529413,17
2023,0028,INA,UNMAPPED,0,17
2023,0028,INA,WR,1.411764705882353,17
2023,0029,ACT,CB,3.6470588235294117,17
2023,0029,ACT,DE,3.176470588235294,17
2023,0029,ACT,DT,2.411764705882353,17
2023,0029,ACT,LB,4.294117647058823,17
2023,0029,ACT,PK,1.4705882352941178,17
2023,0029,ACT,PN,1.8823529411764706,17
2023,0029,ACT,QB,3.2941176470588234,17
2023,0029,ACT,RB,3.823529411764706,17
2023,0029,ACT,S,2.4705882352941178,17
2023,0029,ACT,TE,3.411764705882353,17
2023,0029,ACT,UNMAPPED,0,17
2023,0029,ACT,WR,7.117647058823529,17
2023,0029,INA,CB,1.2352941176470589,17
2023,0029,INA,DE,0.5294117647058824,17
2023,0029,INA,DT,0.23529411764705882,17
2023,0029,INA,LB,0.4117647058823529,17
2023,0029,INA,PK,0.17647058823529413,17
2023,0029,INA,PN,0.11764705882352941,17
2023,0029,INA,QB,0.35294117647058826,17
2023,0029,INA,RB,1.1764705882352942,17
2023,0029,INA,S,0.5882352941176471,17
2023,0029,INA,TE,0.5882352941176471,17
2023,0029,INA,UNMAPPED,0,17
2023,0029,INA,WR,0.8823529411764706,17
2023,0030,ACT,CB,4.411764705882353,17
2023,0030,ACT,DE,4.470588235294118,17
2023,0030,ACT,DT,4.705882352941177,17
2023,0030,ACT,LB,4.882352941176471,17
2023,0030,ACT,PK,1.9411764705882353,17
2023,0030,ACT,PN,2.1176470588235294,17
2023,0030,ACT,QB,2.235294117647059,17
2023,0030,ACT,RB,2.8823529411764706,17
2023,0030,ACT,S,4.764705882352941,17
2023,0030,ACT,TE,2.3529411764705883,17
2023,0030,ACT,UNMAPPED,0,17
2023,0030,ACT,WR,5.764705882352941,17
2023,0030,INA,CB,0.6470588235294118,17
2023,0030,INA,DE,0.6470588235294118,17
2023,0030,INA,DT,0.35294117647058826,17
2023,0030,INA,LB,0.5882352941176471,17
2023,0030,INA,PK,0.058823529411764705,17
2023,0030,INA,PN,0.11764705882352941,17
2023,0030,INA,QB,0.35294117647058826,17
2023,0030,INA,RB,0.5294117647058824,17
2023,0030,INA,S,0.47058823529411764,17
2023,0030,INA,TE,0.11764705882352941,17
2023,0030,INA,UNMAPPED,0,17
2023,0030,INA,WR,0.5294117647058824,17
2023,0031,ACT,CB,5.0588235294117645,17
2023,0031,ACT,DE,3.8823529411764706,17
2023,0031,ACT,DT,5,17
2023,0031,ACT,LB,4.117647058823529,17
2023,0031,ACT,PK,1,17
2023,0031,ACT,PN,0.9411764705882353,17
2023,0031,ACT,QB,1.7647058823529411,17
2023,0031,ACT,RB,3.4705882352941178,17
2023,0031,ACT,S,3.7058823529411766,17
2023,0031,ACT,TE,2.7058823529411766,17
2023,0031,ACT,UNMAPPED,0,17
2023,0031,ACT,WR,5,17
2023,0031,INA,CB,0.7058823529411765,17
2023,0031,INA,DE,0.47058823529411764,17
2023,0031,INA,DT,0.5882352941176471,17
2023,0031,INA,LB,0.8823529411764706,17
2023,0031,INA,PK,0,17
2023,0031,INA,PN,0.058823529411764705,17
2023,0031,INA,QB,0.35294117647058826,17
2023,0031,INA,RB,0.6470588235294118,17
2023,0031,INA,S,0.29411764705882354,17
2023,0031,INA,TE,0.29411764705882354,17
2023,0031,INA,UNMAPPED,0,17
2023,0031,INA,WR,1,17
2023,0032,ACT,CB,2.4705882352941178,17
2023,0032,ACT,DE,5.176470588235294,17
2023,0032,ACT,DT,2.6470588235294117,17
2023,0032,ACT,LB,5.705882352941177,17
2023,0032,ACT,PK,1.1764705882352942,17
2023,0032,ACT,PN,1.0588235294117647,17
2023,0032,ACT,QB,2.411764705882353,17
2023,0032,ACT,RB,7.882352941176471,17
2023,0032,ACT,S,3.764705882352941,17
2023,0032,ACT,TE,1.8235294117647058,17
2023,0032,ACT,UNMAPPED,0,17
2023,0032,ACT,WR,5.0588235294117645,17
2023,0032,INA,CB,0.058823529411764705,17
2023,0032,INA,DE,0.4117647058823529,17
2023,0032,INA,DT,0.11764705882352941,17
2023,0032,INA,LB,0.5294117647058824,17
2023,0032,INA,PK,0.058823529411764705,17
2023,0032,INA,PN,0,17
2023,0032,INA,QB,0.17647058823529413,17
2023,0032,INA,RB,2.235294117647059,17
2023,0032,INA,S,0.7647058823529411,17
2023,0032,INA,TE,0.11764705882352941,17
2023,0032,INA,UNMAPPED,0,17
2023,0032,INA,WR,0.8235294117647058,17
2024,0001,ACT,CB,4.9411764705882355,17
2024,0001,ACT,DE,6.0588235294117645,17
2024,0001,ACT,DT,4.294117647058823,17
2024,0001,ACT,LB,5.176470588235294,17
2024,0001,ACT,PK,1,17
2024,0001,ACT,PN,1,17
2024,0001,ACT,QB,2.5294117647058822,17
2024,0001,ACT,RB,4.470588235294118,17
2024,0001,ACT,S,3.5294117647058822,17
2024,0001,ACT,TE,1.7058823529411764,17
2024,0001,ACT,UNMAPPED,0,17
2024,0001,ACT,WR,4.823529411764706,17
2024,0001,INA,CB,0.7647058823529411,17
2024,0001,INA,DE,0.7058823529411765,17
2024,0001,INA,DT,0.35294117647058826,17
2024,0001,INA,LB,0.7058823529411765,17
2024,0001,INA,PK,0.058823529411764705,17
2024,0001,INA,PN,0.058823529411764705,17
2024,0001,INA,QB,0.35294117647058826,17
2024,0001,INA,RB,0.5882352941176471,17
2024,0001,INA,S,0.4117647058823529,17
2024,0001,INA,TE,0.5294117647058824,17
2024,0001,INA,UNMAPPED,0,17
2024,0001,INA,WR,0.6470588235294118,17
2024,0002,ACT,CB,4.882352941176471,17
2024,0002,ACT,DE,6.294117647058823,17
2024,0002,ACT,DT,3.3529411764705883,17
2024,0002,ACT,LB,3.6470588235294117,17
2024,0002,ACT,PK,1.0588235294117647,17
2024,0002,ACT,PN,1,17
2024,0002,ACT,QB,2.1176470588235294,17
2024,0002,ACT,RB,3,17
2024,0002,ACT,S,3.9411764705882355,17
2024,0002,ACT,TE,2.411764705882353,17
2024,0002,ACT,UNMAPPED,0,17
2024,0002,ACT,WR,6.235294117647059,17
2024,0002,INA,CB,0.7058823529411765,17
2024,0002,INA,DE,0.7647058823529411,17
2024,0002,INA,DT,0.4117647058823529,17
2024,0002,INA,LB,0.5294117647058824,17
2024,0002,INA,PK,0,17
2024,0002,INA,PN,0.058823529411764705,17
2024,0002,INA,QB,0.35294117647058826,17
2024,0002,INA,RB,0.35294117647058826,17
2024,0002,INA,S,0.5882352941176471,17
2024,0002,INA,TE,0.4117647058823529,17
2024,0002,INA,UNMAPPED,0,17
2024,0002,INA,WR,1.3529411764705883,17
2024,0003,ACT,CB,4.176470588235294,17
2024,0003,ACT,DE,4.117647058823529,17
2024,0003,ACT,DT,4.117647058823529,17
2024,0003,ACT,LB,4.235294117647059,17
2024,0003,ACT,PK,1.1176470588235294,17
2024,0003,ACT,PN,1.2352941176470589,17
2024,0003,ACT,QB,2.0588235294117645,17
2024,0003,ACT,RB,4,17
2024,0003,ACT,S,3.9411764705882355,17
2024,0003,ACT,TE,2.411764705882353,17
2024,0003,ACT,UNMAPPED,0,17
2024,0003,ACT,WR,6.823529411764706,17
2024,0003,INA,CB,0.4117647058823529,17
2024,0003,INA,DE,0.5882352941176471,17
2024,0003,INA,DT,1.0588235294117647,17
2024,0003,INA,LB,0.35294117647058826,17
2024,0003,INA,PK,0.11764705882352941,17
2024,0003,INA,PN,0.11764705882352941,17
2024,0003,INA,QB,0.4117647058823529,17
2024,0003,INA,RB,0.7058823529411765,17
2024,0003,INA,S,0.47058823529411764,17
2024,0003,INA,TE,0.4117647058823529,17
2024,0003,INA,UNMAPPED,0,17
2024,0003,INA,WR,0.9411764705882353,17
2024,0004,ACT,CB,4.294117647058823,17
2024,0004,ACT,DE,5.117647058823529,17
2024,0004,ACT,DT,4.294117647058823,17
2024,0004,ACT,LB,3.235294117647059,17
2024,0004,ACT,PK,1.2941176470588236,17
2024,0004,ACT,PN,1.0588235294117647,17
2024,0004,ACT,QB,3.6470588235294117,17
2024,0004,ACT,RB,2.9411764705882355,17
2024,0004,ACT,S,5,17
2024,0004,ACT,TE,1.8235294117647058,17
2024,0004,ACT,UNMAPPED,0,17
2024,0004,ACT,WR,5.235294117647059,17
2024,0004,INA,CB,0.8235294117647058,17
2024,0004,INA,DE,0.47058823529411764,17
2024,0004,INA,DT,0.6470588235294118,17
2024,0004,INA,LB,0.6470588235294118,17
2024,0004,INA,PK,0.058823529411764705,17
2024,0004,INA,PN,0.058823529411764705,17
2024,0004,INA,QB,0.35294117647058826,17
2024,0004,INA,RB,0.4117647058823529,17
2024,0004,INA,S,0.8235294117647058,17
2024,0004,INA,TE,0.23529411764705882,17
2024,0004,INA,UNMAPPED,0,17
2024,0004,INA,WR,0.35294117647058826,17
2024,0005,ACT,CB,3.764705882352941,17
2024,0005,ACT,DE,3.9411764705882355,17
2024,0005,ACT,DT,5.294117647058823,17
2024,0005,ACT,LB,4.705882352941177,17
2024,0005,ACT,PK,1.2352941176470589,17
2024,0005,ACT,PN,1.0588235294117647,17
2024,0005,ACT,QB,1.8823529411764706,17
2024,0005,ACT,RB,4.470588235294118,17
2024,0005,ACT,S,4.647058823529412,17
2024,0005,ACT,TE,2.2941176470588234,17
2024,0005,ACT,UNMAPPED,0,17
2024,0005,ACT,WR,6.294117647058823,17
2024,0005,INA,CB,0.7647058823529411,17
2024,0005,INA,DE,0.29411764705882354,17
2024,0005,INA,DT,0.5294117647058824,17
2024,0005,INA,LB,0.6470588235294118,17
2024,0005,INA,PK,0.17647058823529413,17
2024,0005,INA,PN,0.058823529411764705,17
2024,0005,INA,QB,0.11764705882352941,17
2024,0005,INA,RB,0.5294117647058824,17
2024,0005,INA,S,0.23529411764705882,17
2024,0005,INA,TE,0.11764705882352941,17
2024,0005,INA,UNMAPPED,0,17
2024,0005,INA,WR,0.7058823529411765,17
2024,0006,ACT,CB,2.3529411764705883,17
2024,0006,ACT,DE,4.0588235294117645,17
2024,0006,ACT,DT,3.176470588235294,17
2024,0006,ACT,LB,4.352941176470588,17
2024,0006,ACT,PK,1.1764705882352942,17
2024,0006,ACT,PN,1,17
2024,0006,ACT,QB,2.5294117647058822,17
2024,0006,ACT,RB,3.3529411764705883,17
2024,0006,ACT,S,4.176470588235294,17
2024,0006,ACT,TE,2.9411764705882355,17
2024,0006,ACT,UNMAPPED,0,17
2024,0006,ACT,WR,8.529411764705882,17
2024,0006,INA,CB,0.17647058823529413,17
2024,0006,INA,DE,0.35294117647058826,17
2024,0006,INA,DT,0.17647058823529413,17
2024,0006,INA,LB,0.5882352941176471,17
2024,0006,INA,PK,0.23529411764705882,17
2024,0006,INA,PN,0.058823529411764705,17
2024,0006,INA,QB,0.8235294117647058,17
2024,0006,INA,RB,1,17
2024,0006,INA,S,0.6470588235294118,17
2024,0006,INA,TE,0.4117647058823529,17
2024,0006,INA,UNMAPPED,0,17
2024,0006,INA,WR,0.8823529411764706,17
2024,0007,ACT,CB,3.411764705882353,17
2024,0007,ACT,DE,5.411764705882353,17
2024,0007,ACT,DT,4.823529411764706,17
2024,0007,ACT,LB,4,17
2024,0007,ACT,PK,1.1176470588235294,17
2024,0007,ACT,PN,1.4705882352941178,17
2024,0007,ACT,QB,4.176470588235294,17
2024,0007,ACT,RB,2.764705882352941,17
2024,0007,ACT,S,3.588235294117647,17
2024,0007,ACT,TE,2.0588235294117645,17
2024,0007,ACT,UNMAPPED,0,17
2024,0007,ACT,WR,5.470588235294118,17
2024,0007,INA,CB,0.5294117647058824,17
2024,0007,INA,DE,0.7058823529411765,17
2024,0007,INA,DT,0.47058823529411764,17
2024,0007,INA,LB,0.9411764705882353,17
2024,0007,INA,PK,0.058823529411764705,17
2024,0007,INA,PN,0.17647058823529413,17
2024,0007,INA,QB,0.7058823529411765,17
2024,0007,INA,RB,1.3529411764705883,17
2024,0007,INA,S,0.7058823529411765,17
2024,0007,INA,TE,0.058823529411764705,17
2024,0007,INA,UNMAPPED,0,17
2024,0007,INA,WR,0.5294117647058824,17
2024,0008,ACT,CB,5,17
2024,0008,ACT,DE,4.470588235294118,17
2024,0008,ACT,DT,5.235294117647059,17
2024,0008,ACT,LB,3.3529411764705883,17
2024,0008,ACT,PK,1.3529411764705883,17
2024,0008,ACT,PN,1.1764705882352942,17
2024,0008,ACT,QB,1.7647058823529411,17
2024,0008,ACT,RB,3,17
2024,0008,ACT,S,3.7058823529411766,17
2024,0008,ACT,TE,2,17
2024,0008,ACT,UNMAPPED,0,17
2024,0008,ACT,WR,5.9411764705882355,17
2024,0008,INA,CB,0.7647058823529411,17
2024,0008,INA,DE,0.7647058823529411,17
2024,0008,INA,DT,0.9411764705882353,17
2024,0008,INA,LB,0.4117647058823529,17
2024,0008,INA,PK,0.058823529411764705,17
2024,0008,INA,PN,0.17647058823529413,17
2024,0008,INA,QB,0.47058823529411764,17
2024,0008,INA,RB,0.5294117647058824,17
2024,0008,INA,S,0.7647058823529411,17
2024,0008,INA,TE,0.23529411764705882,17
2024,0008,INA,UNMAPPED,0,17
2024,0008,INA,WR,1.1176470588235294,17
2024,0009,ACT,CB,3.3529411764705883,17
2024,0009,ACT,DE,3.411764705882353,17
2024,0009,ACT,DT,3.0588235294117645,17
2024,0009,ACT,LB,4.352941176470588,17
2024,0009,ACT,PK,1.4705882352941178,17
2024,0009,ACT,PN,1.1176470588235294,17
2024,0009,ACT,QB,3.9411764705882355,17
2024,0009,ACT,RB,4.176470588235294,17
2024,0009,ACT,S,3.3529411764705883,17
2024,0009,ACT,TE,2.235294117647059,17
2024,0009,ACT,UNMAPPED,0,17
2024,0009,ACT,WR,7.705882352941177,17
2024,0009,INA,CB,0.5294117647058824,17
2024,0009,INA,DE,0.35294117647058826,17
2024,0009,INA,DT,0.17647058823529413,17
2024,0009,INA,LB,0.29411764705882354,17
2024,0009,INA,PK,0.11764705882352941,17
2024,0009,INA,PN,0,17
2024,0009,INA,QB,0.7058823529411765,17
2024,0009,INA,RB,0.5882352941176471,17
2024,0009,INA,S,0.23529411764705882,17
2024,0009,INA,TE,0.5882352941176471,17
2024,0009,INA,UNMAPPED,0,17
2024,0009,INA,WR,1.7058823529411764,17
2024,0010,ACT,CB,3.588235294117647,17
2024,0010,ACT,DE,3.411764705882353,17
2024,0010,ACT,DT,5.294117647058823,17
2024,0010,ACT,LB,4.9411764705882355,17
2024,0010,ACT,PK,1,17
2024,0010,ACT,PN,1,17
2024,0010,ACT,QB,1.1176470588235294,17
2024,0010,ACT,RB,3.3529411764705883,17
2024,0010,ACT,S,5.235294117647059,17
2024,0010,ACT,TE,2.8823529411764706,17
2024,0010,ACT,UNMAPPED,0,17
2024,0010,ACT,WR,7.588235294117647,17
2024,0010,INA,CB,0.8823529411764706,17
2024,0010,INA,DE,0.29411764705882354,17
2024,0010,INA,DT,0.7647058823529411,17
2024,0010,INA,LB,0.6470588235294118,17
2024,0010,INA,PK,0.058823529411764705,17
2024,0010,INA,PN,0.058823529411764705,17
2024,0010,INA,QB,0.058823529411764705,17
2024,0010,INA,RB,0.5882352941176471,17
2024,0010,INA,S,0.47058823529411764,17
2024,0010,INA,TE,0.29411764705882354,17
2024,0010,INA,UNMAPPED,0,17
2024,0010,INA,WR,1,17
2024,0011,ACT,CB,3.2941176470588234,17
2024,0011,ACT,DE,6.176470588235294,17
2024,0011,ACT,DT,3.3529411764705883,17
2024,0011,ACT,LB,2.7058823529411766,17
2024,0011,ACT,PK,1.0588235294117647,17
2024,0011,ACT,PN,1,17
2024,0011,ACT,QB,4.0588235294117645,17
2024,0011,ACT,RB,4.882352941176471,17
2024,0011,ACT,S,3.235294117647059,17
2024,0011,ACT,TE,4,17
2024,0011,ACT,UNMAPPED,0,17
2024,0011,ACT,WR,6,17
2024,0011,INA,CB,0.29411764705882354,17
2024,0011,INA,DE,0.4117647058823529,17
2024,0011,INA,DT,0.5882352941176471,17
2024,0011,INA,LB,0.4117647058823529,17
2024,0011,INA,PK,0.11764705882352941,17
2024,0011,INA,PN,0,17
2024,0011,INA,QB,0.4117647058823529,17
2024,0011,INA,RB,0.6470588235294118,17
2024,0011,INA,S,0.35294117647058826,17
2024,0011,INA,TE,0.35294117647058826,17
2024,0011,INA,UNMAPPED,0,17
2024,0011,INA,WR,1,17
2024,0012,ACT,CB,2.588235294117647,17
2024,0012,ACT,DE,4.882352941176471,17
2024,0012,ACT,DT,3.764705882352941,17
2024,0012,ACT,LB,5.647058823529412,17
2024,0012,ACT,PK,1.1764705882352942,17
2024,0012,ACT,PN,1.0588235294117647,17
2024,0012,ACT,QB,2.6470588235294117,17
2024,0012,ACT,RB,5.235294117647059,17
2024,0012,ACT,S,5.588235294117647,17
2024,0012,ACT,TE,1.4705882352941178,17
2024,0012,ACT,UNMAPPED,0,17
2024,0012,ACT,WR,4.882352941176471,17
2024,0012,INA,CB,0.5882352941176471,17
2024,0012,INA,DE,0.8235294117647058,17
2024,0012,INA,DT,0.23529411764705882,17
2024,0012,INA,LB,0.6470588235294118,17
2024,0012,INA,PK,0.058823529411764705,17
2024,0012,INA,PN,0.058823529411764705,17
2024,0012,INA,QB,0.23529411764705882,17
2024,0012,INA,RB,1.2352941176470589,17
2024,0012,INA,S,0.5294117647058824,17
2024,0012,INA,TE,0.23529411764705882,17
2024,0012,INA,UNMAPPED,0,17
2024,0012,INA,WR,0.5294117647058824,17
2024,0013,ACT,CB,4.176470588235294,17
2024,0013,ACT,DE,3.1176470588235294,17
2024,0013,ACT,DT,3.2941176470588234,17
2024,0013,ACT,LB,5.117647058823529,17
2024,0013,ACT,PK,1,17
2024,0013,ACT,PN,1,17
2024,0013,ACT,QB,2.764705882352941,17
2024,0013,ACT,RB,3.235294117647059,17
2024,0013,ACT,S,4.588235294117647,17
2024,0013,ACT,TE,2.6470588235294117,17
2024,0013,ACT,UNMAPPED,0,17
2024,0013,ACT,WR,6.9411764705882355,17
2024,0013,INA,CB,0.5294117647058824,17
2024,0013,INA,DE,0.29411764705882354,17
2024,0013,INA,DT,0.6470588235294118,17
2024,0013,INA,LB,1,17
2024,0013,INA,PK,0,17
2024,0013,INA,PN,0,17
2024,0013,INA,QB,0.29411764705882354,17
2024,0013,INA,RB,0.35294117647058826,17
2024,0013,INA,S,1.0588235294117647,17
2024,0013,INA,TE,0.9411764705882353,17
2024,0013,INA,UNMAPPED,0,17
2024,0013,INA,WR,1.1176470588235294,17
2024,0014,ACT,CB,3.411764705882353,17
2024,0014,ACT,DE,4.235294117647059,17
2024,0014,ACT,DT,5.117647058823529,17
2024,0014,ACT,LB,4.352941176470588,17
2024,0014,ACT,PK,1,17
2024,0014,ACT,PN,1.588235294117647,17
2024,0014,ACT,QB,2.176470588235294,17
2024,0014,ACT,RB,4.823529411764706,17
2024,0014,ACT,S,3.411764705882353,17
2024,0014,ACT,TE,2.2941176470588234,17
2024,0014,ACT,UNMAPPED,0,17
2024,0014,ACT,WR,5.470588235294118,17
2024,0014,INA,CB,0.5294117647058824,17
2024,0014,INA,DE,0.6470588235294118,17
2024,0014,INA,DT,0.9411764705882353,17
2024,0014,INA,LB,1.411764705882353,17
2024,0014,INA,PK,0.058823529411764705,17
2024,0014,INA,PN,0.11764705882352941,17
2024,0014,INA,QB,0.23529411764705882,17
2024,0014,INA,RB,0.29411764705882354,17
2024,0014,INA,S,0.5882352941176471,17
2024,0014,INA,TE,0.5294117647058824,17
2024,0014,INA,UNMAPPED,0,17
2024,0014,INA,WR,1.1176470588235294,17
2024,0015,ACT,CB,3.3529411764705883,17
2024,0015,ACT,DE,5.470588235294118,17
2024,0015,ACT,DT,4.235294117647059,17
2024,0015,ACT,LB,4.411764705882353,17
2024,0015,ACT,PK,1.8235294117647058,17
2024,0015,ACT,PN,1.2941176470588236,17
2024,0015,ACT,QB,2.1176470588235294,17
2024,0015,ACT,RB,3.823529411764706,17
2024,0015,ACT,S,4.411764705882353,17
2024,0015,ACT,TE,1.8235294117647058,17
2024,0015,ACT,UNMAPPED,0,17
2024,0015,ACT,WR,7,17
2024,0015,INA,CB,0.47058823529411764,17
2024,0015,INA,DE,0.5882352941176471,17
2024,0015,INA,DT,0.4117647058823529,17
2024,0015,INA,LB,0.5882352941176471,17
2024,0015,INA,PK,0.23529411764705882,17
2024,0015,INA,PN,0.058823529411764705,17
2024,0015,INA,QB,0.11764705882352941,17
2024,0015,INA,RB,0.8823529411764706,17
2024,0015,INA,S,0.4117647058823529,17
2024,0015,INA,TE,0.058823529411764705,17
2024,0015,INA,UNMAPPED,0,17
2024,0015,INA,WR,1.2941176470588236,17
2024,0016,ACT,CB,2.6470588235294117,17
2024,0016,ACT,DE,5.411764705882353,17
2024,0016,ACT,DT,4.117647058823529,17
2024,0016,ACT,LB,4,17
2024,0016,ACT,PK,1,17
2024,0016,ACT,PN,1,17
2024,0016,ACT,QB,1.7058823529411764,17
2024,0016,ACT,RB,5.0588235294117645,17
2024,0016,ACT,S,2.5294117647058822,17
2024,0016,ACT,TE,4.411764705882353,17
2024,0016,ACT,UNMAPPED,0,17
2024,0016,ACT,WR,5.823529411764706,17
2024,0016,INA,CB,0.23529411764705882,17
2024,0016,INA,DE,1.0588235294117647,17
2024,0016,INA,DT,0.8235294117647058,17
2024,0016,INA,LB,0.5882352941176471,17
2024,0016,INA,PK,0.058823529411764705,17
2024,0016,INA,PN,0,17
2024,0016,INA,QB,1.1176470588235294,17
2024,0016,INA,RB,0.8235294117647058,17
2024,0016,INA,S,0.5882352941176471,17
2024,0016,INA,TE,0.35294117647058826,17
2024,0016,INA,UNMAPPED,0,17
2024,0016,INA,WR,1.1176470588235294,17
2024,0017,ACT,CB,3.7058823529411766,17
2024,0017,ACT,DE,5.176470588235294,17
2024,0017,ACT,DT,4.588235294117647,17
2024,0017,ACT,LB,4.529411764705882,17
2024,0017,ACT,PK,1.4705882352941178,17
2024,0017,ACT,PN,1.1764705882352942,17
2024,0017,ACT,QB,2.5294117647058822,17
2024,0017,ACT,RB,3.4705882352941178,17
2024,0017,ACT,S,4.117647058823529,17
2024,0017,ACT,TE,1.8235294117647058,17
2024,0017,ACT,UNMAPPED,0,17
2024,0017,ACT,WR,6.588235294117647,17
2024,0017,INA,CB,0.5882352941176471,17
2024,0017,INA,DE,0.47058823529411764,17
2024,0017,INA,DT,0.47058823529411764,17
2024,0017,INA,LB,0.7647058823529411,17
2024,0017,INA,PK,0.29411764705882354,17
2024,0017,INA,PN,0.058823529411764705,17
2024,0017,INA,QB,0.35294117647058826,17
2024,0017,INA,RB,1,17
2024,0017,INA,S,0.8235294117647058,17
2024,0017,INA,TE,0.11764705882352941,17
2024,0017,INA,UNMAPPED,0,17
2024,0017,INA,WR,0.8823529411764706,17
2024,0018,ACT,CB,4,17
2024,0018,ACT,DE,5.176470588235294,17
2024,0018,ACT,DT,4,17
2024,0018,ACT,LB,3.6470588235294117,17
2024,0018,ACT,PK,1,17
2024,0018,ACT,PN,1,17
2024,0018,ACT,QB,1.7058823529411764,17
2024,0018,ACT,RB,3.9411764705882355,17
2024,0018,ACT,S,5.705882352941177,17
2024,0018,ACT,TE,2.764705882352941,17
2024,0018,ACT,UNMAPPED,0,17
2024,0018,ACT,WR,6.882352941176471,17
2024,0018,INA,CB,1,17
2024,0018,INA,DE,0.29411764705882354,17
2024,0018,INA,DT,0.7058823529411765,17
2024,0018,INA,LB,0.4117647058823529,17
2024,0018,INA,PK,0.058823529411764705,17
2024,0018,INA,PN,0.11764705882352941,17
2024,0018,INA,QB,0.29411764705882354,17
2024,0018,INA,RB,0.4117647058823529,17
2024,0018,INA,S,0.5882352941176471,17
2024,0018,INA,TE,0.17647058823529413,17
2024,0018,INA,UNMAPPED,0,17
2024,0018,INA,WR,1,17
2024,0019,ACT,CB,3.411764705882353,17
2024,0019,ACT,DE,5.529411764705882,17
2024,0019,ACT,DT,5.235294117647059,17
2024,0019,ACT,LB,3.7058823529411766,17
2024,0019,ACT,PK,1.2941176470588236,17
2024,0019,ACT,PN,1.7647058823529411,17
2024,0019,ACT,QB,2.411764705882353,17
2024,0019,ACT,RB,4,17
2024,0019,ACT,S,3.176470588235294,17
2024,0019,ACT,TE,2.9411764705882355,17
2024,0019,ACT,UNMAPPED,0,17
2024,0019,ACT,WR,4.352941176470588,17
2024,0019,INA,CB,0.9411764705882353,17
2024,0019,INA,DE,0.8823529411764706,17
2024,0019,INA,DT,0.47058823529411764,17
2024,0019,INA,LB,1.0588235294117647,17
2024,0019,INA,PK,0.23529411764705882,17
2024,0019,INA,PN,0.11764705882352941,17
2024,0019,INA,QB,0.5882352941176471,17
2024,0019,INA,RB,0.5294117647058824,17
2024,0019,INA,S,0.23529411764705882,17
2024,0019,INA,TE,0.23529411764705882,17
2024,0019,INA,UNMAPPED,0,17
2024,0019,INA,WR,0.8823529411764706,17
2024,0020,ACT,CB,4.588235294117647,17
2024,0020,ACT,DE,4.705882352941177,17
2024,0020,ACT,DT,4.705882352941177,17
2024,0020,ACT,LB,4.529411764705882,17
2024,0020,ACT,PK,1.1764705882352942,17
2024,0020,ACT,PN,1,17
2024,0020,ACT,QB,1.588235294117647,17
2024,0020,ACT,RB,3.7058823529411766,17
2024,0020,ACT,S,3.6470588235294117,17
2024,0020,ACT,TE,2.8823529411764706,17
2024,0020,ACT,UNMAPPED,0,17
2024,0020,ACT,WR,5.823529411764706,17
2024,0020,INA,CB,0.4117647058823529,17
2024,0020,INA,DE,1,17
2024,0020,INA,DT,0.7058823529411765,17
2024,0020,INA,LB,0.5294117647058824,17
2024,0020,INA,PK,0.058823529411764705,17
2024,0020,INA,PN,0.058823529411764705,17
2024,0020,INA,QB,0.8823529411764706,17
2024,0020,INA,RB,0.29411764705882354,17
2024,0020,INA,S,0.35294117647058826,17
2024,0020,INA,TE,0.23529411764705882,17
2024,0020,INA,UNMAPPED,0,17
2024,0020,INA,WR,0.8235294117647058,17
2024,0021,ACT,CB,2.764705882352941,17
2024,0021,ACT,DE,4.647058823529412,17
2024,0021,ACT,DT,3.764705882352941,17
2024,0021,ACT,LB,3.3529411764705883,17
2024,0021,ACT,PK,1.0588235294117647,17
2024,0021,ACT,PN,1.2941176470588236,17
2024,0021,ACT,QB,1.8823529411764706,17
2024,0021,ACT,RB,2.8823529411764706,17
2024,0021,ACT,S,3.3529411764705883,17
2024,0021,ACT,TE,2.176470588235294,17
2024,0021,ACT,UNMAPPED,0,17
2024,0021,ACT,WR,7.9411764705882355,17
2024,0021,INA,CB,0.29411764705882354,17
2024,0021,INA,DE,0.47058823529411764,17
2024,0021,INA,DT,0.6470588235294118,17
2024,0021,INA,LB,0.5294117647058824,17
2024,0021,INA,PK,0.058823529411764705,17
2024,0021,INA,PN,0.11764705882352941,17
2024,0021,INA,QB,0.35294117647058826,17
2024,0021,INA,RB,0.5294117647058824,17
2024,0021,INA,S,0.4117647058823529,17
2024,0021,INA,TE,0.29411764705882354,17
2024,0021,INA,UNMAPPED,0,17
2024,0021,INA,WR,0.7647058823529411,17
2024,0022,ACT,CB,3.6470588235294117,17
2024,0022,ACT,DE,4.117647058823529,17
2024,0022,ACT,DT,3.7058823529411766,17
2024,0022,ACT,LB,3.6470588235294117,17
2024,0022,ACT,PK,1.6470588235294117,17
2024,0022,ACT,PN,1.411764705882353,17
2024,0022,ACT,QB,3.8823529411764706,17
2024,0022,ACT,RB,3.3529411764705883,17
2024,0022,ACT,S,3.3529411764705883,17
2024,0022,ACT,TE,2.4705882352941178,17
2024,0022,ACT,UNMAPPED,0,17
2024,0022,ACT,WR,7.235294117647059,17
2024,0022,INA,CB,0.8235294117647058,17
2024,0022,INA,DE,0.23529411764705882,17
2024,0022,INA,DT,0.29411764705882354,17
2024,0022,INA,LB,0.7058823529411765,17
2024,0022,INA,PK,0.17647058823529413,17
2024,0022,INA,PN,0.17647058823529413,17
2024,0022,INA,QB,0.23529411764705882,17
2024,0022,INA,RB,1.1176470588235294,17
2024,0022,INA,S,0.7647058823529411,17
2024,0022,INA,TE,0.17647058823529413,17
2024,0022,INA,UNMAPPED,0,17
2024,0022,INA,WR,1,17
2024,0023,ACT,CB,4,17
2024,0023,ACT,DE,4.705882352941177,17
2024,0023,ACT,DT,3,17
2024,0023,ACT,LB,3.9411764705882355,17
2024,0023,ACT,PK,0.9411764705882353,17
2024,0023,ACT,PN,1,17
2024,0023,ACT,QB,2.235294117647059,17
2024,0023,ACT,RB,4.9411764705882355,17
2024,0023,ACT,S,3.9411764705882355,17
2024,0023,ACT,TE,1.5294117647058822,17
2024,0023,ACT,UNMAPPED,0,17
2024,0023,ACT,WR,7.235294117647059,17
2024,0023,INA,CB,0.7647058823529411,17
2024,0023,INA,DE,0.29411764705882354,17
2024,0023,INA,DT,0.35294117647058826,17
2024,0023,INA,LB,0.7647058823529411,17
2024,0023,INA,PK,0.17647058823529413,17
2024,0023,INA,PN,0.058823529411764705,17
2024,0023,INA,QB,0.11764705882352941,17
2024,0023,INA,RB,0.7647058823529411,17
2024,0023,INA,S,0.47058823529411764,17
2024,0023,INA,TE,0.47058823529411764,17
2024,0023,INA,UNMAPPED,0,17
2024,0023,INA,WR,1.1764705882352942,17
2024,0024,ACT,CB,3.764705882352941,17
2024,0024,ACT,DE,4.0588235294117645,17
2024,0024,ACT,DT,4.0588235294117645,17
2024,0024,ACT,LB,3.764705882352941,17
2024,0024,ACT,PK,1.6470588235294117,17
2024,0024,ACT,PN,1.2941176470588236,17
2024,0024,ACT,QB,1.8235294117647058,17
2024,0024,ACT,RB,2.411764705882353,17
2024,0024,ACT,S,3.411764705882353,17
2024,0024,ACT,TE,1.8823529411764706,17
2024,0024,ACT,UNMAPPED,0,17
2024,0024,ACT,WR,6.647058823529412,17
2024,0024,INA,CB,0.7058823529411765,17
2024,0024,INA,DE,0.47058823529411764,17
2024,0024,INA,DT,0.4117647058823529,17
2024,0024,INA,LB,0.5294117647058824,17
2024,0024,INA,PK,0.11764705882352941,17
2024,0024,INA,PN,0.058823529411764705,17
2024,0024,INA,QB,0.17647058823529413,17
2024,0024,INA,RB,0.8235294117647058,17
2024,0024,INA,S,0.5294117647058824,17
2024,0024,INA,TE,0.11764705882352941,17
2024,0024,INA,UNMAPPED,0,17
2024,0024,INA,WR,1.2352941176470589,17
2024,0025,ACT,CB,3.8823529411764706,17
2024,0025,ACT,DE,3.8823529411764706,17
2024,0025,ACT,DT,3.4705882352941178,17
2024,0025,ACT,LB,4.235294117647059,17
2024,0025,ACT,PK,1.2941176470588236,17
2024,0025,ACT,PN,0.9411764705882353,17
2024,0025,ACT,QB,3.8823529411764706,17
2024,0025,ACT,RB,4.0588235294117645,17
2024,0025,ACT,S,4.352941176470588,17
2024,0025,ACT,TE,4.235294117647059,17
2024,0025,ACT,UNMAPPED,0,17
2024,0025,ACT,WR,5.764705882352941,17
2024,0025,INA,CB,0.4117647058823529,17
2024,0025,INA,DE,0.47058823529411764,17
2024,0025,INA,DT,0.5294117647058824,17
2024,0025,INA,LB,0.6470588235294118,17
2024,0025,INA,PK,0.058823529411764705,17
2024,0025,INA,PN,0.17647058823529413,17
2024,0025,INA,QB,0.47058823529411764,17
2024,0025,INA,RB,0.5294117647058824,17
2024,0025,INA,S,0.29411764705882354,17
2024,0025,INA,TE,0.7647058823529411,17
2024,0025,INA,UNMAPPED,0,17
2024,0025,INA,WR,0.6470588235294118,17
2024,0026,ACT,CB,5.117647058823529,17
2024,0026,ACT,DE,4.294117647058823,17
2024,0026,ACT,DT,4.0588235294117645,17
2024,0026,ACT,LB,3.6470588235294117,17
2024,0026,ACT,PK,1,17
2024,0026,ACT,PN,1,17
2024,0026,ACT,QB,1.8823529411764706,17
2024,0026,ACT,RB,3.6470588235294117,17
2024,0026,ACT,S,5.705882352941177,17
2024,0026,ACT,TE,3.235294117647059,17
2024,0026,ACT,UNMAPPED,0,17
2024,0026,ACT,WR,5.823529411764706,17
2024,0026,INA,CB,0.8823529411764706,17
2024,0026,INA,DE,0.5294117647058824,17
2024,0026,INA,DT,0.6470588235294118,17
2024,0026,INA,LB,0.4117647058823529,17
2024,0026,INA,PK,0.058823529411764705,17
2024,0026,INA,PN,0.058823529411764705,17
2024,0026,INA,QB,0.11764705882352941,17
2024,0026,INA,RB,0.6470588235294118,17
2024,0026,INA,S,1,17
2024,0026,INA,TE,0.17647058823529413,17
2024,0026,INA,UNMAPPED,0,17
2024,0026,INA,WR,0.5882352941176471,17
2024,0027,ACT,CB,3.588235294117647,17
2024,0027,ACT,DE,3.8823529411764706,17
2024,0027,ACT,DT,3.8823529411764706,17
2024,0027,ACT,LB,5.882352941176471,17
2024,0027,ACT,PK,1,17
2024,0027,ACT,PN,1.0588235294117647,17
2024,0027,ACT,QB,2.6470588235294117,17
2024,0027,ACT,RB,4.9411764705882355,17
2024,0027,ACT,S,4.176470588235294,17
2024,0027,ACT,TE,2,17
2024,0027,ACT,UNMAPPED,0,17
2024,0027,ACT,WR,4.117647058823529,17
2024,0027,INA,CB,1.0588235294117647,17
2024,0027,INA,DE,1.4705882352941178,17
2024,0027,INA,DT,0.29411764705882354,17
2024,0027,INA,LB,0.7647058823529411,17
2024,0027,INA,PK,0.058823529411764705,17
2024,0027,INA,PN,0.058823529411764705,17
2024,0027,INA,QB,0.35294117647058826,17
2024,0027,INA,RB,1.0588235294117647,17
2024,0027,INA,S,0.35294117647058826,17
2024,0027,INA,TE,0.8235294117647058,17
2024,0027,INA,UNMAPPED,0,17
2024,0027,INA,WR,0.9411764705882353,17
2024,0028,ACT,CB,3.8823529411764706,17
2024,0028,ACT,DE,5.411764705882353,17
2024,0028,ACT,DT,4.705882352941177,17
2024,0028,ACT,LB,5.9411764705882355,17
2024,0028,ACT,PK,1.1764705882352942,17
2024,0028,ACT,PN,1.1764705882352942,17
2024,0028,ACT,QB,2.764705882352941,17
2024,0028,ACT,RB,3.235294117647059,17
2024,0028,ACT,S,2.9411764705882355,17
2024,0028,ACT,TE,1.4705882352941178,17
2024,0028,ACT,UNMAPPED,0,17
2024,0028,ACT,WR,5.882352941176471,17
2024,0028,INA,CB,0.6470588235294118,17
2024,0028,INA,DE,1.0588235294117647,17
2024,0028,INA,DT,0.6470588235294118,17
2024,0028,INA,LB,0.6470588235294118,17
2024,0028,INA,PK,0.058823529411764705,17
2024,0028,INA,PN,0.058823529411764705,17
2024,0028,INA,QB,0.23529411764705882,17
2024,0028,INA,RB,0.4117647058823529,17
2024,0028,INA,S,0.5882352941176471,17
2024,0028,INA,TE,0.5294117647058824,17
2024,0028,INA,UNMAPPED,0,17
2024,0028,INA,WR,0.8823529411764706,17
2024,0029,ACT,CB,2.7058823529411766,17
2024,0029,ACT,DE,5.235294117647059,17
2024,0029,ACT,DT,3.176470588235294,17
2024,0029,ACT,LB,3.176470588235294,17
2024,0029,ACT,PK,1.411764705882353,17
2024,0029,ACT,PN,1.4705882352941178,17
2024,0029,ACT,QB,2.1176470588235294,17
2024,0029,ACT,RB,3.9411764705882355,17
2024,0029,ACT,S,4,17
2024,0029,ACT,TE,3.6470588235294117,17
2024,0029,ACT,UNMAPPED,0,17
2024,0029,ACT,WR,6.823529411764706,17
2024,0029,INA,CB,0.17647058823529413,17
2024,0029,INA,DE,0.4117647058823529,17
2024,0029,INA,DT,0.23529411764705882,17
2024,0029,INA,LB,0.29411764705882354,17
2024,0029,INA,PK,0.11764705882352941,17
2024,0029,INA,PN,0.11764705882352941,17
2024,0029,INA,QB,0.058823529411764705,17
2024,0029,INA,RB,0.9411764705882353,17
2024,0029,INA,S,0.5294117647058824,17
2024,0029,INA,TE,0.5294117647058824,17
2024,0029,INA,UNMAPPED,0,17
2024,0029,INA,WR,2.235294117647059,17
2024,0030,ACT,CB,5.0588235294117645,17
2024,0030,ACT,DE,5.0588235294117645,17
2024,0030,ACT,DT,4.529411764705882,17
2024,0030,ACT,LB,4.705882352941177,17
2024,0030,ACT,PK,1.5294117647058822,17
2024,0030,ACT,PN,1.7647058823529411,17
2024,0030,ACT,QB,1.7058823529411764,17
2024,0030,ACT,RB,4.117647058823529,17
2024,0030,ACT,S,4.529411764705882,17
2024,0030,ACT,TE,2.1176470588235294,17
2024,0030,ACT,UNMAPPED,0,17
2024,0030,ACT,WR,5.117647058823529,17
2024,0030,INA,CB,0.7058823529411765,17
2024,0030,INA,DE,0.35294117647058826,17
2024,0030,INA,DT,0.7058823529411765,17
2024,0030,INA,LB,0.5294117647058824,17
2024,0030,INA,PK,0.11764705882352941,17
2024,0030,INA,PN,0.058823529411764705,17
2024,0030,INA,QB,0.29411764705882354,17
2024,0030,INA,RB,0.35294117647058826,17
2024,0030,INA,S,0.7647058823529411,17
2024,0030,INA,TE,0.11764705882352941,17
2024,0030,INA,UNMAPPED,0,17
2024,0030,INA,WR,0.7058823529411765,17
2024,0031,ACT,CB,3.4705882352941178,17
2024,0031,ACT,DE,4.294117647058823,17
2024,0031,ACT,DT,5.882352941176471,17
2024,0031,ACT,LB,4.823529411764706,17
2024,0031,ACT,PK,1,17
2024,0031,ACT,PN,1.0588235294117647,17
2024,0031,ACT,QB,2.6470588235294117,17
2024,0031,ACT,RB,3.7058823529411766,17
2024,0031,ACT,S,3.3529411764705883,17
2024,0031,ACT,TE,2.2941176470588234,17
2024,0031,ACT,UNMAPPED,0,17
2024,0031,ACT,WR,5.176470588235294,17
2024,0031,INA,CB,0.5882352941176471,17
2024,0031,INA,DE,0.7058823529411765,17
2024,0031,INA,DT,0.7647058823529411,17
2024,0031,INA,LB,1.1764705882352942,17
2024,0031,INA,PK,0,17
2024,0031,INA,PN,0.058823529411764705,17
2024,0031,INA,QB,0.35294117647058826,17
2024,0031,INA,RB,0.29411764705882354,17
2024,0031,INA,S,0.7647058823529411,17
2024,0031,INA,TE,0.47058823529411764,17
2024,0031,INA,UNMAPPED,0,17
2024,0031,INA,WR,0.5882352941176471,17
2024,0032,ACT,CB,3.0588235294117645,17
2024,0032,ACT,DE,4.764705882352941,17
2024,0032,ACT,DT,3.4705882352941178,17
2024,0032,ACT,LB,5.117647058823529,17
2024,0032,ACT,PK,1.8823529411764706,17
2024,0032,ACT,PN,1.0588235294117647,17
2024,0032,ACT,QB,1.8823529411764706,17
2024,0032,ACT,RB,5.117647058823529,17
2024,0032,ACT,S,3.3529411764705883,17
2024,0032,ACT,TE,3,17
2024,0032,ACT,UNMAPPED,0,17
2024,0032,ACT,WR,5.705882352941177,17
2024,0032,INA,CB,0.23529411764705882,17
2024,0032,INA,DE,0.8823529411764706,17
2024,0032,INA,DT,1.1764705882352942,17
2024,0032,INA,LB,0.8823529411764706,17
2024,0032,INA,PK,0.11764705882352941,17
2024,0032,INA,PN,0.058823529411764705,17
2024,0032,INA,QB,0.17647058823529413,17
2024,0032,INA,RB,0.7647058823529411,17
2024,0032,INA,S,0.6470588235294118,17
2024,0032,INA,TE,0.17647058823529413,17
2024,0032,INA,UNMAPPED,0,17
2024,0032,INA,WR,1.1764705882352942,17
2025,0001,ACT,CB,4.117647058823529,17
2025,0001,ACT,DE,6.411764705882353,17
2025,0001,ACT,DT,4.176470588235294,17
2025,0001,ACT,LB,5.176470588235294,17
2025,0001,ACT,PK,1,17
2025,0001,ACT,PN,1,17
2025,0001,ACT,QB,2.5294117647058822,17
2025,0001,ACT,RB,4.0588235294117645,17
2025,0001,ACT,S,3.2941176470588234,17
2025,0001,ACT,TE,2,17
2025,0001,ACT,UNMAPPED,0,17
2025,0001,ACT,WR,5.9411764705882355,17
2025,0001,INA,CB,0.5294117647058824,17
2025,0001,INA,DE,0.8823529411764706,17
2025,0001,INA,DT,0.6470588235294118,17
2025,0001,INA,LB,0.5882352941176471,17
2025,0001,INA,PK,0,17
2025,0001,INA,PN,0.058823529411764705,17
2025,0001,INA,QB,0.5294117647058824,17
2025,0001,INA,RB,0.7647058823529411,17
2025,0001,INA,S,0.29411764705882354,17
2025,0001,INA,TE,0.11764705882352941,17
2025,0001,INA,UNMAPPED,0,17
2025,0001,INA,WR,0.5882352941176471,17
2025,0002,ACT,CB,5,17
2025,0002,ACT,DE,7.705882352941177,17
2025,0002,ACT,DT,4.117647058823529,17
2025,0002,ACT,LB,3.1176470588235294,17
2025,0002,ACT,PK,1.3529411764705883,17
2025,0002,ACT,PN,1,17
2025,0002,ACT,QB,2.764705882352941,17
2025,0002,ACT,RB,3.1176470588235294,17
2025,0002,ACT,S,3.823529411764706,17
2025,0002,ACT,TE,1.7058823529411764,17
2025,0002,ACT,UNMAPPED,0,17
2025,0002,ACT,WR,5.176470588235294,17
2025,0002,INA,CB,0.8235294117647058,17
2025,0002,INA,DE,1.2941176470588236,17
2025,0002,INA,DT,0.4117647058823529,17
2025,0002,INA,LB,0.17647058823529413,17
2025,0002,INA,PK,0.058823529411764705,17
2025,0002,INA,PN,0.11764705882352941,17
2025,0002,INA,QB,0.9411764705882353,17
2025,0002,INA,RB,0.23529411764705882,17
2025,0002,INA,S,0.8823529411764706,17
2025,0002,INA,TE,0.11764705882352941,17
2025,0002,INA,UNMAPPED,0,17
2025,0002,INA,WR,0.6470588235294118,17
2025,0003,ACT,CB,4.823529411764706,17
2025,0003,ACT,DE,4.647058823529412,17
2025,0003,ACT,DT,4.647058823529412,17
2025,0003,ACT,LB,3.411764705882353,17
2025,0003,ACT,PK,1.0588235294117647,17
2025,0003,ACT,PN,1.0588235294117647,17
2025,0003,ACT,QB,2.0588235294117645,17
2025,0003,ACT,RB,5.176470588235294,17
2025,0003,ACT,S,3.823529411764706,17
2025,0003,ACT,TE,2.411764705882353,17
2025,0003,ACT,UNMAPPED,0,17
2025,0003,ACT,WR,5.529411764705882,17
2025,0003,INA,CB,0.47058823529411764,17
2025,0003,INA,DE,0.7647058823529411,17
2025,0003,INA,DT,0.6470588235294118,17
2025,0003,INA,LB,0.29411764705882354,17
2025,0003,INA,PK,0.058823529411764705,17
2025,0003,INA,PN,0.058823529411764705,17
2025,0003,INA,QB,0.11764705882352941,17
2025,0003,INA,RB,0.4117647058823529,17
2025,0003,INA,S,0.6470588235294118,17
2025,0003,INA,TE,0.5294117647058824,17
2025,0003,INA,UNMAPPED,0,17
2025,0003,INA,WR,0.5294117647058824,17
2025,0004,ACT,CB,3.4705882352941178,17
2025,0004,ACT,DE,4.9411764705882355,17
2025,0004,ACT,DT,5,17
2025,0004,ACT,LB,4.176470588235294,17
2025,0004,ACT,PK,1.2941176470588236,17
2025,0004,ACT,PN,0.9411764705882353,17
2025,0004,ACT,QB,3.7058823529411766,17
2025,0004,ACT,RB,3.6470588235294117,17
2025,0004,ACT,S,5.705882352941177,17
2025,0004,ACT,TE,1.4705882352941178,17
2025,0004,ACT,UNMAPPED,0,17
2025,0004,ACT,WR,4.705882352941177,17
2025,0004,INA,CB,0.7058823529411765,17
2025,0004,INA,DE,0.29411764705882354,17
2025,0004,INA,DT,0.5882352941176471,17
2025,0004,INA,LB,0.29411764705882354,17
2025,0004,INA,PK,0.058823529411764705,17
2025,0004,INA,PN,0.058823529411764705,17
2025,0004,INA,QB,0.47058823529411764,17
2025,0004,INA,RB,0.5294117647058824,17
2025,0004,INA,S,0.4117647058823529,17
2025,0004,INA,TE,0.47058823529411764,17
2025,0004,INA,UNMAPPED,0,17
2025,0004,INA,WR,0.5294117647058824,17
2025,0005,ACT,CB,4,17
2025,0005,ACT,DE,3.0588235294117645,17
2025,0005,ACT,DT,3.9411764705882355,17
2025,0005,ACT,LB,3.6470588235294117,17
2025,0005,ACT,PK,1.2352941176470589,17
2025,0005,ACT,PN,1.4705882352941178,17
2025,0005,ACT,QB,2.3529411764705883,17
2025,0005,ACT,RB,4,17
2025,0005,ACT,S,4.705882352941177,17
2025,0005,ACT,TE,1.8235294117647058,17
2025,0005,ACT,UNMAPPED,0,17
2025,0005,ACT,WR,7.117647058823529,17
2025,0005,INA,CB,0.5882352941176471,17
2025,0005,INA,DE,0.5294117647058824,17
2025,0005,INA,DT,0.35294117647058826,17
2025,0005,INA,LB,0.6470588235294118,17
2025,0005,INA,PK,0,17
2025,0005,INA,PN,0.11764705882352941,17
2025,0005,INA,QB,0.17647058823529413,17
2025,0005,INA,RB,1.2941176470588236,17
2025,0005,INA,S,0.5294117647058824,17
2025,0005,INA,TE,0.17647058823529413,17
2025,0005,INA,UNMAPPED,0,17
2025,0005,INA,WR,1.7647058823529411,17
2025,0006,ACT,CB,2.4705882352941178,17
2025,0006,ACT,DE,4.117647058823529,17
2025,0006,ACT,DT,4.0588235294117645,17
2025,0006,ACT,LB,3.411764705882353,17
2025,0006,ACT,PK,1.411764705882353,17
2025,0006,ACT,PN,1.0588235294117647,17
2025,0006,ACT,QB,2.764705882352941,17
2025,0006,ACT,RB,2.8823529411764706,17
2025,0006,ACT,S,3.7058823529411766,17
2025,0006,ACT,TE,2.588235294117647,17
2025,0006,ACT,UNMAPPED,0,17
2025,0006,ACT,WR,7.235294117647059,17
2025,0006,INA,CB,0.5294117647058824,17
2025,0006,INA,DE,1.1764705882352942,17
2025,0006,INA,DT,0.5294117647058824,17
2025,0006,INA,LB,0.35294117647058826,17
2025,0006,INA,PK,0.058823529411764705,17
2025,0006,INA,PN,0.058823529411764705,17
2025,0006,INA,QB,0.7058823529411765,17
2025,0006,INA,RB,0.8823529411764706,17
2025,0006,INA,S,0.8235294117647058,17
2025,0006,INA,TE,0.35294117647058826,17
2025,0006,INA,UNMAPPED,0,17
2025,0006,INA,WR,1.9411764705882353,17
2025,0007,ACT,CB,2.764705882352941,17
2025,0007,ACT,DE,4.705882352941177,17
2025,0007,ACT,DT,5.176470588235294,17
2025,0007,ACT,LB,6.235294117647059,17
2025,0007,ACT,PK,1.4705882352941178,17
2025,0007,ACT,PN,1.588235294117647,17
2025,0007,ACT,QB,2.6470588235294117,17
2025,0007,ACT,RB,2.823529411764706,17
2025,0007,ACT,S,4.235294117647059,17
2025,0007,ACT,TE,2.1176470588235294,17
2025,0007,ACT,UNMAPPED,0,17
2025,0007,ACT,WR,4.9411764705882355,17
2025,0007,INA,CB,0.35294117647058826,17
2025,0007,INA,DE,1.1176470588235294,17
2025,0007,INA,DT,0.5882352941176471,17
2025,0007,INA,LB,1.0588235294117647,17
2025,0007,INA,PK,0.23529411764705882,17
2025,0007,INA,PN,0.058823529411764705,17
2025,0007,INA,QB,0.6470588235294118,17
2025,0007,INA,RB,0.17647058823529413,17
2025,0007,INA,S,0.5294117647058824,17
2025,0007,INA,TE,0.23529411764705882,17
2025,0007,INA,UNMAPPED,0,17
2025,0007,INA,WR,0.7647058823529411,17
2025,0008,ACT,CB,4.0588235294117645,17
2025,0008,ACT,DE,4.117647058823529,17
2025,0008,ACT,DT,5.117647058823529,17
2025,0008,ACT,LB,4.529411764705882,17
2025,0008,ACT,PK,1.2352941176470589,17
2025,0008,ACT,PN,1.1764705882352942,17
2025,0008,ACT,QB,1.8235294117647058,17
2025,0008,ACT,RB,3.764705882352941,17
2025,0008,ACT,S,3.7058823529411766,17
2025,0008,ACT,TE,2.176470588235294,17
2025,0008,ACT,UNMAPPED,0,17
2025,0008,ACT,WR,5.0588235294117645,17
2025,0008,INA,CB,1.0588235294117647,17
2025,0008,INA,DE,0.35294117647058826,17
2025,0008,INA,DT,0.8823529411764706,17
2025,0008,INA,LB,0.23529411764705882,17
2025,0008,INA,PK,0.11764705882352941,17
2025,0008,INA,PN,0,17
2025,0008,INA,QB,0.4117647058823529,17
2025,0008,INA,RB,0.8823529411764706,17
2025,0008,INA,S,0.8235294117647058,17
2025,0008,INA,TE,0.29411764705882354,17
2025,0008,INA,UNMAPPED,0,17
2025,0008,INA,WR,0.7058823529411765,17
2025,0009,ACT,CB,3.3529411764705883,17
2025,0009,ACT,DE,3.6470588235294117,17
2025,0009,ACT,DT,4.764705882352941,17
2025,0009,ACT,LB,3.8823529411764706,17
2025,0009,ACT,PK,1.0588235294117647,17
2025,0009,ACT,PN,1,17
2025,0009,ACT,QB,3.7058823529411766,17
2025,0009,ACT,RB,3.8823529411764706,17
2025,0009,ACT,S,3.4705882352941178,17
2025,0009,ACT,TE,3.2941176470588234,17
2025,0009,ACT,UNMAPPED,0,17
2025,0009,ACT,WR,8.176470588235293,17
2025,0009,INA,CB,0.29411764705882354,17
2025,0009,INA,DE,0.35294117647058826,17
2025,0009,INA,DT,0.17647058823529413,17
2025,0009,INA,LB,0.8823529411764706,17
2025,0009,INA,PK,0,17
2025,0009,INA,PN,0,17
2025,0009,INA,QB,0.7058823529411765,17
2025,0009,INA,RB,0.8235294117647058,17
2025,0009,INA,S,0,17
2025,0009,INA,TE,0.23529411764705882,17
2025,0009,INA,UNMAPPED,0,17
2025,0009,INA,WR,0.8235294117647058,17
2025,0010,ACT,CB,3.588235294117647,17
2025,0010,ACT,DE,4.294117647058823,17
2025,0010,ACT,DT,5.352941176470588,17
2025,0010,ACT,LB,3.411764705882353,17
2025,0010,ACT,PK,1,17
2025,0010,ACT,PN,1,17
2025,0010,ACT,QB,1,17
2025,0010,ACT,RB,3.3529411764705883,17
2025,0010,ACT,S,5.470588235294118,17
2025,0010,ACT,TE,2.6470588235294117,17
2025,0010,ACT,UNMAPPED,0,17
2025,0010,ACT,WR,8.176470588235293,17
2025,0010,INA,CB,0.5294117647058824,17
2025,0010,INA,DE,0.47058823529411764,17
2025,0010,INA,DT,0.9411764705882353,17
2025,0010,INA,LB,0.7647058823529411,17
2025,0010,INA,PK,0.058823529411764705,17
2025,0010,INA,PN,0,17
2025,0010,INA,QB,0.11764705882352941,17
2025,0010,INA,RB,0.7058823529411765,17
2025,0010,INA,S,0.35294117647058826,17
2025,0010,INA,TE,0.35294117647058826,17
2025,0010,INA,UNMAPPED,0,17
2025,0010,INA,WR,1.1764705882352942,17
2025,0011,ACT,CB,2.8823529411764706,17
2025,0011,ACT,DE,5.117647058823529,17
2025,0011,ACT,DT,3.8823529411764706,17
2025,0011,ACT,LB,3.235294117647059,17
2025,0011,ACT,PK,1.3529411764705883,17
2025,0011,ACT,PN,1,17
2025,0011,ACT,QB,3.7058823529411766,17
2025,0011,ACT,RB,5.9411764705882355,17
2025,0011,ACT,S,2.823529411764706,17
2025,0011,ACT,TE,4.9411764705882355,17
2025,0011,ACT,UNMAPPED,0,17
2025,0011,ACT,WR,4.176470588235294,17
2025,0011,INA,CB,0.29411764705882354,17
2025,0011,INA,DE,1.1764705882352942,17
2025,0011,INA,DT,0.29411764705882354,17
2025,0011,INA,LB,0.29411764705882354,17
2025,0011,INA,PK,0,17
2025,0011,INA,PN,0.058823529411764705,17
2025,0011,INA,QB,0.7647058823529411,17
2025,0011,INA,RB,1,17
2025,0011,INA,S,0.23529411764705882,17
2025,0011,INA,TE,0.47058823529411764,17
2025,0011,INA,UNMAPPED,0,17
2025,0011,INA,WR,0.8823529411764706,17
2025,0012,ACT,CB,2.823529411764706,17
2025,0012,ACT,DE,4.705882352941177,17
2025,0012,ACT,DT,2.5294117647058822,17
2025,0012,ACT,LB,3.411764705882353,17
2025,0012,ACT,PK,1,17
2025,0012,ACT,PN,1,17
2025,0012,ACT,QB,2.9411764705882355,17
2025,0012,ACT,RB,8.117647058823529,17
2025,0012,ACT,S,4.352941176470588,17
2025,0012,ACT,TE,2.176470588235294,17
2025,0012,ACT,UNMAPPED,0,17
2025,0012,ACT,WR,5.823529411764706,17
2025,0012,INA,CB,0.29411764705882354,17
2025,0012,INA,DE,0.29411764705882354,17
2025,0012,INA,DT,0.23529411764705882,17
2025,0012,INA,LB,0.5882352941176471,17
2025,0012,INA,PK,0,17
2025,0012,INA,PN,0.058823529411764705,17
2025,0012,INA,QB,0.8235294117647058,17
2025,0012,INA,RB,2.1176470588235294,17
2025,0012,INA,S,0.29411764705882354,17
2025,0012,INA,TE,0.058823529411764705,17
2025,0012,INA,UNMAPPED,0,17
2025,0012,INA,WR,1.2352941176470589,17
2025,0013,ACT,CB,5.470588235294118,17
2025,0013,ACT,DE,4.294117647058823,17
2025,0013,ACT,DT,3.235294117647059,17
2025,0013,ACT,LB,7.0588235294117645,17
2025,0013,ACT,PK,0.9411764705882353,17
2025,0013,ACT,PN,1,17
2025,0013,ACT,QB,3.1176470588235294,17
2025,0013,ACT,RB,2.764705882352941,17
2025,0013,ACT,S,3.823529411764706,17
2025,0013,ACT,TE,2.5294117647058822,17
2025,0013,ACT,UNMAPPED,0,17
2025,0013,ACT,WR,4.529411764705882,17
2025,0013,INA,CB,0.5294117647058824,17
2025,0013,INA,DE,0.6470588235294118,17
2025,0013,INA,DT,0.29411764705882354,17
2025,0013,INA,LB,0.47058823529411764,17
2025,0013,INA,PK,0.058823529411764705,17
2025,0013,INA,PN,0.058823529411764705,17
2025,0013,INA,QB,0.23529411764705882,17
2025,0013,INA,RB,0.17647058823529413,17
2025,0013,INA,S,0.7058823529411765,17
2025,0013,INA,TE,0.6470588235294118,17
2025,0013,INA,UNMAPPED,0,17
2025,0013,INA,WR,1.4705882352941178,17
2025,0014,ACT,CB,3.764705882352941,17
2025,0014,ACT,DE,5,17
2025,0014,ACT,DT,4.764705882352941,17
2025,0014,ACT,LB,2.9411764705882355,17
2025,0014,ACT,PK,1.1176470588235294,17
2025,0014,ACT,PN,1.6470588235294117,17
2025,0014,ACT,QB,2.3529411764705883,17
2025,0014,ACT,RB,3.1176470588235294,17
2025,0014,ACT,S,4.470588235294118,17
2025,0014,ACT,TE,3.0588235294117645,17
2025,0014,ACT,UNMAPPED,0,17
2025,0014,ACT,WR,5.529411764705882,17
2025,0014,INA,CB,1.2352941176470589,17
2025,0014,INA,DE,0.47058823529411764,17
2025,0014,INA,DT,0.5294117647058824,17
2025,0014,INA,LB,0.35294117647058826,17
2025,0014,INA,PK,0.17647058823529413,17
2025,0014,INA,PN,0.11764705882352941,17
2025,0014,INA,QB,0.7058823529411765,17
2025,0014,INA,RB,0.23529411764705882,17
2025,0014,INA,S,0.6470588235294118,17
2025,0014,INA,TE,0.4117647058823529,17
2025,0014,INA,UNMAPPED,0,17
2025,0014,INA,WR,1.2941176470588236,17
2025,0015,ACT,CB,3.235294117647059,17
2025,0015,ACT,DE,5.647058823529412,17
2025,0015,ACT,DT,4,17
2025,0015,ACT,LB,4.0588235294117645,17
2025,0015,ACT,PK,1.0588235294117647,17
2025,0015,ACT,PN,1.0588235294117647,17
2025,0015,ACT,QB,2.5294117647058822,17
2025,0015,ACT,RB,4.352941176470588,17
2025,0015,ACT,S,4,17
2025,0015,ACT,TE,2.7058823529411766,17
2025,0015,ACT,UNMAPPED,0,17
2025,0015,ACT,WR,6.647058823529412,17
2025,0015,INA,CB,0.35294117647058826,17
2025,0015,INA,DE,0.8235294117647058,17
2025,0015,INA,DT,0.5294117647058824,17
2025,0015,INA,LB,0.5882352941176471,17
2025,0015,INA,PK,0.11764705882352941,17
2025,0015,INA,PN,0.11764705882352941,17
2025,0015,INA,QB,0.7647058823529411,17
2025,0015,INA,RB,0.5294117647058824,17
2025,0015,INA,S,0.4117647058823529,17
2025,0015,INA,TE,0.29411764705882354,17
2025,0015,INA,UNMAPPED,0,17
2025,0015,INA,WR,0.8823529411764706,17
2025,0016,ACT,CB,2.9411764705882355,17
2025,0016,ACT,DE,4.882352941176471,17
2025,0016,ACT,DT,3.9411764705882355,17
2025,0016,ACT,LB,3.588235294117647,17
2025,0016,ACT,PK,0.9411764705882353,17
2025,0016,ACT,PN,1,17
2025,0016,ACT,QB,1.8235294117647058,17
2025,0016,ACT,RB,3.2941176470588234,17
2025,0016,ACT,S,3,17
2025,0016,ACT,TE,2.2941176470588234,17
2025,0016,ACT,UNMAPPED,0,17
2025,0016,ACT,WR,10.294117647058824,17
2025,0016,INA,CB,0.11764705882352941,17
2025,0016,INA,DE,0.5882352941176471,17
2025,0016,INA,DT,0.5882352941176471,17
2025,0016,INA,LB,0.23529411764705882,17
2025,0016,INA,PK,0.11764705882352941,17
2025,0016,INA,PN,0,17
2025,0016,INA,QB,0.6470588235294118,17
2025,0016,INA,RB,0.29411764705882354,17
2025,0016,INA,S,0.5882352941176471,17
2025,0016,INA,TE,0.47058823529411764,17
2025,0016,INA,UNMAPPED,0,17
2025,0016,INA,WR,2.823529411764706,17
2025,0017,ACT,CB,4.117647058823529,17
2025,0017,ACT,DE,5.0588235294117645,17
2025,0017,ACT,DT,4.411764705882353,17
2025,0017,ACT,LB,4.823529411764706,17
2025,0017,ACT,PK,1,17
2025,0017,ACT,PN,1,17
2025,0017,ACT,QB,2.6470588235294117,17
2025,0017,ACT,RB,3,17
2025,0017,ACT,S,3.8823529411764706,17
2025,0017,ACT,TE,2.411764705882353,17
2025,0017,ACT,UNMAPPED,0,17
2025,0017,ACT,WR,5.647058823529412,17
2025,0017,INA,CB,1.5294117647058822,17
2025,0017,INA,DE,0.6470588235294118,17
2025,0017,INA,DT,0.47058823529411764,17
2025,0017,INA,LB,0.7647058823529411,17
2025,0017,INA,PK,0.058823529411764705,17
2025,0017,INA,PN,0,17
2025,0017,INA,QB,0.23529411764705882,17
2025,0017,INA,RB,1.0588235294117647,17
2025,0017,INA,S,0.5882352941176471,17
2025,0017,INA,TE,0.35294117647058826,17
2025,0017,INA,UNMAPPED,0,17
2025,0017,INA,WR,1.2352941176470589,17
2025,0018,ACT,CB,5.0588235294117645,17
2025,0018,ACT,DE,4.882352941176471,17
2025,0018,ACT,DT,4.294117647058823,17
2025,0018,ACT,LB,4.411764705882353,17
2025,0018,ACT,PK,1,17
2025,0018,ACT,PN,1,17
2025,0018,ACT,QB,1.8823529411764706,17
2025,0018,ACT,RB,2.6470588235294117,17
2025,0018,ACT,S,5.882352941176471,17
2025,0018,ACT,TE,1.6470588235294117,17
2025,0018,ACT,UNMAPPED,0,17
2025,0018,ACT,WR,6,17
2025,0018,INA,CB,0.8823529411764706,17
2025,0018,INA,DE,1.2352941176470589,17
2025,0018,INA,DT,0.29411764705882354,17
2025,0018,INA,LB,0.47058823529411764,17
2025,0018,INA,PK,0.058823529411764705,17
2025,0018,INA,PN,0.058823529411764705,17
2025,0018,INA,QB,0.11764705882352941,17
2025,0018,INA,RB,1.3529411764705883,17
2025,0018,INA,S,0.7058823529411765,17
2025,0018,INA,TE,0.35294117647058826,17
2025,0018,INA,UNMAPPED,0,17
2025,0018,INA,WR,0.7647058823529411,17
2025,0019,ACT,CB,4.0588235294117645,17
2025,0019,ACT,DE,5.705882352941177,17
2025,0019,ACT,DT,5.411764705882353,17
2025,0019,ACT,LB,3,17
2025,0019,ACT,PK,1.8823529411764706,17
2025,0019,ACT,PN,1,17
2025,0019,ACT,QB,1.8235294117647058,17
2025,0019,ACT,RB,3.6470588235294117,17
2025,0019,ACT,S,4.176470588235294,17
2025,0019,ACT,TE,1.7058823529411764,17
2025,0019,ACT,UNMAPPED,0,17
2025,0019,ACT,WR,7.764705882352941,17
2025,0019,INA,CB,0.23529411764705882,17
2025,0019,INA,DE,0.7058823529411765,17
2025,0019,INA,DT,0.5882352941176471,17
2025,0019,INA,LB,0.29411764705882354,17
2025,0019,INA,PK,0.17647058823529413,17
2025,0019,INA,PN,0.058823529411764705,17
2025,0019,INA,QB,0.17647058823529413,17
2025,0019,INA,RB,0.47058823529411764,17
2025,0019,INA,S,0.5882352941176471,17
2025,0019,INA,TE,0.29411764705882354,17
2025,0019,INA,UNMAPPED,0,17
2025,0019,INA,WR,1.0588235294117647,17
2025,0020,ACT,CB,2.6470588235294117,17
2025,0020,ACT,DE,3.5294117647058822,17
2025,0020,ACT,DT,5.294117647058823,17
2025,0020,ACT,LB,4.705882352941177,17
2025,0020,ACT,PK,1,17
2025,0020,ACT,PN,1,17
2025,0020,ACT,QB,2.3529411764705883,17
2025,0020,ACT,RB,3.235294117647059,17
2025,0020,ACT,S,5.529411764705882,17
2025,0020,ACT,TE,2.7058823529411766,17
2025,0020,ACT,UNMAPPED,0,17
2025,0020,ACT,WR,6.647058823529412,17
2025,0020,INA,CB,0.35294117647058826,17
2025,0020,INA,DE,0.7058823529411765,17
2025,0020,INA,DT,0.7058823529411765,17
2025,0020,INA,LB,0.29411764705882354,17
2025,0020,INA,PK,0.058823529411764705,17
2025,0020,INA,PN,0.058823529411764705,17
2025,0020,INA,QB,0.11764705882352941,17
2025,0020,INA,RB,0.11764705882352941,17
2025,0020,INA,S,0.6470588235294118,17
2025,0020,INA,TE,0.35294117647058826,17
2025,0020,INA,UNMAPPED,0,17
2025,0020,INA,WR,1,17
2025,0021,ACT,CB,2.6470588235294117,17
2025,0021,ACT,DE,4.823529411764706,17
2025,0021,ACT,DT,4.529411764705882,17
2025,0021,ACT,LB,4.176470588235294,17
2025,0021,ACT,PK,1.0588235294117647,17
2025,0021,ACT,PN,1,17
2025,0021,ACT,QB,2.9411764705882355,17
2025,0021,ACT,RB,2.8823529411764706,17
2025,0021,ACT,S,4.117647058823529,17
2025,0021,ACT,TE,2.6470588235294117,17
2025,0021,ACT,UNMAPPED,0,17
2025,0021,ACT,WR,6.764705882352941,17
2025,0021,INA,CB,0.11764705882352941,17
2025,0021,INA,DE,0.6470588235294118,17
2025,0021,INA,DT,0.7647058823529411,17
2025,0021,INA,LB,0.6470588235294118,17
2025,0021,INA,PK,0.058823529411764705,17
2025,0021,INA,PN,0.058823529411764705,17
2025,0021,INA,QB,0.7058823529411765,17
2025,0021,INA,RB,0.11764705882352941,17
2025,0021,INA,S,0.29411764705882354,17
2025,0021,INA,TE,0.35294117647058826,17
2025,0021,INA,UNMAPPED,0,17
2025,0021,INA,WR,1.4705882352941178,17
2025,0022,ACT,CB,3.6470588235294117,17
2025,0022,ACT,DE,6.470588235294118,17
2025,0022,ACT,DT,2.4705882352941178,17
2025,0022,ACT,LB,4.882352941176471,17
2025,0022,ACT,PK,1.1764705882352942,17
2025,0022,ACT,PN,1.5294117647058822,17
2025,0022,ACT,QB,3.6470588235294117,17
2025,0022,ACT,RB,3.235294117647059,17
2025,0022,ACT,S,3.6470588235294117,17
2025,0022,ACT,TE,1.8235294117647058,17
2025,0022,ACT,UNMAPPED,0,17
2025,0022,ACT,WR,7.647058823529412,17
2025,0022,INA,CB,0.7058823529411765,17
2025,0022,INA,DE,0.5294117647058824,17
2025,0022,INA,DT,0.11764705882352941,17
2025,0022,INA,LB,0.5294117647058824,17
2025,0022,INA,PK,0.4117647058823529,17
2025,0022,INA,PN,0.058823529411764705,17
2025,0022,INA,QB,0.5294117647058824,17
2025,0022,INA,RB,0.4117647058823529,17
2025,0022,INA,S,0.29411764705882354,17
2025,0022,INA,TE,0.17647058823529413,17
2025,0022,INA,UNMAPPED,0,17
2025,0022,INA,WR,1.0588235294117647,17
2025,0023,ACT,CB,3.5294117647058822,17
2025,0023,ACT,DE,4.764705882352941,17
2025,0023,ACT,DT,4.0588235294117645,17
2025,0023,ACT,LB,3.7058823529411766,17
2025,0023,ACT,PK,0.8235294117647058,17
2025,0023,ACT,PN,1,17
2025,0023,ACT,QB,2.7058823529411766,17
2025,0023,ACT,RB,5.529411764705882,17
2025,0023,ACT,S,3.6470588235294117,17
2025,0023,ACT,TE,2.823529411764706,17
2025,0023,ACT,UNMAPPED,0,17
2025,0023,ACT,WR,5.588235294117647,17
2025,0023,INA,CB,0.47058823529411764,17
2025,0023,INA,DE,1.1764705882352942,17
2025,0023,INA,DT,0.8823529411764706,17
2025,0023,INA,LB,0.5882352941176471,17
2025,0023,INA,PK,0.17647058823529413,17
2025,0023,INA,PN,0.058823529411764705,17
2025,0023,INA,QB,0.17647058823529413,17
2025,0023,INA,RB,1.8823529411764706,17
2025,0023,INA,S,0.35294117647058826,17
2025,0023,INA,TE,0.29411764705882354,17
2025,0023,INA,UNMAPPED,0,17
2025,0023,INA,WR,0.6470588235294118,17
2025,0024,ACT,CB,7.470588235294118,17
2025,0024,ACT,DE,5.294117647058823,17
2025,0024,ACT,DT,3.176470588235294,17
2025,0024,ACT,LB,3.0588235294117645,17
2025,0024,ACT,PK,1,17
2025,0024,ACT,PN,1,17
2025,0024,ACT,QB,1.7058823529411764,17
2025,0024,ACT,RB,4.470588235294118,17
2025,0024,ACT,S,3.176470588235294,17
2025,0024,ACT,TE,2.7058823529411766,17
2025,0024,ACT,UNMAPPED,0,17
2025,0024,ACT,WR,4.294117647058823,17
2025,0024,INA,CB,1.1176470588235294,17
2025,0024,INA,DE,1.1764705882352942,17
2025,0024,INA,DT,0.17647058823529413,17
2025,0024,INA,LB,0.23529411764705882,17
2025,0024,INA,PK,0.058823529411764705,17
2025,0024,INA,PN,0.058823529411764705,17
2025,0024,INA,QB,0.23529411764705882,17
2025,0024,INA,RB,0.6470588235294118,17
2025,0024,INA,S,0.5294117647058824,17
2025,0024,INA,TE,0.11764705882352941,17
2025,0024,INA,UNMAPPED,0,17
2025,0024,INA,WR,1,17
2025,0025,ACT,CB,3.176470588235294,17
2025,0025,ACT,DE,3.823529411764706,17
2025,0025,ACT,DT,4.352941176470588,17
2025,0025,ACT,LB,4.117647058823529,17
2025,0025,ACT,PK,1.0588235294117647,17
2025,0025,ACT,PN,1,17
2025,0025,ACT,QB,2.764705882352941,17
2025,0025,ACT,RB,5.411764705882353,17
2025,0025,ACT,S,4.352941176470588,17
2025,0025,ACT,TE,2.4705882352941178,17
2025,0025,ACT,UNMAPPED,0,17
2025,0025,ACT,WR,5.117647058823529,17
2025,0025,INA,CB,0.8823529411764706,17
2025,0025,INA,DE,0.8823529411764706,17
2025,0025,INA,DT,0.4117647058823529,17
2025,0025,INA,LB,0.6470588235294118,17
2025,0025,INA,PK,0.11764705882352941,17
2025,0025,INA,PN,0,17
2025,0025,INA,QB,1.8235294117647058,17
2025,0025,INA,RB,0.47058823529411764,17
2025,0025,INA,S,0.5882352941176471,17
2025,0025,INA,TE,0.6470588235294118,17
2025,0025,INA,UNMAPPED,0,17
2025,0025,INA,WR,0.8823529411764706,17
2025,0026,ACT,CB,3.764705882352941,17
2025,0026,ACT,DE,5,17
2025,0026,ACT,DT,4.352941176470588,17
2025,0026,ACT,LB,3.823529411764706,17
2025,0026,ACT,PK,1.2941176470588236,17
2025,0026,ACT,PN,1,17
2025,0026,ACT,QB,1.6470588235294117,17
2025,0026,ACT,RB,5.235294117647059,17
2025,0026,ACT,S,3.5294117647058822,17
2025,0026,ACT,TE,2.764705882352941,17
2025,0026,ACT,UNMAPPED,0,17
2025,0026,ACT,WR,5.470588235294118,17
2025,0026,INA,CB,0.23529411764705882,17
2025,0026,INA,DE,0.5882352941176471,17
2025,0026,INA,DT,0.29411764705882354,17
2025,0026,INA,LB,0.35294117647058826,17
2025,0026,INA,PK,0.058823529411764705,17
2025,0026,INA,PN,0.058823529411764705,17
2025,0026,INA,QB,0.35294117647058826,17
2025,0026,INA,RB,1.0588235294117647,17
2025,0026,INA,S,1.0588235294117647,17
2025,0026,INA,TE,0.23529411764705882,17
2025,0026,INA,UNMAPPED,0,17
2025,0026,INA,WR,0.7058823529411765,17
2025,0027,ACT,CB,3.4705882352941178,17
2025,0027,ACT,DE,4.823529411764706,17
2025,0027,ACT,DT,4.588235294117647,17
2025,0027,ACT,LB,3.4705882352941178,17
2025,0027,ACT,PK,1.0588235294117647,17
2025,0027,ACT,PN,1.1176470588235294,17
2025,0027,ACT,QB,2.9411764705882355,17
2025,0027,ACT,RB,4.647058823529412,17
2025,0027,ACT,S,4.0588235294117645,17
2025,0027,ACT,TE,2.823529411764706,17
2025,0027,ACT,UNMAPPED,0,17
2025,0027,ACT,WR,6.117647058823529,17
2025,0027,INA,CB,0.5882352941176471,17
2025,0027,INA,DE,0.5882352941176471,17
2025,0027,INA,DT,0.4117647058823529,17
2025,0027,INA,LB,0.47058823529411764,17
2025,0027,INA,PK,0.058823529411764705,17
2025,0027,INA,PN,0.058823529411764705,17
2025,0027,INA,QB,0.29411764705882354,17
2025,0027,INA,RB,0.9411764705882353,17
2025,0027,INA,S,0.6470588235294118,17
2025,0027,INA,TE,0.23529411764705882,17
2025,0027,INA,UNMAPPED,0,17
2025,0027,INA,WR,1.588235294117647,17
2025,0028,ACT,CB,3.8823529411764706,17
2025,0028,ACT,DE,4.882352941176471,17
2025,0028,ACT,DT,5.0588235294117645,17
2025,0028,ACT,LB,4.647058823529412,17
2025,0028,ACT,PK,1.7647058823529411,17
2025,0028,ACT,PN,1,17
2025,0028,ACT,QB,2.764705882352941,17
2025,0028,ACT,RB,3.5294117647058822,17
2025,0028,ACT,S,2.764705882352941,17
2025,0028,ACT,TE,1.6470588235294117,17
2025,0028,ACT,UNMAPPED,0,17
2025,0028,ACT,WR,6.705882352941177,17
2025,0028,INA,CB,0.7647058823529411,17
2025,0028,INA,DE,0.7647058823529411,17
2025,0028,INA,DT,0.9411764705882353,17
2025,0028,INA,LB,0.35294117647058826,17
2025,0028,INA,PK,0.4117647058823529,17
2025,0028,INA,PN,0.058823529411764705,17
2025,0028,INA,QB,0.8823529411764706,17
2025,0028,INA,RB,0.47058823529411764,17
2025,0028,INA,S,0.5294117647058824,17
2025,0028,INA,TE,0.11764705882352941,17
2025,0028,INA,UNMAPPED,0,17
2025,0028,INA,WR,0.8823529411764706,17
2025,0029,ACT,CB,3.4705882352941178,17
2025,0029,ACT,DE,4.0588235294117645,17
2025,0029,ACT,DT,3.411764705882353,17
2025,0029,ACT,LB,4.411764705882353,17
2025,0029,ACT,PK,1.0588235294117647,17
2025,0029,ACT,PN,1,17
2025,0029,ACT,QB,3.0588235294117645,17
2025,0029,ACT,RB,5.0588235294117645,17
2025,0029,ACT,S,3,17
2025,0029,ACT,TE,3.176470588235294,17
2025,0029,ACT,UNMAPPED,0,17
2025,0029,ACT,WR,6.529411764705882,17
2025,0029,INA,CB,0.35294117647058826,17
2025,0029,INA,DE,0.5882352941176471,17
2025,0029,INA,DT,0.29411764705882354,17
2025,0029,INA,LB,0.5882352941176471,17
2025,0029,INA,PK,0.058823529411764705,17
2025,0029,INA,PN,0.058823529411764705,17
2025,0029,INA,QB,1.0588235294117647,17
2025,0029,INA,RB,1.1764705882352942,17
2025,0029,INA,S,0.23529411764705882,17
2025,0029,INA,TE,0.5882352941176471,17
2025,0029,INA,UNMAPPED,0,17
2025,0029,INA,WR,0.8823529411764706,17
2025,0030,ACT,CB,5.470588235294118,17
2025,0030,ACT,DE,4.647058823529412,17
2025,0030,ACT,DT,5.0588235294117645,17
2025,0030,ACT,LB,4.0588235294117645,17
2025,0030,ACT,PK,1.6470588235294117,17
2025,0030,ACT,PN,1.6470588235294117,17
2025,0030,ACT,QB,2.0588235294117645,17
2025,0030,ACT,RB,3.411764705882353,17
2025,0030,ACT,S,4.882352941176471,17
2025,0030,ACT,TE,2.588235294117647,17
2025,0030,ACT,UNMAPPED,0,17
2025,0030,ACT,WR,5,17
2025,0030,INA,CB,0.5882352941176471,17
2025,0030,INA,DE,0.23529411764705882,17
2025,0030,INA,DT,0.8235294117647058,17
2025,0030,INA,LB,0.23529411764705882,17
2025,0030,INA,PK,0.058823529411764705,17
2025,0030,INA,PN,0,17
2025,0030,INA,QB,0.29411764705882354,17
2025,0030,INA,RB,0.23529411764705882,17
2025,0030,INA,S,0.7647058823529411,17
2025,0030,INA,TE,0.11764705882352941,17
2025,0030,INA,UNMAPPED,0,17
2025,0030,INA,WR,0.5294117647058824,17
2025,0031,ACT,CB,4.294117647058823,17
2025,0031,ACT,DE,4.0588235294117645,17
2025,0031,ACT,DT,3.7058823529411766,17
2025,0031,ACT,LB,4.294117647058823,17
2025,0031,ACT,PK,1,17
2025,0031,ACT,PN,1.411764705882353,17
2025,0031,ACT,QB,1.8823529411764706,17
2025,0031,ACT,RB,3.2941176470588234,17
2025,0031,ACT,S,5.588235294117647,17
2025,0031,ACT,TE,2.764705882352941,17
2025,0031,ACT,UNMAPPED,0,17
2025,0031,ACT,WR,4.705882352941177,17
2025,0031,INA,CB,0.7058823529411765,17
2025,0031,INA,DE,0.6470588235294118,17
2025,0031,INA,DT,0.8235294117647058,17
2025,0031,INA,LB,0.8235294117647058,17
2025,0031,INA,PK,0.058823529411764705,17
2025,0031,INA,PN,0.11764705882352941,17
2025,0031,INA,QB,0.7058823529411765,17
2025,0031,INA,RB,0.7058823529411765,17
2025,0031,INA,S,0.5294117647058824,17
2025,0031,INA,TE,0.23529411764705882,17
2025,0031,INA,UNMAPPED,0,17
2025,0031,INA,WR,1.6470588235294117,17
2025,0032,ACT,CB,2.7058823529411766,17
2025,0032,ACT,DE,4.470588235294118,17
2025,0032,ACT,DT,3.3529411764705883,17
2025,0032,ACT,LB,5.294117647058823,17
2025,0032,ACT,PK,1.8235294117647058,17
2025,0032,ACT,PN,1.4705882352941178,17
2025,0032,ACT,QB,2.6470588235294117,17
2025,0032,ACT,RB,5.705882352941177,17
2025,0032,ACT,S,3.5294117647058822,17
2025,0032,ACT,TE,2.7058823529411766,17
2025,0032,ACT,UNMAPPED,0,17
2025,0032,ACT,WR,4.9411764705882355,17
2025,0032,INA,CB,0.29411764705882354,17
2025,0032,INA,DE,0.4117647058823529,17
2025,0032,INA,DT,0.7647058823529411,17
2025,0032,INA,LB,1.1764705882352942,17
2025,0032,INA,PK,0.23529411764705882,17
2025,0032,INA,PN,0.11764705882352941,17
2025,0032,INA,QB,0.6470588235294118,17
2025,0032,INA,RB,0.5294117647058824,17
2025,0032,INA,S,0.4117647058823529,17
2025,0032,INA,TE,0.23529411764705882,17
2025,0032,INA,UNMAPPED,0,17
2025,0032,INA,WR,0.5294117647058824,17
