captured_at,snapshot_time,season,week,conference,franchise,franchise_name,player_id,player_name,player_team,player_pos,roster_status,player_status
2026-09-01 03:34:29 UTC,2026-09-01T03:34:20Z,2026,1,NFC,DAL,Dallas Cowboys,14892,"Brooks, Jordyn",MIA,LB,Active,
2026-09-01 03:34:29 UTC,2026-09-01T03:34:20Z,2026,1,NFC,DAL,Dallas Cowboys,13723,"Payne, Da'Ron",WAS,DT,Active,
2026-09-01 03:34:29 UTC,2026-09-01T03:34:20Z,2026,1,NFC,DAL,Dallas Cowboys,16226,"Wilson, Tyree",NOS,DE,Active,
2026-09-01 03:34:29 UTC,2026-09-01T03:34:20Z,2026,1,NFC,DAL,Dallas Cowboys,14405,"Granderson, Carl",NOS,DE,Active,
2026-09-01 03:34:29 UTC,2026-09-01T03:34:20Z,2026,1,NFC,DAL,Dallas Cowboys,15366,"Holland, Jevon",NYG,S,Active,
2026-09-01 03:34:29 UTC,2026-09-01T03:34:20Z,2026,1,NFC,DAL,Dallas Cowboys,14797,"Swift, D'Andre",CHI,RB,Active,
2026-09-01 03:34:29 UTC,2026-09-01T03:34:20Z,2026,1,NFC,DAL,Dallas Cowboys,16627,"McConkey, Ladd",LAC,WR,Active,
2026-09-01 03:34:29 UTC,2026-09-01T03:34:20Z,2026,1,NFC,DAL,Dallas Cowboys,16704,"Wallace, Trevin",FA,LB,Active,
2026-09-01 03:34:29 UTC,2026-09-01T03:34:20Z,2026,1,NFC,DAL,Dallas Cowboys,11769,"Lawrence, Demarcus",SEA,DE,Active,
2026-09-01 03:34:29 UTC,2026-09-01T03:34:20Z,2026,1,NFC,DAL,Dallas Cowboys,13839,"Sieler, Zach",MIA,DT,Active,Questionable
2026-09-01 03:34:29 UTC,2026-09-01T03:34:20Z,2026,1,NFC,DAL,Dallas Cowboys,15331,"Freiermuth, Pat",PIT,TE,Active,
2026-09-01 03:34:29 UTC,2026-09-01T03:34:20Z,2026,1,NFC,DAL,Dallas Cowboys,17031,"Sanders, Shedeur",CLE,QB,Active,
2026-09-01 03:34:29 UTC,2026-09-01T03:34:20Z,2026,1,NFC,DAL,Dallas Cowboys,17102,"Warren, Tyler",IND,TE,Active,Questionable
2026-09-01 03:34:29 UTC,2026-09-01T03:34:20Z,2026,1,NFC,DAL,Dallas Cowboys,17148,"Collins, Alfred",SFO,DT,Active,
2026-09-01 03:34:29 UTC,2026-09-01T03:34:20Z,2026,1,NFC,DAL,Dallas Cowboys,17115,"Pearce, James",ATL,DE,Active,Suspended
2026-09-01 03:34:29 UTC,2026-09-01T03:34:20Z,2026,1,NFC,DAL,Dallas Cowboys,17131,"Watts, Xavier",ATL,S,Active,
2026-09-01 03:34:29 UTC,2026-09-01T03:34:20Z,2026,1,NFC,DAL,Dallas Cowboys,10266,"Heyward, Cameron",PIT,DT,Active,
2026-09-01 03:34:29 UTC,2026-09-01T03:34:20Z,2026,1,NFC,DAL,Dallas Cowboys,15365,"Moehrig, Trevon",CAR,S,Active,
2026-09-01 03:34:29 UTC,2026-09-01T03:34:20Z,2026,1,NFC,DAL,Dallas Cowboys,14219,"Dean, Jamel",PIT,CB,Active,
2026-09-01 03:34:29 UTC,2026-09-01T03:34:20Z,2026,1,NFC,DAL,Dallas Cowboys,14170,"Bush, Devin",CHI,LB,Active,
2026-09-01 03:34:29 UTC,2026-09-01T03:34:20Z,2026,1,NFC,DAL,Dallas Cowboys,16165,"Spears, Tyjae",TEN,RB,Active,
2026-09-01 03:34:29 UTC,2026-09-01T03:34:20Z,2026,1,NFC,DAL,Dallas Cowboys,17072,"Harris, Tre",LAC,WR,Active,Questionable
2026-09-01 03:34:29 UTC,2026-09-01T03:34:20Z,2026,1,NFC,DAL,Dallas Cowboys,15405,"Stephens, Brandon",NYJ,CB,Active,
2026-09-01 03:34:29 UTC,2026-09-01T03:34:20Z,2026,1,NFC,DAL,Dallas Cowboys,15888,"Durant, Decobie",DAL,CB,Active,
2026-09-01 03:34:29 UTC,2026-09-01T03:34:20Z,2026,1,NFC,DAL,Dallas Cowboys,14148,"Sweat, Montez",CHI,DE,Active,
2026-09-01 03:34:29 UTC,2026-09-01T03:34:20Z,2026,1,NFC,DAL,Dallas Cowboys,15866,"Flott, Cordale",TEN,CB,Active,
2026-09-01 03:34:29 UTC,2026-09-01T03:34:20Z,2026,1,NFC,DAL,Dallas Cowboys,12620,"Prescott, Dak",DAL,QB,Active,
2026-09-01 03:34:29 UTC,2026-09-01T03:34:20Z,2026,1,NFC,DAL,Dallas Cowboys,14102,"Metcalf, DK",PIT,WR,Active,Questionable
2026-09-01 03:34:29 UTC,2026-09-01T03:34:20Z,2026,1,NFC,DAL,Dallas Cowboys,17502,"Cooper Jr., Omar",NYJ,WR,Active,R
2026-09-01 03:34:29 UTC,2026-09-01T03:34:20Z,2026,1,NFC,DAL,Dallas Cowboys,16598,"Irving, Bucky",TBB,RB,Active,
2026-09-01 03:34:29 UTC,2026-09-01T03:34:20Z,2026,1,NFC,DAL,Dallas Cowboys,17589,"Trotter, Josiah",TBB,LB,Active,R
2026-09-01 03:34:29 UTC,2026-09-01T03:34:20Z,2026,1,NFC,DAL,Dallas Cowboys,17571,"Golday, Jake",MIN,LB,Active,R
2026-09-01 03:34:29 UTC,2026-09-01T03:34:20Z,2026,1,NFC,DAL,Dallas Cowboys,16680,"Little, Cam",JAC,PK,Active,
2026-09-01 03:34:29 UTC,2026-09-01T03:34:20Z,2026,1,NFC,DAL,Dallas Cowboys,16010,"Wright, Ryan",NOS,PN,Active,
2026-09-01 03:34:29 UTC,2026-09-01T03:34:20Z,2026,1,NFC,DAL,Dallas Cowboys,13987,"Spillane, Robert",NEP,LB,Active,
2026-09-01 03:34:29 UTC,2026-09-01T03:34:20Z,2026,1,NFC,DAL,Dallas Cowboys,15757,"Robinson, Wan'Dale",TEN,WR,Active,Questionable
2026-09-01 03:34:29 UTC,2026-09-01T03:34:20Z,2026,1,NFC,DAL,Dallas Cowboys,14833,"Jeudy, Jerry",CLE,WR,Active,
2026-09-01 03:34:29 UTC,2026-09-01T03:34:20Z,2026,1,NFC,DAL,Dallas Cowboys,16267,"Stevenson, Tyrique",CHI,CB,Active,Questionable
2026-09-01 03:34:29 UTC,2026-09-01T03:34:20Z,2026,1,NFC,DAL,Dallas Cowboys,11327,"Jefferson, Tony",LAC,S,Active,
2026-09-01 03:34:29 UTC,2026-09-01T03:34:20Z,2026,1,NFC,DAL,Dallas Cowboys,13470,"Moore, Kenny",FA,CB,Active,
2026-09-01 03:34:29 UTC,2026-09-01T03:34:20Z,2026,1,NFC,DAL,Dallas Cowboys,13590,"Mayfield, Baker",TBB,QB,Active,
2026-09-01 03:34:29 UTC,2026-09-01T03:34:20Z,2026,1,NFC,DAL,Dallas Cowboys,15895,"McCollum, Zyon",TBB,CB,Active,
2026-09-01 03:34:29 UTC,2026-09-01T03:34:20Z,2026,1,NFC,DAL,Dallas Cowboys,15913,"Benford, Christian",BUF,CB,Active,
2026-09-01 03:34:29 UTC,2026-09-01T03:34:20Z,2026,1,NFC,DAL,Dallas Cowboys,16688,"Guerendo, Isaac",SFO,RB,Taxi,IR-PUP
2026-09-01 03:34:29 UTC,2026-09-01T03:34:20Z,2026,1,NFC,DAL,Dallas Cowboys,17483,"Hemby, Roman",FA,RB,Taxi,R
2026-09-01 03:34:29 UTC,2026-09-01T03:34:20Z,2026,1,NFC,DAL,Dallas Cowboys,17709,"Henry, Robert",FA,RB,Taxi,R
2026-09-01 03:34:29 UTC,2026-09-01T03:34:20Z,2026,1,NFC,DAL,Dallas Cowboys,14086,"Hill, Justice",BAL,RB,Taxi,
2026-09-01 03:34:29 UTC,2026-09-01T03:34:20Z,2026,1,NFC,DAL,Dallas Cowboys,15727,"Knight, Bam",ARI,RB,Taxi,
2026-09-01 03:34:29 UTC,2026-09-01T03:34:20Z,2026,1,NFC,DAL,Dallas Cowboys,13133,"Perine, Samaje",CIN,RB,Taxi,
2026-09-01 03:34:29 UTC,2026-09-01T03:34:20Z,2026,1,NFC,DAL,Dallas Cowboys,17652,"Randall, Adam",BAL,RB,Taxi,IR-R
2026-09-01 03:34:29 UTC,2026-09-01T03:34:20Z,2026,1,NFC,DAL,Dallas Cowboys,17541,"Brown, Barion",NOS,WR,Taxi,R
2026-09-01 03:34:29 UTC,2026-09-01T03:34:20Z,2026,1,NFC,DAL,Dallas Cowboys,17097,"Felton, Tai",MIN,WR,Taxi,
2026-09-01 03:34:29 UTC,2026-09-01T03:34:20Z,2026,1,NFC,DAL,Dallas Cowboys,13066,"Raymond, Kalif",CHI,WR,Taxi,
2026-09-01 03:34:29 UTC,2026-09-01T03:34:20Z,2026,1,NFC,DAL,Dallas Cowboys,15797,"Dulcich, Greg",MIA,TE,Taxi,
2026-09-01 03:34:29 UTC,2026-09-01T03:34:20Z,2026,1,NFC,DAL,Dallas Cowboys,16216,"Washington, Darnell",PIT,TE,Taxi,
2026-09-01 03:34:29 UTC,2026-09-01T03:34:20Z,2026,1,NFC,DAL,Dallas Cowboys,11945,"Santos, Cairo",CHI,PK,Taxi,
2026-09-01 03:34:29 UTC,2026-09-01T03:34:20Z,2026,1,NFC,DAL,Dallas Cowboys,13844,"Cooke, Logan",JAC,PN,Taxi,
2026-09-01 03:34:29 UTC,2026-09-01T03:34:20Z,2026,1,NFC,DAL,Dallas Cowboys,17625,"Moore, Trey",MIA,LB,Taxi,IR-R
2026-09-01 03:34:29 UTC,2026-09-01T03:34:20Z,2026,1,NFC,DAL,Dallas Cowboys,15464,"Echols, Brandin",PIT,CB,Taxi,Questionable
2026-09-01 03:34:29 UTC,2026-09-01T03:34:20Z,2026,1,NFC,DAL,Dallas Cowboys,15881,"Jones, Jack",SFO,CB,Taxi,
2026-09-01 03:34:29 UTC,2026-09-01T03:34:20Z,2026,1,NFC,DAL,Dallas Cowboys,14270,"Epps, Marcus",PHI,S,Taxi,
2026-09-01 03:34:29 UTC,2026-09-01T03:34:20Z,2026,1,NFC,DAL,Dallas Cowboys,17670,"Jackson, Domani",FA,CB,Taxi,R
2026-09-01 03:34:29 UTC,2026-09-01T03:34:20Z,2026,1,NFC,DAL,Dallas Cowboys,15369,"Patterson, Riley",MIA,PK,Taxi,
2026-09-01 03:34:29 UTC,2026-09-01T03:34:20Z,2026,1,NFC,DAL,Dallas Cowboys,11383,"Martin, Sam",CAR,PN,Taxi,
2026-09-01 03:34:29 UTC,2026-09-01T03:34:20Z,2026,1,NFC,DAL,Dallas Cowboys,13731,"Hughes, Mike",ATL,CB,Taxi,
2026-09-01 03:34:29 UTC,2026-09-01T03:34:20Z,2026,1,NFC,DAL,Dallas Cowboys,17646,"Kilgore, Jalon",BUF,S,Taxi,R
2026-09-01 03:34:29 UTC,2026-09-01T03:34:20Z,2026,1,NFC,DAL,Dallas Cowboys,16788,"Vele, Devaughn",NOS,WR,Taxi,
2026-09-01 03:34:29 UTC,2026-09-01T03:34:20Z,2026,1,NFC,DAL,Dallas Cowboys,14903,"Diggs, Trevon",FA,CB,Taxi,
2026-09-01 03:34:29 UTC,2026-09-01T03:34:20Z,2026,1,NFC,NYG,New York Giants,14153,"Allen, Zach",DEN,DT,Active,
2026-09-01 03:34:29 UTC,2026-09-01T03:34:20Z,2026,1,NFC,NYG,New York Giants,14802,"Taylor, Jonathan",IND,RB,Active,
2026-09-01 03:34:29 UTC,2026-09-01T03:34:20Z,2026,1,NFC,NYG,New York Giants,14779,"Herbert, Justin",LAC,QB,Active,
2026-09-01 03:34:29 UTC,2026-09-01T03:34:20Z,2026,1,NFC,NYG,New York Giants,16251,"Gonzalez, Christian",NEP,CB,Active,
2026-09-01 03:34:29 UTC,2026-09-01T03:34:20Z,2026,1,NFC,NYG,New York Giants,14832,"Lamb, CeeDee",DAL,WR,Active,
2026-09-01 03:34:29 UTC,2026-09-01T03:34:20Z,2026,1,NFC,NYG,New York Giants,16655,"Robinson, Chop",MIA,DE,Active,
2026-09-01 03:34:29 UTC,2026-09-01T03:34:20Z,2026,1,NFC,NYG,New York Giants,13837,"Franklin, Zaire",GBP,LB,Active,
2026-09-01 03:34:29 UTC,2026-09-01T03:34:20Z,2026,1,NFC,NYG,New York Giants,14897,"Brown, Derrick",CAR,DT,Active,Questionable
2026-09-01 03:34:29 UTC,2026-09-01T03:34:20Z,2026,1,NFC,NYG,New York Giants,14669,"Nixon, Keisean",GBP,CB,Active,
2026-09-01 03:34:29 UTC,2026-09-01T03:34:20Z,2026,1,NFC,NYG,New York Giants,15290,"Collins, Nico",HOU,WR,Active,
2026-09-01 03:34:29 UTC,2026-09-01T03:34:20Z,2026,1,NFC,NYG,New York Giants,17116,"Sawyer, Jack",PIT,DE,Active,
2026-09-01 03:34:29 UTC,2026-09-01T03:34:20Z,2026,1,NFC,NYG,New York Giants,15979,"Dicker, Cameron",LAC,PK,Active,Questionable
2026-09-01 03:34:29 UTC,2026-09-01T03:34:20Z,2026,1,NFC,NYG,New York Giants,17033,"Milroe, Jalen",SEA,QB,Active,
2026-09-01 03:34:29 UTC,2026-09-01T03:34:20Z,2026,1,NFC,NYG,New York Giants,17138,"Grant, Kenneth",MIA,DT,Active,IR-R
2026-09-01 03:34:29 UTC,2026-09-01T03:34:20Z,2026,1,NFC,NYG,New York Giants,16670,"McKinstry, Kool-Aid",NOS,CB,Active,
2026-09-01 03:34:29 UTC,2026-09-01T03:34:20Z,2026,1,NFC,NYG,New York Giants,16181,"Brown, Chase",CIN,RB,Active,
2026-09-01 03:34:29 UTC,2026-09-01T03:34:20Z,2026,1,NFC,NYG,New York Giants,16736,"Brownlee, Jarvis",NYJ,CB,Active,
2026-09-01 03:34:29 UTC,2026-09-01T03:34:20Z,2026,1,NFC,NYG,New York Giants,13113,"Watson, Deshaun",CLE,QB,Active,
2026-09-01 03:34:29 UTC,2026-09-01T03:34:20Z,2026,1,NFC,NYG,New York Giants,15794,"McBride, Trey",ARI,TE,Active,
2026-09-01 03:34:29 UTC,2026-09-01T03:34:20Z,2026,1,NFC,NYG,New York Giants,15428,"Sherwood, Jamien",NYJ,LB,Active,
2026-09-01 03:34:29 UTC,2026-09-01T03:34:20Z,2026,1,NFC,NYG,New York Giants,14136,"Samuel, Deebo",SFO,WR,Active,
2026-09-01 03:34:29 UTC,2026-09-01T03:34:20Z,2026,1,NFC,NYG,New York Giants,14778,"Tagovailoa, Tua",ATL,QB,Active,
2026-09-01 03:34:29 UTC,2026-09-01T03:34:20Z,2026,1,NFC,NYG,New York Giants,16714,"Jones, Jarrian",JAC,CB,Active,
2026-09-01 03:34:29 UTC,2026-09-01T03:34:20Z,2026,1,NFC,NYG,New York Giants,13713,"Fitzpatrick, Minkah",NYJ,S,Active,
2026-09-01 03:34:29 UTC,2026-09-01T03:34:20Z,2026,1,NFC,NYG,New York Giants,14860,"Jennings, Jauan",MIN,WR,Active,
2026-09-01 03:34:29 UTC,2026-09-01T03:34:20Z,2026,1,NFC,NYG,New York Giants,13431,"Sanchez, Rigoberto",IND,PN,Active,
2026-09-01 03:34:29 UTC,2026-09-01T03:34:20Z,2026,1,NFC,NYG,New York Giants,15378,"Oweh, Odafe",WAS,DE,Active,Questionable
2026-09-01 03:34:29 UTC,2026-09-01T03:34:20Z,2026,1,NFC,NYG,New York Giants,17509,"Brazzell II, Chris",CAR,WR,Active,IR
2026-09-01 03:34:29 UTC,2026-09-01T03:34:20Z,2026,1,NFC,NYG,New York Giants,17521,"Thomas, Zavion",CHI,WR,Active,R
2026-09-01 03:34:29 UTC,2026-09-01T03:34:20Z,2026,1,NFC,NYG,New York Giants,17552,"Howell, Cashius",CIN,DE,Active,R
2026-09-01 03:34:29 UTC,2026-09-01T03:34:20Z,2026,1,NFC,NYG,New York Giants,17568,"Mesidor, Akheem",LAC,DE,Active,R
2026-09-01 03:34:29 UTC,2026-09-01T03:34:20Z,2026,1,NFC,NYG,New York Giants,17617,"Rolder, Jimmy",DET,LB,Active,Questionable
2026-09-01 03:34:29 UTC,2026-09-01T03:34:20Z,2026,1,NFC,NYG,New York Giants,17563,"Downs, Caleb",DAL,S,Active,R
2026-09-01 03:34:29 UTC,2026-09-01T03:34:20Z,2026,1,NFC,NYG,New York Giants,17466,"Beck, Carson",ARI,QB,Active,R
2026-09-01 03:34:29 UTC,2026-09-01T03:34:20Z,2026,1,NFC,NYG,New York Giants,17060,"Giddens, DJ",IND,RB,Active,
2026-09-01 03:34:29 UTC,2026-09-01T03:34:20Z,2026,1,NFC,NYG,New York Giants,15809,"Johnson, Jermaine",TEN,DE,Active,
2026-09-01 03:34:29 UTC,2026-09-01T03:34:20Z,2026,1,NFC,NYG,New York Giants,14143,"Knox, Dawson",BUF,TE,Active,
2026-09-01 03:34:29 UTC,2026-09-01T03:34:20Z,2026,1,NFC,NYG,New York Giants,16009,"Gibbens, Jack",ARI,LB,Active,
2026-09-01 03:34:29 UTC,2026-09-01T03:34:20Z,2026,1,NFC,NYG,New York Giants,14911,"Davis, Ashtyn",FA,S,Active,
2026-09-01 03:34:29 UTC,2026-09-01T03:34:20Z,2026,1,NFC,NYG,New York Giants,17161,"Burch, Jordan",ARI,DE,Active,
2026-09-01 03:34:29 UTC,2026-09-01T03:34:20Z,2026,1,NFC,NYG,New York Giants,16923,"Tillman, Dondrea",DEN,DE,Active,
2026-09-01 03:34:29 UTC,2026-09-01T03:34:20Z,2026,1,NFC,PHI,Philadelphia Eagles,14171,"Burns, Brian",NYG,DE,Active,
2026-09-01 03:34:29 UTC,2026-09-01T03:34:20Z,2026,1,NFC,PHI,Philadelphia Eagles,15708,"Hall, Breece",NYJ,RB,Active,Questionable
2026-09-01 03:34:29 UTC,2026-09-01T03:34:20Z,2026,1,NFC,PHI,Philadelphia Eagles,16579,"Williams, Caleb",CHI,QB,Active,
2026-09-01 03:34:29 UTC,2026-09-01T03:34:20Z,2026,1,NFC,PHI,Philadelphia Eagles,16641,"Bowers, Brock",LVR,TE,Active,
2026-09-01 03:34:29 UTC,2026-09-01T03:34:20Z,2026,1,NFC,PHI,Philadelphia Eagles,16650,"Turner, Dallas",MIN,DE,Active,
2026-09-01 03:34:29 UTC,2026-09-01T03:34:20Z,2026,1,NFC,PHI,Philadelphia Eagles,13630,"Sutton, Courtland",DEN,WR,Active,
2026-09-01 03:34:29 UTC,2026-09-01T03:34:20Z,2026,1,NFC,PHI,Philadelphia Eagles,17081,"Egbuka, Emeka",TBB,WR,Active,Questionable
2026-09-01 03:34:29 UTC,2026-09-01T03:34:20Z,2026,1,NFC,PHI,Philadelphia Eagles,17052,"Tuten, Bhayshul",JAC,RB,Active,
2026-09-01 03:34:29 UTC,2026-09-01T03:34:20Z,2026,1,NFC,PHI,Philadelphia Eagles,17144,"Emmanwori, Nick",SEA,S,Active,Questionable
2026-09-01 03:34:29 UTC,2026-09-01T03:34:20Z,2026,1,NFC,PHI,Philadelphia Eagles,16660,"Robinson, Darius",ARI,DT,Active,
2026-09-01 03:34:29 UTC,2026-09-01T03:34:20Z,2026,1,NFC,PHI,Philadelphia Eagles,16252,"McDonald, Will",NYJ,DE,Active,
2026-09-01 03:34:29 UTC,2026-09-01T03:34:20Z,2026,1,NFC,PHI,Philadelphia Eagles,17125,"Knight, Demetrius",CIN,LB,Active,
2026-09-01 03:34:29 UTC,2026-09-01T03:34:20Z,2026,1,NFC,PHI,Philadelphia Eagles,15799,"Ferguson, Jake",DAL,TE,Active,
2026-09-01 03:34:29 UTC,2026-09-01T03:34:20Z,2026,1,NFC,PHI,Philadelphia Eagles,15742,"Warren, Jaylen",PIT,RB,Active,
2026-09-01 03:34:29 UTC,2026-09-01T03:34:20Z,2026,1,NFC,PHI,Philadelphia Eagles,13952,"Luvu, Frankie",WAS,LB,Active,
2026-09-01 03:34:29 UTC,2026-09-01T03:34:20Z,2026,1,NFC,PHI,Philadelphia Eagles,14159,"Lawrence, Dexter",CIN,DT,Active,
2026-09-01 03:34:29 UTC,2026-09-01T03:34:20Z,2026,1,NFC,PHI,Philadelphia Eagles,16184,"Reed, Jayden",GBP,WR,Active,
2026-09-01 03:34:29 UTC,2026-09-01T03:34:20Z,2026,1,NFC,PHI,Philadelphia Eagles,14179,"Love, Julian",SEA,S,Active,
2026-09-01 03:34:29 UTC,2026-09-01T03:34:20Z,2026,1,NFC,PHI,Philadelphia Eagles,14147,"Bosa, Nick",SFO,DE,Active,Questionable
2026-09-01 03:34:29 UTC,2026-09-01T03:34:20Z,2026,1,NFC,PHI,Philadelphia Eagles,15819,"Wyatt, Devonte",GBP,DT,Active,
2026-09-01 03:34:29 UTC,2026-09-01T03:34:20Z,2026,1,NFC,PHI,Philadelphia Eagles,15401,"Wright, Nahshon",NYJ,CB,Active,Questionable
2026-09-01 03:34:29 UTC,2026-09-01T03:34:20Z,2026,1,NFC,PHI,Philadelphia Eagles,16705,"Bullock, Calen",HOU,S,Active,
2026-09-01 03:34:29 UTC,2026-09-01T03:34:20Z,2026,1,NFC,PHI,Philadelphia Eagles,15756,"Williams, Jameson",DET,WR,Active,
2026-09-01 03:34:29 UTC,2026-09-01T03:34:20Z,2026,1,NFC,PHI,Philadelphia Eagles,14303,"Elliss, Kaden",NOS,LB,Active,
2026-09-01 03:34:29 UTC,2026-09-01T03:34:20Z,2026,1,NFC,PHI,Philadelphia Eagles,17472,"Love, Jeremiyah",ARI,RB,Active,Questionable
2026-09-01 03:34:29 UTC,2026-09-01T03:34:20Z,2026,1,NFC,PHI,Philadelphia Eagles,17553,"Faulk, Keldric",TEN,DE,Active,Questionable
2026-09-01 03:34:29 UTC,2026-09-01T03:34:20Z,2026,1,NFC,PHI,Philadelphia Eagles,13448,"Butler, Adam",LVR,DT,Active,
2026-09-01 03:34:29 UTC,2026-09-01T03:34:20Z,2026,1,NFC,PHI,Philadelphia Eagles,14412,"Singleton, Alex",DEN,LB,Active,
2026-09-01 03:34:29 UTC,2026-09-01T03:34:20Z,2026,1,NFC,PHI,Philadelphia Eagles,14717,"McLaughlin, Chase",TBB,PK,Active,
2026-09-01 03:34:29 UTC,2026-09-01T03:34:20Z,2026,1,NFC,PHI,Philadelphia Eagles,14918,"Terrell, A.J.",ATL,CB,Active,
2026-09-01 03:34:29 UTC,2026-09-01T03:34:20Z,2026,1,NFC,PHI,Philadelphia Eagles,12611,"Goff, Jared",DET,QB,Active,
2026-09-01 03:34:29 UTC,2026-09-01T03:34:20Z,2026,1,NFC,PHI,Philadelphia Eagles,15387,"Werner, Pete",NOS,LB,Active,Questionable
2026-09-01 03:34:29 UTC,2026-09-01T03:34:20Z,2026,1,NFC,PHI,Philadelphia Eagles,15319,"Palmer, Joshua",BUF,WR,Active,
2026-09-01 03:34:29 UTC,2026-09-01T03:34:20Z,2026,1,NFC,PHI,Philadelphia Eagles,16342,"Douglas, Demario",NEP,WR,Active,
2026-09-01 03:34:29 UTC,2026-09-01T03:34:20Z,2026,1,NFC,PHI,Philadelphia Eagles,15445,"Lenoir, Deommodore",SFO,CB,Active,
2026-09-01 03:34:29 UTC,2026-09-01T03:34:20Z,2026,1,NFC,PHI,Philadelphia Eagles,14997,"Rodgers, Isaiah",MIN,CB,Active,
2026-09-01 03:34:29 UTC,2026-09-01T03:34:20Z,2026,1,NFC,PHI,Philadelphia Eagles,17169,"Stout, Upton",SFO,CB,Active,Questionable
2026-09-01 03:34:29 UTC,2026-09-01T03:34:20Z,2026,1,NFC,PHI,Philadelphia Eagles,14985,"Mann, Braden",PHI,PN,Active,
2026-09-01 03:34:29 UTC,2026-09-01T03:34:20Z,2026,1,NFC,PHI,Philadelphia Eagles,16102,"Pola-Mao, Isaiah",LVR,S,Active,
2026-09-01 03:34:29 UTC,2026-09-01T03:34:20Z,2026,1,NFC,PHI,Philadelphia Eagles,17613,"Halton, Gracen",SFO,DT,Active,Questionable
2026-09-01 03:34:29 UTC,2026-09-01T03:34:20Z,2026,1,NFC,PHI,Philadelphia Eagles,13744,"Shepherd, Nathan",NOS,DT,Active,
2026-09-01 03:34:29 UTC,2026-09-01T03:34:20Z,2026,1,NFC,PHI,Philadelphia Eagles,17606,"Barham, Jaishawn",DAL,LB,Active,R
2026-09-01 03:34:29 UTC,2026-09-01T03:34:20Z,2026,1,NFC,PHI,Philadelphia Eagles,17574,"Hood, Colton",NYG,CB,Active,Questionable
2026-09-01 03:34:29 UTC,2026-09-01T03:34:20Z,2026,1,NFC,PHI,Philadelphia Eagles,17561,"McCoy, Jermod",LVR,CB,Active,R
2026-09-01 03:34:29 UTC,2026-09-01T03:34:20Z,2026,1,NFC,PHI,Philadelphia Eagles,14302,"Scott, Nick",CAR,S,Active,
2026-09-01 03:34:29 UTC,2026-09-01T03:34:20Z,2026,1,NFC,PHI,Philadelphia Eagles,17083,"Higgins, Jayden",HOU,WR,INJURED_RESERVE,IR
2026-09-01 03:34:29 UTC,2026-09-01T03:34:20Z,2026,1,NFC,WAS,Washington Commanders,14782,"Love, Jordan",GBP,QB,Active,
2026-09-01 03:34:29 UTC,2026-09-01T03:34:20Z,2026,1,NFC,WAS,Washington Commanders,14149,"Gary, Rashan",DAL,DE,Active,
2026-09-01 03:34:29 UTC,2026-09-01T03:34:20Z,2026,1,NFC,WAS,Washington Commanders,16190,"Flowers, Zay",BAL,WR,Active,Questionable
2026-09-01 03:34:29 UTC,2026-09-01T03:34:20Z,2026,1,NFC,WAS,Washington Commanders,16223,"Anderson, Will",HOU,DE,Active,
2026-09-01 03:34:29 UTC,2026-09-01T03:34:20Z,2026,1,NFC,WAS,Washington Commanders,14836,"Jefferson, Justin",MIN,WR,Active,
2026-09-01 03:34:29 UTC,2026-09-01T03:34:20Z,2026,1,NFC,WAS,Washington Commanders,9431,"Stafford, Matthew",LAR,QB,Active,
2026-09-01 03:34:29 UTC,2026-09-01T03:34:20Z,2026,1,NFC,WAS,Washington Commanders,16651,"Latu, Laiatu",IND,DE,Active,
2026-09-01 03:34:29 UTC,2026-09-01T03:34:20Z,2026,1,NFC,WAS,Washington Commanders,13692,"Vea, Vita",TBB,DT,Active,
2026-09-01 03:34:29 UTC,2026-09-01T03:34:20Z,2026,1,NFC,WAS,Washington Commanders,16747,"Tracy, Tyrone",NYG,RB,Active,Questionable
2026-09-01 03:34:29 UTC,2026-09-01T03:34:20Z,2026,1,NFC,WAS,Washington Commanders,15281,"Chase, Ja'Marr",CIN,WR,Active,Questionable
2026-09-01 03:34:29 UTC,2026-09-01T03:34:20Z,2026,1,NFC,WAS,Washington Commanders,15710,"Williams, Kyren",LAR,RB,Active,
2026-09-01 03:34:29 UTC,2026-09-01T03:34:20Z,2026,1,NFC,WAS,Washington Commanders,17121,"Graham, Mason",CLE,DT,Active,
2026-09-01 03:34:29 UTC,2026-09-01T03:34:20Z,2026,1,NFC,WAS,Washington Commanders,17078,"Bech, Jack",LVR,WR,Active,
2026-09-01 03:34:29 UTC,2026-09-01T03:34:20Z,2026,1,NFC,WAS,Washington Commanders,16213,"Kincaid, Dalton",BUF,TE,Active,
2026-09-01 03:34:29 UTC,2026-09-01T03:34:20Z,2026,1,NFC,WAS,Washington Commanders,17241,"Crawshaw, Jeremy",DEN,PN,Active,
2026-09-01 03:34:29 UTC,2026-09-01T03:34:20Z,2026,1,NFC,WAS,Washington Commanders,17167,"Sanker, Jonas",NOS,S,Active,
2026-09-01 03:34:29 UTC,2026-09-01T03:34:20Z,2026,1,NFC,WAS,Washington Commanders,17256,"Croskey-Merritt, Jacory",WAS,RB,Active,Questionable
2026-09-01 03:34:29 UTC,2026-09-01T03:34:20Z,2026,1,NFC,WAS,Washington Commanders,16734,"Booker, Austin",CHI,DE,Active,Questionable
2026-09-01 03:34:29 UTC,2026-09-01T03:34:20Z,2026,1,NFC,WAS,Washington Commanders,16246,"Johnson, Antonio",JAC,S,Active,
2026-09-01 03:34:29 UTC,2026-09-01T03:34:20Z,2026,1,NFC,WAS,Washington Commanders,16597,"Brooks, Jonathon",CAR,RB,Active,
2026-09-01 03:34:29 UTC,2026-09-01T03:34:20Z,2026,1,NFC,WAS,Washington Commanders,17113,"Williams, Mykel",SFO,DE,Active,IR-PUP
2026-09-01 03:34:29 UTC,2026-09-01T03:34:20Z,2026,1,NFC,WAS,Washington Commanders,15753,"Wilson, Garrett",NYJ,WR,Active,
2026-09-01 03:34:29 UTC,2026-09-01T03:34:20Z,2026,1,NFC,WAS,Washington Commanders,16284,"Williams, Dorian",BUF,LB,Active,
2026-09-01 03:34:29 UTC,2026-09-01T03:34:20Z,2026,1,NFC,WAS,Washington Commanders,16767,"Davis, Tyler",LAR,DT,Active,
2026-09-01 03:34:29 UTC,2026-09-01T03:34:20Z,2026,1,NFC,WAS,Washington Commanders,14943,"Davis-Gaither, Akeem",IND,LB,Active,
2026-09-01 03:34:29 UTC,2026-09-01T03:34:20Z,2026,1,NFC,WAS,Washington Commanders,16346,"Winters, Dee",DAL,LB,Active,
2026-09-01 03:34:29 UTC,2026-09-01T03:34:20Z,2026,1,NFC,WAS,Washington Commanders,13299,"Kittle, George",SFO,TE,Active,Questionable
2026-09-01 03:34:29 UTC,2026-09-01T03:34:20Z,2026,1,NFC,WAS,Washington Commanders,17551,"Bailey, David",NYJ,DE,Active,R
2026-09-01 03:34:29 UTC,2026-09-01T03:34:20Z,2026,1,NFC,WAS,Washington Commanders,17506,"Bell, Chris",MIA,WR,Active,R
2026-09-01 03:34:29 UTC,2026-09-01T03:34:20Z,2026,1,NFC,WAS,Washington Commanders,17560,"Hill Jr., Anthony",TEN,LB,Active,R
2026-09-01 03:34:29 UTC,2026-09-01T03:34:20Z,2026,1,NFC,WAS,Washington Commanders,17569,"McDonald, Kayden",HOU,DT,Active,R
2026-09-01 03:34:29 UTC,2026-09-01T03:34:20Z,2026,1,NFC,WAS,Washington Commanders,17601,"Haulcy, A.J.",IND,S,Active,R
2026-09-01 03:34:29 UTC,2026-09-01T03:34:20Z,2026,1,NFC,WAS,Washington Commanders,16036,"Tonges, Jake",SFO,TE,Active,
2026-09-01 03:34:29 UTC,2026-09-01T03:34:20Z,2026,1,NFC,WAS,Washington Commanders,17548,"Joly, Justin",FA,TE,Active,R
2026-09-01 03:34:29 UTC,2026-09-01T03:34:20Z,2026,1,NFC,WAS,Washington Commanders,17668,"Smack, Trey",GBP,PK,Active,R
2026-09-01 03:34:29 UTC,2026-09-01T03:34:20Z,2026,1,NFC,WAS,Washington Commanders,17593,"Klein, Marlin",HOU,TE,Active,R
2026-09-01 03:34:29 UTC,2026-09-01T03:34:20Z,2026,1,NFC,WAS,Washington Commanders,15823,"Harris, Christian",ATL,LB,Active,
2026-09-01 03:34:29 UTC,2026-09-01T03:34:20Z,2026,1,NFC,WAS,Washington Commanders,15850,"Pitre, Jalen",HOU,S,Active,
2026-09-01 03:34:29 UTC,2026-09-01T03:34:20Z,2026,1,NFC,WAS,Washington Commanders,14590,"Al-Shaair, Azeez",HOU,LB,Active,
2026-09-01 03:34:29 UTC,2026-09-01T03:34:20Z,2026,1,NFC,WAS,Washington Commanders,16227,"Harrison, Zach",ATL,DT,Active,
2026-09-01 03:34:29 UTC,2026-09-01T03:34:20Z,2026,1,NFC,WAS,Washington Commanders,16663,"Eboigbe, Justin",LAC,DT,Active,
2026-09-01 03:34:29 UTC,2026-09-01T03:34:20Z,2026,1,NFC,WAS,Washington Commanders,12711,"Ramsey, Jalen",PIT,CB,Active,Questionable
2026-09-01 03:34:29 UTC,2026-09-01T03:34:20Z,2026,1,NFC,WAS,Washington Commanders,14957,"Robertson, Amik",WAS,CB,Active,
2026-09-01 03:34:29 UTC,2026-09-01T03:34:20Z,2026,1,NFC,WAS,Washington Commanders,17037,"Gabriel, Dillon",CLE,QB,Taxi,IR-R
2026-09-01 03:34:29 UTC,2026-09-01T03:34:20Z,2026,1,NFC,WAS,Washington Commanders,13332,"Jones, D.J.",DEN,DT,Taxi,
2026-09-01 03:34:29 UTC,2026-09-01T03:34:20Z,2026,1,NFC,WAS,Washington Commanders,15395,"Koonce, Malcolm",LVR,DE,Taxi,
2026-09-01 03:34:29 UTC,2026-09-01T03:34:20Z,2026,1,NFC,WAS,Washington Commanders,17640,"Taaffe, Michael",MIA,S,Taxi,R
2026-09-01 03:34:29 UTC,2026-09-01T03:34:20Z,2026,1,NFC,WAS,Washington Commanders,16304,"Ward, Jay",MIN,S,Taxi,
2026-09-01 03:34:29 UTC,2026-09-01T03:34:20Z,2026,1,NFC,WAS,Washington Commanders,16757,"Vidal, Kimani",LAC,RB,Taxi,
2026-09-01 03:34:29 UTC,2026-09-01T03:34:20Z,2026,1,NFC,WAS,Washington Commanders,16731,"Hart, Cam",LAC,CB,Taxi,
2026-09-01 03:34:29 UTC,2026-09-01T03:34:20Z,2026,1,NFC,WAS,Washington Commanders,16677,"Bullard, Javon",GBP,S,Taxi,Questionable
2026-09-01 03:34:29 UTC,2026-09-01T03:34:20Z,2026,1,NFC,WAS,Washington Commanders,17034,"Ewers, Quinn",JAC,QB,Taxi,
2026-09-01 03:34:29 UTC,2026-09-01T03:34:20Z,2026,1,NFC,WAS,Washington Commanders,12782,"Onyemata, David",NYJ,DT,Taxi,
2026-09-01 03:34:29 UTC,2026-09-01T03:34:20Z,2026,1,NFC,WAS,Washington Commanders,17628,"Daniels, Kendal",ATL,LB,Taxi,R
2026-09-01 03:34:29 UTC,2026-09-01T03:34:20Z,2026,1,NFC,WAS,Washington Commanders,17221,"Harris, Marcus",TEN,CB,Taxi,
2026-09-01 03:34:29 UTC,2026-09-01T03:34:20Z,2026,1,NFC,WAS,Washington Commanders,17186,"Moore, Malachi",NYJ,S,Taxi,
2026-09-01 03:34:29 UTC,2026-09-01T03:34:20Z,2026,1,NFC,WAS,Washington Commanders,17200,"Marshall, Jason",MIA,CB,Taxi,
2026-09-01 03:34:29 UTC,2026-09-01T03:34:20Z,2026,1,NFC,CHI,Chicago Bears,15808,"Karlaftis, George",KCC,DE,Active,
2026-09-01 03:34:29 UTC,2026-09-01T03:34:20Z,2026,1,NFC,CHI,Chicago Bears,16189,"Mims, Marvin",DEN,WR,Active,Questionable
2026-09-01 03:34:29 UTC,2026-09-01T03:34:20Z,2026,1,NFC,CHI,Chicago Bears,16610,"Wright, Jaylen",MIA,RB,Active,
2026-09-01 03:34:29 UTC,2026-09-01T03:34:20Z,2026,1,NFC,CHI,Chicago Bears,14163,"Simmons, Jeffery",TEN,DT,Active,
2026-09-01 03:34:29 UTC,2026-09-01T03:34:20Z,2026,1,NFC,CHI,Chicago Bears,15754,"Olave, Chris",NOS,WR,Active,
2026-09-01 03:34:29 UTC,2026-09-01T03:34:20Z,2026,1,NFC,CHI,Chicago Bears,17104,"Loveland, Colston",CHI,TE,Active,
2026-09-01 03:34:29 UTC,2026-09-01T03:34:20Z,2026,1,NFC,CHI,Chicago Bears,17039,"Shough, Tyler",NOS,QB,Active,
2026-09-01 03:34:29 UTC,2026-09-01T03:34:20Z,2026,1,NFC,CHI,Chicago Bears,14630,"Cole, A.J.",LVR,PN,Active,
2026-09-01 03:34:29 UTC,2026-09-01T03:34:20Z,2026,1,NFC,CHI,Chicago Bears,12752,"Byard, Kevin",NEP,S,Active,
2026-09-01 03:34:29 UTC,2026-09-01T03:34:20Z,2026,1,NFC,CHI,Chicago Bears,15418,"Bynum, Camryn",IND,S,Active,
2026-09-01 03:34:29 UTC,2026-09-01T03:34:20Z,2026,1,NFC,CHI,Chicago Bears,14940,"Highsmith, Alex",PIT,DE,Active,
2026-09-01 03:34:29 UTC,2026-09-01T03:34:20Z,2026,1,NFC,CHI,Chicago Bears,16276,"Young, Byron",LAR,DE,Active,
2026-09-01 03:34:29 UTC,2026-09-01T03:34:20Z,2026,1,NFC,CHI,Chicago Bears,13697,"Edmunds, Tremaine",NYG,LB,Active,
2026-09-01 03:34:29 UTC,2026-09-01T03:34:20Z,2026,1,NFC,CHI,Chicago Bears,16604,"Lloyd, MarShawn",GBP,RB,Active,
2026-09-01 03:34:29 UTC,2026-09-01T03:34:20Z,2026,1,NFC,CHI,Chicago Bears,17045,"Skattebo, Cam",NYG,RB,Active,
2026-09-01 03:34:29 UTC,2026-09-01T03:34:20Z,2026,1,NFC,CHI,Chicago Bears,17074,"Hunter, Travis",JAC,WR,Active,
2026-09-01 03:34:29 UTC,2026-09-01T03:34:20Z,2026,1,NFC,CHI,Chicago Bears,13116,"Mahomes, Patrick",KCC,QB,Active,Questionable
2026-09-01 03:34:29 UTC,2026-09-01T03:34:20Z,2026,1,NFC,CHI,Chicago Bears,16194,"Rice, Rashee",KCC,WR,Active,
2026-09-01 03:34:29 UTC,2026-09-01T03:34:20Z,2026,1,NFC,CHI,Chicago Bears,15904,"Bland, DaRon",DAL,CB,Active,
2026-09-01 03:34:29 UTC,2026-09-01T03:34:20Z,2026,1,NFC,CHI,Chicago Bears,16414,"Aubrey, Brandon",DAL,PK,Active,
2026-09-01 03:34:29 UTC,2026-09-01T03:34:20Z,2026,1,NFC,CHI,Chicago Bears,17501,"Concepcion, KC",CLE,WR,Active,R
2026-09-01 03:34:29 UTC,2026-09-01T03:34:20Z,2026,1,NFC,CHI,Chicago Bears,17503,"Bernard, Germie",PIT,WR,Active,R
2026-09-01 03:34:29 UTC,2026-09-01T03:34:20Z,2026,1,NFC,CHI,Chicago Bears,17505,"Sarratt, Elijah",BAL,WR,Active,R
2026-09-01 03:34:29 UTC,2026-09-01T03:34:20Z,2026,1,NFC,CHI,Chicago Bears,15394,"Adebo, Paulson",NYG,CB,Active,Questionable
2026-09-01 03:34:29 UTC,2026-09-01T03:34:20Z,2026,1,NFC,CHI,Chicago Bears,13774,"Reed, D.J.",DET,CB,Active,Questionable
2026-09-01 03:34:29 UTC,2026-09-01T03:34:20Z,2026,1,NFC,CHI,Chicago Bears,15499,"Gillikin, Blake",ARI,PN,Active,Questionable
2026-09-01 03:34:29 UTC,2026-09-01T03:34:20Z,2026,1,NFC,CHI,Chicago Bears,14182,"Hooker, Amani",TEN,S,Active,
2026-09-01 03:34:29 UTC,2026-09-01T03:34:20Z,2026,1,NFC,CHI,Chicago Bears,14251,"Cashman, Blake",MIN,LB,Active,
2026-09-01 03:34:29 UTC,2026-09-01T03:34:20Z,2026,1,NFC,CHI,Chicago Bears,15358,"Togiai, Tommy",HOU,DT,Active,
2026-09-01 03:34:29 UTC,2026-09-01T03:34:20Z,2026,1,NFC,CHI,Chicago Bears,12626,"Henry, Derrick",BAL,RB,Active,
2026-09-01 03:34:29 UTC,2026-09-01T03:34:20Z,2026,1,NFC,CHI,Chicago Bears,13710,"Davis, Carlton",NEP,CB,Active,
2026-09-01 03:34:29 UTC,2026-09-01T03:34:20Z,2026,1,NFC,CHI,Chicago Bears,13192,"Njoku, David",LAC,TE,Active,
2026-09-01 03:34:29 UTC,2026-09-01T03:34:20Z,2026,1,NFC,CHI,Chicago Bears,14823,"Dowdle, Rico",PIT,RB,Active,
2026-09-01 03:34:29 UTC,2026-09-01T03:34:20Z,2026,1,NFC,CHI,Chicago Bears,13223,"Humphrey, Marlon",BAL,CB,Active,
2026-09-01 03:34:29 UTC,2026-09-01T03:34:20Z,2026,1,NFC,CHI,Chicago Bears,14109,"McLaurin, Terry",WAS,WR,Active,
2026-09-01 03:34:29 UTC,2026-09-01T03:34:20Z,2026,1,NFC,CHI,Chicago Bears,13742,"Hill, B.J.",CIN,DT,Active,
2026-09-01 03:34:29 UTC,2026-09-01T03:34:20Z,2026,1,NFC,CHI,Chicago Bears,15821,"Dean, Nakobe",LVR,LB,Active,
2026-09-01 03:34:29 UTC,2026-09-01T03:34:20Z,2026,1,NFC,CHI,Chicago Bears,14910,"Jones, Brandon",DEN,S,Active,
2026-09-01 03:34:29 UTC,2026-09-01T03:34:20Z,2026,1,NFC,CHI,Chicago Bears,11222,"Allen, Keenan",IND,WR,Active,
2026-09-01 03:34:29 UTC,2026-09-01T03:34:20Z,2026,1,NFC,CHI,Chicago Bears,14168,"White, Devin",DET,LB,Active,
2026-09-01 03:34:29 UTC,2026-09-01T03:34:20Z,2026,1,NFC,CHI,Chicago Bears,17086,"Royals, Jalen",KCC,WR,Active,
2026-09-01 03:34:29 UTC,2026-09-01T03:34:20Z,2026,1,NFC,CHI,Chicago Bears,16716,"Wilson, Payton",PIT,LB,Active,
2026-09-01 03:34:29 UTC,2026-09-01T03:34:20Z,2026,1,NFC,CHI,Chicago Bears,16171,"Miller, Kendre",NOS,RB,Active,
2026-09-01 03:34:29 UTC,2026-09-01T03:34:20Z,2026,1,NFC,CHI,Chicago Bears,17615,"Moore, Devin",DAL,CB,INJURED_RESERVE,IR-R
2026-09-01 03:34:29 UTC,2026-09-01T03:34:20Z,2026,1,NFC,CHI,Chicago Bears,17475,"McGowan, Seth",IND,RB,Taxi,R
2026-09-01 03:34:29 UTC,2026-09-01T03:34:20Z,2026,1,NFC,CHI,Chicago Bears,17519,"Lance, Bryce",NOS,WR,Taxi,R
2026-09-01 03:34:29 UTC,2026-09-01T03:34:20Z,2026,1,NFC,CHI,Chicago Bears,17184,"Lane, Jaylin",WAS,WR,Taxi,
2026-09-01 03:34:29 UTC,2026-09-01T03:34:20Z,2026,1,NFC,CHI,Chicago Bears,17570,"Hunter, Lee",CAR,DT,Taxi,R
2026-09-01 03:34:29 UTC,2026-09-01T03:34:20Z,2026,1,NFC,CHI,Chicago Bears,17629,"Boettcher, Bryce",IND,LB,Taxi,R
2026-09-01 03:34:29 UTC,2026-09-01T03:34:20Z,2026,1,NFC,CHI,Chicago Bears,17609,"Neal, Julian",SEA,CB,Taxi,Questionable
2026-09-01 03:34:29 UTC,2026-09-01T03:34:20Z,2026,1,NFC,CHI,Chicago Bears,16296,"Miller, Ventrell",JAC,LB,Taxi,
2026-09-01 03:34:29 UTC,2026-09-01T03:34:20Z,2026,1,NFC,CHI,Chicago Bears,17129,"Morrison, Benjamin",TBB,CB,Taxi,
2026-09-01 03:34:29 UTC,2026-09-01T03:34:20Z,2026,1,NFC,CHI,Chicago Bears,15124,"Pierre, James",MIN,CB,Taxi,
2026-09-01 03:34:29 UTC,2026-09-01T03:34:20Z,2026,1,NFC,CHI,Chicago Bears,15398,"Jones, Patrick",CAR,DE,Taxi,
2026-09-01 03:34:29 UTC,2026-09-01T03:34:20Z,2026,1,NFC,CHI,Chicago Bears,17178,"Simon, Cody",ARI,LB,Taxi,
2026-09-01 03:34:29 UTC,2026-09-01T03:34:20Z,2026,1,NFC,CHI,Chicago Bears,12772,"Murray, Eric",JAC,S,Taxi,
2026-09-01 03:34:29 UTC,2026-09-01T03:34:20Z,2026,1,NFC,CHI,Chicago Bears,15853,"Mafe, Boye",CIN,DE,Taxi,
2026-09-01 03:34:29 UTC,2026-09-01T03:34:20Z,2026,1,NFC,CHI,Chicago Bears,14162,"Wilkins, Christian",FA,DT,Taxi,Questionable
2026-09-01 03:34:29 UTC,2026-09-01T03:34:20Z,2026,1,NFC,CHI,Chicago Bears,14210,"Pratt, Germaine",FA,LB,Taxi,
2026-09-01 03:34:29 UTC,2026-09-01T03:34:20Z,2026,1,NFC,CHI,Chicago Bears,17055,"James, Jordan",SFO,RB,Taxi,
2026-09-01 03:34:29 UTC,2026-09-01T03:34:20Z,2026,1,NFC,CHI,Chicago Bears,16927,"Redmond, Jalen",MIN,DT,Taxi,
2026-09-01 03:34:29 UTC,2026-09-01T03:34:20Z,2026,1,NFC,CHI,Chicago Bears,17573,"Johnson, Chris",MIA,CB,Taxi,R
2026-09-01 03:34:29 UTC,2026-09-01T03:34:20Z,2026,1,NFC,CHI,Chicago Bears,17153,"Mukuba, Andrew",PHI,S,Taxi,
2026-09-01 03:34:29 UTC,2026-09-01T03:34:20Z,2026,1,NFC,CHI,Chicago Bears,17353,"Walker, Jahdae",CHI,WR,Taxi,
2026-09-01 03:34:29 UTC,2026-09-01T03:34:20Z,2026,1,NFC,CHI,Chicago Bears,13888,"Gardeck, Dennis",JAC,DE,Taxi,
2026-09-01 03:34:29 UTC,2026-09-01T03:34:20Z,2026,1,NFC,CHI,Chicago Bears,17645,"Elliott, Keyshaun",CHI,LB,Taxi,Questionable
2026-09-01 03:34:29 UTC,2026-09-01T03:34:20Z,2026,1,NFC,CHI,Chicago Bears,15899,"Jackson, D'Marco",CHI,LB,Taxi,
2026-09-01 03:34:29 UTC,2026-09-01T03:34:20Z,2026,1,NFC,CHI,Chicago Bears,14328,"Wingard, Andrew",ARI,S,Taxi,
2026-09-01 03:34:29 UTC,2026-09-01T03:34:20Z,2026,1,NFC,CHI,Chicago Bears,12263,"Waller, Darren",CAR,TE,Taxi,
2026-09-01 03:34:29 UTC,2026-09-01T03:34:20Z,2026,1,NFC,DET,Detroit Lions,14783,"Hurts, Jalen",PHI,QB,Active,
2026-09-01 03:34:29 UTC,2026-09-01T03:34:20Z,2026,1,NFC,DET,Detroit Lions,15282,"Smith, DeVonta",PHI,WR,Active,
2026-09-01 03:34:29 UTC,2026-09-01T03:34:20Z,2026,1,NFC,DET,Detroit Lions,15715,"Cook, James",BUF,RB,Active,
2026-09-01 03:34:29 UTC,2026-09-01T03:34:20Z,2026,1,NFC,DET,Detroit Lions,15846,"Walker, Quay",LVR,LB,Active,
2026-09-01 03:34:29 UTC,2026-09-01T03:34:20Z,2026,1,NFC,DET,Detroit Lions,16330,"Baringer, Bryce",NEP,PN,Active,Questionable
2026-09-01 03:34:29 UTC,2026-09-01T03:34:20Z,2026,1,NFC,DET,Detroit Lions,15761,"Shakir, Khalil",BUF,WR,Active,Questionable
2026-09-01 03:34:29 UTC,2026-09-01T03:34:20Z,2026,1,NFC,DET,Detroit Lions,15452,"Hufanga, Talanoa",DEN,S,Active,
2026-09-01 03:34:29 UTC,2026-09-01T03:34:20Z,2026,1,NFC,DET,Detroit Lions,17071,"McMillan, Tetairoa",CAR,WR,Active,
2026-09-01 03:34:29 UTC,2026-09-01T03:34:20Z,2026,1,NFC,DET,Detroit Lions,17134,"Williams, Kyle",NEP,WR,Active,
2026-09-01 03:34:29 UTC,2026-09-01T03:34:20Z,2026,1,NFC,DET,Detroit Lions,17107,"Ferguson, Terrance",LAR,TE,Active,Questionable
2026-09-01 03:34:29 UTC,2026-09-01T03:34:20Z,2026,1,NFC,DET,Detroit Lions,17146,"Williams, Tyleik",DET,DT,Active,
2026-09-01 03:34:29 UTC,2026-09-01T03:34:20Z,2026,1,NFC,DET,Detroit Lions,16654,"Elliss, Jonah",DEN,DE,Active,
2026-09-01 03:34:29 UTC,2026-09-01T03:34:20Z,2026,1,NFC,DET,Detroit Lions,15390,"McNeill, Alim",DET,DT,Active,
2026-09-01 03:34:29 UTC,2026-09-01T03:34:20Z,2026,1,NFC,DET,Detroit Lions,16281,"Brown, Ji'Ayir",SFO,S,Active,
2026-09-01 03:34:29 UTC,2026-09-01T03:34:20Z,2026,1,NFC,DET,Detroit Lions,16283,"Overshown, DeMarvion",DAL,LB,Active,
2026-09-01 03:34:29 UTC,2026-09-01T03:34:20Z,2026,1,NFC,DET,Detroit Lions,17036,"Howard, Will",PIT,QB,Active,Questionable
2026-09-01 03:34:29 UTC,2026-09-01T03:34:20Z,2026,1,NFC,DET,Detroit Lions,14225,"Crosby, Maxx",LVR,DE,Active,
2026-09-01 03:34:29 UTC,2026-09-01T03:34:20Z,2026,1,NFC,DET,Detroit Lions,15388,"Ossai, Joseph",NYJ,DE,Active,Questionable
2026-09-01 03:34:29 UTC,2026-09-01T03:34:20Z,2026,1,NFC,DET,Detroit Lions,16193,"Boutte, Kayshon",HOU,WR,Active,
2026-09-01 03:34:29 UTC,2026-09-01T03:34:20Z,2026,1,NFC,DET,Detroit Lions,16282,"Turner, Kobie",LAR,DT,Active,Questionable
2026-09-01 03:34:29 UTC,2026-09-01T03:34:20Z,2026,1,NFC,DET,Detroit Lions,17220,"Borregales, Andres",NEP,PK,Active,
2026-09-01 03:34:29 UTC,2026-09-01T03:34:20Z,2026,1,NFC,DET,Detroit Lions,17157,"TeSlaa, Isaac",DET,WR,Active,
2026-09-01 03:34:29 UTC,2026-09-01T03:34:20Z,2026,1,NFC,DET,Detroit Lions,17550,"Bain Jr., Rueben",TBB,DE,Active,Questionable
2026-09-01 03:34:29 UTC,2026-09-01T03:34:20Z,2026,1,NFC,DET,Detroit Lions,17463,"Simpson, Ty",LAR,QB,Active,R
2026-09-01 03:34:29 UTC,2026-09-01T03:34:20Z,2026,1,NFC,DET,Detroit Lions,17477,"Coleman, Jonah",DEN,RB,Active,R
2026-09-01 03:34:29 UTC,2026-09-01T03:34:20Z,2026,1,NFC,DET,Detroit Lions,17555,"Woods, Peter",KCC,DT,Active,R
2026-09-01 03:34:29 UTC,2026-09-01T03:34:20Z,2026,1,NFC,DET,Detroit Lions,17529,"Thompson, Brenen",LAC,WR,Active,Questionable
2026-09-01 03:34:29 UTC,2026-09-01T03:34:20Z,2026,1,NFC,DET,Detroit Lions,17627,"Hibner, Matthew",BAL,TE,Active,R
2026-09-01 03:34:29 UTC,2026-09-01T03:34:20Z,2026,1,NFC,DET,Detroit Lions,13268,"Anzalone, Alex",TBB,LB,Active,
2026-09-01 03:34:29 UTC,2026-09-01T03:34:20Z,2026,1,NFC,DET,Detroit Lions,14871,"Parkinson, Colby",LAR,TE,Active,
2026-09-01 03:34:29 UTC,2026-09-01T03:34:20Z,2026,1,NFC,DET,Detroit Lions,7836,"Rodgers, Aaron",PIT,QB,Active,
2026-09-01 03:34:29 UTC,2026-09-01T03:34:20Z,2026,1,NFC,DET,Detroit Lions,14322,"Edwards, T.J.",CHI,LB,Active,
2026-09-01 03:34:29 UTC,2026-09-01T03:34:20Z,2026,1,NFC,DET,Detroit Lions,14893,"Baun, Zack",PHI,LB,Active,
2026-09-01 03:34:29 UTC,2026-09-01T03:34:20Z,2026,1,NFC,DET,Detroit Lions,14927,"Chinn, Jeremy",LVR,S,Active,
2026-09-01 03:34:29 UTC,2026-09-01T03:34:20Z,2026,1,NFC,DET,Detroit Lions,13164,"Kupp, Cooper",SEA,WR,Active,
2026-09-01 03:34:29 UTC,2026-09-01T03:34:20Z,2026,1,NFC,DET,Detroit Lions,15361,"Horn, Jaycee",CAR,CB,Active,
2026-09-01 03:34:29 UTC,2026-09-01T03:34:20Z,2026,1,NFC,DET,Detroit Lions,15362,"Surtain II, Patrick",DEN,CB,Active,
2026-09-01 03:34:29 UTC,2026-09-01T03:34:20Z,2026,1,NFC,DET,Detroit Lions,13319,"Jones, Aaron",MIN,RB,Active,
2026-09-01 03:34:29 UTC,2026-09-01T03:34:20Z,2026,1,NFC,DET,Detroit Lions,15261,"Hubbard, Chuba",CAR,RB,Active,Questionable
2026-09-01 03:34:29 UTC,2026-09-01T03:34:20Z,2026,1,NFC,DET,Detroit Lions,14224,"Gardner-Johnson, Chauncey",BUF,S,Active,
2026-09-01 03:34:29 UTC,2026-09-01T03:34:20Z,2026,1,NFC,DET,Detroit Lions,11757,"Donald, Aaron",LAR,DT,Active,
2026-09-01 03:34:29 UTC,2026-09-01T03:34:20Z,2026,1,NFC,DET,Detroit Lions,17672,"Gill-Howard, Skyler",DET,DT,Active,R
2026-09-01 03:34:29 UTC,2026-09-01T03:34:20Z,2026,1,NFC,DET,Detroit Lions,13707,"Ward, Denzel",CLE,CB,Active,
2026-09-01 03:34:29 UTC,2026-09-01T03:34:20Z,2026,1,NFC,DET,Detroit Lions,17608,"Thomas, Jakobe",MIN,S,Active,Questionable
2026-09-01 03:34:29 UTC,2026-09-01T03:34:20Z,2026,1,NFC,DET,Detroit Lions,15864,"Wright, Alex",CLE,DE,INJURED_RESERVE,IR
2026-09-01 03:34:29 UTC,2026-09-01T03:34:20Z,2026,1,NFC,DET,Detroit Lions,14840,"Aiyuk, Brandon",SFO,WR,INJURED_RESERVE,Holdout
2026-09-01 03:34:29 UTC,2026-09-01T03:34:20Z,2026,1,NFC,DET,Detroit Lions,16594,"Benson, Trey",ARI,RB,INJURED_RESERVE,IR
2026-09-01 03:34:29 UTC,2026-09-01T03:34:20Z,2026,1,NFC,DET,Detroit Lions,13146,"Conner, James",ARI,RB,INJURED_RESERVE,IR-R
2026-09-01 03:34:29 UTC,2026-09-01T03:34:20Z,2026,1,NFC,DET,Detroit Lions,15702,"McKee, Tanner",PHI,QB,Taxi,
2026-09-01 03:34:29 UTC,2026-09-01T03:34:20Z,2026,1,NFC,DET,Detroit Lions,17064,"Hunter, Jarquez",FA,RB,Taxi,
2026-09-01 03:34:29 UTC,2026-09-01T03:34:20Z,2026,1,NFC,DET,Detroit Lions,17620,"Wetjen, Kaden",PIT,WR,Taxi,R
2026-09-01 03:34:29 UTC,2026-09-01T03:34:20Z,2026,1,NFC,DET,Detroit Lions,14244,"Gay, Matt",LVR,PK,Taxi,
2026-09-01 03:34:29 UTC,2026-09-01T03:34:20Z,2026,1,NFC,DET,Detroit Lions,16896,"Shrader, Spencer",IND,PK,Taxi,
2026-09-01 03:34:29 UTC,2026-09-01T03:34:20Z,2026,1,NFC,DET,Detroit Lions,14930,"Hamilton, Davon",JAC,DT,Taxi,
2026-09-01 03:34:29 UTC,2026-09-01T03:34:20Z,2026,1,NFC,DET,Detroit Lions,15461,"Lopez, Roy",ARI,DT,Taxi,
2026-09-01 03:34:29 UTC,2026-09-01T03:34:20Z,2026,1,NFC,DET,Detroit Lions,17662,"Kelly, Jack",NYG,LB,Taxi,R
2026-09-01 03:34:29 UTC,2026-09-01T03:34:20Z,2026,1,NFC,DET,Detroit Lions,17201,"James, Shemar",DAL,LB,Taxi,
2026-09-01 03:34:29 UTC,2026-09-01T03:34:20Z,2026,1,NFC,DET,Detroit Lions,15849,"McCreary, Roger",DET,CB,Taxi,
2026-09-01 03:34:29 UTC,2026-09-01T03:34:20Z,2026,1,NFC,DET,Detroit Lions,17207,"Sigle, Marques",SFO,S,Taxi,
2026-09-01 03:34:29 UTC,2026-09-01T03:34:20Z,2026,1,NFC,DET,Detroit Lions,10313,"Dalton, Andy",PHI,QB,Taxi,
2026-09-01 03:34:29 UTC,2026-09-01T03:34:20Z,2026,1,NFC,DET,Detroit Lions,15894,"Woolen, Tariq",PHI,CB,Taxi,
2026-09-01 03:34:29 UTC,2026-09-01T03:34:20Z,2026,1,NFC,DET,Detroit Lions,15914,"Rodriguez, Malcolm",DET,LB,Taxi,Questionable
2026-09-01 03:34:29 UTC,2026-09-01T03:34:20Z,2026,1,NFC,DET,Detroit Lions,14122,"Slayton, Darius",NYG,WR,Taxi,
2026-09-01 03:34:29 UTC,2026-09-01T03:34:20Z,2026,1,NFC,DET,Detroit Lions,12678,"Higbee, Tyler",LAR,TE,Taxi,
2026-09-01 03:34:29 UTC,2026-09-01T03:34:20Z,2026,1,NFC,DET,Detroit Lions,13322,"Clark, Chuck",DET,S,Taxi,
2026-09-01 03:34:29 UTC,2026-09-01T03:34:20Z,2026,1,NFC,DET,Detroit Lions,16153,"Bennett, Stetson",LAR,QB,Taxi,
2026-09-01 03:34:29 UTC,2026-09-01T03:34:20Z,2026,1,NFC,DET,Detroit Lions,17226,"Hassanein, Ahmed",DET,DE,Taxi,
2026-09-01 03:34:29 UTC,2026-09-01T03:34:20Z,2026,1,NFC,DET,Detroit Lions,16649,"Johnson, Theo",NYG,TE,Taxi,Questionable
2026-09-01 03:34:29 UTC,2026-09-01T03:34:20Z,2026,1,NFC,GBP,Green Bay Packers,15284,"Waddle, Jaylen",DEN,WR,Active,
2026-09-01 03:34:29 UTC,2026-09-01T03:34:20Z,2026,1,NFC,GBP,Green Bay Packers,15711,"Walker III, Kenneth",KCC,RB,Active,Questionable
2026-09-01 03:34:29 UTC,2026-09-01T03:34:20Z,2026,1,NFC,GBP,Green Bay Packers,15329,"Pitts, Kyle",ATL,TE,Active,
2026-09-01 03:34:29 UTC,2026-09-01T03:34:20Z,2026,1,NFC,GBP,Green Bay Packers,16161,"Robinson, Bijan",ATL,RB,Active,
2026-09-01 03:34:29 UTC,2026-09-01T03:34:20Z,2026,1,NFC,GBP,Green Bay Packers,16230,"Van Ness, Lukas",GBP,DE,Active,
2026-09-01 03:34:29 UTC,2026-09-01T03:34:20Z,2026,1,NFC,GBP,Green Bay Packers,16614,"Harrison Jr., Marvin",ARI,WR,Active,
2026-09-01 03:34:29 UTC,2026-09-01T03:34:20Z,2026,1,NFC,GBP,Green Bay Packers,16080,"Shaheed, Rashid",SEA,WR,Active,
2026-09-01 03:34:29 UTC,2026-09-01T03:34:20Z,2026,1,NFC,GBP,Green Bay Packers,17137,"Harmon, Derrick",PIT,DT,Active,
2026-09-01 03:34:29 UTC,2026-09-01T03:34:20Z,2026,1,NFC,GBP,Green Bay Packers,17135,"Ezeiruaku, Donovan",DAL,DE,Active,
2026-09-01 03:34:29 UTC,2026-09-01T03:34:20Z,2026,1,NFC,GBP,Green Bay Packers,17099,"Gadsden, Oronde",LAC,TE,Active,
2026-09-01 03:34:29 UTC,2026-09-01T03:34:20Z,2026,1,NFC,GBP,Green Bay Packers,13635,"Moore, D.J.",BUF,WR,Active,
2026-09-01 03:34:29 UTC,2026-09-01T03:34:20Z,2026,1,NFC,GBP,Green Bay Packers,12741,"Jones, Chris",KCC,DT,Active,
2026-09-01 03:34:29 UTC,2026-09-01T03:34:20Z,2026,1,NFC,GBP,Green Bay Packers,15355,"Bolton, Nick",KCC,LB,Active,
2026-09-01 03:34:29 UTC,2026-09-01T03:34:20Z,2026,1,NFC,GBP,Green Bay Packers,16729,"Still, Tarheeb",LAC,CB,Active,
2026-09-01 03:34:29 UTC,2026-09-01T03:34:20Z,2026,1,NFC,GBP,Green Bay Packers,15349,"Phillips, Jaelan",CAR,DE,Active,Questionable
2026-09-01 03:34:29 UTC,2026-09-01T03:34:20Z,2026,1,NFC,GBP,Green Bay Packers,16719,"Williams, Evan",GBP,S,Active,
2026-09-01 03:34:29 UTC,2026-09-01T03:34:20Z,2026,1,NFC,GBP,Green Bay Packers,12616,"Brissett, Jacoby",ARI,QB,Active,
2026-09-01 03:34:29 UTC,2026-09-01T03:34:20Z,2026,1,NFC,GBP,Green Bay Packers,15391,"Williams, Milton",NEP,DT,Active,
2026-09-01 03:34:29 UTC,2026-09-01T03:34:20Z,2026,1,NFC,GBP,Green Bay Packers,15385,"Ojulari, Azeez",FA,DE,Active,
2026-09-01 03:34:29 UTC,2026-09-01T03:34:20Z,2026,1,NFC,GBP,Green Bay Packers,14056,"Murray, Kyler",MIN,QB,Active,
2026-09-01 03:34:29 UTC,2026-09-01T03:34:20Z,2026,1,NFC,GBP,Green Bay Packers,17098,"Horton, Tory",SEA,WR,Active,Questionable
2026-09-01 03:34:29 UTC,2026-09-01T03:34:20Z,2026,1,NFC,GBP,Green Bay Packers,17159,"Martin, Nick",SFO,LB,Active,Questionable
2026-09-01 03:34:29 UTC,2026-09-01T03:34:20Z,2026,1,NFC,GBP,Green Bay Packers,14979,"Strnad, Justin",DEN,LB,Active,
2026-09-01 03:34:29 UTC,2026-09-01T03:34:20Z,2026,1,NFC,GBP,Green Bay Packers,15377,"Stokes, Eric",LVR,CB,Active,
2026-09-01 03:34:29 UTC,2026-09-01T03:34:20Z,2026,1,NFC,GBP,Green Bay Packers,16741,"Smith-Wade, Chau",CAR,CB,Active,
2026-09-01 03:34:29 UTC,2026-09-01T03:34:20Z,2026,1,NFC,GBP,Green Bay Packers,16303,"Herbig, Nick",PIT,DE,Active,
2026-09-01 03:34:29 UTC,2026-09-01T03:34:20Z,2026,1,NFC,GBP,Green Bay Packers,17269,"Chism, Efton",NEP,WR,Active,
2026-09-01 03:34:29 UTC,2026-09-01T03:34:20Z,2026,1,NFC,GBP,Green Bay Packers,17361,"Ponder, Elijah",NEP,DE,Active,
2026-09-01 03:34:29 UTC,2026-09-01T03:34:20Z,2026,1,NFC,GBP,Green Bay Packers,16432,"Wilson, Emanuel",SEA,RB,Active,Questionable
2026-09-01 03:34:29 UTC,2026-09-01T03:34:20Z,2026,1,NFC,GBP,Green Bay Packers,14472,"Dodson, Tyrel",FA,LB,Active,
2026-09-01 03:34:29 UTC,2026-09-01T03:34:20Z,2026,1,NFC,GBP,Green Bay Packers,17500,"Boston, Denzel",CLE,WR,Active,R
2026-09-01 03:34:29 UTC,2026-09-01T03:34:20Z,2026,1,NFC,GBP,Green Bay Packers,17587,"Moore, Derrick",DET,DE,Active,Questionable
2026-09-01 03:34:29 UTC,2026-09-01T03:34:20Z,2026,1,NFC,GBP,Green Bay Packers,17474,"Johnson, Emmett",KCC,RB,Active,R
2026-09-01 03:34:29 UTC,2026-09-01T03:34:20Z,2026,1,NFC,GBP,Green Bay Packers,17517,"Lane, Ja'Kobi",BAL,WR,Active,R
2026-09-01 03:34:29 UTC,2026-09-01T03:34:20Z,2026,1,NFC,GBP,Green Bay Packers,12764,"Hargrave, Javon",GBP,DT,Active,
2026-09-01 03:34:29 UTC,2026-09-01T03:34:20Z,2026,1,NFC,GBP,Green Bay Packers,15856,"Taylor, Alontae",TEN,CB,Active,
2026-09-01 03:34:29 UTC,2026-09-01T03:34:20Z,2026,1,NFC,GBP,Green Bay Packers,13719,"Pineiro, Eddy",SFO,PK,Active,
2026-09-01 03:34:29 UTC,2026-09-01T03:34:20Z,2026,1,NFC,GBP,Green Bay Packers,15923,"Lake, Quentin",LAR,S,Active,
2026-09-01 03:34:29 UTC,2026-09-01T03:34:20Z,2026,1,NFC,GBP,Green Bay Packers,15835,"Brisker, Jaquan",PIT,S,Active,Questionable
2026-09-01 03:34:29 UTC,2026-09-01T03:34:20Z,2026,1,NFC,GBP,Green Bay Packers,14235,"Tranquill, Drue",KCC,LB,Active,Questionable
2026-09-01 03:34:29 UTC,2026-09-01T03:34:20Z,2026,1,NFC,GBP,Green Bay Packers,17077,"Restrepo, Xavier",TEN,WR,Active,
2026-09-01 03:34:29 UTC,2026-09-01T03:34:20Z,2026,1,NFC,GBP,Green Bay Packers,16492,"Cherelus, Claudin",CAR,LB,Active,
2026-09-01 03:34:29 UTC,2026-09-01T03:34:20Z,2026,1,NFC,GBP,Green Bay Packers,17664,"Eckley, Ryan",BAL,PN,Active,R
2026-09-01 03:34:29 UTC,2026-09-01T03:34:20Z,2026,1,NFC,GBP,Green Bay Packers,17498,"Tyson, Jordyn",NOS,WR,INJURED_RESERVE,IR-R
2026-09-01 03:34:29 UTC,2026-09-01T03:34:20Z,2026,1,NFC,GBP,Green Bay Packers,16692,"Newton, Jer'Zhan",WAS,DT,INJURED_RESERVE,IR
2026-09-01 03:34:29 UTC,2026-09-01T03:34:20Z,2026,1,NFC,GBP,Green Bay Packers,16244,"Branch, Brian",DET,S,INJURED_RESERVE,IR-PUP
2026-09-01 03:34:29 UTC,2026-09-01T03:34:20Z,2026,1,NFC,GBP,Green Bay Packers,17621,"Woodaz, Wade",HOU,LB,Taxi,Questionable
2026-09-01 03:34:29 UTC,2026-09-01T03:34:20Z,2026,1,NFC,GBP,Green Bay Packers,17639,"Abney, Keith",DET,CB,Taxi,R
2026-09-01 03:34:29 UTC,2026-09-01T03:34:20Z,2026,1,NFC,GBP,Green Bay Packers,17185,"Buchanan, Teddye",BAL,LB,Taxi,Questionable
2026-09-01 03:34:29 UTC,2026-09-01T03:34:20Z,2026,1,NFC,GBP,Green Bay Packers,17181,"Ransom, Lathan",CAR,S,Taxi,
2026-09-01 03:34:29 UTC,2026-09-01T03:34:20Z,2026,1,NFC,GBP,Green Bay Packers,14067,"Minshew, Gardner",ARI,QB,Taxi,
2026-09-01 03:34:29 UTC,2026-09-01T03:34:20Z,2026,1,NFC,MIN,Minnesota Vikings,15346,"Rousseau, Gregory",BUF,DE,Active,
2026-09-01 03:34:29 UTC,2026-09-01T03:34:20Z,2026,1,NFC,MIN,Minnesota Vikings,15817,"Davis, Jordan",PHI,DT,Active,
2026-09-01 03:34:29 UTC,2026-09-01T03:34:20Z,2026,1,NFC,MIN,Minnesota Vikings,16187,"Downs, Josh",IND,WR,Active,Questionable
2026-09-01 03:34:29 UTC,2026-09-01T03:34:20Z,2026,1,NFC,MIN,Minnesota Vikings,16689,"Murphy, Byron",SEA,DT,Active,
2026-09-01 03:34:29 UTC,2026-09-01T03:34:20Z,2026,1,NFC,MIN,Minnesota Vikings,14909,"Winfield, Antoine",TBB,S,Active,
2026-09-01 03:34:29 UTC,2026-09-01T03:34:20Z,2026,1,NFC,MIN,Minnesota Vikings,13592,"Darnold, Sam",SEA,QB,Active,
2026-09-01 03:34:29 UTC,2026-09-01T03:34:20Z,2026,1,NFC,MIN,Minnesota Vikings,16675,"DeJean, Cooper",PHI,CB,Active,Questionable
2026-09-01 03:34:29 UTC,2026-09-01T03:34:20Z,2026,1,NFC,MIN,Minnesota Vikings,15861,"Bonitto, Nik",DEN,DE,Active,
2026-09-01 03:34:29 UTC,2026-09-01T03:34:20Z,2026,1,NFC,MIN,Minnesota Vikings,16679,"Nubin, Tyler",NYG,S,Active,
2026-09-01 03:34:29 UTC,2026-09-01T03:34:20Z,2026,1,NFC,MIN,Minnesota Vikings,10292,"Jordan, Cameron",NOS,DE,Active,Questionable
2026-09-01 03:34:29 UTC,2026-09-01T03:34:20Z,2026,1,NFC,MIN,Minnesota Vikings,15256,"Williams, Javonte",DAL,RB,Active,
2026-09-01 03:34:29 UTC,2026-09-01T03:34:20Z,2026,1,NFC,MIN,Minnesota Vikings,16013,"Landman, Nate",LAR,LB,Active,
2026-09-01 03:34:29 UTC,2026-09-01T03:34:20Z,2026,1,NFC,MIN,Minnesota Vikings,16369,"Ojomo, Moro",PHI,DT,Active,
2026-09-01 03:34:29 UTC,2026-09-01T03:34:20Z,2026,1,NFC,MIN,Minnesota Vikings,13813,"Oluokun, Foyesade",JAC,LB,Active,
2026-09-01 03:34:29 UTC,2026-09-01T03:34:20Z,2026,1,NFC,MIN,Minnesota Vikings,16214,"LaPorta, Sam",DET,TE,Active,Questionable
2026-09-01 03:34:29 UTC,2026-09-01T03:34:20Z,2026,1,NFC,MIN,Minnesota Vikings,15911,"Araiza, Matt",KCC,PN,Active,
2026-09-01 03:34:29 UTC,2026-09-01T03:34:20Z,2026,1,NFC,MIN,Minnesota Vikings,15626,"Wright, Brock",DET,TE,Active,
2026-09-01 03:34:29 UTC,2026-09-01T03:34:20Z,2026,1,NFC,MIN,Minnesota Vikings,13447,"Wilson, Eric",MIN,LB,Active,
2026-09-01 03:34:29 UTC,2026-09-01T03:34:20Z,2026,1,NFC,MIN,Minnesota Vikings,15694,"Willis, Malik",MIA,QB,Active,
2026-09-01 03:34:29 UTC,2026-09-01T03:34:20Z,2026,1,NFC,MIN,Minnesota Vikings,15786,"Nailor, Jalen",LVR,WR,Active,
2026-09-01 03:34:29 UTC,2026-09-01T03:34:20Z,2026,1,NFC,MIN,Minnesota Vikings,16452,"Whelan, Daniel",GBP,PN,Active,
2026-09-01 03:34:29 UTC,2026-09-01T03:34:20Z,2026,1,NFC,MIN,Minnesota Vikings,16786,"Drake-Rodriguez, Levi",MIN,DT,Active,
2026-09-01 03:34:29 UTC,2026-09-01T03:34:20Z,2026,1,NFC,MIN,Minnesota Vikings,15255,"Gainwell, Kenneth",TBB,RB,Active,
2026-09-01 03:34:29 UTC,2026-09-01T03:34:20Z,2026,1,NFC,MIN,Minnesota Vikings,14059,"Jones, Daniel",IND,QB,Active,
2026-09-01 03:34:29 UTC,2026-09-01T03:34:20Z,2026,1,NFC,MIN,Minnesota Vikings,17473,"Price, Jadarian",SEA,RB,Active,R
2026-09-01 03:34:29 UTC,2026-09-01T03:34:20Z,2026,1,NFC,MIN,Minnesota Vikings,17512,"Williams, Antonio",WAS,WR,Active,R
2026-09-01 03:34:29 UTC,2026-09-01T03:34:20Z,2026,1,NFC,MIN,Minnesota Vikings,17507,"Branch, Zachariah",ATL,WR,Active,R
2026-09-01 03:34:29 UTC,2026-09-01T03:34:20Z,2026,1,NFC,MIN,Minnesota Vikings,12437,"Myers, Jason",SEA,PK,Active,
2026-09-01 03:34:29 UTC,2026-09-01T03:34:20Z,2026,1,NFC,MIN,Minnesota Vikings,12676,"Henry, Hunter",NEP,TE,Active,
2026-09-01 03:34:29 UTC,2026-09-01T03:34:20Z,2026,1,NFC,MIN,Minnesota Vikings,15836,"Hill, Daxton",CIN,CB,Active,Questionable
2026-09-01 03:34:29 UTC,2026-09-01T03:34:20Z,2026,1,NFC,MIN,Minnesota Vikings,15832,"Stingley Jr., Derek",HOU,CB,Active,
2026-09-01 03:34:29 UTC,2026-09-01T03:34:20Z,2026,1,NFC,MIN,Minnesota Vikings,11675,"Adams, Davante",LAR,WR,Active,
2026-09-01 03:34:29 UTC,2026-09-01T03:34:20Z,2026,1,NFC,MIN,Minnesota Vikings,14252,"Jackson, Michael",CAR,CB,Active,
2026-09-01 03:34:29 UTC,2026-09-01T03:34:20Z,2026,1,NFC,MIN,Minnesota Vikings,17180,"Walker, David",TBB,DE,Active,
2026-09-01 03:34:29 UTC,2026-09-01T03:34:20Z,2026,1,NFC,MIN,Minnesota Vikings,15386,"Odeyingbo, Dayo",FA,DE,Active,
2026-09-01 03:34:29 UTC,2026-09-01T03:34:20Z,2026,1,NFC,MIN,Minnesota Vikings,10267,"Miller, Von",DAL,DE,Active,
2026-09-01 03:34:29 UTC,2026-09-01T03:34:20Z,2026,1,NFC,MIN,Minnesota Vikings,17753,"Thomas, Jacob",MIN,S,Active,Questionable
2026-09-01 03:34:29 UTC,2026-09-01T03:34:20Z,2026,1,NFC,MIN,Minnesota Vikings,15981,"Turpin, KaVontae",DAL,WR,Active,
2026-09-01 03:34:29 UTC,2026-09-01T03:34:20Z,2026,1,NFC,MIN,Minnesota Vikings,17607,"Raridon, Eli",NEP,TE,Active,R
2026-09-01 03:34:29 UTC,2026-09-01T03:34:20Z,2026,1,NFC,MIN,Minnesota Vikings,17643,"Demmings, Charles",MIN,CB,Active,R
2026-09-01 03:34:29 UTC,2026-09-01T03:34:20Z,2026,1,NFC,MIN,Minnesota Vikings,17231,"Bartholomew, Gavin",MIN,TE,Active,
2026-09-01 03:34:29 UTC,2026-09-01T03:34:20Z,2026,1,NFC,MIN,Minnesota Vikings,14925,"Uche, Josh",MIA,DE,Active,
2026-09-01 03:34:29 UTC,2026-09-01T03:34:20Z,2026,1,NFC,MIN,Minnesota Vikings,15356,"Browning, Baron",ARI,DE,Active,
2026-09-01 03:34:29 UTC,2026-09-01T03:34:20Z,2026,1,NFC,MIN,Minnesota Vikings,15676,"Anderson, Zayne",MIA,S,Active,
2026-09-01 03:34:29 UTC,2026-09-01T03:34:20Z,2026,1,NFC,MIN,Minnesota Vikings,16204,"Dell, Tank",HOU,WR,INJURED_RESERVE,IR-R
2026-09-01 03:34:29 UTC,2026-09-01T03:34:20Z,2026,1,NFC,MIN,Minnesota Vikings,15350,"Parsons, Micah",GBP,DE,INJURED_RESERVE,IR-PUP
2026-09-01 03:34:29 UTC,2026-09-01T03:34:20Z,2026,1,NFC,MIN,Minnesota Vikings,17151,"Turner, Shemar",CHI,DT,INJURED_RESERVE,IR-PUP
2026-09-01 03:34:29 UTC,2026-09-01T03:34:20Z,2026,1,NFC,MIN,Minnesota Vikings,13806,"Elliott, DeShon",PIT,S,INJURED_RESERVE,IR-R
2026-09-01 03:34:29 UTC,2026-09-01T03:34:20Z,2026,1,NFC,ATL,Atlanta Falcons,13189,"Engram, Evan",DEN,TE,Active,
2026-09-01 03:34:29 UTC,2026-09-01T03:34:20Z,2026,1,NFC,ATL,Atlanta Falcons,15238,"Fields, Justin",KCC,QB,Active,
2026-09-01 03:34:29 UTC,2026-09-01T03:34:20Z,2026,1,NFC,ATL,Atlanta Falcons,15721,"White, Rachaad",WAS,RB,Active,Questionable
2026-09-01 03:34:29 UTC,2026-09-01T03:34:20Z,2026,1,NFC,ATL,Atlanta Falcons,16582,"Nix, Bo",DEN,QB,Active,
2026-09-01 03:34:29 UTC,2026-09-01T03:34:20Z,2026,1,NFC,ATL,Atlanta Falcons,17120,"Green, Mike",BAL,DE,Active,
2026-09-01 03:34:29 UTC,2026-09-01T03:34:20Z,2026,1,NFC,ATL,Atlanta Falcons,17080,"Noel, Jaylin",HOU,WR,Active,Questionable
2026-09-01 03:34:29 UTC,2026-09-01T03:34:20Z,2026,1,NFC,ATL,Atlanta Falcons,17082,"Bryant, Pat",DEN,WR,Active,
2026-09-01 03:34:29 UTC,2026-09-01T03:34:20Z,2026,1,NFC,ATL,Atlanta Falcons,16240,"Porter Jr., Joey",PIT,CB,Active,
2026-09-01 03:34:29 UTC,2026-09-01T03:34:20Z,2026,1,NFC,ATL,Atlanta Falcons,16693,"Sweat, T'Vondre",NYJ,DT,Active,
2026-09-01 03:34:29 UTC,2026-09-01T03:34:20Z,2026,1,NFC,ATL,Atlanta Falcons,16584,"McCarthy, J.J.",MIN,QB,Active,Questionable
2026-09-01 03:34:29 UTC,2026-09-01T03:34:20Z,2026,1,NFC,ATL,Atlanta Falcons,14247,"Greenlaw, Dre",SFO,LB,Active,
2026-09-01 03:34:29 UTC,2026-09-01T03:34:20Z,2026,1,NFC,ATL,Atlanta Falcons,15259,"Stevenson, Rhamondre",NEP,RB,Active,
2026-09-01 03:34:29 UTC,2026-09-01T03:34:20Z,2026,1,NFC,ATL,Atlanta Falcons,16152,"Richardson, Anthony",IND,QB,Active,
2026-09-01 03:34:29 UTC,2026-09-01T03:34:20Z,2026,1,NFC,ATL,Atlanta Falcons,16596,"Allen, Braelon",NYJ,RB,Active,
2026-09-01 03:34:29 UTC,2026-09-01T03:34:20Z,2026,1,NFC,ATL,Atlanta Falcons,16635,"McCaffrey, Luke",WAS,WR,Active,
2026-09-01 03:34:29 UTC,2026-09-01T03:34:20Z,2026,1,NFC,ATL,Atlanta Falcons,17108,"Arroyo, Elijah",SEA,TE,Active,
2026-09-01 03:34:29 UTC,2026-09-01T03:34:20Z,2026,1,NFC,ATL,Atlanta Falcons,14104,"Brown, A.J.",NEP,WR,Active,
2026-09-01 03:34:29 UTC,2026-09-01T03:34:20Z,2026,1,NFC,ATL,Atlanta Falcons,16192,"Washington, Parker",JAC,WR,Active,
2026-09-01 03:34:29 UTC,2026-09-01T03:34:20Z,2026,1,NFC,ATL,Atlanta Falcons,16206,"Wilson, Michael",ARI,WR,Active,
2026-09-01 03:34:29 UTC,2026-09-01T03:34:20Z,2026,1,NFC,ATL,Atlanta Falcons,11150,"Smith, Geno",NYJ,QB,Active,
2026-09-01 03:34:29 UTC,2026-09-01T03:34:20Z,2026,1,NFC,ATL,Atlanta Falcons,16018,"Blankenship, Reed",HOU,S,Active,
2026-09-01 03:34:29 UTC,2026-09-01T03:34:20Z,2026,1,NFC,ATL,Atlanta Falcons,12801,"Hill, Tyreek",FA,WR,Active,Out
2026-09-01 03:34:29 UTC,2026-09-01T03:34:20Z,2026,1,NFC,ATL,Atlanta Falcons,16212,"Mayer, Michael",LVR,TE,Active,
2026-09-01 03:34:29 UTC,2026-09-01T03:34:20Z,2026,1,NFC,ATL,Atlanta Falcons,17520,"Hurst, Ted",TBB,WR,Active,R
2026-09-01 03:34:29 UTC,2026-09-01T03:34:20Z,2026,1,NFC,ATL,Atlanta Falcons,16241,"Witherspoon, Devon",SEA,CB,Active,
2026-09-01 03:34:29 UTC,2026-09-01T03:34:20Z,2026,1,NFC,ATL,Atlanta Falcons,17567,"Delp, Oscar",NOS,TE,Active,Questionable
2026-09-01 03:34:29 UTC,2026-09-01T03:34:20Z,2026,1,NFC,ATL,Atlanta Falcons,14900,"Madubuike, Nnamdi",BAL,DT,Active,Questionable
2026-09-01 03:34:29 UTC,2026-09-01T03:34:20Z,2026,1,NFC,ATL,Atlanta Falcons,14218,"Okereke, Bobby",CAR,LB,Active,
2026-09-01 03:34:29 UTC,2026-09-01T03:34:20Z,2026,1,NFC,ATL,Atlanta Falcons,15396,"Deablo, Divine",ATL,LB,Active,
2026-09-01 03:34:29 UTC,2026-09-01T03:34:20Z,2026,1,NFC,ATL,Atlanta Falcons,16572,"Okada, Ty",SEA,S,Active,
2026-09-01 03:34:29 UTC,2026-09-01T03:34:20Z,2026,1,NFC,ATL,Atlanta Falcons,15032,"Fox, Jack",DET,PN,Active,
2026-09-01 03:34:29 UTC,2026-09-01T03:34:20Z,2026,1,NFC,ATL,Atlanta Falcons,16279,"Moss, Riley",DEN,CB,Active,Questionable
2026-09-01 03:34:29 UTC,2026-09-01T03:34:20Z,2026,1,NFC,ATL,Atlanta Falcons,15368,"McPherson, Evan",CIN,PK,Active,
2026-09-01 03:34:29 UTC,2026-09-01T03:34:20Z,2026,1,NFC,ATL,Atlanta Falcons,17666,"van den Berg, Jordan",CHI,DT,Active,R
2026-09-01 03:34:29 UTC,2026-09-01T03:34:20Z,2026,1,NFC,ATL,Atlanta Falcons,16703,"Phillips, Andru",NYG,CB,Active,Questionable
2026-09-01 03:34:29 UTC,2026-09-01T03:34:20Z,2026,1,NFC,ATL,Atlanta Falcons,17164,"Williams, Nohl",KCC,CB,Active,
2026-09-01 03:34:29 UTC,2026-09-01T03:34:20Z,2026,1,NFC,ATL,Atlanta Falcons,17518,"Allen, Cyrus",KCC,WR,Active,R
2026-09-01 03:34:29 UTC,2026-09-01T03:34:20Z,2026,1,NFC,ATL,Atlanta Falcons,11706,"Clowney, Jadeveon",HOU,DE,Active,Questionable
2026-09-01 03:34:29 UTC,2026-09-01T03:34:20Z,2026,1,NFC,ATL,Atlanta Falcons,17619,"Dennis-Sutton, Dani",GBP,DE,Active,Questionable
2026-09-01 03:34:29 UTC,2026-09-01T03:34:20Z,2026,1,NFC,ATL,Atlanta Falcons,17155,"Gillotte, Ashton",KCC,DE,Active,Questionable
2026-09-01 03:34:29 UTC,2026-09-01T03:34:20Z,2026,1,NFC,ATL,Atlanta Falcons,12218,"Armstead, Arik",JAC,DT,Active,
2026-09-01 03:34:29 UTC,2026-09-01T03:34:20Z,2026,1,NFC,ATL,Atlanta Falcons,13718,"Carlson, Daniel",NOS,PK,Active,
2026-09-01 03:34:29 UTC,2026-09-01T03:34:20Z,2026,1,NFC,ATL,Atlanta Falcons,17352,"Kroeger, Kai",HOU,PN,Active,
2026-09-01 03:34:29 UTC,2026-09-01T03:34:20Z,2026,1,NFC,ATL,Atlanta Falcons,17122,"Walker, Jalon",ATL,DE,INJURED_RESERVE,IR
2026-09-01 03:34:29 UTC,2026-09-01T03:34:20Z,2026,1,NFC,ATL,Atlanta Falcons,17059,"Gordon, Ollie",MIA,RB,Taxi,Questionable
2026-09-01 03:34:29 UTC,2026-09-01T03:34:20Z,2026,1,NFC,ATL,Atlanta Falcons,17063,"Mafah, Phil",FA,RB,Taxi,
2026-09-01 03:34:29 UTC,2026-09-01T03:34:20Z,2026,1,NFC,ATL,Atlanta Falcons,16608,"Holani, George",SEA,RB,Taxi,
2026-09-01 03:34:29 UTC,2026-09-01T03:34:20Z,2026,1,NFC,ATL,Atlanta Falcons,17171,"Dike, Chimere",TEN,WR,Taxi,
2026-09-01 03:34:29 UTC,2026-09-01T03:34:20Z,2026,1,NFC,ATL,Atlanta Falcons,16293,"Phillips, Clark",CHI,CB,Taxi,
2026-09-01 03:34:29 UTC,2026-09-01T03:34:20Z,2026,1,NFC,ATL,Atlanta Falcons,17162,"Walley, Justin",IND,CB,Taxi,
2026-09-01 03:34:29 UTC,2026-09-01T03:34:20Z,2026,1,NFC,CAR,Carolina Panthers,13589,"Allen, Josh",BUF,QB,Active,
2026-09-01 03:34:29 UTC,2026-09-01T03:34:20Z,2026,1,NFC,CAR,Carolina Panthers,14907,"Delpit, Grant",CLE,S,Active,
2026-09-01 03:34:29 UTC,2026-09-01T03:34:20Z,2026,1,NFC,CAR,Carolina Panthers,15768,"Pierce, Alec",IND,WR,Active,Questionable
2026-09-01 03:34:29 UTC,2026-09-01T03:34:20Z,2026,1,NFC,CAR,Carolina Panthers,15815,"Walker, Travon",JAC,DE,Active,
2026-09-01 03:34:29 UTC,2026-09-01T03:34:20Z,2026,1,NFC,CAR,Carolina Panthers,16263,"Martin, Quan",WAS,S,Active,
2026-09-01 03:34:29 UTC,2026-09-01T03:34:20Z,2026,1,NFC,CAR,Carolina Panthers,16185,"Smith-Njigba, Jaxon",SEA,WR,Active,
2026-09-01 03:34:29 UTC,2026-09-01T03:34:20Z,2026,1,NFC,CAR,Carolina Panthers,16620,"Worthy, Xavier",KCC,WR,Active,
2026-09-01 03:34:29 UTC,2026-09-01T03:34:20Z,2026,1,NFC,CAR,Carolina Panthers,16639,"Legette, Xavier",CAR,WR,Active,Questionable
2026-09-01 03:34:29 UTC,2026-09-01T03:34:20Z,2026,1,NFC,CAR,Carolina Panthers,16626,"Mitchell, Adonai",NYJ,WR,Active,
2026-09-01 03:34:29 UTC,2026-09-01T03:34:20Z,2026,1,NFC,CAR,Carolina Panthers,13198,"Garrett, Myles",LAR,DE,Active,Questionable
2026-09-01 03:34:29 UTC,2026-09-01T03:34:20Z,2026,1,NFC,CAR,Carolina Panthers,12739,"Clark, Kenny",DAL,DT,Active,
2026-09-01 03:34:29 UTC,2026-09-01T03:34:20Z,2026,1,NFC,CAR,Carolina Panthers,16619,"Franklin, Troy",DEN,WR,Active,
2026-09-01 03:34:29 UTC,2026-09-01T03:34:20Z,2026,1,NFC,CAR,Carolina Panthers,15352,"Collins, Zaven",ARI,DE,Active,
2026-09-01 03:34:29 UTC,2026-09-01T03:34:20Z,2026,1,NFC,CAR,Carolina Panthers,15798,"Likely, Isaiah",NYG,TE,Active,
2026-09-01 03:34:29 UTC,2026-09-01T03:34:20Z,2026,1,NFC,CAR,Carolina Panthers,16344,"Stills, Dante",ARI,DT,Active,
2026-09-01 03:34:29 UTC,2026-09-01T03:34:20Z,2026,1,NFC,CAR,Carolina Panthers,16178,"Mitchell, Keaton",LAC,RB,Active,Questionable
2026-09-01 03:34:29 UTC,2026-09-01T03:34:20Z,2026,1,NFC,CAR,Carolina Panthers,16870,"Speights, Omar",LAR,LB,Active,
2026-09-01 03:34:29 UTC,2026-09-01T03:34:20Z,2026,1,NFC,CAR,Carolina Panthers,15749,"Pacheco, Isiah",DET,RB,Active,Questionable
2026-09-01 03:34:29 UTC,2026-09-01T03:34:20Z,2026,1,NFC,CAR,Carolina Panthers,17051,"Judkins, Quinshon",CLE,RB,Active,
2026-09-01 03:34:29 UTC,2026-09-01T03:34:20Z,2026,1,NFC,CAR,Carolina Panthers,17075,"Golden, Matthew",GBP,WR,Active,
2026-09-01 03:34:29 UTC,2026-09-01T03:34:20Z,2026,1,NFC,CAR,Carolina Panthers,17103,"Fannin, Harold",CLE,TE,Active,
2026-09-01 03:34:29 UTC,2026-09-01T03:34:20Z,2026,1,NFC,CAR,Carolina Panthers,12221,"Hunter, Danielle",HOU,DE,Active,
2026-09-01 03:34:29 UTC,2026-09-01T03:34:20Z,2026,1,NFC,CAR,Carolina Panthers,8851,"Folk, Nick",ATL,PK,Active,
2026-09-01 03:34:29 UTC,2026-09-01T03:34:20Z,2026,1,NFC,CAR,Carolina Panthers,17174,"Walker, Deone",BUF,DT,Active,
2026-09-01 03:34:29 UTC,2026-09-01T03:34:20Z,2026,1,NFC,CAR,Carolina Panthers,15051,"Townsend, Tommy",TEN,PN,Active,
2026-09-01 03:34:29 UTC,2026-09-01T03:34:20Z,2026,1,NFC,CAR,Carolina Panthers,14221,"Williams, Quincy",CLE,LB,Active,
2026-09-01 03:34:29 UTC,2026-09-01T03:34:20Z,2026,1,NFC,CAR,Carolina Panthers,12698,"Reed, Jarran",SEA,DT,Active,
2026-09-01 03:34:29 UTC,2026-09-01T03:34:20Z,2026,1,NFC,CAR,Carolina Panthers,14158,"Oliver, Ed",BUF,DT,Active,
2026-09-01 03:34:29 UTC,2026-09-01T03:34:20Z,2026,1,NFC,CAR,Carolina Panthers,12754,"Collins, Maliek",CLE,DT,Active,
2026-09-01 03:34:29 UTC,2026-09-01T03:34:20Z,2026,1,NFC,CAR,Carolina Panthers,15852,"Gordon, Kyler",CHI,CB,Active,IR-PUP
2026-09-01 03:34:29 UTC,2026-09-01T03:34:20Z,2026,1,NFC,CAR,Carolina Panthers,13764,"Johnson, Taron",LVR,CB,Active,
2026-09-01 03:34:29 UTC,2026-09-01T03:34:20Z,2026,1,NFC,CAR,Carolina Panthers,15989,"Jobe, Josh",SEA,CB,Active,
2026-09-01 03:34:29 UTC,2026-09-01T03:34:20Z,2026,1,NFC,CAR,Carolina Panthers,15076,"Rozeboom, Christian",TBB,LB,Active,
2026-09-01 03:34:29 UTC,2026-09-01T03:34:20Z,2026,1,NFC,CAR,Carolina Panthers,16717,"Taylor-Demerson, Dadrion",ARI,S,Active,Questionable
2026-09-01 03:34:29 UTC,2026-09-01T03:34:20Z,2026,1,NFC,CAR,Carolina Panthers,15762,"Pickens, George",DAL,WR,Active,
2026-09-01 03:34:29 UTC,2026-09-01T03:34:20Z,2026,1,NFC,CAR,Carolina Panthers,14073,"Jacobs, Josh",GBP,RB,Active,Suspended
2026-09-01 03:34:29 UTC,2026-09-01T03:34:20Z,2026,1,NFC,CAR,Carolina Panthers,17556,"Reese, Arvell",NYG,LB,Active,R
2026-09-01 03:34:29 UTC,2026-09-01T03:34:20Z,2026,1,NFC,CAR,Carolina Panthers,16661,"Hall Jr., Michael",CLE,DT,Active,
2026-09-01 03:34:29 UTC,2026-09-01T03:34:20Z,2026,1,NFC,CAR,Carolina Panthers,15869,"Bernard, Terrel",BUF,LB,Active,Questionable
2026-09-01 03:34:29 UTC,2026-09-01T03:34:20Z,2026,1,NFC,CAR,Carolina Panthers,16702,"Green, Renardo",SFO,CB,Active,Questionable
2026-09-01 03:34:29 UTC,2026-09-01T03:34:20Z,2026,1,NFC,CAR,Carolina Panthers,12305,"Jarrett, Grady",CHI,DT,Active,
2026-09-01 03:34:29 UTC,2026-09-01T03:34:20Z,2026,1,NFC,CAR,Carolina Panthers,15890,"McFadden, Micah",NYG,LB,Active,
2026-09-01 03:34:29 UTC,2026-09-01T03:34:20Z,2026,1,NFC,CAR,Carolina Panthers,12686,"Bosa, Joey",FA,DE,Active,
2026-09-01 03:34:29 UTC,2026-09-01T03:34:20Z,2026,1,NFC,CAR,Carolina Panthers,16640,"Cowing, Jacob",SFO,WR,Taxi,Questionable
2026-09-01 03:34:29 UTC,2026-09-01T03:34:20Z,2026,1,NFC,CAR,Carolina Panthers,17686,"Keenan, Tim",FA,DT,Taxi,R
2026-09-01 03:34:29 UTC,2026-09-01T03:34:20Z,2026,1,NFC,CAR,Carolina Panthers,15565,"Hoecht, Michael",BUF,DE,Taxi,Questionable
2026-09-01 03:34:29 UTC,2026-09-01T03:34:20Z,2026,1,NFC,CAR,Carolina Panthers,16738,"Carlies, Jaylon",IND,LB,Taxi,
2026-09-01 03:34:29 UTC,2026-09-01T03:34:20Z,2026,1,NFC,CAR,Carolina Panthers,17623,"Elarms-Orr, Kaleb",BUF,LB,Taxi,R
2026-09-01 03:34:29 UTC,2026-09-01T03:34:20Z,2026,1,NFC,CAR,Carolina Panthers,17166,"Ransaw, Caleb",JAC,S,Taxi,
2026-09-01 03:34:29 UTC,2026-09-01T03:34:20Z,2026,1,NFC,CAR,Carolina Panthers,17172,"Woodson, Craig",NEP,S,Taxi,
2026-09-01 03:34:29 UTC,2026-09-01T03:34:20Z,2026,1,NFC,CAR,Carolina Panthers,17485,"Black, Kaelon",SFO,RB,Taxi,R
2026-09-01 03:34:29 UTC,2026-09-01T03:34:20Z,2026,1,NFC,CAR,Carolina Panthers,16725,"Mustapha, Malik",SFO,S,Taxi,Questionable
2026-09-01 03:34:29 UTC,2026-09-01T03:34:20Z,2026,1,NFC,CAR,Carolina Panthers,16684,"Washington, Malik",MIA,WR,Taxi,
2026-09-01 03:34:29 UTC,2026-09-01T03:34:20Z,2026,1,NFC,CAR,Carolina Panthers,17547,"Klare, Max",LAR,TE,Taxi,R
2026-09-01 03:34:29 UTC,2026-09-01T03:34:20Z,2026,1,NFC,CAR,Carolina Panthers,17195,"Mills, Rylie",SEA,DT,Taxi,
2026-09-01 03:34:29 UTC,2026-09-01T03:34:20Z,2026,1,NFC,NOS,New Orleans Saints,14835,"Higgins, Tee",CIN,WR,Active,
2026-09-01 03:34:29 UTC,2026-09-01T03:34:20Z,2026,1,NFC,NOS,New Orleans Saints,13772,"Schultz, Dalton",HOU,TE,Active,
2026-09-01 03:34:29 UTC,2026-09-01T03:34:20Z,2026,1,NFC,NOS,New Orleans Saints,16169,"Charbonnet, Zach",SEA,RB,Active,IR-PUP
2026-09-01 03:34:29 UTC,2026-09-01T03:34:20Z,2026,1,NFC,NOS,New Orleans Saints,15001,"Curl, Kamren",LAR,S,Active,
2026-09-01 03:34:29 UTC,2026-09-01T03:34:20Z,2026,1,NFC,NOS,New Orleans Saints,15751,"London, Drake",ATL,WR,Active,
2026-09-01 03:34:29 UTC,2026-09-01T03:34:20Z,2026,1,NFC,NOS,New Orleans Saints,15393,"Odighizuwa, Osa",SFO,DT,Active,
2026-09-01 03:34:29 UTC,2026-09-01T03:34:20Z,2026,1,NFC,NOS,New Orleans Saints,16580,"Maye, Drake",NEP,QB,Active,
2026-09-01 03:34:29 UTC,2026-09-01T03:34:20Z,2026,1,NFC,NOS,New Orleans Saints,16616,"Odunze, Rome",CHI,WR,Active,
2026-09-01 03:34:29 UTC,2026-09-01T03:34:20Z,2026,1,NFC,NOS,New Orleans Saints,14157,"Williams, Quinnen",DAL,DT,Active,
2026-09-01 03:34:29 UTC,2026-09-01T03:34:20Z,2026,1,NFC,NOS,New Orleans Saints,17048,"Johnson, Kaleb",GBP,RB,Active,
2026-09-01 03:34:29 UTC,2026-09-01T03:34:20Z,2026,1,NFC,NOS,New Orleans Saints,17032,"Dart, Jaxson",NYG,QB,Active,
2026-09-01 03:34:29 UTC,2026-09-01T03:34:20Z,2026,1,NFC,NOS,New Orleans Saints,17053,"Marks, Woody",HOU,RB,Active,
2026-09-01 03:34:29 UTC,2026-09-01T03:34:20Z,2026,1,NFC,NOS,New Orleans Saints,15253,"Etienne, Travis",NOS,RB,Active,
2026-09-01 03:34:29 UTC,2026-09-01T03:34:20Z,2026,1,NFC,NOS,New Orleans Saints,15357,"Barmore, Christian",NEP,DT,Active,
2026-09-01 03:34:29 UTC,2026-09-01T03:34:20Z,2026,1,NFC,NOS,New Orleans Saints,14842,"Pittman, Michael",PIT,WR,Active,Questionable
2026-09-01 03:34:29 UTC,2026-09-01T03:34:20Z,2026,1,NFC,NOS,New Orleans Saints,16723,"Barner, AJ",SEA,TE,Active,
2026-09-01 03:34:29 UTC,2026-09-01T03:34:20Z,2026,1,NFC,NOS,New Orleans Saints,16269,"Strange, Brenton",JAC,TE,Active,
2026-09-01 03:34:29 UTC,2026-09-01T03:34:20Z,2026,1,NFC,NOS,New Orleans Saints,17044,"Hampton, Omarion",LAC,RB,Active,
2026-09-01 03:34:29 UTC,2026-09-01T03:34:20Z,2026,1,NFC,NOS,New Orleans Saints,14899,"Kinlaw, Javon",WAS,DT,Active,
2026-09-01 03:34:29 UTC,2026-09-01T03:34:20Z,2026,1,NFC,NOS,New Orleans Saints,15872,"Bryant, Coby",CHI,S,Active,Out
2026-09-01 03:34:29 UTC,2026-09-01T03:34:20Z,2026,1,NFC,NOS,New Orleans Saints,16583,"Penix Jr., Michael",ATL,QB,Active,Questionable
2026-09-01 03:34:29 UTC,2026-09-01T03:34:20Z,2026,1,NFC,NOS,New Orleans Saints,13284,"Hendrickson, Trey",BAL,DE,Active,
2026-09-01 03:34:29 UTC,2026-09-01T03:34:20Z,2026,1,NFC,NOS,New Orleans Saints,16235,"Hall, Derick",SEA,DE,Active,
2026-09-01 03:34:29 UTC,2026-09-01T03:34:20Z,2026,1,NFC,NOS,New Orleans Saints,12842,"Dixon, Riley",TBB,PN,Active,
2026-09-01 03:34:29 UTC,2026-09-01T03:34:20Z,2026,1,NFC,NOS,New Orleans Saints,15375,"Newsome, Greg",NYG,CB,Active,Questionable
2026-09-01 03:34:29 UTC,2026-09-01T03:34:20Z,2026,1,NFC,NOS,New Orleans Saints,16174,"Rodriguez, Chris",JAC,RB,Active,
2026-09-01 03:34:29 UTC,2026-09-01T03:34:20Z,2026,1,NFC,NOS,New Orleans Saints,14138,"Hockenson, T.J.",MIN,TE,Active,
2026-09-01 03:34:29 UTC,2026-09-01T03:34:20Z,2026,1,NFC,NOS,New Orleans Saints,15779,"Doubs, Romeo",NEP,WR,Active,
2026-09-01 03:34:29 UTC,2026-09-01T03:34:20Z,2026,1,NFC,NOS,New Orleans Saints,15802,"Otton, Cade",TBB,TE,Active,
2026-09-01 03:34:29 UTC,2026-09-01T03:34:20Z,2026,1,NFC,NOS,New Orleans Saints,15860,"Cook, Bryan",CIN,S,Active,
2026-09-01 03:34:29 UTC,2026-09-01T03:34:20Z,2026,1,NFC,NOS,New Orleans Saints,15806,"Thibodeaux, Kayvon",NYG,DE,Active,
2026-09-01 03:34:29 UTC,2026-09-01T03:34:20Z,2026,1,NFC,NOS,New Orleans Saints,14518,"Thompson, Jalen",DAL,S,Active,
2026-09-01 03:34:29 UTC,2026-09-01T03:34:20Z,2026,1,NFC,NOS,New Orleans Saints,13690,"Sweat, Josh",ARI,DE,Active,
2026-09-01 03:34:29 UTC,2026-09-01T03:34:20Z,2026,1,NFC,NOS,New Orleans Saints,17149,"Tuimoloau, JT",IND,DE,Active,
2026-09-01 03:34:29 UTC,2026-09-01T03:34:20Z,2026,1,NFC,NOS,New Orleans Saints,16266,"Tuipulotu, Tuli",LAC,DE,Active,
2026-09-01 03:34:29 UTC,2026-09-01T03:34:20Z,2026,1,NFC,NOS,New Orleans Saints,14877,"Young, Chase",NOS,DE,Active,
2026-09-01 03:34:29 UTC,2026-09-01T03:34:20Z,2026,1,NFC,NOS,New Orleans Saints,17124,"Carter, Barrett",CIN,LB,Active,
2026-09-01 03:34:29 UTC,2026-09-01T03:34:20Z,2026,1,NFC,NOS,New Orleans Saints,15404,"Jones, Ernest",SEA,LB,Active,
2026-09-01 03:34:29 UTC,2026-09-01T03:34:20Z,2026,1,NFC,NOS,New Orleans Saints,15380,"Campbell, Tyson",CLE,CB,Active,
2026-09-01 03:34:29 UTC,2026-09-01T03:34:20Z,2026,1,NFC,NOS,New Orleans Saints,14180,"Murphy, Byron",MIN,CB,Active,
2026-09-01 03:34:29 UTC,2026-09-01T03:34:20Z,2026,1,NFC,NOS,New Orleans Saints,17150,"Oladejo, Oluwafemi",TEN,DE,Active,
2026-09-01 03:34:29 UTC,2026-09-01T03:34:20Z,2026,1,NFC,NOS,New Orleans Saints,17047,"Sampson, Dylan",CLE,RB,Active,
2026-09-01 03:34:29 UTC,2026-09-01T03:34:20Z,2026,1,NFC,NOS,New Orleans Saints,11936,"Boswell, Chris",PIT,PK,Active,
2026-09-01 03:34:29 UTC,2026-09-01T03:34:20Z,2026,1,NFC,NOS,New Orleans Saints,17654,"Payton, Cole",PHI,QB,Taxi,R
2026-09-01 03:34:29 UTC,2026-09-01T03:34:20Z,2026,1,NFC,NOS,New Orleans Saints,16601,"Shipley, Will",PHI,RB,Taxi,
2026-09-01 03:34:29 UTC,2026-09-01T03:34:20Z,2026,1,NFC,NOS,New Orleans Saints,17599,"Douglas, Caleb",MIA,WR,Taxi,R
2026-09-01 03:34:29 UTC,2026-09-01T03:34:20Z,2026,1,NFC,NOS,New Orleans Saints,17514,"Stribling, De'Zhaun",SFO,WR,Taxi,Questionable
2026-09-01 03:34:29 UTC,2026-09-01T03:34:20Z,2026,1,NFC,NOS,New Orleans Saints,16645,"All, Erick",CIN,TE,Taxi,
2026-09-01 03:34:29 UTC,2026-09-01T03:34:20Z,2026,1,NFC,NOS,New Orleans Saints,17549,"Roush, Sam",CHI,TE,Taxi,R
2026-09-01 03:34:29 UTC,2026-09-01T03:34:20Z,2026,1,NFC,NOS,New Orleans Saints,17154,"Alexander, Darius",NYG,DT,Taxi,
2026-09-01 03:34:29 UTC,2026-09-01T03:34:20Z,2026,1,NFC,NOS,New Orleans Saints,15892,"Booker, Thomas",LVR,DT,Taxi,
2026-09-01 03:34:29 UTC,2026-09-01T03:34:20Z,2026,1,NFC,NOS,New Orleans Saints,13770,"Franklin-Myers, John",TEN,DT,Taxi,
2026-09-01 03:34:29 UTC,2026-09-01T03:34:20Z,2026,1,NFC,NOS,New Orleans Saints,17600,"McClellan, Chris",GBP,DT,Taxi,R
2026-09-01 03:34:29 UTC,2026-09-01T03:34:20Z,2026,1,NFC,NOS,New Orleans Saints,17595,"Onyedim, Tyler",DEN,DT,Taxi,R
2026-09-01 03:34:29 UTC,2026-09-01T03:34:20Z,2026,1,NFC,NOS,New Orleans Saints,12238,"Perryman, Denzel",LAC,LB,Taxi,
2026-09-01 03:34:29 UTC,2026-09-01T03:34:20Z,2026,1,NFC,NOS,New Orleans Saints,17598,"Davis, Tacario",CIN,CB,Taxi,R
2026-09-01 03:34:29 UTC,2026-09-01T03:34:20Z,2026,1,NFC,NOS,New Orleans Saints,17114,"Stewart, Shemar",CIN,DE,Taxi,Questionable
2026-09-01 03:34:29 UTC,2026-09-01T03:34:20Z,2026,1,NFC,NOS,New Orleans Saints,17035,"Leonard, Riley",IND,QB,Taxi,
2026-09-01 03:34:29 UTC,2026-09-01T03:34:20Z,2026,1,NFC,NOS,New Orleans Saints,15089,"Roach, Malcolm",DEN,DT,Taxi,
2026-09-01 03:34:29 UTC,2026-09-01T03:34:20Z,2026,1,NFC,NOS,New Orleans Saints,17173,"Kiser, Jack",FA,LB,Taxi,
2026-09-01 03:34:29 UTC,2026-09-01T03:34:20Z,2026,1,NFC,NOS,New Orleans Saints,16843,"Mevis, Harrison",LAR,PK,Taxi,
2026-09-01 03:34:29 UTC,2026-09-01T03:34:20Z,2026,1,NFC,NOS,New Orleans Saints,11985,"Way, Tress",WAS,PN,Taxi,
2026-09-01 03:34:29 UTC,2026-09-01T03:34:20Z,2026,1,NFC,NOS,New Orleans Saints,16236,"To'oTo'o, Henry",HOU,LB,Taxi,
2026-09-01 03:34:29 UTC,2026-09-01T03:34:20Z,2026,1,NFC,NOS,New Orleans Saints,17156,"Porter, Darien",LVR,CB,Taxi,
2026-09-01 03:34:29 UTC,2026-09-01T03:34:20Z,2026,1,NFC,NOS,New Orleans Saints,17142,"Revel, Shavon",DAL,CB,Taxi,
2026-09-01 03:34:29 UTC,2026-09-01T03:34:20Z,2026,1,NFC,NOS,New Orleans Saints,17187,"Riley, Quincy",NOS,CB,Taxi,Questionable
2026-09-01 03:34:29 UTC,2026-09-01T03:34:20Z,2026,1,NFC,NOS,New Orleans Saints,16460,"Hickman, Ronnie",CLE,S,Taxi,
2026-09-01 03:34:29 UTC,2026-09-01T03:34:20Z,2026,1,NFC,NOS,New Orleans Saints,17222,"Loop, Tyler",BAL,PK,Taxi,
2026-09-01 03:34:29 UTC,2026-09-01T03:34:20Z,2026,1,NFC,TBB,Tampa Bay Buccaneers,13593,"Jackson, Lamar",BAL,QB,Active,
2026-09-01 03:34:29 UTC,2026-09-01T03:34:20Z,2026,1,NFC,TBB,Tampa Bay Buccaneers,14167,"Hines-Allen, Josh",JAC,DE,Active,
2026-09-01 03:34:29 UTC,2026-09-01T03:34:20Z,2026,1,NFC,TBB,Tampa Bay Buccaneers,14164,"Jones, Dre'Mont",NEP,DE,Active,
2026-09-01 03:34:29 UTC,2026-09-01T03:34:20Z,2026,1,NFC,TBB,Tampa Bay Buccaneers,16245,"Battle, Jordan",CIN,S,Active,
2026-09-01 03:34:29 UTC,2026-09-01T03:34:20Z,2026,1,NFC,TBB,Tampa Bay Buccaneers,16653,"Verse, Jared",CLE,DE,Active,
2026-09-01 03:34:29 UTC,2026-09-01T03:34:20Z,2026,1,NFC,TBB,Tampa Bay Buccaneers,16700,"Bishop, Cole",BUF,S,Active,
2026-09-01 03:34:29 UTC,2026-09-01T03:34:20Z,2026,1,NFC,TBB,Tampa Bay Buccaneers,15863,"Jones, Travis",BAL,DT,Active,
2026-09-01 03:34:29 UTC,2026-09-01T03:34:20Z,2026,1,NFC,TBB,Tampa Bay Buccaneers,16708,"Smith, Tykee",TBB,S,Active,
2026-09-01 03:34:29 UTC,2026-09-01T03:34:20Z,2026,1,NFC,TBB,Tampa Bay Buccaneers,16676,"Kinchens, Kamren",LAR,S,Active,
2026-09-01 03:34:29 UTC,2026-09-01T03:34:20Z,2026,1,NFC,TBB,Tampa Bay Buccaneers,16211,"Nacua, Puka",LAR,WR,Active,Questionable
2026-09-01 03:34:29 UTC,2026-09-01T03:34:20Z,2026,1,NFC,TBB,Tampa Bay Buccaneers,16667,"Gray, Cedric",TEN,LB,Active,
2026-09-01 03:34:29 UTC,2026-09-01T03:34:20Z,2026,1,NFC,TBB,Tampa Bay Buccaneers,13704,"Nwosu, Uchenna",SEA,DE,Active,
2026-09-01 03:34:29 UTC,2026-09-01T03:34:20Z,2026,1,NFC,TBB,Tampa Bay Buccaneers,17068,"Harvey, RJ",DEN,RB,Active,
2026-09-01 03:34:29 UTC,2026-09-01T03:34:20Z,2026,1,NFC,TBB,Tampa Bay Buccaneers,17069,"Blue, Jaydon",FA,RB,Active,
2026-09-01 03:34:29 UTC,2026-09-01T03:34:20Z,2026,1,NFC,TBB,Tampa Bay Buccaneers,13132,"Kamara, Alvin",NOS,RB,Active,Questionable
2026-09-01 03:34:29 UTC,2026-09-01T03:34:20Z,2026,1,NFC,TBB,Tampa Bay Buccaneers,15972,"Mason, Jordan",MIN,RB,Active,
2026-09-01 03:34:29 UTC,2026-09-01T03:34:20Z,2026,1,NFC,TBB,Tampa Bay Buccaneers,16314,"Dennis, SirVocea",TBB,LB,Active,
2026-09-01 03:34:29 UTC,2026-09-01T03:34:20Z,2026,1,NFC,TBB,Tampa Bay Buccaneers,16186,"Addison, Jordan",MIN,WR,Active,
2026-09-01 03:34:29 UTC,2026-09-01T03:34:20Z,2026,1,NFC,TBB,Tampa Bay Buccaneers,16257,"Anudike-Uzomah, Felix",KCC,DE,Active,
2026-09-01 03:34:29 UTC,2026-09-01T03:34:20Z,2026,1,NFC,TBB,Tampa Bay Buccaneers,16615,"Nabers, Malik",NYG,WR,Active,Questionable
2026-09-01 03:34:29 UTC,2026-09-01T03:34:20Z,2026,1,NFC,TBB,Tampa Bay Buccaneers,13738,"Jackson, Donte",LAC,CB,Active,
2026-09-01 03:34:29 UTC,2026-09-01T03:34:20Z,2026,1,NFC,TBB,Tampa Bay Buccaneers,14924,"Johnson, Jaylon",CHI,CB,Active,Questionable
2026-09-01 03:34:29 UTC,2026-09-01T03:34:20Z,2026,1,NFC,TBB,Tampa Bay Buccaneers,16166,"Tucker, Sean",TBB,RB,Active,
2026-09-01 03:34:29 UTC,2026-09-01T03:34:20Z,2026,1,NFC,TBB,Tampa Bay Buccaneers,16846,"Bates, Jake",DET,PK,Active,
2026-09-01 03:34:29 UTC,2026-09-01T03:34:20Z,2026,1,NFC,TBB,Tampa Bay Buccaneers,16887,"Rehkow, Ryan",CIN,PN,Active,
2026-09-01 03:34:29 UTC,2026-09-01T03:34:20Z,2026,1,NFC,TBB,Tampa Bay Buccaneers,13743,"Warner, Fred",SFO,LB,Active,
2026-09-01 03:34:29 UTC,2026-09-01T03:34:20Z,2026,1,NFC,TBB,Tampa Bay Buccaneers,17543,"Sadiq, Kenyon",NYJ,TE,Active,Questionable
2026-09-01 03:34:29 UTC,2026-09-01T03:34:20Z,2026,1,NFC,TBB,Tampa Bay Buccaneers,17481,"Claiborne, Demond",MIN,RB,Active,R
2026-09-01 03:34:29 UTC,2026-09-01T03:34:20Z,2026,1,NFC,TBB,Tampa Bay Buccaneers,17478,"Allen, Kaytron",WAS,RB,Active,R
2026-09-01 03:34:29 UTC,2026-09-01T03:34:20Z,2026,1,NFC,TBB,Tampa Bay Buccaneers,16450,"Thomas, Drake",SEA,LB,Active,
2026-09-01 03:34:29 UTC,2026-09-01T03:34:20Z,2026,1,NFC,TBB,Tampa Bay Buccaneers,13671,"Andrews, Mark",BAL,TE,Active,
2026-09-01 03:34:29 UTC,2026-09-01T03:34:20Z,2026,1,NFC,TBB,Tampa Bay Buccaneers,15950,"Watson, Jaylen",LAR,CB,Active,
2026-09-01 03:34:29 UTC,2026-09-01T03:34:20Z,2026,1,NFC,TBB,Tampa Bay Buccaneers,16520,"Durden, Cory",NEP,DT,Active,
2026-09-01 03:34:29 UTC,2026-09-01T03:34:20Z,2026,1,NFC,TBB,Tampa Bay Buccaneers,13693,"Phillips, Harrison",NYJ,DT,Active,
2026-09-01 03:34:29 UTC,2026-09-01T03:34:20Z,2026,1,NFC,TBB,Tampa Bay Buccaneers,13604,"Barkley, Saquon",PHI,RB,Active,
2026-09-01 03:34:29 UTC,2026-09-01T03:34:20Z,2026,1,NFC,TBB,Tampa Bay Buccaneers,15787,"Thornton, Tyquan",KCC,WR,Active,
2026-09-01 03:34:29 UTC,2026-09-01T03:34:20Z,2026,1,NFC,TBB,Tampa Bay Buccaneers,14071,"Montgomery, David",HOU,RB,Active,
2026-09-01 03:34:29 UTC,2026-09-01T03:34:20Z,2026,1,NFC,TBB,Tampa Bay Buccaneers,14105,"Brown, Marquise",PHI,WR,Active,
2026-09-01 03:34:29 UTC,2026-09-01T03:34:20Z,2026,1,NFC,TBB,Tampa Bay Buccaneers,13281,"Douglas, Rasul",WAS,CB,Active,
2026-09-01 03:34:29 UTC,2026-09-01T03:34:20Z,2026,1,NFC,TBB,Tampa Bay Buccaneers,16253,"Forbes, Emmanuel",LAR,CB,Active,
2026-09-01 03:34:29 UTC,2026-09-01T03:34:20Z,2026,1,NFC,TBB,Tampa Bay Buccaneers,13810,"Joseph-Day, Sebastian",PIT,DT,Active,
2026-09-01 03:34:29 UTC,2026-09-01T03:34:20Z,2026,1,NFC,TBB,Tampa Bay Buccaneers,14789,"Huntley, Tyler",BAL,QB,Active,
2026-09-01 03:34:29 UTC,2026-09-01T03:34:20Z,2026,1,NFC,TBB,Tampa Bay Buccaneers,17586,"Rodriguez, Jacob",MIA,LB,Active,Questionable
2026-09-01 03:34:29 UTC,2026-09-01T03:34:20Z,2026,1,NFC,TBB,Tampa Bay Buccaneers,17713,"King, Haynes",CAR,QB,Taxi,Questionable
2026-09-01 03:34:29 UTC,2026-09-01T03:34:20Z,2026,1,NFC,TBB,Tampa Bay Buccaneers,17471,"Pavia, Diego",FA,QB,Taxi,R
2026-09-01 03:34:29 UTC,2026-09-01T03:34:20Z,2026,1,NFC,TBB,Tampa Bay Buccaneers,17480,"Ott, Jaydn",FA,RB,Taxi,R
2026-09-01 03:34:29 UTC,2026-09-01T03:34:20Z,2026,1,NFC,TBB,Tampa Bay Buccaneers,0804,"Montgomery, Tyren",TEN,WR,Taxi,R
2026-09-01 03:34:29 UTC,2026-09-01T03:34:20Z,2026,1,NFC,TBB,Tampa Bay Buccaneers,17647,"Law, Kendrick",DET,WR,Taxi,IR
2026-09-01 03:34:29 UTC,2026-09-01T03:34:20Z,2026,1,NFC,TBB,Tampa Bay Buccaneers,0803,"York, Taurean",DEN,LB,Taxi,R
2026-09-01 03:34:29 UTC,2026-09-01T03:34:20Z,2026,1,NFC,TBB,Tampa Bay Buccaneers,17706,"Benson, Malik",LVR,WR,Taxi,R
2026-09-01 03:34:29 UTC,2026-09-01T03:34:20Z,2026,1,NFC,TBB,Tampa Bay Buccaneers,17528,"Coleman, Kevin",MIA,WR,Taxi,R
2026-09-01 03:34:29 UTC,2026-09-01T03:34:20Z,2026,1,NFC,TBB,Tampa Bay Buccaneers,17526,"Virgil, Reggie",ARI,WR,Taxi,R
2026-09-01 03:34:29 UTC,2026-09-01T03:34:20Z,2026,1,NFC,TBB,Tampa Bay Buccaneers,17603,"Orange, Domonique",MIN,DT,Taxi,R
2026-09-01 03:34:29 UTC,2026-09-01T03:34:20Z,2026,1,NFC,TBB,Tampa Bay Buccaneers,17058,"Brooks, Tahj",CIN,RB,Taxi,
2026-09-01 03:34:29 UTC,2026-09-01T03:34:20Z,2026,1,NFC,TBB,Tampa Bay Buccaneers,17049,"Smith, Brashard",KCC,RB,Taxi,
2026-09-01 03:34:29 UTC,2026-09-01T03:34:20Z,2026,1,NFC,TBB,Tampa Bay Buccaneers,17510,"Burks, Deion",IND,WR,Taxi,R
2026-09-01 03:34:29 UTC,2026-09-01T03:34:20Z,2026,1,NFC,TBB,Tampa Bay Buccaneers,17105,"Helm, Gunnar",TEN,TE,Taxi,
2026-09-01 03:34:29 UTC,2026-09-01T03:34:20Z,2026,1,NFC,TBB,Tampa Bay Buccaneers,15301,"Atwell, Tutu",LAR,WR,Taxi,
2026-09-01 03:34:29 UTC,2026-09-01T03:34:20Z,2026,1,NFC,TBB,Tampa Bay Buccaneers,15755,"Dotson, Jahan",ATL,WR,Taxi,
2026-09-01 03:34:29 UTC,2026-09-01T03:34:20Z,2026,1,NFC,TBB,Tampa Bay Buccaneers,16595,"Estime, Audric",NOS,RB,Taxi,
2026-09-01 03:34:29 UTC,2026-09-01T03:34:20Z,2026,1,NFC,TBB,Tampa Bay Buccaneers,13138,"Hunt, Kareem",FA,RB,Taxi,
2026-09-01 03:34:29 UTC,2026-09-01T03:34:20Z,2026,1,NFC,TBB,Tampa Bay Buccaneers,14108,"Dortch, Greg",FA,WR,Taxi,
2026-09-01 03:34:29 UTC,2026-09-01T03:34:20Z,2026,1,NFC,TBB,Tampa Bay Buccaneers,16255,"Banks, Deonte",NYG,CB,Taxi,
2026-09-01 03:34:29 UTC,2026-09-01T03:34:20Z,2026,1,NFC,TBB,Tampa Bay Buccaneers,17578,"Louis, Kyle",MIA,LB,Taxi,R
2026-09-01 03:34:29 UTC,2026-09-01T03:34:20Z,2026,1,NFC,ARI,Arizona Cardinals,15237,"Lawrence, Trevor",JAC,QB,Active,
2026-09-01 03:34:29 UTC,2026-09-01T03:34:20Z,2026,1,NFC,ARI,Arizona Cardinals,15834,"Hamilton, Kyle",BAL,S,Active,
2026-09-01 03:34:29 UTC,2026-09-01T03:34:20Z,2026,1,NFC,ARI,Arizona Cardinals,15293,"Bateman, Rashod",BAL,WR,Active,
2026-09-01 03:34:29 UTC,2026-09-01T03:34:20Z,2026,1,NFC,ARI,Arizona Cardinals,16162,"Gibbs, Jahmyr",DET,RB,Active,
2026-09-01 03:34:29 UTC,2026-09-01T03:34:20Z,2026,1,NFC,ARI,Arizona Cardinals,16239,"Campbell, Jack",DET,LB,Active,
2026-09-01 03:34:29 UTC,2026-09-01T03:34:20Z,2026,1,NFC,ARI,Arizona Cardinals,16234,"Simpson, Trenton",BAL,LB,Active,
2026-09-01 03:34:29 UTC,2026-09-01T03:34:20Z,2026,1,NFC,ARI,Arizona Cardinals,14879,"Epenesa, A.J.",PHI,DE,Active,
2026-09-01 03:34:29 UTC,2026-09-01T03:34:20Z,2026,1,NFC,ARI,Arizona Cardinals,16617,"Coleman, Keon",BUF,WR,Active,Questionable
2026-09-01 03:34:29 UTC,2026-09-01T03:34:20Z,2026,1,NFC,ARI,Arizona Cardinals,16618,"Thomas Jr., Brian",JAC,WR,Active,Questionable
2026-09-01 03:34:29 UTC,2026-09-01T03:34:20Z,2026,1,NFC,ARI,Arizona Cardinals,16644,"Sinnott, Ben",WAS,TE,Active,Questionable
2026-09-01 03:34:29 UTC,2026-09-01T03:34:20Z,2026,1,NFC,ARI,Arizona Cardinals,16698,"Sainristil, Mike",WAS,CB,Active,
2026-09-01 03:34:29 UTC,2026-09-01T03:34:20Z,2026,1,NFC,ARI,Arizona Cardinals,14974,"Mooney, Darnell",NYG,WR,Active,
2026-09-01 03:34:29 UTC,2026-09-01T03:34:20Z,2026,1,NFC,ARI,Arizona Cardinals,17030,"Ward, Cam",TEN,QB,Active,
2026-09-01 03:34:29 UTC,2026-09-01T03:34:20Z,2026,1,NFC,ARI,Arizona Cardinals,17123,"Campbell, Jihaad",PHI,LB,Active,
2026-09-01 03:34:29 UTC,2026-09-01T03:34:20Z,2026,1,NFC,ARI,Arizona Cardinals,13717,"Reid, Justin",NOS,S,Active,
2026-09-01 03:34:29 UTC,2026-09-01T03:34:20Z,2026,1,NFC,ARI,Arizona Cardinals,13227,"Lewis, Jourdan",JAC,CB,Active,
2026-09-01 03:34:29 UTC,2026-09-01T03:34:20Z,2026,1,NFC,ARI,Arizona Cardinals,14861,"Johnson, Juwan",NOS,TE,Active,
2026-09-01 03:34:29 UTC,2026-09-01T03:34:20Z,2026,1,NFC,ARI,Arizona Cardinals,16268,"Turner, DJ",CIN,CB,Active,
2026-09-01 03:34:29 UTC,2026-09-01T03:34:20Z,2026,1,NFC,ARI,Arizona Cardinals,16673,"Wiggins, Nate",BAL,CB,Active,
2026-09-01 03:34:29 UTC,2026-09-01T03:34:20Z,2026,1,NFC,ARI,Arizona Cardinals,16787,"Laulu, Jonah",LVR,DT,Active,
2026-09-01 03:34:29 UTC,2026-09-01T03:34:20Z,2026,1,NFC,ARI,Arizona Cardinals,11721,"Mack, Khalil",LAC,DE,Active,
2026-09-01 03:34:29 UTC,2026-09-01T03:34:20Z,2026,1,NFC,ARI,Arizona Cardinals,12688,"Buckner, DeForest",IND,DT,Active,
2026-09-01 03:34:29 UTC,2026-09-01T03:34:20Z,2026,1,NFC,ARI,Arizona Cardinals,16254,"Kancey, Calijah",TBB,DT,Active,
2026-09-01 03:34:29 UTC,2026-09-01T03:34:20Z,2026,1,NFC,ARI,Arizona Cardinals,15831,"Chenal, Leo",WAS,LB,Active,
2026-09-01 03:34:29 UTC,2026-09-01T03:34:20Z,2026,1,NFC,ARI,Arizona Cardinals,16278,"Diaby, YaYa",TBB,DE,Active,
2026-09-01 03:34:29 UTC,2026-09-01T03:34:20Z,2026,1,NFC,ARI,Arizona Cardinals,13130,"McCaffrey, Christian",SFO,RB,Active,Questionable
2026-09-01 03:34:29 UTC,2026-09-01T03:34:20Z,2026,1,NFC,ARI,Arizona Cardinals,14882,"Greenard, Jonathan",PHI,DE,Active,Out
2026-09-01 03:34:29 UTC,2026-09-01T03:34:20Z,2026,1,NFC,ARI,Arizona Cardinals,17497,"Tate, Carnell",TEN,WR,Active,R
2026-09-01 03:34:29 UTC,2026-09-01T03:34:20Z,2026,1,NFC,ARI,Arizona Cardinals,17576,"Thieneman, Dillon",CHI,S,Active,R
2026-09-01 03:34:29 UTC,2026-09-01T03:34:20Z,2026,1,NFC,ARI,Arizona Cardinals,17558,"Allen, CJ",IND,LB,Active,R
2026-09-01 03:34:29 UTC,2026-09-01T03:34:20Z,2026,1,NFC,ARI,Arizona Cardinals,17476,"Singleton, Nicholas",TEN,RB,Active,R
2026-09-01 03:34:29 UTC,2026-09-01T03:34:20Z,2026,1,NFC,ARI,Arizona Cardinals,17582,"Stukes, Treydan",LVR,S,Active,R
2026-09-01 03:34:29 UTC,2026-09-01T03:34:20Z,2026,1,NFC,ARI,Arizona Cardinals,17583,"Thomas, R Mason",KCC,DE,Active,R
2026-09-01 03:34:29 UTC,2026-09-01T03:34:20Z,2026,1,NFC,ARI,Arizona Cardinals,17667,"Perkins, Harold",ATL,LB,Active,R
2026-09-01 03:34:29 UTC,2026-09-01T03:34:20Z,2026,1,NFC,ARI,Arizona Cardinals,13163,"Godwin, Chris",TBB,WR,Active,
2026-09-01 03:34:29 UTC,2026-09-01T03:34:20Z,2026,1,NFC,ARI,Arizona Cardinals,15868,"Jones, Marcus",NEP,CB,Active,
2026-09-01 03:34:29 UTC,2026-09-01T03:34:20Z,2026,1,NFC,ARI,Arizona Cardinals,16778,"Flournoy, Ryan",DAL,WR,Active,
2026-09-01 03:34:29 UTC,2026-09-01T03:34:20Z,2026,1,NFC,ARI,Arizona Cardinals,13629,"Ridley, Calvin",TEN,WR,Active,
2026-09-01 03:34:29 UTC,2026-09-01T03:34:20Z,2026,1,NFC,ARI,Arizona Cardinals,15173,"Tart, Teair",LAC,DT,Active,
2026-09-01 03:34:29 UTC,2026-09-01T03:34:20Z,2026,1,NFC,ARI,Arizona Cardinals,16672,"Lassiter, Kamari",HOU,CB,Active,
2026-09-01 03:34:29 UTC,2026-09-01T03:34:20Z,2026,1,NFC,ARI,Arizona Cardinals,16295,"Conner, Chamarri",KCC,S,Active,
2026-09-01 03:34:29 UTC,2026-09-01T03:34:20Z,2026,1,NFC,ARI,Arizona Cardinals,16256,"Bresee, Bryan",NOS,DT,INJURED_RESERVE,IR
2026-09-01 03:34:29 UTC,2026-09-01T03:34:20Z,2026,1,NFC,ARI,Arizona Cardinals,13700,"Landry, Harold",NEP,DE,INJURED_RESERVE,IR-PUP
2026-09-01 03:34:29 UTC,2026-09-01T03:34:20Z,2026,1,NFC,ARI,Arizona Cardinals,17467,"Klubnik, Cade",NYJ,QB,Taxi,R
2026-09-01 03:34:29 UTC,2026-09-01T03:34:20Z,2026,1,NFC,ARI,Arizona Cardinals,15738,"Davis, Malik",DAL,RB,Taxi,
2026-09-01 03:34:29 UTC,2026-09-01T03:34:20Z,2026,1,NFC,ARI,Arizona Cardinals,17644,"Koziol, Tanner",JAC,TE,Taxi,R
2026-09-01 03:34:29 UTC,2026-09-01T03:34:20Z,2026,1,NFC,ARI,Arizona Cardinals,15813,"Enagbare, Kingsley",NYJ,DE,Taxi,
2026-09-01 03:34:29 UTC,2026-09-01T03:34:20Z,2026,1,NFC,ARI,Arizona Cardinals,17206,"Oliver, Collin",GBP,DE,Taxi,IR-R
2026-09-01 03:34:29 UTC,2026-09-01T03:34:20Z,2026,1,NFC,ARI,Arizona Cardinals,17118,"Stewart, Josaiah",LAR,DE,Taxi,
2026-09-01 03:34:29 UTC,2026-09-01T03:34:20Z,2026,1,NFC,ARI,Arizona Cardinals,17179,"Bowman, Billy",ATL,CB,Taxi,Questionable
2026-09-01 03:34:29 UTC,2026-09-01T03:34:20Z,2026,1,NFC,ARI,Arizona Cardinals,17622,"Muhammad, Malik",CHI,CB,Taxi,R
2026-09-01 03:34:29 UTC,2026-09-01T03:34:20Z,2026,1,NFC,ARI,Arizona Cardinals,15859,"Taylor-Britt, Cam",IND,CB,Taxi,Suspended
2026-09-01 03:34:29 UTC,2026-09-01T03:34:20Z,2026,1,NFC,ARI,Arizona Cardinals,13228,"Hooker, Malik",DAL,S,Taxi,
2026-09-01 03:34:29 UTC,2026-09-01T03:34:20Z,2026,1,NFC,ARI,Arizona Cardinals,17648,"Nowakowski, Riley",PIT,RB,Taxi,R
2026-09-01 03:34:29 UTC,2026-09-01T03:34:20Z,2026,1,NFC,ARI,Arizona Cardinals,13832,"Sanders, Jason",NYJ,PK,Taxi,
2026-09-01 03:34:29 UTC,2026-09-01T03:34:20Z,2026,1,NFC,ARI,Arizona Cardinals,15873,"Bellinger, Daniel",TEN,TE,Taxi,
2026-09-01 03:34:29 UTC,2026-09-01T03:34:20Z,2026,1,NFC,LAR,Los Angeles Rams,15345,"Paye, Kwity",LVR,DE,Active,
2026-09-01 03:34:29 UTC,2026-09-01T03:34:20Z,2026,1,NFC,LAR,Los Angeles Rams,13214,"Watt, T.J.",PIT,DE,Active,
2026-09-01 03:34:29 UTC,2026-09-01T03:34:20Z,2026,1,NFC,LAR,Los Angeles Rams,15698,"Purdy, Brock",SFO,QB,Active,
2026-09-01 03:34:29 UTC,2026-09-01T03:34:20Z,2026,1,NFC,LAR,Los Angeles Rams,16148,"Young, Bryce",CAR,QB,Active,
2026-09-01 03:34:29 UTC,2026-09-01T03:34:20Z,2026,1,NFC,LAR,Los Angeles Rams,16167,"Achane, De'Von",MIA,RB,Active,
2026-09-01 03:34:29 UTC,2026-09-01T03:34:20Z,2026,1,NFC,LAR,Los Angeles Rams,13251,"Baker, Budda",ARI,S,Active,
2026-09-01 03:34:29 UTC,2026-09-01T03:34:20Z,2026,1,NFC,LAR,Los Angeles Rams,16694,"Fiske, Braden",LAR,DT,Active,
2026-09-01 03:34:29 UTC,2026-09-01T03:34:20Z,2026,1,NFC,LAR,Los Angeles Rams,16696,"Cooper, Edgerrin",GBP,LB,Active,
2026-09-01 03:34:29 UTC,2026-09-01T03:34:20Z,2026,1,NFC,LAR,Los Angeles Rams,10816,"Davis, Demario",NYJ,LB,Active,
2026-09-01 03:34:29 UTC,2026-09-01T03:34:20Z,2026,1,NFC,LAR,Los Angeles Rams,16724,"Taylor, Tory",CHI,PN,Active,
2026-09-01 03:34:29 UTC,2026-09-01T03:34:20Z,2026,1,NFC,LAR,Los Angeles Rams,16264,"Benton, Keeanu",PIT,DT,Active,
2026-09-01 03:34:29 UTC,2026-09-01T03:34:20Z,2026,1,NFC,LAR,Los Angeles Rams,13298,"Stewart, Grover",IND,DT,Active,
2026-09-01 03:34:29 UTC,2026-09-01T03:34:20Z,2026,1,NFC,LAR,Los Angeles Rams,17112,"Carter, Abdul",NYG,DE,Active,
2026-09-01 03:34:29 UTC,2026-09-01T03:34:20Z,2026,1,NFC,LAR,Los Angeles Rams,17106,"Taylor, Mason",NYJ,TE,Active,
2026-09-01 03:34:29 UTC,2026-09-01T03:34:20Z,2026,1,NFC,LAR,Los Angeles Rams,17073,"Ayomanor, Elic",TEN,WR,Active,
2026-09-01 03:34:29 UTC,2026-09-01T03:34:20Z,2026,1,NFC,LAR,Los Angeles Rams,16191,"Tillman, Cedric",FA,WR,Active,Questionable
2026-09-01 03:34:29 UTC,2026-09-01T03:34:20Z,2026,1,NFC,LAR,Los Angeles Rams,11671,"Evans, Mike",SFO,WR,Active,Questionable
2026-09-01 03:34:29 UTC,2026-09-01T03:34:20Z,2026,1,NFC,LAR,Los Angeles Rams,14169,"Wilson, Mack",ARI,LB,Active,
2026-09-01 03:34:29 UTC,2026-09-01T03:34:20Z,2026,1,NFC,LAR,Los Angeles Rams,15933,"Brown, Montaric",JAC,CB,Active,
2026-09-01 03:34:29 UTC,2026-09-01T03:34:20Z,2026,1,NFC,LAR,Los Angeles Rams,12735,"Rankins, Sheldon",HOU,DT,Active,
2026-09-01 03:34:29 UTC,2026-09-01T03:34:20Z,2026,1,NFC,LAR,Los Angeles Rams,14983,"Bass, Tyler",BUF,PK,Active,
2026-09-01 03:34:29 UTC,2026-09-01T03:34:20Z,2026,1,NFC,LAR,Los Angeles Rams,16633,"Whittington, Jordan",LAR,WR,Active,
2026-09-01 03:34:29 UTC,2026-09-01T03:34:20Z,2026,1,NFC,LAR,Los Angeles Rams,15510,"Washington, Ar'Darius",NYG,S,Active,
2026-09-01 03:34:29 UTC,2026-09-01T03:34:20Z,2026,1,NFC,LAR,Los Angeles Rams,14127,"Meyers, Jakobi",JAC,WR,Active,Questionable
2026-09-01 03:34:29 UTC,2026-09-01T03:34:20Z,2026,1,NFC,LAR,Los Angeles Rams,17557,"Styles, Sonny",WAS,LB,Active,R
2026-09-01 03:34:29 UTC,2026-09-01T03:34:20Z,2026,1,NFC,LAR,Los Angeles Rams,17562,"Delane, Mansoor",KCC,CB,Active,R
2026-09-01 03:34:29 UTC,2026-09-01T03:34:20Z,2026,1,NFC,LAR,Los Angeles Rams,14933,"Blackmon, Julian",NOS,S,Active,
2026-09-01 03:34:29 UTC,2026-09-01T03:34:20Z,2026,1,NFC,LAR,Los Angeles Rams,15712,"Allgeier, Tyler",ARI,RB,Active,
2026-09-01 03:34:29 UTC,2026-09-01T03:34:20Z,2026,1,NFC,LAR,Los Angeles Rams,13208,"Allen, Jonathan",CIN,DT,Active,
2026-09-01 03:34:29 UTC,2026-09-01T03:34:20Z,2026,1,NFC,LAR,Los Angeles Rams,13674,"Goedert, Dallas",PHI,TE,Active,
2026-09-01 03:34:29 UTC,2026-09-01T03:34:20Z,2026,1,NFC,LAR,Los Angeles Rams,15241,"Jones, Mac",SFO,QB,Active,
2026-09-01 03:34:29 UTC,2026-09-01T03:34:20Z,2026,1,NFC,LAR,Los Angeles Rams,12860,"Fairbairn, Ka'imi",HOU,PK,Active,
2026-09-01 03:34:29 UTC,2026-09-01T03:34:20Z,2026,1,NFC,LAR,Los Angeles Rams,13737,"Bates, Jessie",ATL,S,Active,
2026-09-01 03:34:29 UTC,2026-09-01T03:34:20Z,2026,1,NFC,LAR,Los Angeles Rams,15833,"Gardner, Sauce",IND,CB,Active,Questionable
2026-09-01 03:34:29 UTC,2026-09-01T03:34:20Z,2026,1,NFC,LAR,Los Angeles Rams,9051,"Campbell, Calais",BAL,DT,Active,
2026-09-01 03:34:29 UTC,2026-09-01T03:34:20Z,2026,1,NFC,LAR,Los Angeles Rams,14249,"Van Ginkel, Andrew",MIN,DE,Active,
2026-09-01 03:34:29 UTC,2026-09-01T03:34:20Z,2026,1,NFC,LAR,Los Angeles Rams,13418,"Bourne, Kendrick",ARI,WR,Active,
2026-09-01 03:34:29 UTC,2026-09-01T03:34:20Z,2026,1,NFC,LAR,Los Angeles Rams,16387,"Brooks, Chris",GBP,RB,Active,
2026-09-01 03:34:29 UTC,2026-09-01T03:34:20Z,2026,1,NFC,LAR,Los Angeles Rams,17061,"Allen, LeQuint",JAC,RB,Active,Questionable
2026-09-01 03:34:29 UTC,2026-09-01T03:34:20Z,2026,1,NFC,LAR,Los Angeles Rams,14256,"Bailey, Jake",ATL,PN,Active,
2026-09-01 03:34:29 UTC,2026-09-01T03:34:20Z,2026,1,NFC,LAR,Los Angeles Rams,16642,"Stover, Cade",HOU,TE,Active,
2026-09-01 03:34:29 UTC,2026-09-01T03:34:20Z,2026,1,NFC,LAR,Los Angeles Rams,17585,"Miller, Christen",NOS,DT,Active,R
2026-09-01 03:34:29 UTC,2026-09-01T03:34:20Z,2026,1,NFC,LAR,Los Angeles Rams,17127,"Johnson, Will",ARI,CB,Active,Questionable
2026-09-01 03:34:29 UTC,2026-09-01T03:34:20Z,2026,1,NFC,LAR,Los Angeles Rams,16622,"Pearsall, Ricky",SFO,WR,INJURED_RESERVE,IR
2026-09-01 03:34:29 UTC,2026-09-01T03:34:20Z,2026,1,NFC,LAR,Los Angeles Rams,17119,"Scourton, Nic",CAR,DE,INJURED_RESERVE,IR
2026-09-01 03:34:29 UTC,2026-09-01T03:34:20Z,2026,1,NFC,LAR,Los Angeles Rams,17594,"Clark, Bud",SEA,S,INJURED_RESERVE,IR
2026-09-01 03:34:29 UTC,2026-09-01T03:34:20Z,2026,1,NFC,LAR,Los Angeles Rams,17612,"Proctor, Kaleb",ARI,DT,INJURED_RESERVE,IR
2026-09-01 03:34:29 UTC,2026-09-01T03:34:20Z,2026,1,NFC,LAR,Los Angeles Rams,17596,"Crawford, Keyron",LVR,DE,INJURED_RESERVE,IR
2026-09-01 03:34:29 UTC,2026-09-01T03:34:20Z,2026,1,NFC,LAR,Los Angeles Rams,17130,"Amos, Trey",WAS,CB,INJURED_RESERVE,IR-R
2026-09-01 03:34:29 UTC,2026-09-01T03:34:20Z,2026,1,NFC,LAR,Los Angeles Rams,17487,"Taylor, J'Mari",FA,RB,Taxi,R
2026-09-01 03:34:29 UTC,2026-09-01T03:34:20Z,2026,1,NFC,LAR,Los Angeles Rams,17536,"Bell, Dillon",MIN,WR,Taxi,R
2026-09-01 03:34:29 UTC,2026-09-01T03:34:20Z,2026,1,NFC,LAR,Los Angeles Rams,17675,"Smith, Anthony",FA,WR,Taxi,R
2026-09-01 03:34:29 UTC,2026-09-01T03:34:20Z,2026,1,NFC,LAR,Los Angeles Rams,17538,"Wallace, Harrison",FA,WR,Taxi,R
2026-09-01 03:34:29 UTC,2026-09-01T03:34:20Z,2026,1,NFC,LAR,Los Angeles Rams,17699,"Bentley, Dallen",DEN,TE,Taxi,R
2026-09-01 03:34:29 UTC,2026-09-01T03:34:20Z,2026,1,NFC,LAR,Los Angeles Rams,17591,"Boerkircher, Nate",JAC,TE,Taxi,R
2026-09-01 03:34:29 UTC,2026-09-01T03:34:20Z,2026,1,NFC,LAR,Los Angeles Rams,17602,"Regis, Albert",JAC,DT,Taxi,R
2026-09-01 03:34:29 UTC,2026-09-01T03:34:20Z,2026,1,NFC,LAR,Los Angeles Rams,17177,"West, CJ",SFO,DT,Taxi,
2026-09-01 03:34:29 UTC,2026-09-01T03:34:20Z,2026,1,NFC,LAR,Los Angeles Rams,17577,"Wheatley, Zakee",CAR,S,Taxi,R
2026-09-01 03:34:29 UTC,2026-09-01T03:34:20Z,2026,1,NFC,LAR,Los Angeles Rams,17468,"Allar, Drew",PIT,QB,Taxi,R
2026-09-01 03:34:29 UTC,2026-09-01T03:34:20Z,2026,1,NFC,LAR,Los Angeles Rams,17254,"Mumpfield, Konata",LAR,WR,Taxi,
2026-09-01 03:34:29 UTC,2026-09-01T03:34:20Z,2026,1,NFC,LAR,Los Angeles Rams,17581,"Cisse, Brandon",GBP,CB,Taxi,R
2026-09-01 03:34:29 UTC,2026-09-01T03:34:20Z,2026,1,NFC,LAR,Los Angeles Rams,17642,"Rivers, Chandler",BAL,CB,Taxi,R
2026-09-01 03:34:29 UTC,2026-09-01T03:34:20Z,2026,1,NFC,LAR,Los Angeles Rams,17145,"Winston, Kevin",TEN,S,Taxi,
2026-09-01 03:34:29 UTC,2026-09-01T03:34:20Z,2026,1,NFC,SFO,San Francisco 49ers,15287,"St. Brown, Amon-Ra",DET,WR,Active,
2026-09-01 03:34:29 UTC,2026-09-01T03:34:20Z,2026,1,NFC,SFO,San Francisco 49ers,15845,"McDuffie, Trent",LAR,CB,Active,
2026-09-01 03:34:29 UTC,2026-09-01T03:34:20Z,2026,1,NFC,SFO,San Francisco 49ers,14908,"McKinney, Xavier",GBP,S,Active,
2026-09-01 03:34:29 UTC,2026-09-01T03:34:20Z,2026,1,NFC,SFO,San Francisco 49ers,16233,"Carter, Jalen",PHI,DT,Active,
2026-09-01 03:34:29 UTC,2026-09-01T03:34:20Z,2026,1,NFC,SFO,San Francisco 49ers,16280,"Henley, Daiyan",LAC,LB,Active,
2026-09-01 03:34:29 UTC,2026-09-01T03:34:20Z,2026,1,NFC,SFO,San Francisco 49ers,16581,"Daniels, Jayden",WAS,QB,Active,
2026-09-01 03:34:29 UTC,2026-09-01T03:34:20Z,2026,1,NFC,SFO,San Francisco 49ers,16690,"Mitchell, Quinyon",PHI,CB,Active,
2026-09-01 03:34:29 UTC,2026-09-01T03:34:20Z,2026,1,NFC,SFO,San Francisco 49ers,13714,"James, Derwin",LAC,S,Active,
2026-09-01 03:34:29 UTC,2026-09-01T03:34:20Z,2026,1,NFC,SFO,San Francisco 49ers,15805,"Hutchinson, Aidan",DET,DE,Active,
2026-09-01 03:34:29 UTC,2026-09-01T03:34:20Z,2026,1,NFC,SFO,San Francisco 49ers,16629,"Wilson, Roman",PIT,WR,Active,
2026-09-01 03:34:29 UTC,2026-09-01T03:34:20Z,2026,1,NFC,SFO,San Francisco 49ers,15337,"Gray, Noah",KCC,TE,Active,
2026-09-01 03:34:29 UTC,2026-09-01T03:34:20Z,2026,1,NFC,SFO,San Francisco 49ers,13696,"Smith, Roquan",BAL,LB,Active,
2026-09-01 03:34:29 UTC,2026-09-01T03:34:20Z,2026,1,NFC,SFO,San Francisco 49ers,17043,"Henderson, TreVeyon",NEP,RB,Active,Questionable
2026-09-01 03:34:29 UTC,2026-09-01T03:34:20Z,2026,1,NFC,SFO,San Francisco 49ers,17147,"Schwesinger, Carson",CLE,LB,Active,
2026-09-01 03:34:29 UTC,2026-09-01T03:34:20Z,2026,1,NFC,SFO,San Francisco 49ers,17132,"Starks, Malaki",BAL,S,Active,
2026-09-01 03:34:29 UTC,2026-09-01T03:34:20Z,2026,1,NFC,SFO,San Francisco 49ers,12697,"Robinson, A'Shawn",TBB,DT,Active,
2026-09-01 03:34:29 UTC,2026-09-01T03:34:20Z,2026,1,NFC,SFO,San Francisco 49ers,14085,"Pollard, Tony",TEN,RB,Active,
2026-09-01 03:34:29 UTC,2026-09-01T03:34:20Z,2026,1,NFC,SFO,San Francisco 49ers,10775,"Wagner, Bobby",FA,LB,Active,
2026-09-01 03:34:29 UTC,2026-09-01T03:34:20Z,2026,1,NFC,SFO,San Francisco 49ers,17066,"Monangai, Kyle",CHI,RB,Active,Questionable
2026-09-01 03:34:29 UTC,2026-09-01T03:34:20Z,2026,1,NFC,SFO,San Francisco 49ers,16224,"Murphy, Myles",CIN,DE,Active,Questionable
2026-09-01 03:34:29 UTC,2026-09-01T03:34:20Z,2026,1,NFC,SFO,San Francisco 49ers,17141,"Hairston, Maxwell",BUF,CB,Active,
2026-09-01 03:34:29 UTC,2026-09-01T03:34:20Z,2026,1,NFC,SFO,San Francisco 49ers,17139,"Sanders, T.J.",BUF,DT,Active,
2026-09-01 03:34:29 UTC,2026-09-01T03:34:20Z,2026,1,NFC,SFO,San Francisco 49ers,14777,"Burrow, Joe",CIN,QB,Active,
2026-09-01 03:34:29 UTC,2026-09-01T03:34:20Z,2026,1,NFC,SFO,San Francisco 49ers,16628,"McMillan, Jalen",TBB,WR,Active,Questionable
2026-09-01 03:34:29 UTC,2026-09-01T03:34:20Z,2026,1,NFC,SFO,San Francisco 49ers,13802,"Martin, Jake",TEN,DE,Active,
2026-09-01 03:34:29 UTC,2026-09-01T03:34:20Z,2026,1,NFC,SFO,San Francisco 49ers,11244,"Kelce, Travis",KCC,TE,Active,
2026-09-01 03:34:29 UTC,2026-09-01T03:34:20Z,2026,1,NFC,SFO,San Francisco 49ers,17499,"Lemon, Makai",PHI,WR,Active,R
2026-09-01 03:34:29 UTC,2026-09-01T03:34:20Z,2026,1,NFC,SFO,San Francisco 49ers,17580,"Lawrence, Malachi",DAL,DE,Active,R
2026-09-01 03:34:29 UTC,2026-09-01T03:34:20Z,2026,1,NFC,SFO,San Francisco 49ers,17575,"McNeil-Warren, Emmanuel",CLE,S,Active,R
2026-09-01 03:34:29 UTC,2026-09-01T03:34:20Z,2026,1,NFC,SFO,San Francisco 49ers,17590,"Ponds, D'Angelo",NYJ,CB,Active,Questionable
2026-09-01 03:34:29 UTC,2026-09-01T03:34:20Z,2026,1,NFC,SFO,San Francisco 49ers,17588,"Young, Zion",BAL,DE,Active,R
2026-09-01 03:34:29 UTC,2026-09-01T03:34:20Z,2026,1,NFC,SFO,San Francisco 49ers,17685,"Heidenreich, Eli",PIT,RB,Active,R
2026-09-01 03:34:29 UTC,2026-09-01T03:34:20Z,2026,1,NFC,SFO,San Francisco 49ers,13933,"Ford, Poona",LAR,DT,Active,
2026-09-01 03:34:29 UTC,2026-09-01T03:34:20Z,2026,1,NFC,SFO,San Francisco 49ers,15884,"Stout, Jordan",NYG,PN,Active,
2026-09-01 03:34:29 UTC,2026-09-01T03:34:20Z,2026,1,NFC,SFO,San Francisco 49ers,13681,"Chubb, Bradley",BUF,DE,Active,
2026-09-01 03:34:29 UTC,2026-09-01T03:34:20Z,2026,1,NFC,SFO,San Francisco 49ers,15409,"Barnes, Derrick",DET,LB,Active,
2026-09-01 03:34:29 UTC,2026-09-01T03:34:20Z,2026,1,NFC,SFO,San Francisco 49ers,12225,"Williams, Leonard",SEA,DT,Active,
2026-09-01 03:34:29 UTC,2026-09-01T03:34:20Z,2026,1,NFC,SFO,San Francisco 49ers,13672,"Gesicki, Mike",CIN,TE,Active,
2026-09-01 03:34:29 UTC,2026-09-01T03:34:20Z,2026,1,NFC,SFO,San Francisco 49ers,16207,"Iosivas, Andrei",CIN,WR,Active,
2026-09-01 03:34:29 UTC,2026-09-01T03:34:20Z,2026,1,NFC,SFO,San Francisco 49ers,13920,"Ward, Charvarius",IND,CB,Active,Questionable
2026-09-01 03:34:29 UTC,2026-09-01T03:34:20Z,2026,1,NFC,SFO,San Francisco 49ers,16593,"Corum, Blake",LAR,RB,Active,
2026-09-01 03:34:29 UTC,2026-09-01T03:34:20Z,2026,1,NFC,SFO,San Francisco 49ers,16287,"Tucker, Tre",LVR,WR,Active,
2026-09-01 03:34:29 UTC,2026-09-01T03:34:20Z,2026,1,NFC,SFO,San Francisco 49ers,14947,"Wonnum, D.J.",DET,DE,Active,
2026-09-01 03:34:29 UTC,2026-09-01T03:34:20Z,2026,1,NFC,SFO,San Francisco 49ers,17726,"Stevens, Drew",WAS,PK,Active,R
2026-09-01 03:34:29 UTC,2026-09-01T03:34:20Z,2026,1,NFC,SFO,San Francisco 49ers,12186,"Diggs, Stefon",WAS,WR,Active,
2026-09-01 03:34:29 UTC,2026-09-01T03:34:20Z,2026,1,NFC,SFO,San Francisco 49ers,13759,"Armstrong, Dorance",WAS,DE,INJURED_RESERVE,Suspended
2026-09-01 03:34:29 UTC,2026-09-01T03:34:20Z,2026,1,NFC,SFO,San Francisco 49ers,17504,"Daniels, CJ",LAR,WR,Taxi,R
2026-09-01 03:34:29 UTC,2026-09-01T03:34:20Z,2026,1,NFC,SFO,San Francisco 49ers,17683,"Kuwatch, Jackson",CAR,LB,Taxi,R
2026-09-01 03:34:29 UTC,2026-09-01T03:34:20Z,2026,1,NFC,SFO,San Francisco 49ers,17700,"Murdock, Red",FA,LB,Taxi,R
2026-09-01 03:34:29 UTC,2026-09-01T03:34:20Z,2026,1,NFC,SFO,San Francisco 49ers,9064,"Flacco, Joe",CIN,QB,Taxi,
2026-09-01 03:34:29 UTC,2026-09-01T03:34:20Z,2026,1,NFC,SFO,San Francisco 49ers,12141,"Mariota, Marcus",WAS,QB,Taxi,Questionable
2026-09-01 03:34:29 UTC,2026-09-01T03:34:20Z,2026,1,NFC,SFO,San Francisco 49ers,16385,"Demercado, Emari",FA,RB,Taxi,
2026-09-01 03:34:29 UTC,2026-09-01T03:34:20Z,2026,1,NFC,SFO,San Francisco 49ers,16215,"Musgrave, Luke",GBP,TE,Taxi,IR-PUP
2026-09-01 03:34:29 UTC,2026-09-01T03:34:20Z,2026,1,NFC,SFO,San Francisco 49ers,14901,"Gallimore, Neville",CHI,DT,Taxi,
2026-09-01 03:34:29 UTC,2026-09-01T03:34:20Z,2026,1,NFC,SFO,San Francisco 49ers,16012,"Alford, Dee",BUF,CB,Taxi,
2026-09-01 03:34:29 UTC,2026-09-01T03:34:20Z,2026,1,NFC,SFO,San Francisco 49ers,13172,"Brown, Noah",FA,WR,Taxi,
2026-09-01 03:34:29 UTC,2026-09-01T03:34:20Z,2026,1,NFC,SFO,San Francisco 49ers,16201,"Hutchinson, Xavier",HOU,WR,Taxi,
2026-09-01 03:34:29 UTC,2026-09-01T03:34:20Z,2026,1,NFC,SFO,San Francisco 49ers,15788,"Tolbert, Jalen",MIA,WR,Taxi,
2026-09-01 03:34:29 UTC,2026-09-01T03:34:20Z,2026,1,NFC,SFO,San Francisco 49ers,14592,"Zaccheaus, Olamide",ATL,WR,Taxi,
2026-09-01 03:34:29 UTC,2026-09-01T03:34:20Z,2026,1,NFC,SFO,San Francisco 49ers,16286,"Moody, Jake",FA,PK,Taxi,
2026-09-01 03:34:29 UTC,2026-09-01T03:34:20Z,2026,1,NFC,SEA,Seattle Seahawks,15889,"Okonkwo, Chigoziem",WAS,TE,Active,
2026-09-01 03:34:29 UTC,2026-09-01T03:34:20Z,2026,1,NFC,SEA,Seattle Seahawks,16150,"Stroud, C.J.",HOU,QB,Active,
2026-09-01 03:34:29 UTC,2026-09-01T03:34:20Z,2026,1,NFC,SEA,Seattle Seahawks,16195,"Wicks, Dontayvion",PHI,WR,Active,
2026-09-01 03:34:29 UTC,2026-09-01T03:34:20Z,2026,1,NFC,SEA,Seattle Seahawks,15716,"Robinson, Brian",ATL,RB,Active,
2026-09-01 03:34:29 UTC,2026-09-01T03:34:20Z,2026,1,NFC,SEA,Seattle Seahawks,14896,"Queen, Patrick",PIT,LB,Active,
2026-09-01 03:34:29 UTC,2026-09-01T03:34:20Z,2026,1,NFC,SEA,Seattle Seahawks,17042,"Jeanty, Ashton",LVR,RB,Active,Questionable
2026-09-01 03:34:29 UTC,2026-09-01T03:34:20Z,2026,1,NFC,SEA,Seattle Seahawks,17070,"Burden, Luther",CHI,WR,Active,Questionable
2026-09-01 03:34:29 UTC,2026-09-01T03:34:20Z,2026,1,NFC,SEA,Seattle Seahawks,16712,"Hunt, Jalyx",PHI,DE,Active,
2026-09-01 03:34:29 UTC,2026-09-01T03:34:20Z,2026,1,NFC,SEA,Seattle Seahawks,14217,"Barton, Cody",TEN,LB,Active,
2026-09-01 03:34:29 UTC,2026-09-01T03:34:20Z,2026,1,NFC,SEA,Seattle Seahawks,16265,"Dexter, Gervon",ATL,DT,Active,Questionable
2026-09-01 03:34:29 UTC,2026-09-01T03:34:20Z,2026,1,NFC,SEA,Seattle Seahawks,16681,"Reichard, Will",MIN,PK,Active,
2026-09-01 03:34:29 UTC,2026-09-01T03:34:20Z,2026,1,NFC,SEA,Seattle Seahawks,16188,"Johnston, Quentin",LAC,WR,Active,
2026-09-01 03:34:29 UTC,2026-09-01T03:34:20Z,2026,1,NFC,SEA,Seattle Seahawks,16809,"Coker, Jalen",CAR,WR,Active,
2026-09-01 03:34:29 UTC,2026-09-01T03:34:20Z,2026,1,NFC,SEA,Seattle Seahawks,16794,"Briggs, Jowon",NYJ,DT,Active,
2026-09-01 03:34:29 UTC,2026-09-01T03:34:20Z,2026,1,NFC,SEA,Seattle Seahawks,17136,"Nolen, Walter",ARI,DT,Active,
2026-09-01 03:34:29 UTC,2026-09-01T03:34:20Z,2026,1,NFC,SEA,Seattle Seahawks,16228,"Smith, Nolan",PHI,DE,Active,
2026-09-01 03:34:29 UTC,2026-09-01T03:34:20Z,2026,1,NFC,SEA,Seattle Seahawks,16657,"Dorlus, Brandon",ATL,DT,Active,
2026-09-01 03:34:29 UTC,2026-09-01T03:34:20Z,2026,1,NFC,SEA,Seattle Seahawks,17339,"McNamara, Austin",NYJ,PN,Active,
2026-09-01 03:34:29 UTC,2026-09-01T03:34:20Z,2026,1,NFC,SEA,Seattle Seahawks,16222,"Kraft, Tucker",GBP,TE,Active,Questionable
2026-09-01 03:34:29 UTC,2026-09-01T03:34:20Z,2026,1,NFC,SEA,Seattle Seahawks,14800,"Dobbins, J.K.",DEN,RB,Active,
2026-09-01 03:34:29 UTC,2026-09-01T03:34:20Z,2026,1,NFC,SEA,Seattle Seahawks,16164,"Bigsby, Tank",PHI,RB,Active,
2026-09-01 03:34:29 UTC,2026-09-01T03:34:20Z,2026,1,NFC,SEA,Seattle Seahawks,15839,"Cross, Nick",WAS,S,Active,
2026-09-01 03:34:29 UTC,2026-09-01T03:34:20Z,2026,1,NFC,SEA,Seattle Seahawks,15822,"Lloyd, Devin",CAR,LB,Active,Questionable
2026-09-01 03:34:29 UTC,2026-09-01T03:34:20Z,2026,1,NFC,SEA,Seattle Seahawks,15789,"Watson, Christian",GBP,WR,Active,
2026-09-01 03:34:29 UTC,2026-09-01T03:34:20Z,2026,1,NFC,SEA,Seattle Seahawks,17462,"Mendoza, Fernando",LVR,QB,Active,R
2026-09-01 03:34:29 UTC,2026-09-01T03:34:20Z,2026,1,NFC,SEA,Seattle Seahawks,17544,"Stowers, Eli",PHI,TE,Active,Questionable
2026-09-01 03:34:29 UTC,2026-09-01T03:34:20Z,2026,1,NFC,SEA,Seattle Seahawks,17511,"Fields, Malachi",NYG,WR,Active,R
2026-09-01 03:34:29 UTC,2026-09-01T03:34:20Z,2026,1,NFC,SEA,Seattle Seahawks,17579,"Banks, Caleb",MIN,DT,Active,R
2026-09-01 03:34:29 UTC,2026-09-01T03:34:20Z,2026,1,NFC,SEA,Seattle Seahawks,17508,"Bell, Skyler",BUF,WR,Active,R
2026-09-01 03:34:29 UTC,2026-09-01T03:34:20Z,2026,1,NFC,SEA,Seattle Seahawks,17482,"Washington Jr., Mike",LVR,RB,Active,R
2026-09-01 03:34:29 UTC,2026-09-01T03:34:20Z,2026,1,NFC,SEA,Seattle Seahawks,14982,"Gilman, Alohi",KCC,S,Active,Questionable
2026-09-01 03:34:29 UTC,2026-09-01T03:34:20Z,2026,1,NFC,SEA,Seattle Seahawks,16145,"McMillian, Ja'Quan",DEN,CB,Active,
2026-09-01 03:34:29 UTC,2026-09-01T03:34:20Z,2026,1,NFC,SEA,Seattle Seahawks,14995,"Metellus, Josh",MIN,S,Active,
2026-09-01 03:34:29 UTC,2026-09-01T03:34:20Z,2026,1,NFC,SEA,Seattle Seahawks,10700,"Cousins, Kirk",LVR,QB,Active,
2026-09-01 03:34:29 UTC,2026-09-01T03:34:20Z,2026,1,NFC,SEA,Seattle Seahawks,15254,"Harris, Najee",NYG,RB,Active,
2026-09-01 03:34:29 UTC,2026-09-01T03:34:20Z,2026,1,NFC,SEA,Seattle Seahawks,17743,"Strand, Jack",ATL,QB,Active,R
2026-09-01 03:34:29 UTC,2026-09-01T03:34:20Z,2026,1,NFC,SEA,Seattle Seahawks,15795,"Kolar, Charlie",LAC,TE,Active,
2026-09-01 03:34:29 UTC,2026-09-01T03:34:20Z,2026,1,NFC,SEA,Seattle Seahawks,17554,"Parker, T.J.",BUF,DE,Active,R
2026-09-01 03:34:29 UTC,2026-09-01T03:34:20Z,2026,1,NFC,SEA,Seattle Seahawks,16274,"Williams, Garrett",ARI,CB,Active,
2026-09-01 03:34:29 UTC,2026-09-01T03:34:20Z,2026,1,NFC,SEA,Seattle Seahawks,16300,"McGuire, Isaiah",CLE,DE,Active,
2026-09-01 03:34:29 UTC,2026-09-01T03:34:20Z,2026,1,NFC,SEA,Seattle Seahawks,15681,"Elliss, Christian",NEP,LB,Active,
2026-09-01 03:34:29 UTC,2026-09-01T03:34:20Z,2026,1,NFC,SEA,Seattle Seahawks,17163,"Parrish, Jacob",TBB,CB,Active,
2026-09-01 03:34:29 UTC,2026-09-01T03:34:20Z,2026,1,NFC,SEA,Seattle Seahawks,17584,"Jacas, Gabe",NEP,DE,Active,R
2026-09-01 03:34:29 UTC,2026-09-01T03:34:20Z,2026,1,NFC,SEA,Seattle Seahawks,14954,"Hawkins, Jaylinn",BAL,S,Active,
2026-09-01 03:34:29 UTC,2026-09-01T03:34:20Z,2026,1,NFC,SEA,Seattle Seahawks,17657,"Green, Taylen",CLE,QB,Active,R
2026-09-01 03:34:29 UTC,2026-09-01T03:34:20Z,2026,1,NFC,SEA,Seattle Seahawks,15351,"Owusu-Koramoah, Jeremiah",CLE,LB,INJURED_RESERVE,IR-PUP
2026-09-01 03:34:29 UTC,2026-09-01T03:34:20Z,2026,1,NFC,SEA,Seattle Seahawks,17096,"Williams, Savion",GBP,WR,INJURED_RESERVE,IR-R
2026-09-01 03:34:29 UTC,2026-09-01T03:34:20Z,2026,1,NFC,SEA,Seattle Seahawks,15484,"Cooper, Jonathon",DEN,DE,Taxi,Suspended
2026-09-01 03:34:29 UTC,2026-09-01T03:34:20Z,2026,1,AFC,BUF,Buffalo Bills,16162,"Gibbs, Jahmyr",DET,RB,Active,
2026-09-01 03:34:29 UTC,2026-09-01T03:34:20Z,2026,1,AFC,BUF,Buffalo Bills,16265,"Dexter, Gervon",ATL,DT,Active,Questionable
2026-09-01 03:34:29 UTC,2026-09-01T03:34:20Z,2026,1,AFC,BUF,Buffalo Bills,16223,"Anderson, Will",HOU,DE,Active,
2026-09-01 03:34:29 UTC,2026-09-01T03:34:20Z,2026,1,AFC,BUF,Buffalo Bills,14109,"McLaurin, Terry",WAS,WR,Active,
2026-09-01 03:34:29 UTC,2026-09-01T03:34:20Z,2026,1,AFC,BUF,Buffalo Bills,16641,"Bowers, Brock",LVR,TE,Active,
2026-09-01 03:34:29 UTC,2026-09-01T03:34:20Z,2026,1,AFC,BUF,Buffalo Bills,16614,"Harrison Jr., Marvin",ARI,WR,Active,
2026-09-01 03:34:29 UTC,2026-09-01T03:34:20Z,2026,1,AFC,BUF,Buffalo Bills,16651,"Latu, Laiatu",IND,DE,Active,
2026-09-01 03:34:29 UTC,2026-09-01T03:34:20Z,2026,1,AFC,BUF,Buffalo Bills,16692,"Newton, Jer'Zhan",WAS,DT,Active,IR
2026-09-01 03:34:29 UTC,2026-09-01T03:34:20Z,2026,1,AFC,BUF,Buffalo Bills,16677,"Bullard, Javon",GBP,S,Active,Questionable
2026-09-01 03:34:29 UTC,2026-09-01T03:34:20Z,2026,1,AFC,BUF,Buffalo Bills,16148,"Young, Bryce",CAR,QB,Active,
2026-09-01 03:34:29 UTC,2026-09-01T03:34:20Z,2026,1,AFC,BUF,Buffalo Bills,16681,"Reichard, Will",MIN,PK,Active,
2026-09-01 03:34:29 UTC,2026-09-01T03:34:20Z,2026,1,AFC,BUF,Buffalo Bills,17042,"Jeanty, Ashton",LVR,RB,Active,Questionable
2026-09-01 03:34:29 UTC,2026-09-01T03:34:20Z,2026,1,AFC,BUF,Buffalo Bills,17081,"Egbuka, Emeka",TBB,WR,Active,Questionable
2026-09-01 03:34:29 UTC,2026-09-01T03:34:20Z,2026,1,AFC,BUF,Buffalo Bills,17126,"Stutsman, Danny",NOS,LB,Active,
2026-09-01 03:34:29 UTC,2026-09-01T03:34:20Z,2026,1,AFC,BUF,Buffalo Bills,17055,"James, Jordan",SFO,RB,Active,
2026-09-01 03:34:29 UTC,2026-09-01T03:34:20Z,2026,1,AFC,BUF,Buffalo Bills,16667,"Gray, Cedric",TEN,LB,Active,
2026-09-01 03:34:29 UTC,2026-09-01T03:34:20Z,2026,1,AFC,BUF,Buffalo Bills,16702,"Green, Renardo",SFO,CB,Active,Questionable
2026-09-01 03:34:29 UTC,2026-09-01T03:34:20Z,2026,1,AFC,BUF,Buffalo Bills,17129,"Morrison, Benjamin",TBB,CB,Active,
2026-09-01 03:34:29 UTC,2026-09-01T03:34:20Z,2026,1,AFC,BUF,Buffalo Bills,15839,"Cross, Nick",WAS,S,Active,
2026-09-01 03:34:29 UTC,2026-09-01T03:34:20Z,2026,1,AFC,BUF,Buffalo Bills,16165,"Spears, Tyjae",TEN,RB,Active,
2026-09-01 03:34:29 UTC,2026-09-01T03:34:20Z,2026,1,AFC,BUF,Buffalo Bills,16192,"Washington, Parker",JAC,WR,Active,
2026-09-01 03:34:29 UTC,2026-09-01T03:34:20Z,2026,1,AFC,BUF,Buffalo Bills,15779,"Doubs, Romeo",NEP,WR,Active,
2026-09-01 03:34:29 UTC,2026-09-01T03:34:20Z,2026,1,AFC,BUF,Buffalo Bills,17139,"Sanders, T.J.",BUF,DT,Active,
2026-09-01 03:34:29 UTC,2026-09-01T03:34:20Z,2026,1,AFC,BUF,Buffalo Bills,14777,"Burrow, Joe",CIN,QB,Active,
2026-09-01 03:34:29 UTC,2026-09-01T03:34:20Z,2026,1,AFC,BUF,Buffalo Bills,14518,"Thompson, Jalen",DAL,S,Active,
2026-09-01 03:34:29 UTC,2026-09-01T03:34:20Z,2026,1,AFC,BUF,Buffalo Bills,16615,"Nabers, Malik",NYG,WR,Active,Questionable
2026-09-01 03:34:29 UTC,2026-09-01T03:34:20Z,2026,1,AFC,BUF,Buffalo Bills,13920,"Ward, Charvarius",IND,CB,Active,Questionable
2026-09-01 03:34:29 UTC,2026-09-01T03:34:20Z,2026,1,AFC,BUF,Buffalo Bills,17108,"Arroyo, Elijah",SEA,TE,Active,
2026-09-01 03:34:29 UTC,2026-09-01T03:34:20Z,2026,1,AFC,BUF,Buffalo Bills,15806,"Thibodeaux, Kayvon",NYG,DE,Active,
2026-09-01 03:34:29 UTC,2026-09-01T03:34:20Z,2026,1,AFC,BUF,Buffalo Bills,15831,"Chenal, Leo",WAS,LB,Active,
2026-09-01 03:34:29 UTC,2026-09-01T03:34:20Z,2026,1,AFC,BUF,Buffalo Bills,17079,"Johnson, Tez",TBB,WR,Active,
2026-09-01 03:34:29 UTC,2026-09-01T03:34:20Z,2026,1,AFC,BUF,Buffalo Bills,16788,"Vele, Devaughn",NOS,WR,Active,
2026-09-01 03:34:29 UTC,2026-09-01T03:34:20Z,2026,1,AFC,BUF,Buffalo Bills,17557,"Styles, Sonny",WAS,LB,Active,R
2026-09-01 03:34:29 UTC,2026-09-01T03:34:20Z,2026,1,AFC,BUF,Buffalo Bills,17575,"McNeil-Warren, Emmanuel",CLE,S,Active,R
2026-09-01 03:34:29 UTC,2026-09-01T03:34:20Z,2026,1,AFC,BUF,Buffalo Bills,17601,"Haulcy, A.J.",IND,S,Active,R
2026-09-01 03:34:29 UTC,2026-09-01T03:34:20Z,2026,1,AFC,BUF,Buffalo Bills,17664,"Eckley, Ryan",BAL,PN,Active,R
2026-09-01 03:34:29 UTC,2026-09-01T03:34:20Z,2026,1,AFC,BUF,Buffalo Bills,12697,"Robinson, A'Shawn",TBB,DT,Active,
2026-09-01 03:34:29 UTC,2026-09-01T03:34:20Z,2026,1,AFC,BUF,Buffalo Bills,15808,"Karlaftis, George",KCC,DE,Active,
2026-09-01 03:34:29 UTC,2026-09-01T03:34:20Z,2026,1,AFC,BUF,Buffalo Bills,15405,"Stephens, Brandon",NYJ,CB,Active,
2026-09-01 03:34:29 UTC,2026-09-01T03:34:20Z,2026,1,AFC,BUF,Buffalo Bills,17613,"Halton, Gracen",SFO,DT,Active,Questionable
2026-09-01 03:34:29 UTC,2026-09-01T03:34:20Z,2026,1,AFC,BUF,Buffalo Bills,17629,"Boettcher, Bryce",IND,LB,Active,R
2026-09-01 03:34:29 UTC,2026-09-01T03:34:20Z,2026,1,AFC,BUF,Buffalo Bills,12218,"Armstead, Arik",JAC,DT,Active,
2026-09-01 03:34:29 UTC,2026-09-01T03:34:20Z,2026,1,AFC,BUF,Buffalo Bills,17619,"Dennis-Sutton, Dani",GBP,DE,Active,Questionable
2026-09-01 03:34:29 UTC,2026-09-01T03:34:20Z,2026,1,AFC,BUF,Buffalo Bills,17685,"Heidenreich, Eli",PIT,RB,Active,R
2026-09-01 03:34:29 UTC,2026-09-01T03:34:20Z,2026,1,AFC,BUF,Buffalo Bills,17581,"Cisse, Brandon",GBP,CB,Active,R
2026-09-01 03:34:29 UTC,2026-09-01T03:34:20Z,2026,1,AFC,BUF,Buffalo Bills,16234,"Simpson, Trenton",BAL,LB,Active,
2026-09-01 03:34:29 UTC,2026-09-01T03:34:20Z,2026,1,AFC,BUF,Buffalo Bills,16256,"Bresee, Bryan",NOS,DT,INJURED_RESERVE,IR
2026-09-01 03:34:29 UTC,2026-09-01T03:34:20Z,2026,1,AFC,BUF,Buffalo Bills,16671,"Arnold, Terrion",SEA,CB,Taxi,Suspended
2026-09-01 03:34:29 UTC,2026-09-01T03:34:20Z,2026,1,AFC,BUF,Buffalo Bills,15484,"Cooper, Jonathon",DEN,DE,Taxi,Suspended
2026-09-01 03:34:29 UTC,2026-09-01T03:34:20Z,2026,1,AFC,MIA,Miami Dolphins,15287,"St. Brown, Amon-Ra",DET,WR,Active,
2026-09-01 03:34:29 UTC,2026-09-01T03:34:20Z,2026,1,AFC,MIA,Miami Dolphins,13837,"Franklin, Zaire",GBP,LB,Active,
2026-09-01 03:34:29 UTC,2026-09-01T03:34:20Z,2026,1,AFC,MIA,Miami Dolphins,16188,"Johnston, Quentin",LAC,WR,Active,
2026-09-01 03:34:29 UTC,2026-09-01T03:34:20Z,2026,1,AFC,MIA,Miami Dolphins,16190,"Flowers, Zay",BAL,WR,Active,Questionable
2026-09-01 03:34:29 UTC,2026-09-01T03:34:20Z,2026,1,AFC,MIA,Miami Dolphins,14630,"Cole, A.J.",LVR,PN,Active,
2026-09-01 03:34:29 UTC,2026-09-01T03:34:20Z,2026,1,AFC,MIA,Miami Dolphins,13214,"Watt, T.J.",PIT,DE,Active,
2026-09-01 03:34:29 UTC,2026-09-01T03:34:20Z,2026,1,AFC,MIA,Miami Dolphins,16580,"Maye, Drake",NEP,QB,Active,
2026-09-01 03:34:29 UTC,2026-09-01T03:34:20Z,2026,1,AFC,MIA,Miami Dolphins,16689,"Murphy, Byron",SEA,DT,Active,
2026-09-01 03:34:29 UTC,2026-09-01T03:34:20Z,2026,1,AFC,MIA,Miami Dolphins,14224,"Gardner-Johnson, Chauncey",BUF,S,Active,
2026-09-01 03:34:29 UTC,2026-09-01T03:34:20Z,2026,1,AFC,MIA,Miami Dolphins,15394,"Adebo, Paulson",NYG,CB,Active,Questionable
2026-09-01 03:34:29 UTC,2026-09-01T03:34:20Z,2026,1,AFC,MIA,Miami Dolphins,14995,"Metellus, Josh",MIN,S,Active,
2026-09-01 03:34:29 UTC,2026-09-01T03:34:20Z,2026,1,AFC,MIA,Miami Dolphins,15904,"Bland, DaRon",DAL,CB,Active,
2026-09-01 03:34:29 UTC,2026-09-01T03:34:20Z,2026,1,AFC,MIA,Miami Dolphins,17132,"Starks, Malaki",BAL,S,Active,
2026-09-01 03:34:29 UTC,2026-09-01T03:34:20Z,2026,1,AFC,MIA,Miami Dolphins,14717,"McLaughlin, Chase",TBB,PK,Active,
2026-09-01 03:34:29 UTC,2026-09-01T03:34:20Z,2026,1,AFC,MIA,Miami Dolphins,17102,"Warren, Tyler",IND,TE,Active,Questionable
2026-09-01 03:34:29 UTC,2026-09-01T03:34:20Z,2026,1,AFC,MIA,Miami Dolphins,17118,"Stewart, Josaiah",LAR,DE,Active,
2026-09-01 03:34:29 UTC,2026-09-01T03:34:20Z,2026,1,AFC,MIA,Miami Dolphins,17125,"Knight, Demetrius",CIN,LB,Active,
2026-09-01 03:34:29 UTC,2026-09-01T03:34:20Z,2026,1,AFC,MIA,Miami Dolphins,11769,"Lawrence, Demarcus",SEA,DE,Active,
2026-09-01 03:34:29 UTC,2026-09-01T03:34:20Z,2026,1,AFC,MIA,Miami Dolphins,9431,"Stafford, Matthew",LAR,QB,Active,
2026-09-01 03:34:29 UTC,2026-09-01T03:34:20Z,2026,1,AFC,MIA,Miami Dolphins,13742,"Hill, B.J.",CIN,DT,Active,
2026-09-01 03:34:29 UTC,2026-09-01T03:34:20Z,2026,1,AFC,MIA,Miami Dolphins,13164,"Kupp, Cooper",SEA,WR,Active,
2026-09-01 03:34:29 UTC,2026-09-01T03:34:20Z,2026,1,AFC,MIA,Miami Dolphins,16013,"Landman, Nate",LAR,LB,Active,
2026-09-01 03:34:29 UTC,2026-09-01T03:34:20Z,2026,1,AFC,MIA,Miami Dolphins,13284,"Hendrickson, Trey",BAL,DE,Active,
2026-09-01 03:34:29 UTC,2026-09-01T03:34:20Z,2026,1,AFC,MIA,Miami Dolphins,15708,"Hall, Breece",NYJ,RB,Active,Questionable
2026-09-01 03:34:29 UTC,2026-09-01T03:34:20Z,2026,1,AFC,MIA,Miami Dolphins,17560,"Hill Jr., Anthony",TEN,LB,Active,R
2026-09-01 03:34:29 UTC,2026-09-01T03:34:20Z,2026,1,AFC,MIA,Miami Dolphins,17583,"Thomas, R Mason",KCC,DE,Active,R
2026-09-01 03:34:29 UTC,2026-09-01T03:34:20Z,2026,1,AFC,MIA,Miami Dolphins,17572,"Terrell, Avieon",ATL,CB,Active,R
2026-09-01 03:34:29 UTC,2026-09-01T03:34:20Z,2026,1,AFC,MIA,Miami Dolphins,16778,"Flournoy, Ryan",DAL,WR,Active,
2026-09-01 03:34:29 UTC,2026-09-01T03:34:20Z,2026,1,AFC,MIA,Miami Dolphins,16279,"Moss, Riley",DEN,CB,Active,Questionable
2026-09-01 03:34:29 UTC,2026-09-01T03:34:20Z,2026,1,AFC,MIA,Miami Dolphins,13772,"Schultz, Dalton",HOU,TE,Active,
2026-09-01 03:34:29 UTC,2026-09-01T03:34:20Z,2026,1,AFC,MIA,Miami Dolphins,13774,"Reed, D.J.",DET,CB,Active,Questionable
2026-09-01 03:34:29 UTC,2026-09-01T03:34:20Z,2026,1,AFC,MIA,Miami Dolphins,14893,"Baun, Zack",PHI,LB,Active,
2026-09-01 03:34:29 UTC,2026-09-01T03:34:20Z,2026,1,AFC,MIA,Miami Dolphins,15293,"Bateman, Rashod",BAL,WR,Active,
2026-09-01 03:34:29 UTC,2026-09-01T03:34:20Z,2026,1,AFC,MIA,Miami Dolphins,11721,"Mack, Khalil",LAC,DE,Active,
2026-09-01 03:34:29 UTC,2026-09-01T03:34:20Z,2026,1,AFC,MIA,Miami Dolphins,14800,"Dobbins, J.K.",DEN,RB,Active,
2026-09-01 03:34:29 UTC,2026-09-01T03:34:20Z,2026,1,AFC,MIA,Miami Dolphins,14907,"Delpit, Grant",CLE,S,Active,
2026-09-01 03:34:29 UTC,2026-09-01T03:34:20Z,2026,1,AFC,MIA,Miami Dolphins,15716,"Robinson, Brian",ATL,RB,Active,
2026-09-01 03:34:29 UTC,2026-09-01T03:34:20Z,2026,1,AFC,MIA,Miami Dolphins,13806,"Elliott, DeShon",PIT,S,Active,IR-R
2026-09-01 03:34:29 UTC,2026-09-01T03:34:20Z,2026,1,AFC,MIA,Miami Dolphins,13717,"Reid, Justin",NOS,S,Active,
2026-09-01 03:34:29 UTC,2026-09-01T03:34:20Z,2026,1,AFC,MIA,Miami Dolphins,17482,"Washington Jr., Mike",LVR,RB,Active,R
2026-09-01 03:34:29 UTC,2026-09-01T03:34:20Z,2026,1,AFC,MIA,Miami Dolphins,17519,"Lance, Bryce",NOS,WR,Active,R
2026-09-01 03:34:29 UTC,2026-09-01T03:34:20Z,2026,1,AFC,MIA,Miami Dolphins,17547,"Klare, Max",LAR,TE,Active,R
2026-09-01 03:34:29 UTC,2026-09-01T03:34:20Z,2026,1,AFC,MIA,Miami Dolphins,17585,"Miller, Christen",NOS,DT,Active,R
2026-09-01 03:34:29 UTC,2026-09-01T03:34:20Z,2026,1,AFC,MIA,Miami Dolphins,15358,"Togiai, Tommy",HOU,DT,Active,
2026-09-01 03:34:29 UTC,2026-09-01T03:34:20Z,2026,1,AFC,MIA,Miami Dolphins,13227,"Lewis, Jourdan",JAC,CB,Active,
2026-09-01 03:34:29 UTC,2026-09-01T03:34:20Z,2026,1,AFC,MIA,Miami Dolphins,14086,"Hill, Justice",BAL,RB,Active,
2026-09-01 03:34:29 UTC,2026-09-01T03:34:20Z,2026,1,AFC,NEP,New England Patriots,14782,"Love, Jordan",GBP,QB,Active,
2026-09-01 03:34:29 UTC,2026-09-01T03:34:20Z,2026,1,AFC,NEP,New England Patriots,15753,"Wilson, Garrett",NYJ,WR,Active,
2026-09-01 03:34:29 UTC,2026-09-01T03:34:20Z,2026,1,AFC,NEP,New England Patriots,14167,"Hines-Allen, Josh",JAC,DE,Active,
2026-09-01 03:34:29 UTC,2026-09-01T03:34:20Z,2026,1,AFC,NEP,New England Patriots,16252,"McDonald, Will",NYJ,DE,Active,
2026-09-01 03:34:29 UTC,2026-09-01T03:34:20Z,2026,1,AFC,NEP,New England Patriots,14163,"Simmons, Jeffery",TEN,DT,Active,
2026-09-01 03:34:29 UTC,2026-09-01T03:34:20Z,2026,1,AFC,NEP,New England Patriots,16206,"Wilson, Michael",ARI,WR,Active,
2026-09-01 03:34:29 UTC,2026-09-01T03:34:20Z,2026,1,AFC,NEP,New England Patriots,15076,"Rozeboom, Christian",TBB,LB,Active,
2026-09-01 03:34:29 UTC,2026-09-01T03:34:20Z,2026,1,AFC,NEP,New England Patriots,16698,"Sainristil, Mike",WAS,CB,Active,
2026-09-01 03:34:29 UTC,2026-09-01T03:34:20Z,2026,1,AFC,NEP,New England Patriots,15798,"Likely, Isaiah",NYG,TE,Active,
2026-09-01 03:34:29 UTC,2026-09-01T03:34:20Z,2026,1,AFC,NEP,New England Patriots,16654,"Elliss, Jonah",DEN,DE,Active,
2026-09-01 03:34:29 UTC,2026-09-01T03:34:20Z,2026,1,AFC,NEP,New England Patriots,16236,"To'oTo'o, Henry",HOU,LB,Active,
2026-09-01 03:34:29 UTC,2026-09-01T03:34:20Z,2026,1,AFC,NEP,New England Patriots,15349,"Phillips, Jaelan",CAR,DE,Active,Questionable
2026-09-01 03:34:29 UTC,2026-09-01T03:34:20Z,2026,1,AFC,NEP,New England Patriots,16629,"Wilson, Roman",PIT,WR,Active,
2026-09-01 03:34:29 UTC,2026-09-01T03:34:20Z,2026,1,AFC,NEP,New England Patriots,16268,"Turner, DJ",CIN,CB,Active,
2026-09-01 03:34:29 UTC,2026-09-01T03:34:20Z,2026,1,AFC,NEP,New England Patriots,15868,"Jones, Marcus",NEP,CB,Active,
2026-09-01 03:34:29 UTC,2026-09-01T03:34:20Z,2026,1,AFC,NEP,New England Patriots,17080,"Noel, Jaylin",HOU,WR,Active,Questionable
2026-09-01 03:34:29 UTC,2026-09-01T03:34:20Z,2026,1,AFC,NEP,New England Patriots,14218,"Okereke, Bobby",CAR,LB,Active,
2026-09-01 03:34:29 UTC,2026-09-01T03:34:20Z,2026,1,AFC,NEP,New England Patriots,14059,"Jones, Daniel",IND,QB,Active,
2026-09-01 03:34:29 UTC,2026-09-01T03:34:20Z,2026,1,AFC,NEP,New England Patriots,17134,"Williams, Kyle",NEP,WR,Active,
2026-09-01 03:34:29 UTC,2026-09-01T03:34:20Z,2026,1,AFC,NEP,New England Patriots,17148,"Collins, Alfred",SFO,DT,Active,
2026-09-01 03:34:29 UTC,2026-09-01T03:34:20Z,2026,1,AFC,NEP,New England Patriots,17153,"Mukuba, Andrew",PHI,S,Active,
2026-09-01 03:34:29 UTC,2026-09-01T03:34:20Z,2026,1,AFC,NEP,New England Patriots,16080,"Shaheed, Rashid",SEA,WR,Active,
2026-09-01 03:34:29 UTC,2026-09-01T03:34:20Z,2026,1,AFC,NEP,New England Patriots,15388,"Ossai, Joseph",NYJ,DE,Active,Questionable
2026-09-01 03:34:29 UTC,2026-09-01T03:34:20Z,2026,1,AFC,NEP,New England Patriots,14900,"Madubuike, Nnamdi",BAL,DT,Active,Questionable
2026-09-01 03:34:29 UTC,2026-09-01T03:34:20Z,2026,1,AFC,NEP,New England Patriots,14947,"Wonnum, D.J.",DET,DE,Active,
2026-09-01 03:34:29 UTC,2026-09-01T03:34:20Z,2026,1,AFC,NEP,New England Patriots,15681,"Elliss, Christian",NEP,LB,Active,
2026-09-01 03:34:29 UTC,2026-09-01T03:34:20Z,2026,1,AFC,NEP,New England Patriots,15823,"Harris, Christian",ATL,LB,Active,
2026-09-01 03:34:29 UTC,2026-09-01T03:34:20Z,2026,1,AFC,NEP,New England Patriots,12752,"Byard, Kevin",NEP,S,Active,
2026-09-01 03:34:29 UTC,2026-09-01T03:34:20Z,2026,1,AFC,NEP,New England Patriots,12626,"Henry, Derrick",BAL,RB,Active,
2026-09-01 03:34:29 UTC,2026-09-01T03:34:20Z,2026,1,AFC,NEP,New England Patriots,17543,"Sadiq, Kenyon",NYJ,TE,Active,Questionable
2026-09-01 03:34:29 UTC,2026-09-01T03:34:20Z,2026,1,AFC,NEP,New England Patriots,17500,"Boston, Denzel",CLE,WR,Active,R
2026-09-01 03:34:29 UTC,2026-09-01T03:34:20Z,2026,1,AFC,NEP,New England Patriots,17569,"McDonald, Kayden",HOU,DT,Active,R
2026-09-01 03:34:29 UTC,2026-09-01T03:34:20Z,2026,1,AFC,NEP,New England Patriots,17579,"Banks, Caleb",MIN,DT,Active,R
2026-09-01 03:34:29 UTC,2026-09-01T03:34:20Z,2026,1,AFC,NEP,New England Patriots,17507,"Branch, Zachariah",ATL,WR,Active,R
2026-09-01 03:34:29 UTC,2026-09-01T03:34:20Z,2026,1,AFC,NEP,New England Patriots,15872,"Bryant, Coby",CHI,S,Active,Out
2026-09-01 03:34:29 UTC,2026-09-01T03:34:20Z,2026,1,AFC,NEP,New England Patriots,13319,"Jones, Aaron",MIN,RB,Active,
2026-09-01 03:34:29 UTC,2026-09-01T03:34:20Z,2026,1,AFC,NEP,New England Patriots,15861,"Bonitto, Nik",DEN,DE,Active,
2026-09-01 03:34:29 UTC,2026-09-01T03:34:20Z,2026,1,AFC,NEP,New England Patriots,14249,"Van Ginkel, Andrew",MIN,DE,Active,
2026-09-01 03:34:29 UTC,2026-09-01T03:34:20Z,2026,1,AFC,NEP,New England Patriots,17478,"Allen, Kaytron",WAS,RB,Active,R
2026-09-01 03:34:29 UTC,2026-09-01T03:34:20Z,2026,1,AFC,NEP,New England Patriots,8851,"Folk, Nick",ATL,PK,Active,
2026-09-01 03:34:29 UTC,2026-09-01T03:34:20Z,2026,1,AFC,NEP,New England Patriots,13692,"Vea, Vita",TBB,DT,Active,
2026-09-01 03:34:29 UTC,2026-09-01T03:34:20Z,2026,1,AFC,NEP,New England Patriots,12238,"Perryman, Denzel",LAC,LB,Active,
2026-09-01 03:34:29 UTC,2026-09-01T03:34:20Z,2026,1,AFC,NEP,New England Patriots,14256,"Bailey, Jake",ATL,PN,Active,
2026-09-01 03:34:29 UTC,2026-09-01T03:34:20Z,2026,1,AFC,NEP,New England Patriots,17706,"Benson, Malik",LVR,WR,Taxi,R
2026-09-01 03:34:29 UTC,2026-09-01T03:34:20Z,2026,1,AFC,NEP,New England Patriots,17171,"Dike, Chimere",TEN,WR,Taxi,
2026-09-01 03:34:29 UTC,2026-09-01T03:34:20Z,2026,1,AFC,NEP,New England Patriots,17542,"Young, Colbie",CIN,WR,Taxi,R
2026-09-01 03:34:29 UTC,2026-09-01T03:34:20Z,2026,1,AFC,NEP,New England Patriots,17597,"Height, Romello",SFO,DE,Taxi,Questionable
2026-09-01 03:34:29 UTC,2026-09-01T03:34:20Z,2026,1,AFC,NEP,New England Patriots,17634,"Jefferson, Justin",CLE,LB,Taxi,R
2026-09-01 03:34:29 UTC,2026-09-01T03:34:20Z,2026,1,AFC,NEP,New England Patriots,17156,"Porter, Darien",LVR,CB,Taxi,
2026-09-01 03:34:29 UTC,2026-09-01T03:34:20Z,2026,1,AFC,NEP,New England Patriots,17626,"Smith, Genesis",LAC,S,Taxi,R
2026-09-01 03:34:29 UTC,2026-09-01T03:34:20Z,2026,1,AFC,NEP,New England Patriots,17640,"Taaffe, Michael",MIA,S,Taxi,R
2026-09-01 03:34:29 UTC,2026-09-01T03:34:20Z,2026,1,AFC,NEP,New England Patriots,17582,"Stukes, Treydan",LVR,S,Taxi,R
2026-09-01 03:34:29 UTC,2026-09-01T03:34:20Z,2026,1,AFC,NEP,New England Patriots,15786,"Nailor, Jalen",LVR,WR,Taxi,
2026-09-01 03:34:29 UTC,2026-09-01T03:34:20Z,2026,1,AFC,NEP,New England Patriots,12739,"Clark, Kenny",DAL,DT,Taxi,
2026-09-01 03:34:29 UTC,2026-09-01T03:34:20Z,2026,1,AFC,NYJ,New York Jets,16264,"Benton, Keeanu",PIT,DT,Active,
2026-09-01 03:34:29 UTC,2026-09-01T03:34:20Z,2026,1,AFC,NYJ,New York Jets,14842,"Pittman, Michael",PIT,WR,Active,Questionable
2026-09-01 03:34:29 UTC,2026-09-01T03:34:20Z,2026,1,AFC,NYJ,New York Jets,16251,"Gonzalez, Christian",NEP,CB,Active,
2026-09-01 03:34:29 UTC,2026-09-01T03:34:20Z,2026,1,AFC,NYJ,New York Jets,15794,"McBride, Trey",ARI,TE,Active,
2026-09-01 03:34:29 UTC,2026-09-01T03:34:20Z,2026,1,AFC,NYJ,New York Jets,16619,"Franklin, Troy",DEN,WR,Active,
2026-09-01 03:34:29 UTC,2026-09-01T03:34:20Z,2026,1,AFC,NYJ,New York Jets,16675,"DeJean, Cooper",PHI,CB,Active,Questionable
2026-09-01 03:34:29 UTC,2026-09-01T03:34:20Z,2026,1,AFC,NYJ,New York Jets,16705,"Bullock, Calen",HOU,S,Active,
2026-09-01 03:34:29 UTC,2026-09-01T03:34:20Z,2026,1,AFC,NYJ,New York Jets,16697,"Smith, Maason",ATL,DT,Active,
2026-09-01 03:34:29 UTC,2026-09-01T03:34:20Z,2026,1,AFC,NYJ,New York Jets,11675,"Adams, Davante",LAR,WR,Active,
2026-09-01 03:34:29 UTC,2026-09-01T03:34:20Z,2026,1,AFC,NYJ,New York Jets,17030,"Ward, Cam",TEN,QB,Active,
2026-09-01 03:34:29 UTC,2026-09-01T03:34:20Z,2026,1,AFC,NYJ,New York Jets,17072,"Harris, Tre",LAC,WR,Active,Questionable
2026-09-01 03:34:29 UTC,2026-09-01T03:34:20Z,2026,1,AFC,NYJ,New York Jets,17056,"Etienne, Trevor",CAR,RB,Active,IR-R
2026-09-01 03:34:29 UTC,2026-09-01T03:34:20Z,2026,1,AFC,NYJ,New York Jets,16226,"Wilson, Tyree",NOS,DE,Active,
2026-09-01 03:34:29 UTC,2026-09-01T03:34:20Z,2026,1,AFC,NYJ,New York Jets,17181,"Ransom, Lathan",CAR,S,Active,
2026-09-01 03:34:29 UTC,2026-09-01T03:34:20Z,2026,1,AFC,NYJ,New York Jets,17205,"Lambert-Smith, KeAndre",LAC,WR,Active,
2026-09-01 03:34:29 UTC,2026-09-01T03:34:20Z,2026,1,AFC,NYJ,New York Jets,16274,"Williams, Garrett",ARI,CB,Active,
2026-09-01 03:34:29 UTC,2026-09-01T03:34:20Z,2026,1,AFC,NYJ,New York Jets,16596,"Allen, Braelon",NYJ,RB,Active,
2026-09-01 03:34:29 UTC,2026-09-01T03:34:20Z,2026,1,AFC,NYJ,New York Jets,13682,"Key, Arden",IND,DE,Active,
2026-09-01 03:34:29 UTC,2026-09-01T03:34:20Z,2026,1,AFC,NYJ,New York Jets,14892,"Brooks, Jordyn",MIA,LB,Active,
2026-09-01 03:34:29 UTC,2026-09-01T03:34:20Z,2026,1,AFC,NYJ,New York Jets,14802,"Taylor, Jonathan",IND,RB,Active,
2026-09-01 03:34:29 UTC,2026-09-01T03:34:20Z,2026,1,AFC,NYJ,New York Jets,16278,"Diaby, YaYa",TBB,DE,Active,
2026-09-01 03:34:29 UTC,2026-09-01T03:34:20Z,2026,1,AFC,NYJ,New York Jets,14888,"Chaisson, K'Lavon",WAS,DE,Active,Questionable
2026-09-01 03:34:29 UTC,2026-09-01T03:34:20Z,2026,1,AFC,NYJ,New York Jets,14105,"Brown, Marquise",PHI,WR,Active,
2026-09-01 03:34:29 UTC,2026-09-01T03:34:20Z,2026,1,AFC,NYJ,New York Jets,17556,"Reese, Arvell",NYG,LB,Active,R
2026-09-01 03:34:29 UTC,2026-09-01T03:34:20Z,2026,1,AFC,NYJ,New York Jets,17559,"Lawson, Deontae",FA,LB,Active,R
2026-09-01 03:34:29 UTC,2026-09-01T03:34:20Z,2026,1,AFC,NYJ,New York Jets,17577,"Wheatley, Zakee",CAR,S,Active,R
2026-09-01 03:34:29 UTC,2026-09-01T03:34:20Z,2026,1,AFC,NYJ,New York Jets,17676,"Hall, TJ",FA,CB,Active,R
2026-09-01 03:34:29 UTC,2026-09-01T03:34:20Z,2026,1,AFC,NYJ,New York Jets,17690,"Hughes, Parker",JAC,LB,Active,IR
2026-09-01 03:34:29 UTC,2026-09-01T03:34:20Z,2026,1,AFC,NYJ,New York Jets,13299,"Kittle, George",SFO,TE,Active,Questionable
2026-09-01 03:34:29 UTC,2026-09-01T03:34:20Z,2026,1,AFC,NYJ,New York Jets,13839,"Sieler, Zach",MIA,DT,Active,Questionable
2026-09-01 03:34:29 UTC,2026-09-01T03:34:20Z,2026,1,AFC,NYJ,New York Jets,12225,"Williams, Leonard",SEA,DT,Active,
2026-09-01 03:34:29 UTC,2026-09-01T03:34:20Z,2026,1,AFC,NYJ,New York Jets,15355,"Bolton, Nick",KCC,LB,Active,
2026-09-01 03:34:29 UTC,2026-09-01T03:34:20Z,2026,1,AFC,NYJ,New York Jets,15911,"Araiza, Matt",KCC,PN,Active,
2026-09-01 03:34:29 UTC,2026-09-01T03:34:20Z,2026,1,AFC,NYJ,New York Jets,11945,"Santos, Cairo",CHI,PK,Active,
2026-09-01 03:34:29 UTC,2026-09-01T03:34:20Z,2026,1,AFC,NYJ,New York Jets,12772,"Murray, Eric",JAC,S,Active,
2026-09-01 03:34:29 UTC,2026-09-01T03:34:20Z,2026,1,AFC,NYJ,New York Jets,15319,"Palmer, Joshua",BUF,WR,Active,
2026-09-01 03:34:29 UTC,2026-09-01T03:34:20Z,2026,1,AFC,NYJ,New York Jets,16383,"Pace, Ivan",MIN,LB,Active,
2026-09-01 03:34:29 UTC,2026-09-01T03:34:20Z,2026,1,AFC,NYJ,New York Jets,14925,"Uche, Josh",MIA,DE,Active,
2026-09-01 03:34:29 UTC,2026-09-01T03:34:20Z,2026,1,AFC,NYJ,New York Jets,16281,"Brown, Ji'Ayir",SFO,S,Active,
2026-09-01 03:34:29 UTC,2026-09-01T03:34:20Z,2026,1,AFC,NYJ,New York Jets,12620,"Prescott, Dak",DAL,QB,Active,
2026-09-01 03:34:29 UTC,2026-09-01T03:34:20Z,2026,1,AFC,NYJ,New York Jets,16333,"Higgins, Elijah",ARI,TE,Active,
2026-09-01 03:34:29 UTC,2026-09-01T03:34:20Z,2026,1,AFC,NYJ,New York Jets,16752,"Davis, Isaiah",NYJ,RB,Active,Questionable
2026-09-01 03:34:29 UTC,2026-09-01T03:34:20Z,2026,1,AFC,BAL,Baltimore Ravens,14779,"Herbert, Justin",LAC,QB,Active,
2026-09-01 03:34:29 UTC,2026-09-01T03:34:20Z,2026,1,AFC,BAL,Baltimore Ravens,15346,"Rousseau, Gregory",BUF,DE,Active,
2026-09-01 03:34:29 UTC,2026-09-01T03:34:20Z,2026,1,AFC,BAL,Baltimore Ravens,15711,"Walker III, Kenneth",KCC,RB,Active,Questionable
2026-09-01 03:34:29 UTC,2026-09-01T03:34:20Z,2026,1,AFC,BAL,Baltimore Ravens,16650,"Turner, Dallas",MIN,DE,Active,
2026-09-01 03:34:29 UTC,2026-09-01T03:34:20Z,2026,1,AFC,BAL,Baltimore Ravens,14927,"Chinn, Jeremy",LVR,S,Active,
2026-09-01 03:34:29 UTC,2026-09-01T03:34:20Z,2026,1,AFC,BAL,Baltimore Ravens,16187,"Downs, Josh",IND,WR,Active,Questionable
2026-09-01 03:34:29 UTC,2026-09-01T03:34:20Z,2026,1,AFC,BAL,Baltimore Ravens,14909,"Winfield, Antoine",TBB,S,Active,
2026-09-01 03:34:29 UTC,2026-09-01T03:34:20Z,2026,1,AFC,BAL,Baltimore Ravens,14303,"Elliss, Kaden",NOS,LB,Active,
2026-09-01 03:34:29 UTC,2026-09-01T03:34:20Z,2026,1,AFC,BAL,Baltimore Ravens,16186,"Addison, Jordan",MIN,WR,Active,
2026-09-01 03:34:29 UTC,2026-09-01T03:34:20Z,2026,1,AFC,BAL,Baltimore Ravens,16620,"Worthy, Xavier",KCC,WR,Active,
2026-09-01 03:34:29 UTC,2026-09-01T03:34:20Z,2026,1,AFC,BAL,Baltimore Ravens,17044,"Hampton, Omarion",LAC,RB,Active,
2026-09-01 03:34:29 UTC,2026-09-01T03:34:20Z,2026,1,AFC,BAL,Baltimore Ravens,16224,"Murphy, Myles",CIN,DE,Active,Questionable
2026-09-01 03:34:29 UTC,2026-09-01T03:34:20Z,2026,1,AFC,BAL,Baltimore Ravens,14158,"Oliver, Ed",BUF,DT,Active,
2026-09-01 03:34:29 UTC,2026-09-01T03:34:20Z,2026,1,AFC,BAL,Baltimore Ravens,17074,"Hunter, Travis",JAC,WR,Active,
2026-09-01 03:34:29 UTC,2026-09-01T03:34:20Z,2026,1,AFC,BAL,Baltimore Ravens,15762,"Pickens, George",DAL,WR,Active,
2026-09-01 03:34:29 UTC,2026-09-01T03:34:20Z,2026,1,AFC,BAL,Baltimore Ravens,17555,"Woods, Peter",KCC,DT,Active,R
2026-09-01 03:34:29 UTC,2026-09-01T03:34:20Z,2026,1,AFC,BAL,Baltimore Ravens,17587,"Moore, Derrick",DET,DE,Active,Questionable
2026-09-01 03:34:29 UTC,2026-09-01T03:34:20Z,2026,1,AFC,BAL,Baltimore Ravens,17558,"Allen, CJ",IND,LB,Active,R
2026-09-01 03:34:29 UTC,2026-09-01T03:34:20Z,2026,1,AFC,BAL,Baltimore Ravens,11244,"Kelce, Travis",KCC,TE,Active,
2026-09-01 03:34:29 UTC,2026-09-01T03:34:20Z,2026,1,AFC,BAL,Baltimore Ravens,16927,"Redmond, Jalen",MIN,DT,Active,
2026-09-01 03:34:29 UTC,2026-09-01T03:34:20Z,2026,1,AFC,BAL,Baltimore Ravens,12711,"Ramsey, Jalen",PIT,CB,Active,Questionable
2026-09-01 03:34:29 UTC,2026-09-01T03:34:20Z,2026,1,AFC,BAL,Baltimore Ravens,15889,"Okonkwo, Chigoziem",WAS,TE,Active,
2026-09-01 03:34:29 UTC,2026-09-01T03:34:20Z,2026,1,AFC,BAL,Baltimore Ravens,14251,"Cashman, Blake",MIN,LB,Active,
2026-09-01 03:34:29 UTC,2026-09-01T03:34:20Z,2026,1,AFC,BAL,Baltimore Ravens,12616,"Brissett, Jacoby",ARI,QB,Active,
2026-09-01 03:34:29 UTC,2026-09-01T03:34:20Z,2026,1,AFC,BAL,Baltimore Ravens,13737,"Bates, Jessie",ATL,S,Active,
2026-09-01 03:34:29 UTC,2026-09-01T03:34:20Z,2026,1,AFC,BAL,Baltimore Ravens,15815,"Walker, Travon",JAC,DE,Active,
2026-09-01 03:34:29 UTC,2026-09-01T03:34:20Z,2026,1,AFC,BAL,Baltimore Ravens,16178,"Mitchell, Keaton",LAC,RB,Active,Questionable
2026-09-01 03:34:29 UTC,2026-09-01T03:34:20Z,2026,1,AFC,BAL,Baltimore Ravens,17107,"Ferguson, Terrance",LAR,TE,Active,Questionable
2026-09-01 03:34:29 UTC,2026-09-01T03:34:20Z,2026,1,AFC,BAL,Baltimore Ravens,15368,"McPherson, Evan",CIN,PK,Active,
2026-09-01 03:34:29 UTC,2026-09-01T03:34:20Z,2026,1,AFC,BAL,Baltimore Ravens,16716,"Wilson, Payton",PIT,LB,Active,
2026-09-01 03:34:29 UTC,2026-09-01T03:34:20Z,2026,1,AFC,BAL,Baltimore Ravens,17466,"Beck, Carson",ARI,QB,Active,R
2026-09-01 03:34:29 UTC,2026-09-01T03:34:20Z,2026,1,AFC,BAL,Baltimore Ravens,17476,"Singleton, Nicholas",TEN,RB,Active,R
2026-09-01 03:34:29 UTC,2026-09-01T03:34:20Z,2026,1,AFC,BAL,Baltimore Ravens,16287,"Tucker, Tre",LVR,WR,Active,
2026-09-01 03:34:29 UTC,2026-09-01T03:34:20Z,2026,1,AFC,BAL,Baltimore Ravens,16693,"Sweat, T'Vondre",NYJ,DT,Active,
2026-09-01 03:34:29 UTC,2026-09-01T03:34:20Z,2026,1,AFC,BAL,Baltimore Ravens,15401,"Wright, Nahshon",NYJ,CB,Active,Questionable
2026-09-01 03:34:29 UTC,2026-09-01T03:34:20Z,2026,1,AFC,BAL,Baltimore Ravens,17082,"Bryant, Pat",DEN,WR,Active,
2026-09-01 03:34:29 UTC,2026-09-01T03:34:20Z,2026,1,AFC,BAL,Baltimore Ravens,15051,"Townsend, Tommy",TEN,PN,Active,
2026-09-01 03:34:29 UTC,2026-09-01T03:34:20Z,2026,1,AFC,BAL,Baltimore Ravens,15357,"Barmore, Christian",NEP,DT,Active,
2026-09-01 03:34:29 UTC,2026-09-01T03:34:20Z,2026,1,AFC,BAL,Baltimore Ravens,11757,"Donald, Aaron",LAR,DT,Active,
2026-09-01 03:34:29 UTC,2026-09-01T03:34:20Z,2026,1,AFC,BAL,Baltimore Ravens,16342,"Douglas, Demario",NEP,WR,Active,
2026-09-01 03:34:29 UTC,2026-09-01T03:34:20Z,2026,1,AFC,BAL,Baltimore Ravens,17031,"Sanders, Shedeur",CLE,QB,Active,
2026-09-01 03:34:29 UTC,2026-09-01T03:34:20Z,2026,1,AFC,BAL,Baltimore Ravens,9051,"Campbell, Calais",BAL,DT,Active,
2026-09-01 03:34:29 UTC,2026-09-01T03:34:20Z,2026,1,AFC,BAL,Baltimore Ravens,15173,"Tart, Teair",LAC,DT,Active,
2026-09-01 03:34:29 UTC,2026-09-01T03:34:20Z,2026,1,AFC,BAL,Baltimore Ravens,14918,"Terrell, A.J.",ATL,CB,Active,
2026-09-01 03:34:29 UTC,2026-09-01T03:34:20Z,2026,1,AFC,BAL,Baltimore Ravens,14840,"Aiyuk, Brandon",SFO,WR,INJURED_RESERVE,Holdout
2026-09-01 03:34:29 UTC,2026-09-01T03:34:20Z,2026,1,AFC,BAL,Baltimore Ravens,16622,"Pearsall, Ricky",SFO,WR,INJURED_RESERVE,IR
2026-09-01 03:34:29 UTC,2026-09-01T03:34:20Z,2026,1,AFC,BAL,Baltimore Ravens,15864,"Wright, Alex",CLE,DE,INJURED_RESERVE,IR
2026-09-01 03:34:29 UTC,2026-09-01T03:34:20Z,2026,1,AFC,BAL,Baltimore Ravens,13633,"Kirk, Christian",SFO,WR,INJURED_RESERVE,IR-R
2026-09-01 03:34:29 UTC,2026-09-01T03:34:20Z,2026,1,AFC,BAL,Baltimore Ravens,17151,"Turner, Shemar",CHI,DT,INJURED_RESERVE,IR-PUP
2026-09-01 03:34:29 UTC,2026-09-01T03:34:20Z,2026,1,AFC,BAL,Baltimore Ravens,17622,"Muhammad, Malik",CHI,CB,Taxi,R
2026-09-01 03:34:29 UTC,2026-09-01T03:34:20Z,2026,1,AFC,BAL,Baltimore Ravens,15140,"Lewis, Cam",CHI,S,Taxi,
2026-09-01 03:34:29 UTC,2026-09-01T03:34:20Z,2026,1,AFC,BAL,Baltimore Ravens,17164,"Williams, Nohl",KCC,CB,Taxi,
2026-09-01 03:34:29 UTC,2026-09-01T03:34:20Z,2026,1,AFC,BAL,Baltimore Ravens,16300,"McGuire, Isaiah",CLE,DE,Taxi,
2026-09-01 03:34:29 UTC,2026-09-01T03:34:20Z,2026,1,AFC,BAL,Baltimore Ravens,16235,"Hall, Derick",SEA,DE,Taxi,
2026-09-01 03:34:29 UTC,2026-09-01T03:34:20Z,2026,1,AFC,BAL,Baltimore Ravens,17116,"Sawyer, Jack",PIT,DE,Taxi,
2026-09-01 03:34:29 UTC,2026-09-01T03:34:20Z,2026,1,AFC,BAL,Baltimore Ravens,13354,"Butker, Harrison",KCC,PK,Taxi,
2026-09-01 03:34:29 UTC,2026-09-01T03:34:20Z,2026,1,AFC,BAL,Baltimore Ravens,16267,"Stevenson, Tyrique",CHI,CB,Taxi,Questionable
2026-09-01 03:34:29 UTC,2026-09-01T03:34:20Z,2026,1,AFC,BAL,Baltimore Ravens,14434,"Reaves, Jeremy",WAS,S,Taxi,
2026-09-01 03:34:29 UTC,2026-09-01T03:34:20Z,2026,1,AFC,BAL,Baltimore Ravens,14328,"Wingard, Andrew",ARI,S,Taxi,
2026-09-01 03:34:29 UTC,2026-09-01T03:34:20Z,2026,1,AFC,BAL,Baltimore Ravens,14985,"Mann, Braden",PHI,PN,Taxi,
2026-09-01 03:34:29 UTC,2026-09-01T03:34:20Z,2026,1,AFC,BAL,Baltimore Ravens,13201,"Barnett, Derek",CLE,DE,Taxi,
2026-09-01 03:34:29 UTC,2026-09-01T03:34:20Z,2026,1,AFC,BAL,Baltimore Ravens,10775,"Wagner, Bobby",FA,LB,Taxi,
2026-09-01 03:34:29 UTC,2026-09-01T03:34:20Z,2026,1,AFC,BAL,Baltimore Ravens,14472,"Dodson, Tyrel",FA,LB,Taxi,
2026-09-01 03:34:29 UTC,2026-09-01T03:34:20Z,2026,1,AFC,BAL,Baltimore Ravens,13113,"Watson, Deshaun",CLE,QB,Taxi,
2026-09-01 03:34:29 UTC,2026-09-01T03:34:20Z,2026,1,AFC,BAL,Baltimore Ravens,14924,"Johnson, Jaylon",CHI,CB,Taxi,Questionable
2026-09-01 03:34:29 UTC,2026-09-01T03:34:20Z,2026,1,AFC,BAL,Baltimore Ravens,15950,"Watson, Jaylen",LAR,CB,Taxi,
2026-09-01 03:34:29 UTC,2026-09-01T03:34:20Z,2026,1,AFC,BAL,Baltimore Ravens,16725,"Mustapha, Malik",SFO,S,Taxi,Questionable
2026-09-01 03:34:29 UTC,2026-09-01T03:34:20Z,2026,1,AFC,CIN,Cincinnati Bengals,15365,"Moehrig, Trevon",CAR,S,Active,
2026-09-01 03:34:29 UTC,2026-09-01T03:34:20Z,2026,1,AFC,CIN,Cincinnati Bengals,16276,"Young, Byron",LAR,DE,Active,
2026-09-01 03:34:29 UTC,2026-09-01T03:34:20Z,2026,1,AFC,CIN,Cincinnati Bengals,16351,"Evans, Ethan",LAR,PN,Active,
2026-09-01 03:34:29 UTC,2026-09-01T03:34:20Z,2026,1,AFC,CIN,Cincinnati Bengals,16284,"Williams, Dorian",BUF,LB,Active,
2026-09-01 03:34:29 UTC,2026-09-01T03:34:20Z,2026,1,AFC,CIN,Cincinnati Bengals,16579,"Williams, Caleb",CHI,QB,Active,
2026-09-01 03:34:29 UTC,2026-09-01T03:34:20Z,2026,1,AFC,CIN,Cincinnati Bengals,14073,"Jacobs, Josh",GBP,RB,Active,Suspended
2026-09-01 03:34:29 UTC,2026-09-01T03:34:20Z,2026,1,AFC,CIN,Cincinnati Bengals,13710,"Davis, Carlton",NEP,CB,Active,
2026-09-01 03:34:29 UTC,2026-09-01T03:34:20Z,2026,1,AFC,CIN,Cincinnati Bengals,17051,"Judkins, Quinshon",CLE,RB,Active,
2026-09-01 03:34:29 UTC,2026-09-01T03:34:20Z,2026,1,AFC,CIN,Cincinnati Bengals,17123,"Campbell, Jihaad",PHI,LB,Active,
2026-09-01 03:34:29 UTC,2026-09-01T03:34:20Z,2026,1,AFC,CIN,Cincinnati Bengals,17120,"Green, Mike",BAL,DE,Active,
2026-09-01 03:34:29 UTC,2026-09-01T03:34:20Z,2026,1,AFC,CIN,Cincinnati Bengals,17098,"Horton, Tory",SEA,WR,Active,Questionable
2026-09-01 03:34:29 UTC,2026-09-01T03:34:20Z,2026,1,AFC,CIN,Cincinnati Bengals,13470,"Moore, Kenny",FA,CB,Active,
2026-09-01 03:34:29 UTC,2026-09-01T03:34:20Z,2026,1,AFC,CIN,Cincinnati Bengals,13635,"Moore, D.J.",BUF,WR,Active,
2026-09-01 03:34:29 UTC,2026-09-01T03:34:20Z,2026,1,AFC,CIN,Cincinnati Bengals,13298,"Stewart, Grover",IND,DT,Active,
2026-09-01 03:34:29 UTC,2026-09-01T03:34:20Z,2026,1,AFC,CIN,Cincinnati Bengals,14957,"Robertson, Amik",WAS,CB,Active,
2026-09-01 03:34:29 UTC,2026-09-01T03:34:20Z,2026,1,AFC,CIN,Cincinnati Bengals,14170,"Bush, Devin",CHI,LB,Active,
2026-09-01 03:34:29 UTC,2026-09-01T03:34:20Z,2026,1,AFC,CIN,Cincinnati Bengals,14122,"Slayton, Darius",NYG,WR,Active,
2026-09-01 03:34:29 UTC,2026-09-01T03:34:20Z,2026,1,AFC,CIN,Cincinnati Bengals,13748,"Jones, Justin",FA,DT,Active,Questionable
2026-09-01 03:34:29 UTC,2026-09-01T03:34:20Z,2026,1,AFC,CIN,Cincinnati Bengals,16640,"Cowing, Jacob",SFO,WR,Active,Questionable
2026-09-01 03:34:29 UTC,2026-09-01T03:34:20Z,2026,1,AFC,CIN,Cincinnati Bengals,16652,"Trice, Bralen",FA,DE,Active,
2026-09-01 03:34:29 UTC,2026-09-01T03:34:20Z,2026,1,AFC,CIN,Cincinnati Bengals,15254,"Harris, Najee",NYG,RB,Active,
2026-09-01 03:34:29 UTC,2026-09-01T03:34:20Z,2026,1,AFC,CIN,Cincinnati Bengals,12688,"Buckner, DeForest",IND,DT,Active,
2026-09-01 03:34:29 UTC,2026-09-01T03:34:20Z,2026,1,AFC,CIN,Cincinnati Bengals,14910,"Jones, Brandon",DEN,S,Active,
2026-09-01 03:34:29 UTC,2026-09-01T03:34:20Z,2026,1,AFC,CIN,Cincinnati Bengals,14871,"Parkinson, Colby",LAR,TE,Active,
2026-09-01 03:34:29 UTC,2026-09-01T03:34:20Z,2026,1,AFC,CIN,Cincinnati Bengals,15813,"Enagbare, Kingsley",NYJ,DE,Active,
2026-09-01 03:34:29 UTC,2026-09-01T03:34:20Z,2026,1,AFC,CIN,Cincinnati Bengals,14405,"Granderson, Carl",NOS,DE,Active,
2026-09-01 03:34:29 UTC,2026-09-01T03:34:20Z,2026,1,AFC,CIN,Cincinnati Bengals,16018,"Blankenship, Reed",HOU,S,Active,
2026-09-01 03:34:29 UTC,2026-09-01T03:34:20Z,2026,1,AFC,CIN,Cincinnati Bengals,14127,"Meyers, Jakobi",JAC,WR,Active,Questionable
2026-09-01 03:34:29 UTC,2026-09-01T03:34:20Z,2026,1,AFC,CIN,Cincinnati Bengals,15694,"Willis, Malik",MIA,QB,Active,
2026-09-01 03:34:29 UTC,2026-09-01T03:34:20Z,2026,1,AFC,CIN,Cincinnati Bengals,17473,"Price, Jadarian",SEA,RB,Active,R
2026-09-01 03:34:29 UTC,2026-09-01T03:34:20Z,2026,1,AFC,CIN,Cincinnati Bengals,17576,"Thieneman, Dillon",CHI,S,Active,R
2026-09-01 03:34:29 UTC,2026-09-01T03:34:20Z,2026,1,AFC,CIN,Cincinnati Bengals,17554,"Parker, T.J.",BUF,DE,Active,R
2026-09-01 03:34:29 UTC,2026-09-01T03:34:20Z,2026,1,AFC,CIN,Cincinnati Bengals,17529,"Thompson, Brenen",LAC,WR,Active,Questionable
2026-09-01 03:34:29 UTC,2026-09-01T03:34:20Z,2026,1,AFC,CIN,Cincinnati Bengals,14861,"Johnson, Juwan",NOS,TE,Active,
2026-09-01 03:34:29 UTC,2026-09-01T03:34:20Z,2026,1,AFC,CIN,Cincinnati Bengals,13192,"Njoku, David",LAC,TE,Active,
2026-09-01 03:34:29 UTC,2026-09-01T03:34:20Z,2026,1,AFC,CIN,Cincinnati Bengals,16283,"Overshown, DeMarvion",DAL,LB,Active,
2026-09-01 03:34:29 UTC,2026-09-01T03:34:20Z,2026,1,AFC,CIN,Cincinnati Bengals,13223,"Humphrey, Marlon",BAL,CB,Active,
2026-09-01 03:34:29 UTC,2026-09-01T03:34:20Z,2026,1,AFC,CIN,Cincinnati Bengals,15362,"Surtain II, Patrick",DEN,CB,Active,
2026-09-01 03:34:29 UTC,2026-09-01T03:34:20Z,2026,1,AFC,CIN,Cincinnati Bengals,16195,"Wicks, Dontayvion",PHI,WR,Active,
2026-09-01 03:34:29 UTC,2026-09-01T03:34:20Z,2026,1,AFC,CIN,Cincinnati Bengals,16295,"Conner, Chamarri",KCC,S,Active,
2026-09-01 03:34:29 UTC,2026-09-01T03:34:20Z,2026,1,AFC,CIN,Cincinnati Bengals,13719,"Pineiro, Eddy",SFO,PK,Active,
2026-09-01 03:34:29 UTC,2026-09-01T03:34:20Z,2026,1,AFC,CIN,Cincinnati Bengals,11671,"Evans, Mike",SFO,WR,Active,Questionable
2026-09-01 03:34:29 UTC,2026-09-01T03:34:20Z,2026,1,AFC,CIN,Cincinnati Bengals,15814,"Thomas, Cameron",ATL,DE,Active,
2026-09-01 03:34:29 UTC,2026-09-01T03:34:20Z,2026,1,AFC,CIN,Cincinnati Bengals,16645,"All, Erick",CIN,TE,Taxi,
2026-09-01 03:34:29 UTC,2026-09-01T03:34:20Z,2026,1,AFC,CIN,Cincinnati Bengals,17595,"Onyedim, Tyler",DEN,DT,Taxi,R
2026-09-01 03:34:29 UTC,2026-09-01T03:34:20Z,2026,1,AFC,CIN,Cincinnati Bengals,17155,"Gillotte, Ashton",KCC,DE,Taxi,Questionable
2026-09-01 03:34:29 UTC,2026-09-01T03:34:20Z,2026,1,AFC,CIN,Cincinnati Bengals,17178,"Simon, Cody",ARI,LB,Taxi,
2026-09-01 03:34:29 UTC,2026-09-01T03:34:20Z,2026,1,AFC,CIN,Cincinnati Bengals,17599,"Douglas, Caleb",MIA,WR,Taxi,R
2026-09-01 03:34:29 UTC,2026-09-01T03:34:20Z,2026,1,AFC,CIN,Cincinnati Bengals,16684,"Washington, Malik",MIA,WR,Taxi,
2026-09-01 03:34:29 UTC,2026-09-01T03:34:20Z,2026,1,AFC,CIN,Cincinnati Bengals,15738,"Davis, Malik",DAL,RB,Taxi,
2026-09-01 03:34:29 UTC,2026-09-01T03:34:20Z,2026,1,AFC,CLE,Cleveland Browns,13782,"Dickson, Michael",SEA,PN,Active,
2026-09-01 03:34:29 UTC,2026-09-01T03:34:20Z,2026,1,AFC,CLE,Cleveland Browns,15352,"Collins, Zaven",ARI,DE,Active,
2026-09-01 03:34:29 UTC,2026-09-01T03:34:20Z,2026,1,AFC,CLE,Cleveland Browns,16233,"Carter, Jalen",PHI,DT,Active,
2026-09-01 03:34:29 UTC,2026-09-01T03:34:20Z,2026,1,AFC,CLE,Cleveland Browns,16244,"Branch, Brian",DET,S,Active,IR-PUP
2026-09-01 03:34:29 UTC,2026-09-01T03:34:20Z,2026,1,AFC,CLE,Cleveland Browns,16266,"Tuipulotu, Tuli",LAC,DE,Active,
2026-09-01 03:34:29 UTC,2026-09-01T03:34:20Z,2026,1,AFC,CLE,Cleveland Browns,16230,"Van Ness, Lukas",GBP,DE,Active,
2026-09-01 03:34:29 UTC,2026-09-01T03:34:20Z,2026,1,AFC,CLE,Cleveland Browns,16653,"Verse, Jared",CLE,DE,Active,
2026-09-01 03:34:29 UTC,2026-09-01T03:34:20Z,2026,1,AFC,CLE,Cleveland Browns,13590,"Mayfield, Baker",TBB,QB,Active,
2026-09-01 03:34:29 UTC,2026-09-01T03:34:20Z,2026,1,AFC,CLE,Cleveland Browns,15754,"Olave, Chris",NOS,WR,Active,
2026-09-01 03:34:29 UTC,2026-09-01T03:34:20Z,2026,1,AFC,CLE,Cleveland Browns,13738,"Jackson, Donte",LAC,CB,Active,
2026-09-01 03:34:29 UTC,2026-09-01T03:34:20Z,2026,1,AFC,CLE,Cleveland Browns,17047,"Sampson, Dylan",CLE,RB,Active,
2026-09-01 03:34:29 UTC,2026-09-01T03:34:20Z,2026,1,AFC,CLE,Cleveland Browns,16610,"Wright, Jaylen",MIA,RB,Active,
2026-09-01 03:34:29 UTC,2026-09-01T03:34:20Z,2026,1,AFC,CLE,Cleveland Browns,17106,"Taylor, Mason",NYJ,TE,Active,
2026-09-01 03:34:29 UTC,2026-09-01T03:34:20Z,2026,1,AFC,CLE,Cleveland Browns,17149,"Tuimoloau, JT",IND,DE,Active,
2026-09-01 03:34:29 UTC,2026-09-01T03:34:20Z,2026,1,AFC,CLE,Cleveland Browns,15856,"Taylor, Alontae",TEN,CB,Active,
2026-09-01 03:34:29 UTC,2026-09-01T03:34:20Z,2026,1,AFC,CLE,Cleveland Browns,16191,"Tillman, Cedric",FA,WR,Active,Questionable
2026-09-01 03:34:29 UTC,2026-09-01T03:34:20Z,2026,1,AFC,CLE,Cleveland Browns,14143,"Knox, Dawson",BUF,TE,Active,
2026-09-01 03:34:29 UTC,2026-09-01T03:34:20Z,2026,1,AFC,CLE,Cleveland Browns,15933,"Brown, Montaric",JAC,CB,Active,
2026-09-01 03:34:29 UTC,2026-09-01T03:34:20Z,2026,1,AFC,CLE,Cleveland Browns,16390,"McLaughlin, Jaleel",FA,RB,Active,
2026-09-01 03:34:29 UTC,2026-09-01T03:34:20Z,2026,1,AFC,CLE,Cleveland Browns,14933,"Blackmon, Julian",NOS,S,Active,
2026-09-01 03:34:29 UTC,2026-09-01T03:34:20Z,2026,1,AFC,CLE,Cleveland Browns,15003,"Stone, Geno",FA,S,Active,
2026-09-01 03:34:29 UTC,2026-09-01T03:34:20Z,2026,1,AFC,CLE,Cleveland Browns,16166,"Tucker, Sean",TBB,RB,Active,
2026-09-01 03:34:29 UTC,2026-09-01T03:34:20Z,2026,1,AFC,CLE,Cleveland Browns,15863,"Jones, Travis",BAL,DT,Active,
2026-09-01 03:34:29 UTC,2026-09-01T03:34:20Z,2026,1,AFC,CLE,Cleveland Browns,14171,"Burns, Brian",NYG,DE,Active,
2026-09-01 03:34:29 UTC,2026-09-01T03:34:20Z,2026,1,AFC,CLE,Cleveland Browns,14247,"Greenlaw, Dre",SFO,LB,Active,
2026-09-01 03:34:29 UTC,2026-09-01T03:34:20Z,2026,1,AFC,CLE,Cleveland Browns,13714,"James, Derwin",LAC,S,Active,
2026-09-01 03:34:29 UTC,2026-09-01T03:34:20Z,2026,1,AFC,CLE,Cleveland Browns,15710,"Williams, Kyren",LAR,RB,Active,
2026-09-01 03:34:29 UTC,2026-09-01T03:34:20Z,2026,1,AFC,CLE,Cleveland Browns,16809,"Coker, Jalen",CAR,WR,Active,
2026-09-01 03:34:29 UTC,2026-09-01T03:34:20Z,2026,1,AFC,CLE,Cleveland Browns,15822,"Lloyd, Devin",CAR,LB,Active,Questionable
2026-09-01 03:34:29 UTC,2026-09-01T03:34:20Z,2026,1,AFC,CLE,Cleveland Browns,15255,"Gainwell, Kenneth",TBB,RB,Active,
2026-09-01 03:34:29 UTC,2026-09-01T03:34:20Z,2026,1,AFC,CLE,Cleveland Browns,15380,"Campbell, Tyson",CLE,CB,Active,
2026-09-01 03:34:29 UTC,2026-09-01T03:34:20Z,2026,1,AFC,CLE,Cleveland Browns,15712,"Allgeier, Tyler",ARI,RB,Active,
2026-09-01 03:34:29 UTC,2026-09-01T03:34:20Z,2026,1,AFC,CLE,Cleveland Browns,7836,"Rodgers, Aaron",PIT,QB,Active,
2026-09-01 03:34:29 UTC,2026-09-01T03:34:20Z,2026,1,AFC,CLE,Cleveland Browns,15757,"Robinson, Wan'Dale",TEN,WR,Active,Questionable
2026-09-01 03:34:29 UTC,2026-09-01T03:34:20Z,2026,1,AFC,CLE,Cleveland Browns,14168,"White, Devin",DET,LB,Active,
2026-09-01 03:34:29 UTC,2026-09-01T03:34:20Z,2026,1,AFC,CLE,Cleveland Browns,15875,"Belton, Dane",NYJ,S,Active,
2026-09-01 03:34:29 UTC,2026-09-01T03:34:20Z,2026,1,AFC,CLE,Cleveland Browns,15881,"Jones, Jack",SFO,CB,Active,
2026-09-01 03:34:29 UTC,2026-09-01T03:34:20Z,2026,1,AFC,CLE,Cleveland Browns,15819,"Wyatt, Devonte",GBP,DT,Active,
2026-09-01 03:34:29 UTC,2026-09-01T03:34:20Z,2026,1,AFC,CLE,Cleveland Browns,16294,"Wooden, Colby",FA,DT,Active,
2026-09-01 03:34:29 UTC,2026-09-01T03:34:20Z,2026,1,AFC,CLE,Cleveland Browns,17657,"Green, Taylen",CLE,QB,Active,R
2026-09-01 03:34:29 UTC,2026-09-01T03:34:20Z,2026,1,AFC,CLE,Cleveland Browns,11222,"Allen, Keenan",IND,WR,Active,
2026-09-01 03:34:29 UTC,2026-09-01T03:34:20Z,2026,1,AFC,CLE,Cleveland Browns,17503,"Bernard, Germie",PIT,WR,Active,R
2026-09-01 03:34:29 UTC,2026-09-01T03:34:20Z,2026,1,AFC,CLE,Cleveland Browns,17584,"Jacas, Gabe",NEP,DE,Active,R
2026-09-01 03:34:29 UTC,2026-09-01T03:34:20Z,2026,1,AFC,CLE,Cleveland Browns,17124,"Carter, Barrett",CIN,LB,Active,
2026-09-01 03:34:29 UTC,2026-09-01T03:34:20Z,2026,1,AFC,CLE,Cleveland Browns,17508,"Bell, Skyler",BUF,WR,Active,R
2026-09-01 03:34:29 UTC,2026-09-01T03:34:20Z,2026,1,AFC,CLE,Cleveland Browns,11936,"Boswell, Chris",PIT,PK,Active,
2026-09-01 03:34:29 UTC,2026-09-01T03:34:20Z,2026,1,AFC,CLE,Cleveland Browns,15351,"Owusu-Koramoah, Jeremiah",CLE,LB,Taxi,IR-PUP
2026-09-01 03:34:29 UTC,2026-09-01T03:34:20Z,2026,1,AFC,PIT,Pittsburgh Steelers,15284,"Waddle, Jaylen",DEN,WR,Active,
2026-09-01 03:34:29 UTC,2026-09-01T03:34:20Z,2026,1,AFC,PIT,Pittsburgh Steelers,14783,"Hurts, Jalen",PHI,QB,Active,
2026-09-01 03:34:29 UTC,2026-09-01T03:34:20Z,2026,1,AFC,PIT,Pittsburgh Steelers,15834,"Hamilton, Kyle",BAL,S,Active,
2026-09-01 03:34:29 UTC,2026-09-01T03:34:20Z,2026,1,AFC,PIT,Pittsburgh Steelers,16253,"Forbes, Emmanuel",LAR,CB,Active,
2026-09-01 03:34:29 UTC,2026-09-01T03:34:20Z,2026,1,AFC,PIT,Pittsburgh Steelers,16696,"Cooper, Edgerrin",GBP,LB,Active,
2026-09-01 03:34:29 UTC,2026-09-01T03:34:20Z,2026,1,AFC,PIT,Pittsburgh Steelers,16690,"Mitchell, Quinyon",PHI,CB,Active,
2026-09-01 03:34:29 UTC,2026-09-01T03:34:20Z,2026,1,AFC,PIT,Pittsburgh Steelers,15452,"Hufanga, Talanoa",DEN,S,Active,
2026-09-01 03:34:29 UTC,2026-09-01T03:34:20Z,2026,1,AFC,PIT,Pittsburgh Steelers,13671,"Andrews, Mark",BAL,TE,Active,
2026-09-01 03:34:29 UTC,2026-09-01T03:34:20Z,2026,1,AFC,PIT,Pittsburgh Steelers,17043,"Henderson, TreVeyon",NEP,RB,Active,Questionable
2026-09-01 03:34:29 UTC,2026-09-01T03:34:20Z,2026,1,AFC,PIT,Pittsburgh Steelers,17135,"Ezeiruaku, Donovan",DAL,DE,Active,
2026-09-01 03:34:29 UTC,2026-09-01T03:34:20Z,2026,1,AFC,PIT,Pittsburgh Steelers,17059,"Gordon, Ollie",MIA,RB,Active,Questionable
2026-09-01 03:34:29 UTC,2026-09-01T03:34:20Z,2026,1,AFC,PIT,Pittsburgh Steelers,17143,"Thomas, Azareye'h",NYJ,CB,Active,
2026-09-01 03:34:29 UTC,2026-09-01T03:34:20Z,2026,1,AFC,PIT,Pittsburgh Steelers,17048,"Johnson, Kaleb",GBP,RB,Active,
2026-09-01 03:34:29 UTC,2026-09-01T03:34:20Z,2026,1,AFC,PIT,Pittsburgh Steelers,16626,"Mitchell, Adonai",NYJ,WR,Active,
2026-09-01 03:34:29 UTC,2026-09-01T03:34:20Z,2026,1,AFC,PIT,Pittsburgh Steelers,17141,"Hairston, Maxwell",BUF,CB,Active,
2026-09-01 03:34:29 UTC,2026-09-01T03:34:20Z,2026,1,AFC,PIT,Pittsburgh Steelers,17195,"Mills, Rylie",SEA,DT,Active,
2026-09-01 03:34:29 UTC,2026-09-01T03:34:20Z,2026,1,AFC,PIT,Pittsburgh Steelers,17114,"Stewart, Shemar",CIN,DE,Active,Questionable
2026-09-01 03:34:29 UTC,2026-09-01T03:34:20Z,2026,1,AFC,PIT,Pittsburgh Steelers,16204,"Dell, Tank",HOU,WR,Active,IR-R
2026-09-01 03:34:29 UTC,2026-09-01T03:34:20Z,2026,1,AFC,PIT,Pittsburgh Steelers,16152,"Richardson, Anthony",IND,QB,Active,
2026-09-01 03:34:29 UTC,2026-09-01T03:34:20Z,2026,1,AFC,PIT,Pittsburgh Steelers,13629,"Ridley, Calvin",TEN,WR,Active,
2026-09-01 03:34:29 UTC,2026-09-01T03:34:20Z,2026,1,AFC,PIT,Pittsburgh Steelers,17179,"Bowman, Billy",ATL,CB,Active,Questionable
2026-09-01 03:34:29 UTC,2026-09-01T03:34:20Z,2026,1,AFC,PIT,Pittsburgh Steelers,15892,"Booker, Thomas",LVR,DT,Active,
2026-09-01 03:34:29 UTC,2026-09-01T03:34:20Z,2026,1,AFC,PIT,Pittsburgh Steelers,16843,"Mevis, Harrison",LAR,PK,Active,
2026-09-01 03:34:29 UTC,2026-09-01T03:34:20Z,2026,1,AFC,PIT,Pittsburgh Steelers,13791,"Scott, J.K.",FA,PN,Active,
2026-09-01 03:34:29 UTC,2026-09-01T03:34:20Z,2026,1,AFC,PIT,Pittsburgh Steelers,14930,"Hamilton, Davon",JAC,DT,Active,
2026-09-01 03:34:29 UTC,2026-09-01T03:34:20Z,2026,1,AFC,PIT,Pittsburgh Steelers,17497,"Tate, Carnell",TEN,WR,Active,R
2026-09-01 03:34:29 UTC,2026-09-01T03:34:20Z,2026,1,AFC,PIT,Pittsburgh Steelers,17512,"Williams, Antonio",WAS,WR,Active,R
2026-09-01 03:34:29 UTC,2026-09-01T03:34:20Z,2026,1,AFC,PIT,Pittsburgh Steelers,17580,"Lawrence, Malachi",DAL,DE,Active,R
2026-09-01 03:34:29 UTC,2026-09-01T03:34:20Z,2026,1,AFC,PIT,Pittsburgh Steelers,16169,"Charbonnet, Zach",SEA,RB,Active,IR-PUP
2026-09-01 03:34:29 UTC,2026-09-01T03:34:20Z,2026,1,AFC,PIT,Pittsburgh Steelers,17667,"Perkins, Harold",ATL,LB,Active,R
2026-09-01 03:34:29 UTC,2026-09-01T03:34:20Z,2026,1,AFC,PIT,Pittsburgh Steelers,17561,"McCoy, Jermod",LVR,CB,Active,R
2026-09-01 03:34:29 UTC,2026-09-01T03:34:20Z,2026,1,AFC,PIT,Pittsburgh Steelers,14056,"Murray, Kyler",MIN,QB,Active,
2026-09-01 03:34:29 UTC,2026-09-01T03:34:20Z,2026,1,AFC,PIT,Pittsburgh Steelers,14896,"Queen, Patrick",PIT,LB,Active,
2026-09-01 03:34:29 UTC,2026-09-01T03:34:20Z,2026,1,AFC,PIT,Pittsburgh Steelers,15832,"Stingley Jr., Derek",HOU,CB,Active,
2026-09-01 03:34:29 UTC,2026-09-01T03:34:20Z,2026,1,AFC,PIT,Pittsburgh Steelers,14085,"Pollard, Tony",TEN,RB,Active,
2026-09-01 03:34:29 UTC,2026-09-01T03:34:20Z,2026,1,AFC,PIT,Pittsburgh Steelers,13713,"Fitzpatrick, Minkah",NYJ,S,Active,
2026-09-01 03:34:29 UTC,2026-09-01T03:34:20Z,2026,1,AFC,PIT,Pittsburgh Steelers,15331,"Freiermuth, Pat",PIT,TE,Active,
2026-09-01 03:34:29 UTC,2026-09-01T03:34:20Z,2026,1,AFC,PIT,Pittsburgh Steelers,10266,"Heyward, Cameron",PIT,DT,Active,
2026-09-01 03:34:29 UTC,2026-09-01T03:34:20Z,2026,1,AFC,PIT,Pittsburgh Steelers,14169,"Wilson, Mack",ARI,LB,Active,
2026-09-01 03:34:29 UTC,2026-09-01T03:34:20Z,2026,1,AFC,PIT,Pittsburgh Steelers,15418,"Bynum, Camryn",IND,S,Active,
2026-09-01 03:34:29 UTC,2026-09-01T03:34:20Z,2026,1,AFC,PIT,Pittsburgh Steelers,15378,"Oweh, Odafe",WAS,DE,Active,Questionable
2026-09-01 03:34:29 UTC,2026-09-01T03:34:20Z,2026,1,AFC,PIT,Pittsburgh Steelers,17113,"Williams, Mykel",SFO,DE,Active,IR-PUP
2026-09-01 03:34:29 UTC,2026-09-01T03:34:20Z,2026,1,AFC,PIT,Pittsburgh Steelers,11706,"Clowney, Jadeveon",HOU,DE,Active,Questionable
2026-09-01 03:34:29 UTC,2026-09-01T03:34:20Z,2026,1,AFC,PIT,Pittsburgh Steelers,12217,"Fowler, Dante",SEA,DE,Active,
2026-09-01 03:34:29 UTC,2026-09-01T03:34:20Z,2026,1,AFC,PIT,Pittsburgh Steelers,17509,"Brazzell II, Chris",CAR,WR,INJURED_RESERVE,IR
2026-09-01 03:34:29 UTC,2026-09-01T03:34:20Z,2026,1,AFC,PIT,Pittsburgh Steelers,17122,"Walker, Jalon",ATL,DE,INJURED_RESERVE,IR
2026-09-01 03:34:29 UTC,2026-09-01T03:34:20Z,2026,1,AFC,PIT,Pittsburgh Steelers,17468,"Allar, Drew",PIT,QB,Taxi,R
2026-09-01 03:34:29 UTC,2026-09-01T03:34:20Z,2026,1,AFC,PIT,Pittsburgh Steelers,17463,"Simpson, Ty",LAR,QB,Taxi,R
2026-09-01 03:34:29 UTC,2026-09-01T03:34:20Z,2026,1,AFC,PIT,Pittsburgh Steelers,16613,"Laube, Dylan",LVR,RB,Taxi,
2026-09-01 03:34:29 UTC,2026-09-01T03:34:20Z,2026,1,AFC,PIT,Pittsburgh Steelers,17652,"Randall, Adam",BAL,RB,Taxi,IR-R
2026-09-01 03:34:29 UTC,2026-09-01T03:34:20Z,2026,1,AFC,PIT,Pittsburgh Steelers,17548,"Joly, Justin",FA,TE,Taxi,R
2026-09-01 03:34:29 UTC,2026-09-01T03:34:20Z,2026,1,AFC,PIT,Pittsburgh Steelers,17546,"Trigg, Michael",FA,TE,Taxi,R
2026-09-01 03:34:29 UTC,2026-09-01T03:34:20Z,2026,1,AFC,PIT,Pittsburgh Steelers,15759,"Metchie, John",CAR,WR,Taxi,
2026-09-01 03:34:29 UTC,2026-09-01T03:34:20Z,2026,1,AFC,PIT,Pittsburgh Steelers,16631,"Polk, Ja'Lynn",FA,WR,Taxi,RETIRED
2026-09-01 03:34:29 UTC,2026-09-01T03:34:20Z,2026,1,AFC,PIT,Pittsburgh Steelers,17077,"Restrepo, Xavier",TEN,WR,Taxi,
2026-09-01 03:34:29 UTC,2026-09-01T03:34:20Z,2026,1,AFC,HOU,Houston Texans,14832,"Lamb, CeeDee",DAL,WR,Active,
2026-09-01 03:34:29 UTC,2026-09-01T03:34:20Z,2026,1,AFC,HOU,Houston Texans,14104,"Brown, A.J.",NEP,WR,Active,
2026-09-01 03:34:29 UTC,2026-09-01T03:34:20Z,2026,1,AFC,HOU,Houston Texans,15802,"Otton, Cade",TBB,TE,Active,
2026-09-01 03:34:29 UTC,2026-09-01T03:34:20Z,2026,1,AFC,HOU,Houston Texans,14590,"Al-Shaair, Azeez",HOU,LB,Active,
2026-09-01 03:34:29 UTC,2026-09-01T03:34:20Z,2026,1,AFC,HOU,Houston Texans,15698,"Purdy, Brock",SFO,QB,Active,
2026-09-01 03:34:29 UTC,2026-09-01T03:34:20Z,2026,1,AFC,HOU,Houston Texans,16213,"Kincaid, Dalton",BUF,TE,Active,
2026-09-01 03:34:29 UTC,2026-09-01T03:34:20Z,2026,1,AFC,HOU,Houston Texans,16241,"Witherspoon, Devon",SEA,CB,Active,
2026-09-01 03:34:29 UTC,2026-09-01T03:34:20Z,2026,1,AFC,HOU,Houston Texans,16694,"Fiske, Braden",LAR,DT,Active,
2026-09-01 03:34:29 UTC,2026-09-01T03:34:20Z,2026,1,AFC,HOU,Houston Texans,16676,"Kinchens, Kamren",LAR,S,Active,
2026-09-01 03:34:29 UTC,2026-09-01T03:34:20Z,2026,1,AFC,HOU,Houston Texans,16717,"Taylor-Demerson, Dadrion",ARI,S,Active,Questionable
2026-09-01 03:34:29 UTC,2026-09-01T03:34:20Z,2026,1,AFC,HOU,Houston Texans,13251,"Baker, Budda",ARI,S,Active,
2026-09-01 03:34:29 UTC,2026-09-01T03:34:20Z,2026,1,AFC,HOU,Houston Texans,15768,"Pierce, Alec",IND,WR,Active,Questionable
2026-09-01 03:34:29 UTC,2026-09-01T03:34:20Z,2026,1,AFC,HOU,Houston Texans,15805,"Hutchinson, Aidan",DET,DE,Active,
2026-09-01 03:34:29 UTC,2026-09-01T03:34:20Z,2026,1,AFC,HOU,Houston Texans,15809,"Johnson, Jermaine",TEN,DE,Active,
2026-09-01 03:34:29 UTC,2026-09-01T03:34:20Z,2026,1,AFC,HOU,Houston Texans,14219,"Dean, Jamel",PIT,CB,Active,
2026-09-01 03:34:29 UTC,2026-09-01T03:34:20Z,2026,1,AFC,HOU,Houston Texans,13130,"McCaffrey, Christian",SFO,RB,Active,Questionable
2026-09-01 03:34:29 UTC,2026-09-01T03:34:20Z,2026,1,AFC,HOU,Houston Texans,17121,"Graham, Mason",CLE,DT,Active,
2026-09-01 03:34:29 UTC,2026-09-01T03:34:20Z,2026,1,AFC,HOU,Houston Texans,17033,"Milroe, Jalen",SEA,QB,Active,
2026-09-01 03:34:29 UTC,2026-09-01T03:34:20Z,2026,1,AFC,HOU,Houston Texans,17053,"Marks, Woody",HOU,RB,Active,
2026-09-01 03:34:29 UTC,2026-09-01T03:34:20Z,2026,1,AFC,HOU,Houston Texans,17036,"Howard, Will",PIT,QB,Active,Questionable
2026-09-01 03:34:29 UTC,2026-09-01T03:34:20Z,2026,1,AFC,HOU,Houston Texans,16794,"Briggs, Jowon",NYJ,DT,Active,
2026-09-01 03:34:29 UTC,2026-09-01T03:34:20Z,2026,1,AFC,HOU,Houston Texans,16254,"Kancey, Calijah",TBB,DT,Active,
2026-09-01 03:34:29 UTC,2026-09-01T03:34:20Z,2026,1,AFC,HOU,Houston Texans,17045,"Skattebo, Cam",NYG,RB,Active,
2026-09-01 03:34:29 UTC,2026-09-01T03:34:20Z,2026,1,AFC,HOU,Houston Texans,12842,"Dixon, Riley",TBB,PN,Active,
2026-09-01 03:34:29 UTC,2026-09-01T03:34:20Z,2026,1,AFC,HOU,Houston Texans,17514,"Stribling, De'Zhaun",SFO,WR,Active,Questionable
2026-09-01 03:34:29 UTC,2026-09-01T03:34:20Z,2026,1,AFC,HOU,Houston Texans,17568,"Mesidor, Akheem",LAC,DE,Active,R
2026-09-01 03:34:29 UTC,2026-09-01T03:34:20Z,2026,1,AFC,HOU,Houston Texans,17590,"Ponds, D'Angelo",NYJ,CB,Active,Questionable
2026-09-01 03:34:29 UTC,2026-09-01T03:34:20Z,2026,1,AFC,HOU,Houston Texans,17607,"Raridon, Eli",NEP,TE,Active,R
2026-09-01 03:34:29 UTC,2026-09-01T03:34:20Z,2026,1,AFC,HOU,Houston Texans,17485,"Black, Kaelon",SFO,RB,Active,R
2026-09-01 03:34:29 UTC,2026-09-01T03:34:20Z,2026,1,AFC,HOU,Houston Texans,17517,"Lane, Ja'Kobi",BAL,WR,Active,R
2026-09-01 03:34:29 UTC,2026-09-01T03:34:20Z,2026,1,AFC,HOU,Houston Texans,17617,"Rolder, Jimmy",DET,LB,Active,Questionable
2026-09-01 03:34:29 UTC,2026-09-01T03:34:20Z,2026,1,AFC,HOU,Houston Texans,17611,"Jackson, Darrell",NYJ,DT,Active,R
2026-09-01 03:34:29 UTC,2026-09-01T03:34:20Z,2026,1,AFC,HOU,Houston Texans,17467,"Klubnik, Cade",NYJ,QB,Active,R
2026-09-01 03:34:29 UTC,2026-09-01T03:34:20Z,2026,1,AFC,HOU,Houston Texans,10816,"Davis, Demario",NYJ,LB,Active,
2026-09-01 03:34:29 UTC,2026-09-01T03:34:20Z,2026,1,AFC,HOU,Houston Texans,15749,"Pacheco, Isiah",DET,RB,Active,Questionable
2026-09-01 03:34:29 UTC,2026-09-01T03:34:20Z,2026,1,AFC,HOU,Houston Texans,14270,"Epps, Marcus",PHI,S,Active,
2026-09-01 03:34:29 UTC,2026-09-01T03:34:20Z,2026,1,AFC,HOU,Houston Texans,14943,"Davis-Gaither, Akeem",IND,LB,Active,
2026-09-01 03:34:29 UTC,2026-09-01T03:34:20Z,2026,1,AFC,HOU,Houston Texans,15396,"Deablo, Divine",ATL,LB,Active,
2026-09-01 03:34:29 UTC,2026-09-01T03:34:20Z,2026,1,AFC,HOU,Houston Texans,11150,"Smith, Geno",NYJ,QB,Active,
2026-09-01 03:34:29 UTC,2026-09-01T03:34:20Z,2026,1,AFC,HOU,Houston Texans,15395,"Koonce, Malcolm",LVR,DE,Active,
2026-09-01 03:34:29 UTC,2026-09-01T03:34:20Z,2026,1,AFC,HOU,Houston Texans,15795,"Kolar, Charlie",LAC,TE,Active,
2026-09-01 03:34:29 UTC,2026-09-01T03:34:20Z,2026,1,AFC,HOU,Houston Texans,15445,"Lenoir, Deommodore",SFO,CB,Active,
2026-09-01 03:34:29 UTC,2026-09-01T03:34:20Z,2026,1,AFC,HOU,Houston Texans,15895,"McCollum, Zyon",TBB,CB,Active,
2026-09-01 03:34:29 UTC,2026-09-01T03:34:20Z,2026,1,AFC,HOU,Houston Texans,14983,"Bass, Tyler",BUF,PK,Active,
2026-09-01 03:34:29 UTC,2026-09-01T03:34:20Z,2026,1,AFC,HOU,Houston Texans,14067,"Minshew, Gardner",ARI,QB,Taxi,
2026-09-01 03:34:29 UTC,2026-09-01T03:34:20Z,2026,1,AFC,HOU,Houston Texans,12610,"Wentz, Carson",MIN,QB,Taxi,
2026-09-01 03:34:29 UTC,2026-09-01T03:34:20Z,2026,1,AFC,HOU,Houston Texans,13418,"Bourne, Kendrick",ARI,WR,Taxi,
2026-09-01 03:34:29 UTC,2026-09-01T03:34:20Z,2026,1,AFC,HOU,Houston Texans,17175,"Smith, Arian",NYJ,WR,Taxi,
2026-09-01 03:34:29 UTC,2026-09-01T03:34:20Z,2026,1,AFC,HOU,Houston Texans,13260,"Tomlinson, Dalvin",LAC,DT,Taxi,
2026-09-01 03:34:29 UTC,2026-09-01T03:34:20Z,2026,1,AFC,HOU,Houston Texans,17638,"Gumbs, George",IND,DE,Taxi,R
2026-09-01 03:34:29 UTC,2026-09-01T03:34:20Z,2026,1,AFC,HOU,Houston Texans,17633,"Josephs, Joshua",WAS,DE,Taxi,R
2026-09-01 03:34:29 UTC,2026-09-01T03:34:20Z,2026,1,AFC,HOU,Houston Texans,17630,"Overton, LT",DAL,DE,Taxi,R
2026-09-01 03:34:29 UTC,2026-09-01T03:34:20Z,2026,1,AFC,HOU,Houston Texans,17618,"Williams, Wesley",JAC,DE,Taxi,R
2026-09-01 03:34:29 UTC,2026-09-01T03:34:20Z,2026,1,AFC,HOU,Houston Texans,15890,"McFadden, Micah",NYG,LB,Taxi,
2026-09-01 03:34:29 UTC,2026-09-01T03:34:20Z,2026,1,AFC,HOU,Houston Texans,17654,"Payton, Cole",PHI,QB,Taxi,R
2026-09-01 03:34:29 UTC,2026-09-01T03:34:20Z,2026,1,AFC,HOU,Houston Texans,16688,"Guerendo, Isaac",SFO,RB,Taxi,IR-PUP
2026-09-01 03:34:29 UTC,2026-09-01T03:34:20Z,2026,1,AFC,HOU,Houston Texans,16207,"Iosivas, Andrei",CIN,WR,Taxi,
2026-09-01 03:34:29 UTC,2026-09-01T03:34:20Z,2026,1,AFC,HOU,Houston Texans,12678,"Higbee, Tyler",LAR,TE,Taxi,
2026-09-01 03:34:29 UTC,2026-09-01T03:34:20Z,2026,1,AFC,HOU,Houston Texans,12764,"Hargrave, Javon",GBP,DT,Taxi,
2026-09-01 03:34:29 UTC,2026-09-01T03:34:20Z,2026,1,AFC,HOU,Houston Texans,16707,"Liufau, Marist",DAL,LB,Taxi,IR-R
2026-09-01 03:34:29 UTC,2026-09-01T03:34:20Z,2026,1,AFC,HOU,Houston Texans,17186,"Moore, Malachi",NYJ,S,Taxi,
2026-09-01 03:34:29 UTC,2026-09-01T03:34:20Z,2026,1,AFC,HOU,Houston Texans,16639,"Legette, Xavier",CAR,WR,Taxi,Questionable
2026-09-01 03:34:29 UTC,2026-09-01T03:34:20Z,2026,1,AFC,HOU,Houston Texans,16215,"Musgrave, Luke",GBP,TE,Taxi,IR-PUP
2026-09-01 03:34:29 UTC,2026-09-01T03:34:20Z,2026,1,AFC,HOU,Houston Texans,16799,"Bethune, Tatum",SFO,LB,Taxi,
2026-09-01 03:34:29 UTC,2026-09-01T03:34:20Z,2026,1,AFC,HOU,Houston Texans,15807,"Ojabo, David",FA,DE,Taxi,
2026-09-01 03:34:29 UTC,2026-09-01T03:34:20Z,2026,1,AFC,HOU,Houston Texans,16139,"Baker, Darrell",MIA,CB,Taxi,IR-PUP
2026-09-01 03:34:29 UTC,2026-09-01T03:34:20Z,2026,1,AFC,HOU,Houston Texans,13832,"Sanders, Jason",NYJ,PK,Taxi,
2026-09-01 03:34:29 UTC,2026-09-01T03:34:20Z,2026,1,AFC,IND,Indianapolis Colts,15846,"Walker, Quay",LVR,LB,Active,
2026-09-01 03:34:29 UTC,2026-09-01T03:34:20Z,2026,1,AFC,IND,Indianapolis Colts,15761,"Shakir, Khalil",BUF,WR,Active,Questionable
2026-09-01 03:34:29 UTC,2026-09-01T03:34:20Z,2026,1,AFC,IND,Indianapolis Colts,14149,"Gary, Rashan",DAL,DE,Active,
2026-09-01 03:34:29 UTC,2026-09-01T03:34:20Z,2026,1,AFC,IND,Indianapolis Colts,15259,"Stevenson, Rhamondre",NEP,RB,Active,
2026-09-01 03:34:29 UTC,2026-09-01T03:34:20Z,2026,1,AFC,IND,Indianapolis Colts,14102,"Metcalf, DK",PIT,WR,Active,Questionable
2026-09-01 03:34:29 UTC,2026-09-01T03:34:20Z,2026,1,AFC,IND,Indianapolis Colts,14071,"Montgomery, David",HOU,RB,Active,
2026-09-01 03:34:29 UTC,2026-09-01T03:34:20Z,2026,1,AFC,IND,Indianapolis Colts,16618,"Thomas Jr., Brian",JAC,WR,Active,Questionable
2026-09-01 03:34:29 UTC,2026-09-01T03:34:20Z,2026,1,AFC,IND,Indianapolis Colts,16582,"Nix, Bo",DEN,QB,Active,
2026-09-01 03:34:29 UTC,2026-09-01T03:34:20Z,2026,1,AFC,IND,Indianapolis Colts,16700,"Bishop, Cole",BUF,S,Active,
2026-09-01 03:34:29 UTC,2026-09-01T03:34:20Z,2026,1,AFC,IND,Indianapolis Colts,16673,"Wiggins, Nate",BAL,CB,Active,
2026-09-01 03:34:29 UTC,2026-09-01T03:34:20Z,2026,1,AFC,IND,Indianapolis Colts,16662,"Jenkins, Kris",CIN,DT,Active,
2026-09-01 03:34:29 UTC,2026-09-01T03:34:20Z,2026,1,AFC,IND,Indianapolis Colts,16670,"McKinstry, Kool-Aid",NOS,CB,Active,
2026-09-01 03:34:29 UTC,2026-09-01T03:34:20Z,2026,1,AFC,IND,Indianapolis Colts,16672,"Lassiter, Kamari",HOU,CB,Active,
2026-09-01 03:34:29 UTC,2026-09-01T03:34:20Z,2026,1,AFC,IND,Indianapolis Colts,16723,"Barner, AJ",SEA,TE,Active,
2026-09-01 03:34:29 UTC,2026-09-01T03:34:20Z,2026,1,AFC,IND,Indianapolis Colts,16719,"Williams, Evan",GBP,S,Active,
2026-09-01 03:34:29 UTC,2026-09-01T03:34:20Z,2026,1,AFC,IND,Indianapolis Colts,16282,"Turner, Kobie",LAR,DT,Active,Questionable
2026-09-01 03:34:29 UTC,2026-09-01T03:34:20Z,2026,1,AFC,IND,Indianapolis Colts,14159,"Lawrence, Dexter",CIN,DT,Active,
2026-09-01 03:34:29 UTC,2026-09-01T03:34:20Z,2026,1,AFC,IND,Indianapolis Colts,14235,"Tranquill, Drue",KCC,LB,Active,Questionable
2026-09-01 03:34:29 UTC,2026-09-01T03:34:20Z,2026,1,AFC,IND,Indianapolis Colts,16712,"Hunt, Jalyx",PHI,DE,Active,
2026-09-01 03:34:29 UTC,2026-09-01T03:34:20Z,2026,1,AFC,IND,Indianapolis Colts,15871,"Joseph, Kerby",DET,S,Active,IR-PUP
2026-09-01 03:34:29 UTC,2026-09-01T03:34:20Z,2026,1,AFC,IND,Indianapolis Colts,17070,"Burden, Luther",CHI,WR,Active,Questionable
2026-09-01 03:34:29 UTC,2026-09-01T03:34:20Z,2026,1,AFC,IND,Indianapolis Colts,17146,"Williams, Tyleik",DET,DT,Active,
2026-09-01 03:34:29 UTC,2026-09-01T03:34:20Z,2026,1,AFC,IND,Indianapolis Colts,15345,"Paye, Kwity",LVR,DE,Active,
2026-09-01 03:34:29 UTC,2026-09-01T03:34:20Z,2026,1,AFC,IND,Indianapolis Colts,13813,"Oluokun, Foyesade",JAC,LB,Active,
2026-09-01 03:34:29 UTC,2026-09-01T03:34:20Z,2026,1,AFC,IND,Indianapolis Colts,16194,"Rice, Rashee",KCC,WR,Active,
2026-09-01 03:34:29 UTC,2026-09-01T03:34:20Z,2026,1,AFC,IND,Indianapolis Colts,16460,"Hickman, Ronnie",CLE,S,Active,
2026-09-01 03:34:29 UTC,2026-09-01T03:34:20Z,2026,1,AFC,IND,Indianapolis Colts,14179,"Love, Julian",SEA,S,Active,
2026-09-01 03:34:29 UTC,2026-09-01T03:34:20Z,2026,1,AFC,IND,Indianapolis Colts,13743,"Warner, Fred",SFO,LB,Active,
2026-09-01 03:34:29 UTC,2026-09-01T03:34:20Z,2026,1,AFC,IND,Indianapolis Colts,16635,"McCaffrey, Luke",WAS,WR,Active,
2026-09-01 03:34:29 UTC,2026-09-01T03:34:20Z,2026,1,AFC,IND,Indianapolis Colts,16012,"Alford, Dee",BUF,CB,Active,
2026-09-01 03:34:29 UTC,2026-09-01T03:34:20Z,2026,1,AFC,IND,Indianapolis Colts,15845,"McDuffie, Trent",LAR,CB,Active,
2026-09-01 03:34:29 UTC,2026-09-01T03:34:20Z,2026,1,AFC,IND,Indianapolis Colts,13593,"Jackson, Lamar",BAL,QB,Active,
2026-09-01 03:34:29 UTC,2026-09-01T03:34:20Z,2026,1,AFC,IND,Indianapolis Colts,16887,"Rehkow, Ryan",CIN,PN,Active,
2026-09-01 03:34:29 UTC,2026-09-01T03:34:20Z,2026,1,AFC,IND,Indianapolis Colts,17066,"Monangai, Kyle",CHI,RB,Active,Questionable
2026-09-01 03:34:29 UTC,2026-09-01T03:34:20Z,2026,1,AFC,IND,Indianapolis Colts,16655,"Robinson, Chop",MIA,DE,Active,
2026-09-01 03:34:29 UTC,2026-09-01T03:34:20Z,2026,1,AFC,IND,Indianapolis Colts,15756,"Williams, Jameson",DET,WR,Active,
2026-09-01 03:34:29 UTC,2026-09-01T03:34:20Z,2026,1,AFC,IND,Indianapolis Colts,17563,"Downs, Caleb",DAL,S,Active,R
2026-09-01 03:34:29 UTC,2026-09-01T03:34:20Z,2026,1,AFC,IND,Indianapolis Colts,16747,"Tracy, Tyrone",NYG,RB,Active,Questionable
2026-09-01 03:34:29 UTC,2026-09-01T03:34:20Z,2026,1,AFC,IND,Indianapolis Colts,16649,"Johnson, Theo",NYG,TE,Active,Questionable
2026-09-01 03:34:29 UTC,2026-09-01T03:34:20Z,2026,1,AFC,IND,Indianapolis Colts,17567,"Delp, Oscar",NOS,TE,Active,Questionable
2026-09-01 03:34:29 UTC,2026-09-01T03:34:20Z,2026,1,AFC,IND,Indianapolis Colts,12676,"Henry, Hunter",NEP,TE,Active,
2026-09-01 03:34:29 UTC,2026-09-01T03:34:20Z,2026,1,AFC,IND,Indianapolis Colts,13132,"Kamara, Alvin",NOS,RB,Active,Questionable
2026-09-01 03:34:29 UTC,2026-09-01T03:34:20Z,2026,1,AFC,IND,Indianapolis Colts,12437,"Myers, Jason",SEA,PK,Active,
2026-09-01 03:34:29 UTC,2026-09-01T03:34:20Z,2026,1,AFC,IND,Indianapolis Colts,13198,"Garrett, Myles",LAR,DE,Active,Questionable
2026-09-01 03:34:29 UTC,2026-09-01T03:34:20Z,2026,1,AFC,IND,Indianapolis Colts,17518,"Allen, Cyrus",KCC,WR,Active,R
2026-09-01 03:34:29 UTC,2026-09-01T03:34:20Z,2026,1,AFC,IND,Indianapolis Colts,17058,"Brooks, Tahj",CIN,RB,Taxi,
2026-09-01 03:34:29 UTC,2026-09-01T03:34:20Z,2026,1,AFC,IND,Indianapolis Colts,17046,"Neal, Devin",NOS,RB,Taxi,IR
2026-09-01 03:34:29 UTC,2026-09-01T03:34:20Z,2026,1,AFC,IND,Indianapolis Colts,17697,"Benny, Rayshaun",FA,DT,Taxi,R
2026-09-01 03:34:29 UTC,2026-09-01T03:34:20Z,2026,1,AFC,IND,Indianapolis Colts,17574,"Hood, Colton",NYG,CB,Taxi,Questionable
2026-09-01 03:34:29 UTC,2026-09-01T03:34:20Z,2026,1,AFC,IND,Indianapolis Colts,16102,"Pola-Mao, Isaiah",LVR,S,Taxi,
2026-09-01 03:34:29 UTC,2026-09-01T03:34:20Z,2026,1,AFC,IND,Indianapolis Colts,17650,"Styles, Lorenzo",NOS,S,Taxi,Questionable
2026-09-01 03:34:29 UTC,2026-09-01T03:34:20Z,2026,1,AFC,IND,Indianapolis Colts,14953,"Dye, Troy",LAC,LB,Taxi,
2026-09-01 03:34:29 UTC,2026-09-01T03:34:20Z,2026,1,AFC,JAC,Jacksonville Jaguars,15742,"Warren, Jaylen",PIT,RB,Active,
2026-09-01 03:34:29 UTC,2026-09-01T03:34:20Z,2026,1,AFC,JAC,Jacksonville Jaguars,16280,"Henley, Daiyan",LAC,LB,Active,
2026-09-01 03:34:29 UTC,2026-09-01T03:34:20Z,2026,1,AFC,JAC,Jacksonville Jaguars,16164,"Bigsby, Tank",PHI,RB,Active,
2026-09-01 03:34:29 UTC,2026-09-01T03:34:20Z,2026,1,AFC,JAC,Jacksonville Jaguars,16255,"Banks, Deonte",NYG,CB,Active,
2026-09-01 03:34:29 UTC,2026-09-01T03:34:20Z,2026,1,AFC,JAC,Jacksonville Jaguars,16617,"Coleman, Keon",BUF,WR,Active,Questionable
2026-09-01 03:34:29 UTC,2026-09-01T03:34:20Z,2026,1,AFC,JAC,Jacksonville Jaguars,16603,"Davis, Ray",BUF,RB,Active,
2026-09-01 03:34:29 UTC,2026-09-01T03:34:20Z,2026,1,AFC,JAC,Jacksonville Jaguars,16680,"Little, Cam",JAC,PK,Active,
2026-09-01 03:34:29 UTC,2026-09-01T03:34:20Z,2026,1,AFC,JAC,Jacksonville Jaguars,13674,"Goedert, Dallas",PHI,TE,Active,
2026-09-01 03:34:29 UTC,2026-09-01T03:34:20Z,2026,1,AFC,JAC,Jacksonville Jaguars,10292,"Jordan, Cameron",NOS,DE,Active,Questionable
2026-09-01 03:34:29 UTC,2026-09-01T03:34:20Z,2026,1,AFC,JAC,Jacksonville Jaguars,15393,"Odighizuwa, Osa",SFO,DT,Active,
2026-09-01 03:34:29 UTC,2026-09-01T03:34:20Z,2026,1,AFC,JAC,Jacksonville Jaguars,12186,"Diggs, Stefon",WAS,WR,Active,
2026-09-01 03:34:29 UTC,2026-09-01T03:34:20Z,2026,1,AFC,JAC,Jacksonville Jaguars,17075,"Golden, Matthew",GBP,WR,Active,
2026-09-01 03:34:29 UTC,2026-09-01T03:34:20Z,2026,1,AFC,JAC,Jacksonville Jaguars,17039,"Shough, Tyler",NOS,QB,Active,
2026-09-01 03:34:29 UTC,2026-09-01T03:34:20Z,2026,1,AFC,JAC,Jacksonville Jaguars,17078,"Bech, Jack",LVR,WR,Active,
2026-09-01 03:34:29 UTC,2026-09-01T03:34:20Z,2026,1,AFC,JAC,Jacksonville Jaguars,17086,"Royals, Jalen",KCC,WR,Active,
2026-09-01 03:34:29 UTC,2026-09-01T03:34:20Z,2026,1,AFC,JAC,Jacksonville Jaguars,17127,"Johnson, Will",ARI,CB,Active,Questionable
2026-09-01 03:34:29 UTC,2026-09-01T03:34:20Z,2026,1,AFC,JAC,Jacksonville Jaguars,17145,"Winston, Kevin",TEN,S,Active,
2026-09-01 03:34:29 UTC,2026-09-01T03:34:20Z,2026,1,AFC,JAC,Jacksonville Jaguars,17182,"Sorrell, Barryn",GBP,DE,Active,
2026-09-01 03:34:29 UTC,2026-09-01T03:34:20Z,2026,1,AFC,JAC,Jacksonville Jaguars,12686,"Bosa, Joey",FA,DE,Active,
2026-09-01 03:34:29 UTC,2026-09-01T03:34:20Z,2026,1,AFC,JAC,Jacksonville Jaguars,14252,"Jackson, Michael",CAR,CB,Active,
2026-09-01 03:34:29 UTC,2026-09-01T03:34:20Z,2026,1,AFC,JAC,Jacksonville Jaguars,16733,"Bertrand, JD",ATL,LB,Active,IR
2026-09-01 03:34:29 UTC,2026-09-01T03:34:20Z,2026,1,AFC,JAC,Jacksonville Jaguars,13697,"Edmunds, Tremaine",NYG,LB,Active,
2026-09-01 03:34:29 UTC,2026-09-01T03:34:20Z,2026,1,AFC,JAC,Jacksonville Jaguars,16149,"Levis, Will",FA,QB,Active,
2026-09-01 03:34:29 UTC,2026-09-01T03:34:20Z,2026,1,AFC,JAC,Jacksonville Jaguars,16711,"Isaac, Adisa",FA,DE,Active,
2026-09-01 03:34:29 UTC,2026-09-01T03:34:20Z,2026,1,AFC,JAC,Jacksonville Jaguars,16222,"Kraft, Tucker",GBP,TE,Active,Questionable
2026-09-01 03:34:29 UTC,2026-09-01T03:34:20Z,2026,1,AFC,JAC,Jacksonville Jaguars,16679,"Nubin, Tyler",NYG,S,Active,
2026-09-01 03:34:29 UTC,2026-09-01T03:34:20Z,2026,1,AFC,JAC,Jacksonville Jaguars,13589,"Allen, Josh",BUF,QB,Active,
2026-09-01 03:34:29 UTC,2026-09-01T03:34:20Z,2026,1,AFC,JAC,Jacksonville Jaguars,17551,"Bailey, David",NYJ,DE,Active,R
2026-09-01 03:34:29 UTC,2026-09-01T03:34:20Z,2026,1,AFC,JAC,Jacksonville Jaguars,17477,"Coleman, Jonah",DEN,RB,Active,R
2026-09-01 03:34:29 UTC,2026-09-01T03:34:20Z,2026,1,AFC,JAC,Jacksonville Jaguars,17562,"Delane, Mansoor",KCC,CB,Active,R
2026-09-01 03:34:29 UTC,2026-09-01T03:34:20Z,2026,1,AFC,JAC,Jacksonville Jaguars,17521,"Thomas, Zavion",CHI,WR,Active,R
2026-09-01 03:34:29 UTC,2026-09-01T03:34:20Z,2026,1,AFC,JAC,Jacksonville Jaguars,13163,"Godwin, Chris",TBB,WR,Active,
2026-09-01 03:34:29 UTC,2026-09-01T03:34:20Z,2026,1,AFC,JAC,Jacksonville Jaguars,13604,"Barkley, Saquon",PHI,RB,Active,
2026-09-01 03:34:29 UTC,2026-09-01T03:34:20Z,2026,1,AFC,JAC,Jacksonville Jaguars,15282,"Smith, DeVonta",PHI,WR,Active,
2026-09-01 03:34:29 UTC,2026-09-01T03:34:20Z,2026,1,AFC,JAC,Jacksonville Jaguars,14877,"Young, Chase",NOS,DE,Active,
2026-09-01 03:34:29 UTC,2026-09-01T03:34:20Z,2026,1,AFC,JAC,Jacksonville Jaguars,14833,"Jeudy, Jerry",CLE,WR,Active,
2026-09-01 03:34:29 UTC,2026-09-01T03:34:20Z,2026,1,AFC,JAC,Jacksonville Jaguars,13693,"Phillips, Harrison",NYJ,DT,Active,
2026-09-01 03:34:29 UTC,2026-09-01T03:34:20Z,2026,1,AFC,JAC,Jacksonville Jaguars,14982,"Gilman, Alohi",KCC,S,Active,Questionable
2026-09-01 03:34:29 UTC,2026-09-01T03:34:20Z,2026,1,AFC,JAC,Jacksonville Jaguars,14217,"Barton, Cody",TEN,LB,Active,
2026-09-01 03:34:29 UTC,2026-09-01T03:34:20Z,2026,1,AFC,JAC,Jacksonville Jaguars,10945,"Hekker, Johnny",FA,PN,Active,
2026-09-01 03:34:29 UTC,2026-09-01T03:34:20Z,2026,1,AFC,JAC,Jacksonville Jaguars,14302,"Scott, Nick",CAR,S,Active,
2026-09-01 03:34:29 UTC,2026-09-01T03:34:20Z,2026,1,AFC,JAC,Jacksonville Jaguars,15386,"Odeyingbo, Dayo",FA,DE,Active,
2026-09-01 03:34:29 UTC,2026-09-01T03:34:20Z,2026,1,AFC,JAC,Jacksonville Jaguars,17037,"Gabriel, Dillon",CLE,QB,INJURED_RESERVE,IR-R
2026-09-01 03:34:29 UTC,2026-09-01T03:34:20Z,2026,1,AFC,JAC,Jacksonville Jaguars,13146,"Conner, James",ARI,RB,INJURED_RESERVE,IR-R
2026-09-01 03:34:29 UTC,2026-09-01T03:34:20Z,2026,1,AFC,JAC,Jacksonville Jaguars,17138,"Grant, Kenneth",MIA,DT,INJURED_RESERVE,IR-R
2026-09-01 03:34:29 UTC,2026-09-01T03:34:20Z,2026,1,AFC,JAC,Jacksonville Jaguars,17152,"Norman-Lott, Omarr",KCC,DT,INJURED_RESERVE,IR-PUP
2026-09-01 03:34:29 UTC,2026-09-01T03:34:20Z,2026,1,AFC,JAC,Jacksonville Jaguars,17615,"Moore, Devin",DAL,CB,INJURED_RESERVE,IR-R
2026-09-01 03:34:29 UTC,2026-09-01T03:34:20Z,2026,1,AFC,JAC,Jacksonville Jaguars,14095,"Johnson, Ty",BUF,RB,Taxi,Questionable
2026-09-01 03:34:29 UTC,2026-09-01T03:34:20Z,2026,1,AFC,JAC,Jacksonville Jaguars,12785,"Robinson, Demarcus",SFO,WR,Taxi,
2026-09-01 03:34:29 UTC,2026-09-01T03:34:20Z,2026,1,AFC,JAC,Jacksonville Jaguars,17549,"Roush, Sam",CHI,TE,Taxi,R
2026-09-01 03:34:29 UTC,2026-09-01T03:34:20Z,2026,1,AFC,JAC,Jacksonville Jaguars,17603,"Orange, Domonique",MIN,DT,Taxi,R
2026-09-01 03:34:29 UTC,2026-09-01T03:34:20Z,2026,1,AFC,JAC,Jacksonville Jaguars,17645,"Elliott, Keyshaun",CHI,LB,Taxi,Questionable
2026-09-01 03:34:29 UTC,2026-09-01T03:34:20Z,2026,1,AFC,JAC,Jacksonville Jaguars,17642,"Rivers, Chandler",BAL,CB,Taxi,R
2026-09-01 03:34:29 UTC,2026-09-01T03:34:20Z,2026,1,AFC,JAC,Jacksonville Jaguars,17564,"Ramsey, Kamari",HOU,S,Taxi,R
2026-09-01 03:34:29 UTC,2026-09-01T03:34:20Z,2026,1,AFC,JAC,Jacksonville Jaguars,16036,"Tonges, Jake",SFO,TE,Taxi,
2026-09-01 03:34:29 UTC,2026-09-01T03:34:20Z,2026,1,AFC,JAC,Jacksonville Jaguars,15089,"Roach, Malcolm",DEN,DT,Taxi,
2026-09-01 03:34:29 UTC,2026-09-01T03:34:20Z,2026,1,AFC,JAC,Jacksonville Jaguars,15473,"McDuffie, Isaiah",GBP,LB,Taxi,
2026-09-01 03:34:29 UTC,2026-09-01T03:34:20Z,2026,1,AFC,JAC,Jacksonville Jaguars,16926,"Reid, Winston",CLE,LB,Taxi,
2026-09-01 03:34:29 UTC,2026-09-01T03:34:20Z,2026,1,AFC,JAC,Jacksonville Jaguars,12831,"Roberts, Elandon",FA,LB,Taxi,
2026-09-01 03:34:29 UTC,2026-09-01T03:34:20Z,2026,1,AFC,JAC,Jacksonville Jaguars,12231,"Thompson, Shaq",BUF,LB,Taxi,
2026-09-01 03:34:29 UTC,2026-09-01T03:34:20Z,2026,1,AFC,TEN,Tennessee Titans,14940,"Highsmith, Alex",PIT,DE,Active,
2026-09-01 03:34:29 UTC,2026-09-01T03:34:20Z,2026,1,AFC,TEN,Tennessee Titans,16150,"Stroud, C.J.",HOU,QB,Active,
2026-09-01 03:34:29 UTC,2026-09-01T03:34:20Z,2026,1,AFC,TEN,Tennessee Titans,16189,"Mims, Marvin",DEN,WR,Active,Questionable
2026-09-01 03:34:29 UTC,2026-09-01T03:34:20Z,2026,1,AFC,TEN,Tennessee Titans,16303,"Herbig, Nick",PIT,DE,Active,
2026-09-01 03:34:29 UTC,2026-09-01T03:34:20Z,2026,1,AFC,TEN,Tennessee Titans,14153,"Allen, Zach",DEN,DT,Active,
2026-09-01 03:34:29 UTC,2026-09-01T03:34:20Z,2026,1,AFC,TEN,Tennessee Titans,12221,"Hunter, Danielle",HOU,DE,Active,
2026-09-01 03:34:29 UTC,2026-09-01T03:34:20Z,2026,1,AFC,TEN,Tennessee Titans,16211,"Nacua, Puka",LAR,WR,Active,Questionable
2026-09-01 03:34:29 UTC,2026-09-01T03:34:20Z,2026,1,AFC,TEN,Tennessee Titans,16584,"McCarthy, J.J.",MIN,QB,Active,Questionable
2026-09-01 03:34:29 UTC,2026-09-01T03:34:20Z,2026,1,AFC,TEN,Tennessee Titans,15290,"Collins, Nico",HOU,WR,Active,
2026-09-01 03:34:29 UTC,2026-09-01T03:34:20Z,2026,1,AFC,TEN,Tennessee Titans,17147,"Schwesinger, Carson",CLE,LB,Active,
2026-09-01 03:34:29 UTC,2026-09-01T03:34:20Z,2026,1,AFC,TEN,Tennessee Titans,17104,"Loveland, Colston",CHI,TE,Active,
2026-09-01 03:34:29 UTC,2026-09-01T03:34:20Z,2026,1,AFC,TEN,Tennessee Titans,15409,"Barnes, Derrick",DET,LB,Active,
2026-09-01 03:34:29 UTC,2026-09-01T03:34:20Z,2026,1,AFC,TEN,Tennessee Titans,15390,"McNeill, Alim",DET,DT,Active,
2026-09-01 03:34:29 UTC,2026-09-01T03:34:20Z,2026,1,AFC,TEN,Tennessee Titans,16228,"Smith, Nolan",PHI,DE,Active,
2026-09-01 03:34:29 UTC,2026-09-01T03:34:20Z,2026,1,AFC,TEN,Tennessee Titans,16597,"Brooks, Jonathon",CAR,RB,Active,
2026-09-01 03:34:29 UTC,2026-09-01T03:34:20Z,2026,1,AFC,TEN,Tennessee Titans,16583,"Penix Jr., Michael",ATL,QB,Active,Questionable
2026-09-01 03:34:29 UTC,2026-09-01T03:34:20Z,2026,1,AFC,TEN,Tennessee Titans,12741,"Jones, Chris",KCC,DT,Active,
2026-09-01 03:34:29 UTC,2026-09-01T03:34:20Z,2026,1,AFC,TEN,Tennessee Titans,15894,"Woolen, Tariq",PHI,CB,Active,
2026-09-01 03:34:29 UTC,2026-09-01T03:34:20Z,2026,1,AFC,TEN,Tennessee Titans,13226,"Jackson, Adoree",PHI,CB,Active,
2026-09-01 03:34:29 UTC,2026-09-01T03:34:20Z,2026,1,AFC,TEN,Tennessee Titans,15972,"Mason, Jordan",MIN,RB,Active,
2026-09-01 03:34:29 UTC,2026-09-01T03:34:20Z,2026,1,AFC,TEN,Tennessee Titans,16193,"Boutte, Kayshon",HOU,WR,Active,
2026-09-01 03:34:29 UTC,2026-09-01T03:34:20Z,2026,1,AFC,TEN,Tennessee Titans,16246,"Johnson, Antonio",JAC,S,Active,
2026-09-01 03:34:29 UTC,2026-09-01T03:34:20Z,2026,1,AFC,TEN,Tennessee Titans,16314,"Dennis, SirVocea",TBB,LB,Active,
2026-09-01 03:34:29 UTC,2026-09-01T03:34:20Z,2026,1,AFC,TEN,Tennessee Titans,15789,"Watson, Christian",GBP,WR,Active,
2026-09-01 03:34:29 UTC,2026-09-01T03:34:20Z,2026,1,AFC,TEN,Tennessee Titans,13592,"Darnold, Sam",SEA,QB,Active,
2026-09-01 03:34:29 UTC,2026-09-01T03:34:20Z,2026,1,AFC,TEN,Tennessee Titans,15721,"White, Rachaad",WAS,RB,Active,Questionable
2026-09-01 03:34:29 UTC,2026-09-01T03:34:20Z,2026,1,AFC,TEN,Tennessee Titans,16181,"Brown, Chase",CIN,RB,Active,
2026-09-01 03:34:29 UTC,2026-09-01T03:34:20Z,2026,1,AFC,TEN,Tennessee Titans,17499,"Lemon, Makai",PHI,WR,Active,R
2026-09-01 03:34:29 UTC,2026-09-01T03:34:20Z,2026,1,AFC,TEN,Tennessee Titans,17544,"Stowers, Eli",PHI,TE,Active,Questionable
2026-09-01 03:34:29 UTC,2026-09-01T03:34:20Z,2026,1,AFC,TEN,Tennessee Titans,17552,"Howell, Cashius",CIN,DE,Active,R
2026-09-01 03:34:29 UTC,2026-09-01T03:34:20Z,2026,1,AFC,TEN,Tennessee Titans,14860,"Jennings, Jauan",MIN,WR,Active,
2026-09-01 03:34:29 UTC,2026-09-01T03:34:20Z,2026,1,AFC,TEN,Tennessee Titans,16240,"Porter Jr., Joey",PIT,CB,Active,
2026-09-01 03:34:29 UTC,2026-09-01T03:34:20Z,2026,1,AFC,TEN,Tennessee Titans,15256,"Williams, Javonte",DAL,RB,Active,
2026-09-01 03:34:29 UTC,2026-09-01T03:34:20Z,2026,1,AFC,TEN,Tennessee Titans,12801,"Hill, Tyreek",FA,WR,Active,Out
2026-09-01 03:34:29 UTC,2026-09-01T03:34:20Z,2026,1,AFC,TEN,Tennessee Titans,13723,"Payne, Da'Ron",WAS,DT,Active,
2026-09-01 03:34:29 UTC,2026-09-01T03:34:20Z,2026,1,AFC,TEN,Tennessee Titans,14412,"Singleton, Alex",DEN,LB,Active,
2026-09-01 03:34:29 UTC,2026-09-01T03:34:20Z,2026,1,AFC,TEN,Tennessee Titans,16296,"Miller, Ventrell",JAC,LB,Active,
2026-09-01 03:34:29 UTC,2026-09-01T03:34:20Z,2026,1,AFC,TEN,Tennessee Titans,15001,"Curl, Kamren",LAR,S,Active,
2026-09-01 03:34:29 UTC,2026-09-01T03:34:20Z,2026,1,AFC,TEN,Tennessee Titans,16216,"Washington, Darnell",PIT,TE,Active,
2026-09-01 03:34:29 UTC,2026-09-01T03:34:20Z,2026,1,AFC,TEN,Tennessee Titans,17474,"Johnson, Emmett",KCC,RB,Active,R
2026-09-01 03:34:29 UTC,2026-09-01T03:34:20Z,2026,1,AFC,TEN,Tennessee Titans,17520,"Hurst, Ted",TBB,WR,Active,R
2026-09-01 03:34:29 UTC,2026-09-01T03:34:20Z,2026,1,AFC,TEN,Tennessee Titans,17157,"TeSlaa, Isaac",DET,WR,Active,
2026-09-01 03:34:29 UTC,2026-09-01T03:34:20Z,2026,1,AFC,TEN,Tennessee Titans,16661,"Hall Jr., Michael",CLE,DT,Active,
2026-09-01 03:34:29 UTC,2026-09-01T03:34:20Z,2026,1,AFC,TEN,Tennessee Titans,16846,"Bates, Jake",DET,PK,Active,
2026-09-01 03:34:29 UTC,2026-09-01T03:34:20Z,2026,1,AFC,TEN,Tennessee Titans,14148,"Sweat, Montez",CHI,DE,Active,
2026-09-01 03:34:29 UTC,2026-09-01T03:34:20Z,2026,1,AFC,TEN,Tennessee Titans,13289,"Hollins, Mack",NEP,WR,Taxi,
2026-09-01 03:34:29 UTC,2026-09-01T03:34:20Z,2026,1,AFC,TEN,Tennessee Titans,17593,"Klein, Marlin",HOU,TE,Taxi,R
2026-09-01 03:34:29 UTC,2026-09-01T03:34:20Z,2026,1,AFC,TEN,Tennessee Titans,17339,"McNamara, Austin",NYJ,PN,Taxi,
2026-09-01 03:34:29 UTC,2026-09-01T03:34:20Z,2026,1,AFC,TEN,Tennessee Titans,17672,"Gill-Howard, Skyler",DET,DT,Taxi,R
2026-09-01 03:34:29 UTC,2026-09-01T03:34:20Z,2026,1,AFC,TEN,Tennessee Titans,13332,"Jones, D.J.",DEN,DT,Taxi,
2026-09-01 03:34:29 UTC,2026-09-01T03:34:20Z,2026,1,AFC,TEN,Tennessee Titans,14899,"Kinlaw, Javon",WAS,DT,Taxi,
2026-09-01 03:34:29 UTC,2026-09-01T03:34:20Z,2026,1,AFC,TEN,Tennessee Titans,17600,"McClellan, Chris",GBP,DT,Taxi,R
2026-09-01 03:34:29 UTC,2026-09-01T03:34:20Z,2026,1,AFC,TEN,Tennessee Titans,17161,"Burch, Jordan",ARI,DE,Taxi,
2026-09-01 03:34:29 UTC,2026-09-01T03:34:20Z,2026,1,AFC,TEN,Tennessee Titans,15398,"Jones, Patrick",CAR,DE,Taxi,
2026-09-01 03:34:29 UTC,2026-09-01T03:34:20Z,2026,1,AFC,TEN,Tennessee Titans,10267,"Miller, Von",DAL,DE,Taxi,
2026-09-01 03:34:29 UTC,2026-09-01T03:34:20Z,2026,1,AFC,TEN,Tennessee Titans,17150,"Oladejo, Oluwafemi",TEN,DE,Taxi,
2026-09-01 03:34:29 UTC,2026-09-01T03:34:20Z,2026,1,AFC,TEN,Tennessee Titans,17623,"Elarms-Orr, Kaleb",BUF,LB,Taxi,R
2026-09-01 03:34:29 UTC,2026-09-01T03:34:20Z,2026,1,AFC,TEN,Tennessee Titans,17598,"Davis, Tacario",CIN,CB,Taxi,R
2026-09-01 03:34:29 UTC,2026-09-01T03:34:20Z,2026,1,AFC,TEN,Tennessee Titans,17635,"Johnson, Dalton",LVR,S,Taxi,R
2026-09-01 03:34:29 UTC,2026-09-01T03:34:20Z,2026,1,AFC,TEN,Tennessee Titans,13133,"Perine, Samaje",CIN,RB,Taxi,
2026-09-01 03:34:29 UTC,2026-09-01T03:34:20Z,2026,1,AFC,TEN,Tennessee Titans,15382,"Onwuzurike, Levi",DET,DT,Taxi,
2026-09-01 03:34:29 UTC,2026-09-01T03:34:20Z,2026,1,AFC,TEN,Tennessee Titans,14879,"Epenesa, A.J.",PHI,DE,Taxi,
2026-09-01 03:34:29 UTC,2026-09-01T03:34:20Z,2026,1,AFC,TEN,Tennessee Titans,15913,"Benford, Christian",BUF,CB,Taxi,
2026-09-01 03:34:29 UTC,2026-09-01T03:34:20Z,2026,1,AFC,TEN,Tennessee Titans,15833,"Gardner, Sauce",IND,CB,Taxi,Questionable
2026-09-01 03:34:29 UTC,2026-09-01T03:34:20Z,2026,1,AFC,TEN,Tennessee Titans,16708,"Smith, Tykee",TBB,S,Taxi,
2026-09-01 03:34:29 UTC,2026-09-01T03:34:20Z,2026,1,AFC,DEN,Denver Broncos,13696,"Smith, Roquan",BAL,LB,Active,
2026-09-01 03:34:29 UTC,2026-09-01T03:34:20Z,2026,1,AFC,DEN,Denver Broncos,14897,"Brown, Derrick",CAR,DT,Active,Questionable
2026-09-01 03:34:29 UTC,2026-09-01T03:34:20Z,2026,1,AFC,DEN,Denver Broncos,15428,"Sherwood, Jamien",NYJ,LB,Active,
2026-09-01 03:34:29 UTC,2026-09-01T03:34:20Z,2026,1,AFC,DEN,Denver Broncos,15253,"Etienne, Travis",NOS,RB,Active,
2026-09-01 03:34:29 UTC,2026-09-01T03:34:20Z,2026,1,AFC,DEN,Denver Broncos,17071,"McMillan, Tetairoa",CAR,WR,Active,
2026-09-01 03:34:29 UTC,2026-09-01T03:34:20Z,2026,1,AFC,DEN,Denver Broncos,17073,"Ayomanor, Elic",TEN,WR,Active,
2026-09-01 03:34:29 UTC,2026-09-01T03:34:20Z,2026,1,AFC,DEN,Denver Broncos,15237,"Lawrence, Trevor",JAC,QB,Active,
2026-09-01 03:34:29 UTC,2026-09-01T03:34:20Z,2026,1,AFC,DEN,Denver Broncos,16703,"Phillips, Andru",NYG,CB,Active,Questionable
2026-09-01 03:34:29 UTC,2026-09-01T03:34:20Z,2026,1,AFC,DEN,Denver Broncos,16585,"Milton, Joe",DAL,QB,Active,
2026-09-01 03:34:29 UTC,2026-09-01T03:34:20Z,2026,1,AFC,DEN,Denver Broncos,14182,"Hooker, Amani",TEN,S,Active,
2026-09-01 03:34:29 UTC,2026-09-01T03:34:20Z,2026,1,AFC,DEN,Denver Broncos,17163,"Parrish, Jacob",TBB,CB,Active,
2026-09-01 03:34:29 UTC,2026-09-01T03:34:20Z,2026,1,AFC,DEN,Denver Broncos,14778,"Tagovailoa, Tua",ATL,QB,Active,
2026-09-01 03:34:29 UTC,2026-09-01T03:34:20Z,2026,1,AFC,DEN,Denver Broncos,16734,"Booker, Austin",CHI,DE,Active,Questionable
2026-09-01 03:34:29 UTC,2026-09-01T03:34:20Z,2026,1,AFC,DEN,Denver Broncos,15877,"Uwazurike, Eyioma",DEN,DT,Active,
2026-09-01 03:34:29 UTC,2026-09-01T03:34:20Z,2026,1,AFC,DEN,Denver Broncos,16604,"Lloyd, MarShawn",GBP,RB,Active,
2026-09-01 03:34:29 UTC,2026-09-01T03:34:20Z,2026,1,AFC,DEN,Denver Broncos,16628,"McMillan, Jalen",TBB,WR,Active,Questionable
2026-09-01 03:34:29 UTC,2026-09-01T03:34:20Z,2026,1,AFC,DEN,Denver Broncos,14835,"Higgins, Tee",CIN,WR,Active,
2026-09-01 03:34:29 UTC,2026-09-01T03:34:20Z,2026,1,AFC,DEN,Denver Broncos,16214,"LaPorta, Sam",DET,TE,Active,Questionable
2026-09-01 03:34:29 UTC,2026-09-01T03:34:20Z,2026,1,AFC,DEN,Denver Broncos,17202,"Trader, Dante",MIA,S,Active,
2026-09-01 03:34:29 UTC,2026-09-01T03:34:20Z,2026,1,AFC,DEN,Denver Broncos,15860,"Cook, Bryan",CIN,S,Active,
2026-09-01 03:34:29 UTC,2026-09-01T03:34:20Z,2026,1,AFC,DEN,Denver Broncos,13744,"Shepherd, Nathan",NOS,DT,Active,
2026-09-01 03:34:29 UTC,2026-09-01T03:34:20Z,2026,1,AFC,DEN,Denver Broncos,16212,"Mayer, Michael",LVR,TE,Active,
2026-09-01 03:34:29 UTC,2026-09-01T03:34:20Z,2026,1,AFC,DEN,Denver Broncos,16245,"Battle, Jordan",CIN,S,Active,
2026-09-01 03:34:29 UTC,2026-09-01T03:34:20Z,2026,1,AFC,DEN,Denver Broncos,14147,"Bosa, Nick",SFO,DE,Active,Questionable
2026-09-01 03:34:29 UTC,2026-09-01T03:34:20Z,2026,1,AFC,DEN,Denver Broncos,17472,"Love, Jeremiyah",ARI,RB,Active,Questionable
2026-09-01 03:34:29 UTC,2026-09-01T03:34:20Z,2026,1,AFC,DEN,Denver Broncos,17553,"Faulk, Keldric",TEN,DE,Active,Questionable
2026-09-01 03:34:29 UTC,2026-09-01T03:34:20Z,2026,1,AFC,DEN,Denver Broncos,14138,"Hockenson, T.J.",MIN,TE,Active,
2026-09-01 03:34:29 UTC,2026-09-01T03:34:20Z,2026,1,AFC,DEN,Denver Broncos,14974,"Mooney, Darnell",NYG,WR,Active,
2026-09-01 03:34:29 UTC,2026-09-01T03:34:20Z,2026,1,AFC,DEN,Denver Broncos,13208,"Allen, Jonathan",CIN,DT,Active,
2026-09-01 03:34:29 UTC,2026-09-01T03:34:20Z,2026,1,AFC,DEN,Denver Broncos,15797,"Dulcich, Greg",MIA,TE,Active,
2026-09-01 03:34:29 UTC,2026-09-01T03:34:20Z,2026,1,AFC,DEN,Denver Broncos,17187,"Riley, Quincy",NOS,CB,Active,Questionable
2026-09-01 03:34:29 UTC,2026-09-01T03:34:20Z,2026,1,AFC,DEN,Denver Broncos,14136,"Samuel, Deebo",SFO,WR,Active,
2026-09-01 03:34:29 UTC,2026-09-01T03:34:20Z,2026,1,AFC,DEN,Denver Broncos,13189,"Engram, Evan",DEN,TE,Active,
2026-09-01 03:34:29 UTC,2026-09-01T03:34:20Z,2026,1,AFC,DEN,Denver Broncos,16660,"Robinson, Darius",ARI,DT,Active,
2026-09-01 03:34:29 UTC,2026-09-01T03:34:20Z,2026,1,AFC,DEN,Denver Broncos,13681,"Chubb, Bradley",BUF,DE,Active,
2026-09-01 03:34:29 UTC,2026-09-01T03:34:20Z,2026,1,AFC,DEN,Denver Broncos,17588,"Young, Zion",BAL,DE,Active,R
2026-09-01 03:34:29 UTC,2026-09-01T03:34:20Z,2026,1,AFC,DEN,Denver Broncos,17158,"Broughton, Vernon",NOS,DT,Active,
2026-09-01 03:34:29 UTC,2026-09-01T03:34:20Z,2026,1,AFC,DEN,Denver Broncos,17241,"Crawshaw, Jeremy",DEN,PN,Active,
2026-09-01 03:34:29 UTC,2026-09-01T03:34:20Z,2026,1,AFC,DEN,Denver Broncos,17105,"Helm, Gunnar",TEN,TE,Active,
2026-09-01 03:34:29 UTC,2026-09-01T03:34:20Z,2026,1,AFC,DEN,Denver Broncos,17222,"Loop, Tyler",BAL,PK,Active,
2026-09-01 03:34:29 UTC,2026-09-01T03:34:20Z,2026,1,AFC,DEN,Denver Broncos,17185,"Buchanan, Teddye",BAL,LB,Active,Questionable
2026-09-01 03:34:29 UTC,2026-09-01T03:34:20Z,2026,1,AFC,DEN,Denver Broncos,17154,"Alexander, Darius",NYG,DT,Active,
2026-09-01 03:34:29 UTC,2026-09-01T03:34:20Z,2026,1,AFC,DEN,Denver Broncos,16722,"Knight, Tyrice",SEA,LB,Active,
2026-09-01 03:34:29 UTC,2026-09-01T03:34:20Z,2026,1,AFC,DEN,Denver Broncos,17076,"Bond, Isaiah",CLE,WR,Active,Questionable
2026-09-01 03:34:29 UTC,2026-09-01T03:34:20Z,2026,1,AFC,DEN,Denver Broncos,17172,"Woodson, Craig",NEP,S,Active,
2026-09-01 03:34:29 UTC,2026-09-01T03:34:20Z,2026,1,AFC,DEN,Denver Broncos,17612,"Proctor, Kaleb",ARI,DT,INJURED_RESERVE,IR
2026-09-01 03:34:29 UTC,2026-09-01T03:34:20Z,2026,1,AFC,DEN,Denver Broncos,17096,"Williams, Savion",GBP,WR,INJURED_RESERVE,IR-R
2026-09-01 03:34:29 UTC,2026-09-01T03:34:20Z,2026,1,AFC,DEN,Denver Broncos,17596,"Crawford, Keyron",LVR,DE,INJURED_RESERVE,IR
2026-09-01 03:34:29 UTC,2026-09-01T03:34:20Z,2026,1,AFC,DEN,Denver Broncos,17130,"Amos, Trey",WAS,CB,INJURED_RESERVE,IR-R
2026-09-01 03:34:29 UTC,2026-09-01T03:34:20Z,2026,1,AFC,DEN,Denver Broncos,17256,"Croskey-Merritt, Jacory",WAS,RB,Taxi,Questionable
2026-09-01 03:34:29 UTC,2026-09-01T03:34:20Z,2026,1,AFC,DEN,Denver Broncos,17668,"Smack, Trey",GBP,PK,Taxi,R
2026-09-01 03:34:29 UTC,2026-09-01T03:34:20Z,2026,1,AFC,DEN,Denver Broncos,17616,"Scott, Keionte",TBB,CB,Taxi,Questionable
2026-09-01 03:34:29 UTC,2026-09-01T03:34:20Z,2026,1,AFC,DEN,Denver Broncos,17606,"Barham, Jaishawn",DAL,LB,Taxi,R
2026-09-01 03:34:29 UTC,2026-09-01T03:34:20Z,2026,1,AFC,KCC,Kansas City Chiefs,14836,"Jefferson, Justin",MIN,WR,Active,
2026-09-01 03:34:29 UTC,2026-09-01T03:34:20Z,2026,1,AFC,KCC,Kansas City Chiefs,16616,"Odunze, Rome",CHI,WR,Active,
2026-09-01 03:34:29 UTC,2026-09-01T03:34:20Z,2026,1,AFC,KCC,Kansas City Chiefs,15835,"Brisker, Jaquan",PIT,S,Active,Questionable
2026-09-01 03:34:29 UTC,2026-09-01T03:34:20Z,2026,1,AFC,KCC,Kansas City Chiefs,17068,"Harvey, RJ",DEN,RB,Active,
2026-09-01 03:34:29 UTC,2026-09-01T03:34:20Z,2026,1,AFC,KCC,Kansas City Chiefs,17032,"Dart, Jaxson",NYG,QB,Active,
2026-09-01 03:34:29 UTC,2026-09-01T03:34:20Z,2026,1,AFC,KCC,Kansas City Chiefs,17144,"Emmanwori, Nick",SEA,S,Active,Questionable
2026-09-01 03:34:29 UTC,2026-09-01T03:34:20Z,2026,1,AFC,KCC,Kansas City Chiefs,17103,"Fannin, Harold",CLE,TE,Active,
2026-09-01 03:34:29 UTC,2026-09-01T03:34:20Z,2026,1,AFC,KCC,Kansas City Chiefs,15366,"Holland, Jevon",NYG,S,Active,
2026-09-01 03:34:29 UTC,2026-09-01T03:34:20Z,2026,1,AFC,KCC,Kansas City Chiefs,15281,"Chase, Ja'Marr",CIN,WR,Active,Questionable
2026-09-01 03:34:29 UTC,2026-09-01T03:34:20Z,2026,1,AFC,KCC,Kansas City Chiefs,13116,"Mahomes, Patrick",KCC,QB,Active,Questionable
2026-09-01 03:34:29 UTC,2026-09-01T03:34:20Z,2026,1,AFC,KCC,Kansas City Chiefs,15391,"Williams, Milton",NEP,DT,Active,
2026-09-01 03:34:29 UTC,2026-09-01T03:34:20Z,2026,1,AFC,KCC,Kansas City Chiefs,17136,"Nolen, Walter",ARI,DT,Active,
2026-09-01 03:34:29 UTC,2026-09-01T03:34:20Z,2026,1,AFC,KCC,Kansas City Chiefs,14221,"Williams, Quincy",CLE,LB,Active,
2026-09-01 03:34:29 UTC,2026-09-01T03:34:20Z,2026,1,AFC,KCC,Kansas City Chiefs,17501,"Concepcion, KC",CLE,WR,Active,R
2026-09-01 03:34:29 UTC,2026-09-01T03:34:20Z,2026,1,AFC,KCC,Kansas City Chiefs,17589,"Trotter, Josiah",TBB,LB,Active,R
2026-09-01 03:34:29 UTC,2026-09-01T03:34:20Z,2026,1,AFC,KCC,Kansas City Chiefs,17506,"Bell, Chris",MIA,WR,Active,R
2026-09-01 03:34:29 UTC,2026-09-01T03:34:20Z,2026,1,AFC,KCC,Kansas City Chiefs,15836,"Hill, Daxton",CIN,CB,Active,Questionable
2026-09-01 03:34:29 UTC,2026-09-01T03:34:20Z,2026,1,AFC,KCC,Kansas City Chiefs,16174,"Rodriguez, Chris",JAC,RB,Active,
2026-09-01 03:34:29 UTC,2026-09-01T03:34:20Z,2026,1,AFC,KCC,Kansas City Chiefs,16787,"Laulu, Jonah",LVR,DT,Active,
2026-09-01 03:34:29 UTC,2026-09-01T03:34:20Z,2026,1,AFC,KCC,Kansas City Chiefs,15853,"Mafe, Boye",CIN,DE,Active,
2026-09-01 03:34:29 UTC,2026-09-01T03:34:20Z,2026,1,AFC,KCC,Kansas City Chiefs,13447,"Wilson, Eric",MIN,LB,Active,
2026-09-01 03:34:29 UTC,2026-09-01T03:34:20Z,2026,1,AFC,KCC,Kansas City Chiefs,13987,"Spillane, Robert",NEP,LB,Active,
2026-09-01 03:34:29 UTC,2026-09-01T03:34:20Z,2026,1,AFC,KCC,Kansas City Chiefs,14164,"Jones, Dre'Mont",NEP,DE,Active,
2026-09-01 03:34:29 UTC,2026-09-01T03:34:20Z,2026,1,AFC,KCC,Kansas City Chiefs,16145,"McMillian, Ja'Quan",DEN,CB,Active,
2026-09-01 03:34:29 UTC,2026-09-01T03:34:20Z,2026,1,AFC,KCC,Kansas City Chiefs,15755,"Dotson, Jahan",ATL,WR,Active,
2026-09-01 03:34:29 UTC,2026-09-01T03:34:20Z,2026,1,AFC,KCC,Kansas City Chiefs,17505,"Sarratt, Elijah",BAL,WR,Active,R
2026-09-01 03:34:29 UTC,2026-09-01T03:34:20Z,2026,1,AFC,KCC,Kansas City Chiefs,17099,"Gadsden, Oronde",LAC,TE,Active,
2026-09-01 03:34:29 UTC,2026-09-01T03:34:20Z,2026,1,AFC,KCC,Kansas City Chiefs,13448,"Butler, Adam",LVR,DT,Active,
2026-09-01 03:34:29 UTC,2026-09-01T03:34:20Z,2026,1,AFC,KCC,Kansas City Chiefs,17570,"Hunter, Lee",CAR,DT,Active,R
2026-09-01 03:34:29 UTC,2026-09-01T03:34:20Z,2026,1,AFC,KCC,Kansas City Chiefs,16450,"Thomas, Drake",SEA,LB,Active,
2026-09-01 03:34:29 UTC,2026-09-01T03:34:20Z,2026,1,AFC,KCC,Kansas City Chiefs,14180,"Murphy, Byron",MIN,CB,Active,
2026-09-01 03:34:29 UTC,2026-09-01T03:34:20Z,2026,1,AFC,KCC,Kansas City Chiefs,16572,"Okada, Ty",SEA,S,Active,
2026-09-01 03:34:29 UTC,2026-09-01T03:34:20Z,2026,1,AFC,KCC,Kansas City Chiefs,16608,"Holani, George",SEA,RB,Active,
2026-09-01 03:34:29 UTC,2026-09-01T03:34:20Z,2026,1,AFC,KCC,Kansas City Chiefs,17162,"Walley, Justin",IND,CB,Active,
2026-09-01 03:34:29 UTC,2026-09-01T03:34:20Z,2026,1,AFC,KCC,Kansas City Chiefs,16786,"Drake-Rodriguez, Levi",MIN,DT,Active,
2026-09-01 03:34:29 UTC,2026-09-01T03:34:20Z,2026,1,AFC,KCC,Kansas City Chiefs,17550,"Bain Jr., Rueben",TBB,DE,Active,Questionable
2026-09-01 03:34:29 UTC,2026-09-01T03:34:20Z,2026,1,AFC,KCC,Kansas City Chiefs,15261,"Hubbard, Chuba",CAR,RB,Active,Questionable
2026-09-01 03:34:29 UTC,2026-09-01T03:34:20Z,2026,1,AFC,KCC,Kansas City Chiefs,17160,"Umanmielen, Princely",CAR,DE,Active,
2026-09-01 03:34:29 UTC,2026-09-01T03:34:20Z,2026,1,AFC,KCC,Kansas City Chiefs,16010,"Wright, Ryan",NOS,PN,Active,
2026-09-01 03:34:29 UTC,2026-09-01T03:34:20Z,2026,1,AFC,KCC,Kansas City Chiefs,17628,"Daniels, Kendal",ATL,LB,Active,R
2026-09-01 03:34:29 UTC,2026-09-01T03:34:20Z,2026,1,AFC,KCC,Kansas City Chiefs,17545,"Endries, Jack",CIN,TE,Active,R
2026-09-01 03:34:29 UTC,2026-09-01T03:34:20Z,2026,1,AFC,KCC,Kansas City Chiefs,17189,"Robinson, Quandarrius",DEN,DE,Active,
2026-09-01 03:34:29 UTC,2026-09-01T03:34:20Z,2026,1,AFC,KCC,Kansas City Chiefs,17128,"Barron, Jahdae",DEN,CB,Active,
2026-09-01 03:34:29 UTC,2026-09-01T03:34:20Z,2026,1,AFC,KCC,Kansas City Chiefs,12956,"Lutz, Wil",DEN,PK,Active,
2026-09-01 03:34:29 UTC,2026-09-01T03:34:20Z,2026,1,AFC,KCC,Kansas City Chiefs,13952,"Luvu, Frankie",WAS,LB,Active,
2026-09-01 03:34:29 UTC,2026-09-01T03:34:20Z,2026,1,AFC,KCC,Kansas City Chiefs,17119,"Scourton, Nic",CAR,DE,INJURED_RESERVE,IR
2026-09-01 03:34:29 UTC,2026-09-01T03:34:20Z,2026,1,AFC,KCC,Kansas City Chiefs,17594,"Clark, Bud",SEA,S,INJURED_RESERVE,IR
2026-09-01 03:34:29 UTC,2026-09-01T03:34:20Z,2026,1,AFC,KCC,Kansas City Chiefs,16594,"Benson, Trey",ARI,RB,INJURED_RESERVE,IR
2026-09-01 03:34:29 UTC,2026-09-01T03:34:20Z,2026,1,AFC,KCC,Kansas City Chiefs,17498,"Tyson, Jordyn",NOS,WR,INJURED_RESERVE,IR-R
2026-09-01 03:34:29 UTC,2026-09-01T03:34:20Z,2026,1,AFC,KCC,Kansas City Chiefs,15081,"Wharton, Tershawn",CAR,DT,INJURED_RESERVE,IR-PUP
2026-09-01 03:34:29 UTC,2026-09-01T03:34:20Z,2026,1,AFC,KCC,Kansas City Chiefs,17625,"Moore, Trey",MIA,LB,INJURED_RESERVE,IR-R
2026-09-01 03:34:29 UTC,2026-09-01T03:34:20Z,2026,1,AFC,KCC,Kansas City Chiefs,15510,"Washington, Ar'Darius",NYG,S,Taxi,
2026-09-01 03:34:29 UTC,2026-09-01T03:34:20Z,2026,1,AFC,KCC,Kansas City Chiefs,12754,"Collins, Maliek",CLE,DT,Taxi,
2026-09-01 03:34:29 UTC,2026-09-01T03:34:20Z,2026,1,AFC,KCC,Kansas City Chiefs,11383,"Martin, Sam",CAR,PN,Taxi,
2026-09-01 03:34:29 UTC,2026-09-01T03:34:20Z,2026,1,AFC,KCC,Kansas City Chiefs,15402,"Molden, Elijah",LAC,S,Taxi,
2026-09-01 03:34:29 UTC,2026-09-01T03:34:20Z,2026,1,AFC,KCC,Kansas City Chiefs,16444,"Grupe, Blake",FA,PK,Taxi,
2026-09-01 03:34:29 UTC,2026-09-01T03:34:20Z,2026,1,AFC,KCC,Kansas City Chiefs,15849,"McCreary, Roger",DET,CB,Taxi,
2026-09-01 03:34:29 UTC,2026-09-01T03:34:20Z,2026,1,AFC,KCC,Kansas City Chiefs,14867,"Kmet, Cole",CHI,TE,Taxi,
2026-09-01 03:34:29 UTC,2026-09-01T03:34:20Z,2026,1,AFC,KCC,Kansas City Chiefs,15866,"Flott, Cordale",TEN,CB,Taxi,
2026-09-01 03:34:29 UTC,2026-09-01T03:34:20Z,2026,1,AFC,KCC,Kansas City Chiefs,14198,"Ya-Sin, Rock",DET,CB,Taxi,
2026-09-01 03:34:29 UTC,2026-09-01T03:34:20Z,2026,1,AFC,KCC,Kansas City Chiefs,15238,"Fields, Justin",KCC,QB,Taxi,
2026-09-01 03:34:29 UTC,2026-09-01T03:34:20Z,2026,1,AFC,KCC,Kansas City Chiefs,12140,"Winston, Jameis",NYG,QB,Taxi,
2026-09-01 03:34:29 UTC,2026-09-01T03:34:20Z,2026,1,AFC,KCC,Kansas City Chiefs,16171,"Miller, Kendre",NOS,RB,Taxi,
2026-09-01 03:34:29 UTC,2026-09-01T03:34:20Z,2026,1,AFC,KCC,Kansas City Chiefs,16432,"Wilson, Emanuel",SEA,RB,Taxi,Questionable
2026-09-01 03:34:29 UTC,2026-09-01T03:34:20Z,2026,1,AFC,KCC,Kansas City Chiefs,16923,"Tillman, Dondrea",DEN,DE,Taxi,
2026-09-01 03:34:29 UTC,2026-09-01T03:34:20Z,2026,1,AFC,KCC,Kansas City Chiefs,15676,"Anderson, Zayne",MIA,S,Taxi,
2026-09-01 03:34:29 UTC,2026-09-01T03:34:20Z,2026,1,AFC,KCC,Kansas City Chiefs,13325,"Woods, Xavier",CHI,S,Taxi,Questionable
2026-09-01 03:34:29 UTC,2026-09-01T03:34:20Z,2026,1,AFC,KCC,Kansas City Chiefs,16757,"Vidal, Kimani",LAC,RB,Taxi,
2026-09-01 03:34:29 UTC,2026-09-01T03:34:20Z,2026,1,AFC,KCC,Kansas City Chiefs,15787,"Thornton, Tyquan",KCC,WR,Taxi,
2026-09-01 03:34:29 UTC,2026-09-01T03:34:20Z,2026,1,AFC,KCC,Kansas City Chiefs,17578,"Louis, Kyle",MIA,LB,Taxi,R
2026-09-01 03:34:29 UTC,2026-09-01T03:34:20Z,2026,1,AFC,LVR,Las Vegas Raiders,12611,"Goff, Jared",DET,QB,Active,
2026-09-01 03:34:29 UTC,2026-09-01T03:34:20Z,2026,1,AFC,LVR,Las Vegas Raiders,14797,"Swift, D'Andre",CHI,RB,Active,
2026-09-01 03:34:29 UTC,2026-09-01T03:34:20Z,2026,1,AFC,LVR,Las Vegas Raiders,16161,"Robinson, Bijan",ATL,RB,Active,
2026-09-01 03:34:29 UTC,2026-09-01T03:34:20Z,2026,1,AFC,LVR,Las Vegas Raiders,16185,"Smith-Njigba, Jaxon",SEA,WR,Active,
2026-09-01 03:34:29 UTC,2026-09-01T03:34:20Z,2026,1,AFC,LVR,Las Vegas Raiders,13690,"Sweat, Josh",ARI,DE,Active,
2026-09-01 03:34:29 UTC,2026-09-01T03:34:20Z,2026,1,AFC,LVR,Las Vegas Raiders,14908,"McKinney, Xavier",GBP,S,Active,
2026-09-01 03:34:29 UTC,2026-09-01T03:34:20Z,2026,1,AFC,LVR,Las Vegas Raiders,16581,"Daniels, Jayden",WAS,QB,Active,
2026-09-01 03:34:29 UTC,2026-09-01T03:34:20Z,2026,1,AFC,LVR,Las Vegas Raiders,13630,"Sutton, Courtland",DEN,WR,Active,
2026-09-01 03:34:29 UTC,2026-09-01T03:34:20Z,2026,1,AFC,LVR,Las Vegas Raiders,14921,"Dugger, Kyle",CIN,S,Active,
2026-09-01 03:34:29 UTC,2026-09-01T03:34:20Z,2026,1,AFC,LVR,Las Vegas Raiders,14215,"Saunders, Khalen",FA,DT,Active,
2026-09-01 03:34:29 UTC,2026-09-01T03:34:20Z,2026,1,AFC,LVR,Las Vegas Raiders,15873,"Bellinger, Daniel",TEN,TE,Active,
2026-09-01 03:34:29 UTC,2026-09-01T03:34:20Z,2026,1,AFC,LVR,Las Vegas Raiders,16598,"Irving, Bucky",TBB,RB,Active,
2026-09-01 03:34:29 UTC,2026-09-01T03:34:20Z,2026,1,AFC,LVR,Las Vegas Raiders,17112,"Carter, Abdul",NYG,DE,Active,
2026-09-01 03:34:29 UTC,2026-09-01T03:34:20Z,2026,1,AFC,LVR,Las Vegas Raiders,17167,"Sanker, Jonas",NOS,S,Active,
2026-09-01 03:34:29 UTC,2026-09-01T03:34:20Z,2026,1,AFC,LVR,Las Vegas Raiders,13869,"Bojorquez, Corey",CLE,PN,Active,
2026-09-01 03:34:29 UTC,2026-09-01T03:34:20Z,2026,1,AFC,LVR,Las Vegas Raiders,15361,"Horn, Jaycee",CAR,CB,Active,
2026-09-01 03:34:29 UTC,2026-09-01T03:34:20Z,2026,1,AFC,LVR,Las Vegas Raiders,15404,"Jones, Ernest",SEA,LB,Active,
2026-09-01 03:34:29 UTC,2026-09-01T03:34:20Z,2026,1,AFC,LVR,Las Vegas Raiders,15788,"Tolbert, Jalen",MIA,WR,Active,
2026-09-01 03:34:29 UTC,2026-09-01T03:34:20Z,2026,1,AFC,LVR,Las Vegas Raiders,15869,"Bernard, Terrel",BUF,LB,Active,Questionable
2026-09-01 03:34:29 UTC,2026-09-01T03:34:20Z,2026,1,AFC,LVR,Las Vegas Raiders,13700,"Landry, Harold",NEP,DE,Active,IR-PUP
2026-09-01 03:34:29 UTC,2026-09-01T03:34:20Z,2026,1,AFC,LVR,Las Vegas Raiders,14157,"Williams, Quinnen",DAL,DT,Active,
2026-09-01 03:34:29 UTC,2026-09-01T03:34:20Z,2026,1,AFC,LVR,Las Vegas Raiders,15821,"Dean, Nakobe",LVR,LB,Active,
2026-09-01 03:34:29 UTC,2026-09-01T03:34:20Z,2026,1,AFC,LVR,Las Vegas Raiders,16586,"Rattler, Spencer",NOS,QB,Active,
2026-09-01 03:34:29 UTC,2026-09-01T03:34:20Z,2026,1,AFC,LVR,Las Vegas Raiders,13172,"Brown, Noah",FA,WR,Active,
2026-09-01 03:34:29 UTC,2026-09-01T03:34:20Z,2026,1,AFC,LVR,Las Vegas Raiders,15923,"Lake, Quentin",LAR,S,Active,
2026-09-01 03:34:29 UTC,2026-09-01T03:34:20Z,2026,1,AFC,LVR,Las Vegas Raiders,15751,"London, Drake",ATL,WR,Active,
2026-09-01 03:34:29 UTC,2026-09-01T03:34:20Z,2026,1,AFC,LVR,Las Vegas Raiders,13704,"Nwosu, Uchenna",SEA,DE,Active,
2026-09-01 03:34:29 UTC,2026-09-01T03:34:20Z,2026,1,AFC,LVR,Las Vegas Raiders,14904,"Fulton, Kristian",KCC,CB,Active,
2026-09-01 03:34:29 UTC,2026-09-01T03:34:20Z,2026,1,AFC,LVR,Las Vegas Raiders,15989,"Jobe, Josh",SEA,CB,Active,
2026-09-01 03:34:29 UTC,2026-09-01T03:34:20Z,2026,1,AFC,LVR,Las Vegas Raiders,15817,"Davis, Jordan",PHI,DT,Active,
2026-09-01 03:34:29 UTC,2026-09-01T03:34:20Z,2026,1,AFC,LVR,Las Vegas Raiders,14823,"Dowdle, Rico",PIT,RB,Active,
2026-09-01 03:34:29 UTC,2026-09-01T03:34:20Z,2026,1,AFC,LVR,Las Vegas Raiders,14954,"Hawkins, Jaylinn",BAL,S,Active,
2026-09-01 03:34:29 UTC,2026-09-01T03:34:20Z,2026,1,AFC,LVR,Las Vegas Raiders,15799,"Ferguson, Jake",DAL,TE,Active,
2026-09-01 03:34:29 UTC,2026-09-01T03:34:20Z,2026,1,AFC,LVR,Las Vegas Raiders,14997,"Rodgers, Isaiah",MIN,CB,Active,
2026-09-01 03:34:29 UTC,2026-09-01T03:34:20Z,2026,1,AFC,LVR,Las Vegas Raiders,17502,"Cooper Jr., Omar",NYJ,WR,Active,R
2026-09-01 03:34:29 UTC,2026-09-01T03:34:20Z,2026,1,AFC,LVR,Las Vegas Raiders,15387,"Werner, Pete",NOS,LB,Active,Questionable
2026-09-01 03:34:29 UTC,2026-09-01T03:34:20Z,2026,1,AFC,LVR,Las Vegas Raiders,17621,"Woodaz, Wade",HOU,LB,Active,Questionable
2026-09-01 03:34:29 UTC,2026-09-01T03:34:20Z,2026,1,AFC,LVR,Las Vegas Raiders,17665,"Obiazor, Namdi",NEP,LB,Active,R
2026-09-01 03:34:29 UTC,2026-09-01T03:34:20Z,2026,1,AFC,LVR,Las Vegas Raiders,13268,"Anzalone, Alex",TBB,LB,Active,
2026-09-01 03:34:29 UTC,2026-09-01T03:34:20Z,2026,1,AFC,LVR,Las Vegas Raiders,14669,"Nixon, Keisean",GBP,CB,Active,
2026-09-01 03:34:29 UTC,2026-09-01T03:34:20Z,2026,1,AFC,LVR,Las Vegas Raiders,15979,"Dicker, Cameron",LAC,PK,Active,Questionable
2026-09-01 03:34:29 UTC,2026-09-01T03:34:20Z,2026,1,AFC,LVR,Las Vegas Raiders,16369,"Ojomo, Moro",PHI,DT,Active,
2026-09-01 03:34:29 UTC,2026-09-01T03:34:20Z,2026,1,AFC,LVR,Las Vegas Raiders,16663,"Eboigbe, Justin",LAC,DT,Active,
2026-09-01 03:34:29 UTC,2026-09-01T03:34:20Z,2026,1,AFC,LVR,Las Vegas Raiders,15921,"Jackson, Theo",MIN,S,Active,
2026-09-01 03:34:29 UTC,2026-09-01T03:34:20Z,2026,1,AFC,LVR,Las Vegas Raiders,16201,"Hutchinson, Xavier",HOU,WR,Active,
2026-09-01 03:34:29 UTC,2026-09-01T03:34:20Z,2026,1,AFC,LVR,Las Vegas Raiders,17115,"Pearce, James",ATL,DE,Taxi,Suspended
2026-09-01 03:34:29 UTC,2026-09-01T03:34:20Z,2026,1,AFC,LAC,Los Angeles Chargers,14322,"Edwards, T.J.",CHI,LB,Active,
2026-09-01 03:34:29 UTC,2026-09-01T03:34:20Z,2026,1,AFC,LAC,Los Angeles Chargers,15715,"Cook, James",BUF,RB,Active,
2026-09-01 03:34:29 UTC,2026-09-01T03:34:20Z,2026,1,AFC,LAC,Los Angeles Chargers,15329,"Pitts, Kyle",ATL,TE,Active,
2026-09-01 03:34:29 UTC,2026-09-01T03:34:20Z,2026,1,AFC,LAC,Los Angeles Chargers,16239,"Campbell, Jack",DET,LB,Active,
2026-09-01 03:34:29 UTC,2026-09-01T03:34:20Z,2026,1,AFC,LAC,Los Angeles Chargers,16414,"Aubrey, Brandon",DAL,PK,Active,
2026-09-01 03:34:29 UTC,2026-09-01T03:34:20Z,2026,1,AFC,LAC,Los Angeles Chargers,16167,"Achane, De'Von",MIA,RB,Active,
2026-09-01 03:34:29 UTC,2026-09-01T03:34:20Z,2026,1,AFC,LAC,Los Angeles Chargers,12860,"Fairbairn, Ka'imi",HOU,PK,Active,
2026-09-01 03:34:29 UTC,2026-09-01T03:34:20Z,2026,1,AFC,LAC,Los Angeles Chargers,16627,"McConkey, Ladd",LAC,WR,Active,
2026-09-01 03:34:29 UTC,2026-09-01T03:34:20Z,2026,1,AFC,LAC,Los Angeles Chargers,16644,"Sinnott, Ben",WAS,TE,Active,Questionable
2026-09-01 03:34:29 UTC,2026-09-01T03:34:20Z,2026,1,AFC,LAC,Los Angeles Chargers,16593,"Corum, Blake",LAR,RB,Active,
2026-09-01 03:34:29 UTC,2026-09-01T03:34:20Z,2026,1,AFC,LAC,Los Angeles Chargers,13431,"Sanchez, Rigoberto",IND,PN,Active,
2026-09-01 03:34:29 UTC,2026-09-01T03:34:20Z,2026,1,AFC,LAC,Los Angeles Chargers,15363,"Melifonwu, Ifeatu",FA,S,Active,
2026-09-01 03:34:29 UTC,2026-09-01T03:34:20Z,2026,1,AFC,LAC,Los Angeles Chargers,14225,"Crosby, Maxx",LVR,DE,Active,
2026-09-01 03:34:29 UTC,2026-09-01T03:34:20Z,2026,1,AFC,LAC,Los Angeles Chargers,16704,"Wallace, Trevin",FA,LB,Active,
2026-09-01 03:34:29 UTC,2026-09-01T03:34:20Z,2026,1,AFC,LAC,Los Angeles Chargers,17137,"Harmon, Derrick",PIT,DT,Active,
2026-09-01 03:34:29 UTC,2026-09-01T03:34:20Z,2026,1,AFC,LAC,Los Angeles Chargers,17052,"Tuten, Bhayshul",JAC,RB,Active,
2026-09-01 03:34:29 UTC,2026-09-01T03:34:20Z,2026,1,AFC,LAC,Los Angeles Chargers,17131,"Watts, Xavier",ATL,S,Active,
2026-09-01 03:34:29 UTC,2026-09-01T03:34:20Z,2026,1,AFC,LAC,Los Angeles Chargers,17087,"Thornton, Dont'e",LVR,WR,Active,IR
2026-09-01 03:34:29 UTC,2026-09-01T03:34:20Z,2026,1,AFC,LAC,Los Angeles Chargers,16346,"Winters, Dee",DAL,LB,Active,
2026-09-01 03:34:29 UTC,2026-09-01T03:34:20Z,2026,1,AFC,LAC,Los Angeles Chargers,17174,"Walker, Deone",BUF,DT,Active,
2026-09-01 03:34:29 UTC,2026-09-01T03:34:20Z,2026,1,AFC,LAC,Los Angeles Chargers,16350,"Jones, Jaylon",IND,CB,Active,
2026-09-01 03:34:29 UTC,2026-09-01T03:34:20Z,2026,1,AFC,LAC,Los Angeles Chargers,16269,"Strange, Brenton",JAC,TE,Active,
2026-09-01 03:34:29 UTC,2026-09-01T03:34:20Z,2026,1,AFC,LAC,Los Angeles Chargers,16184,"Reed, Jayden",GBP,WR,Active,
2026-09-01 03:34:29 UTC,2026-09-01T03:34:20Z,2026,1,AFC,LAC,Los Angeles Chargers,16455,"Cox, Brenton",GBP,DE,Active,
2026-09-01 03:34:29 UTC,2026-09-01T03:34:20Z,2026,1,AFC,LAC,Los Angeles Chargers,17169,"Stout, Upton",SFO,CB,Active,Questionable
2026-09-01 03:34:29 UTC,2026-09-01T03:34:20Z,2026,1,AFC,LAC,Los Angeles Chargers,16227,"Harrison, Zach",ATL,DT,Active,
2026-09-01 03:34:29 UTC,2026-09-01T03:34:20Z,2026,1,AFC,LAC,Los Angeles Chargers,15469,"Hamlin, Damar",BUF,S,Active,
2026-09-01 03:34:29 UTC,2026-09-01T03:34:20Z,2026,1,AFC,LAC,Los Angeles Chargers,14882,"Greenard, Jonathan",PHI,DE,Active,Out
2026-09-01 03:34:29 UTC,2026-09-01T03:34:20Z,2026,1,AFC,LAC,Los Angeles Chargers,16729,"Still, Tarheeb",LAC,CB,Active,
2026-09-01 03:34:29 UTC,2026-09-01T03:34:20Z,2026,1,AFC,LAC,Los Angeles Chargers,16657,"Dorlus, Brandon",ATL,DT,Active,
2026-09-01 03:34:29 UTC,2026-09-01T03:34:20Z,2026,1,AFC,LAC,Los Angeles Chargers,17462,"Mendoza, Fernando",LVR,QB,Active,R
2026-09-01 03:34:29 UTC,2026-09-01T03:34:20Z,2026,1,AFC,LAC,Los Angeles Chargers,17586,"Rodriguez, Jacob",MIA,LB,Active,Questionable
2026-09-01 03:34:29 UTC,2026-09-01T03:34:20Z,2026,1,AFC,LAC,Los Angeles Chargers,17511,"Fields, Malachi",NYG,WR,Active,R
2026-09-01 03:34:29 UTC,2026-09-01T03:34:20Z,2026,1,AFC,LAC,Los Angeles Chargers,17571,"Golday, Jake",MIN,LB,Active,R
2026-09-01 03:34:29 UTC,2026-09-01T03:34:20Z,2026,1,AFC,LAC,Los Angeles Chargers,17481,"Claiborne, Demond",MIN,RB,Active,R
2026-09-01 03:34:29 UTC,2026-09-01T03:34:20Z,2026,1,AFC,LAC,Los Angeles Chargers,17573,"Johnson, Chris",MIA,CB,Active,R
2026-09-01 03:34:29 UTC,2026-09-01T03:34:20Z,2026,1,AFC,LAC,Los Angeles Chargers,17646,"Kilgore, Jalon",BUF,S,Active,R
2026-09-01 03:34:29 UTC,2026-09-01T03:34:20Z,2026,1,AFC,LAC,Los Angeles Chargers,15812,"Hall, Logan",HOU,DT,Active,
2026-09-01 03:34:29 UTC,2026-09-01T03:34:20Z,2026,1,AFC,LAC,Los Angeles Chargers,15850,"Pitre, Jalen",HOU,S,Active,
2026-09-01 03:34:29 UTC,2026-09-01T03:34:20Z,2026,1,AFC,LAC,Los Angeles Chargers,10700,"Cousins, Kirk",LVR,QB,Active,
2026-09-01 03:34:29 UTC,2026-09-01T03:34:20Z,2026,1,AFC,LAC,Los Angeles Chargers,17353,"Walker, Jahdae",CHI,WR,Active,
2026-09-01 03:34:29 UTC,2026-09-01T03:34:20Z,2026,1,AFC,LAC,Los Angeles Chargers,15241,"Jones, Mac",SFO,QB,Active,
2026-09-01 03:34:29 UTC,2026-09-01T03:34:20Z,2026,1,AFC,LAC,Los Angeles Chargers,13770,"Franklin-Myers, John",TEN,DT,Active,
2026-09-01 03:34:29 UTC,2026-09-01T03:34:20Z,2026,1,AFC,LAC,Los Angeles Chargers,16298,"Robinson, Tavius",BAL,DE,Active,
2026-09-01 03:34:29 UTC,2026-09-01T03:34:20Z,2026,1,AFC,LAC,Los Angeles Chargers,17035,"Leonard, Riley",IND,QB,Active,
2026-09-01 03:34:29 UTC,2026-09-01T03:34:20Z,2026,1,AFC,LAC,Los Angeles Chargers,17083,"Higgins, Jayden",HOU,WR,INJURED_RESERVE,IR
2026-09-01 03:34:29 UTC,2026-09-01T03:34:20Z,2026,1,AFC,LAC,Los Angeles Chargers,15350,"Parsons, Micah",GBP,DE,INJURED_RESERVE,IR-PUP
2026-09-01 03:34:29 UTC,2026-09-01T03:34:20Z,2026,1,AFC,LAC,Los Angeles Chargers,17465,"Nussmeier, Garrett",KCC,QB,Taxi,R
2026-09-01 03:34:29 UTC,2026-09-01T03:34:20Z,2026,1,AFC,LAC,Los Angeles Chargers,17049,"Smith, Brashard",KCC,RB,Taxi,
2026-09-01 03:34:29 UTC,2026-09-01T03:34:20Z,2026,1,AFC,LAC,Los Angeles Chargers,17487,"Taylor, J'Mari",FA,RB,Taxi,R
2026-09-01 03:34:29 UTC,2026-09-01T03:34:20Z,2026,1,AFC,LAC,Los Angeles Chargers,17523,"Caldwell, Jeff",KCC,WR,Taxi,IR
2026-09-01 03:34:29 UTC,2026-09-01T03:34:20Z,2026,1,AFC,LAC,Los Angeles Chargers,17527,"Cameron, Josh",JAC,WR,Taxi,R
2026-09-01 03:34:29 UTC,2026-09-01T03:34:20Z,2026,1,AFC,LAC,Los Angeles Chargers,17528,"Coleman, Kevin",MIA,WR,Taxi,R
2026-09-01 03:34:29 UTC,2026-09-01T03:34:20Z,2026,1,AFC,LAC,Los Angeles Chargers,17504,"Daniels, CJ",LAR,WR,Taxi,R
2026-09-01 03:34:29 UTC,2026-09-01T03:34:20Z,2026,1,AFC,LAC,Los Angeles Chargers,17522,"Roberts, Chase",FA,WR,Taxi,IR
2026-09-01 03:34:29 UTC,2026-09-01T03:34:20Z,2026,1,AFC,LAC,Los Angeles Chargers,17662,"Kelly, Jack",NYG,LB,Taxi,R
2026-09-01 03:34:29 UTC,2026-09-01T03:34:20Z,2026,1,AFC,LAC,Los Angeles Chargers,13066,"Raymond, Kalif",CHI,WR,Taxi,
2026-09-01 03:34:29 UTC,2026-09-01T03:34:20Z,2026,1,AFC,LAC,Los Angeles Chargers,17261,"Biggers, Zeek",MIA,DT,Taxi,
