season,franchise_id,gameday_status,adl_position,mean_players,weeks
2022,0001,ACT,CB,4.647058823529412,17
2022,0001,ACT,DE,4.235294117647059,17
2022,0001,ACT,DT,3.6470588235294117,17
2022,0001,ACT,LB,4.705882352941177,17
2022,0001,ACT,PK,1.4705882352941178,17
2022,0001,ACT,PN,1.0588235294117647,17
2022,0001,ACT,QB,2.764705882352941,17
2022,0001,ACT,RB,4.176470588235294,17
2022,0001,ACT,S,3.411764705882353,17
2022,0001,ACT,TE,2.0588235294117645,17
2022,0001,ACT,UNMAPPED,0,17
2022,0001,ACT,WR,5.0588235294117645,17
2022,0001,INA,CB,0.8823529411764706,17
2022,0001,INA,DE,1,17
2022,0001,INA,DT,0.29411764705882354,17
2022,0001,INA,LB,0.9411764705882353,17
2022,0001,INA,PK,0.11764705882352941,17
2022,0001,INA,PN,0.058823529411764705,17
2022,0001,INA,QB,0.47058823529411764,17
2022,0001,INA,RB,0.4117647058823529,17
2022,0001,INA,S,0.23529411764705882,17
2022,0001,INA,TE,0.5882352941176471,17
2022,0001,INA,UNMAPPED,0,17
2022,0001,INA,WR,1.1764705882352942,17
2022,0001,MISPL,CB,0.11764705882352941,17
2022,0001,MISPL,DE,0.11764705882352941,17
2022,0001,MISPL,DT,0,17
2022,0001,MISPL,LB,0.058823529411764705,17
2022,0001,MISPL,PK,0,17
2022,0001,MISPL,PN,0,17
2022,0001,MISPL,QB,0.058823529411764705,17
2022,0001,MISPL,RB,0.058823529411764705,17
2022,0001,MISPL,S,0.058823529411764705,17
2022,0001,MISPL,TE,0.058823529411764705,17
2022,0001,MISPL,UNMAPPED,0,17
2022,0001,MISPL,WR,0,17
2022,0002,ACT,CB,2.6470588235294117,17
2022,0002,ACT,DE,6.411764705882353,17
2022,0002,ACT,DT,4.529411764705882,17
2022,0002,ACT,LB,2.176470588235294,17
2022,0002,ACT,PK,1,17
2022,0002,ACT,PN,1,17
2022,0002,ACT,QB,1.8823529411764706,17
2022,0002,ACT,RB,4,17
2022,0002,ACT,S,3.1176470588235294,17
2022,0002,ACT,TE,2.7058823529411766,17
2022,0002,ACT,UNMAPPED,0,17
2022,0002,ACT,WR,7,17
2022,0002,INA,CB,0.47058823529411764,17
2022,0002,INA,DE,1.1176470588235294,17
2022,0002,INA,DT,0.47058823529411764,17
2022,0002,INA,LB,0.17647058823529413,17
2022,0002,INA,PK,0.058823529411764705,17
2022,0002,INA,PN,0.058823529411764705,17
2022,0002,INA,QB,0.11764705882352941,17
2022,0002,INA,RB,0.7058823529411765,17
2022,0002,INA,S,0.35294117647058826,17
2022,0002,INA,TE,0.29411764705882354,17
2022,0002,INA,UNMAPPED,0,17
2022,0002,INA,WR,1.1176470588235294,17
2022,0002,MISPL,CB,0.058823529411764705,17
2022,0002,MISPL,DE,0,17
2022,0002,MISPL,DT,0,17
2022,0002,MISPL,LB,0,17
2022,0002,MISPL,PK,0,17
2022,0002,MISPL,PN,0,17
2022,0002,MISPL,QB,0,17
2022,0002,MISPL,RB,0,17
2022,0002,MISPL,S,0,17
2022,0002,MISPL,TE,0,17
2022,0002,MISPL,UNMAPPED,0,17
2022,0002,MISPL,WR,0.058823529411764705,17
2022,0003,ACT,CB,3.2941176470588234,17
2022,0003,ACT,DE,4.529411764705882,17
2022,0003,ACT,DT,4.705882352941177,17
2022,0003,ACT,LB,4.0588235294117645,17
2022,0003,ACT,PK,1,17
2022,0003,ACT,PN,1,17
2022,0003,ACT,QB,2.6470588235294117,17
2022,0003,ACT,RB,3.9411764705882355,17
2022,0003,ACT,S,3.764705882352941,17
2022,0003,ACT,TE,2.1176470588235294,17
2022,0003,ACT,UNMAPPED,0,17
2022,0003,ACT,WR,5.470588235294118,17
2022,0003,INA,CB,0.5294117647058824,17
2022,0003,INA,DE,0.9411764705882353,17
2022,0003,INA,DT,0.4117647058823529,17
2022,0003,INA,LB,0.4117647058823529,17
2022,0003,INA,PK,0,17
2022,0003,INA,PN,0,17
2022,0003,INA,QB,0.7058823529411765,17
2022,0003,INA,RB,1.0588235294117647,17
2022,0003,INA,S,0.47058823529411764,17
2022,0003,INA,TE,0.17647058823529413,17
2022,0003,INA,UNMAPPED,0,17
2022,0003,INA,WR,0.6470588235294118,17
2022,0003,MISPL,CB,0.29411764705882354,17
2022,0003,MISPL,DE,0.058823529411764705,17
2022,0003,MISPL,DT,0.058823529411764705,17
2022,0003,MISPL,LB,0,17
2022,0003,MISPL,PK,0,17
2022,0003,MISPL,PN,0,17
2022,0003,MISPL,QB,0,17
2022,0003,MISPL,RB,0.058823529411764705,17
2022,0003,MISPL,S,0,17
2022,0003,MISPL,TE,0,17
2022,0003,MISPL,UNMAPPED,0,17
2022,0003,MISPL,WR,0,17
2022,0004,ACT,CB,3.6470588235294117,17
2022,0004,ACT,DE,4.823529411764706,17
2022,0004,ACT,DT,4.0588235294117645,17
2022,0004,ACT,LB,4.529411764705882,17
2022,0004,ACT,PK,0.9411764705882353,17
2022,0004,ACT,PN,1,17
2022,0004,ACT,QB,3.411764705882353,17
2022,0004,ACT,RB,3.0588235294117645,17
2022,0004,ACT,S,2.823529411764706,17
2022,0004,ACT,TE,3.823529411764706,17
2022,0004,ACT,UNMAPPED,0,17
2022,0004,ACT,WR,5.764705882352941,17
2022,0004,INA,CB,0.7647058823529411,17
2022,0004,INA,DE,0.7058823529411765,17
2022,0004,INA,DT,0.5882352941176471,17
2022,0004,INA,LB,0.47058823529411764,17
2022,0004,INA,PK,0.11764705882352941,17
2022,0004,INA,PN,0.058823529411764705,17
2022,0004,INA,QB,0.8235294117647058,17
2022,0004,INA,RB,0.8823529411764706,17
2022,0004,INA,S,0.35294117647058826,17
2022,0004,INA,TE,0.35294117647058826,17
2022,0004,INA,UNMAPPED,0,17
2022,0004,INA,WR,1.1176470588235294,17
2022,0004,MISPL,CB,0,17
2022,0004,MISPL,DE,0,17
2022,0004,MISPL,DT,0,17
2022,0004,MISPL,LB,0.058823529411764705,17
2022,0004,MISPL,PK,0,17
2022,0004,MISPL,PN,0,17
2022,0004,MISPL,QB,0,17
2022,0004,MISPL,RB,0,17
2022,0004,MISPL,S,0,17
2022,0004,MISPL,TE,0,17
2022,0004,MISPL,UNMAPPED,0,17
2022,0004,MISPL,WR,0,17
2022,0005,ACT,CB,4.588235294117647,17
2022,0005,ACT,DE,4.9411764705882355,17
2022,0005,ACT,DT,4.352941176470588,17
2022,0005,ACT,LB,4.117647058823529,17
2022,0005,ACT,PK,1.0588235294117647,17
2022,0005,ACT,PN,1.8235294117647058,17
2022,0005,ACT,QB,1.8823529411764706,17
2022,0005,ACT,RB,3.1176470588235294,17
2022,0005,ACT,S,4.647058823529412,17
2022,0005,ACT,TE,1.8823529411764706,17
2022,0005,ACT,UNMAPPED,0,17
2022,0005,ACT,WR,5.588235294117647,17
2022,0005,INA,CB,0.7058823529411765,17
2022,0005,INA,DE,0.23529411764705882,17
2022,0005,INA,DT,0.5882352941176471,17
2022,0005,INA,LB,0.23529411764705882,17
2022,0005,INA,PK,0.058823529411764705,17
2022,0005,INA,PN,0.17647058823529413,17
2022,0005,INA,QB,0.23529411764705882,17
2022,0005,INA,RB,0.5882352941176471,17
2022,0005,INA,S,1.0588235294117647,17
2022,0005,INA,TE,0.29411764705882354,17
2022,0005,INA,UNMAPPED,0,17
2022,0005,INA,WR,1.9411764705882353,17
2022,0005,MISPL,CB,0,17
2022,0005,MISPL,DE,0,17
2022,0005,MISPL,DT,0,17
2022,0005,MISPL,LB,0,17
2022,0005,MISPL,PK,0,17
2022,0005,MISPL,PN,0,17
2022,0005,MISPL,QB,0,17
2022,0005,MISPL,RB,0,17
2022,0005,MISPL,S,0,17
2022,0005,MISPL,TE,0,17
2022,0005,MISPL,UNMAPPED,0,17
2022,0005,MISPL,WR,0,17
2022,0006,ACT,CB,2.823529411764706,17
2022,0006,ACT,DE,4,17
2022,0006,ACT,DT,3.9411764705882355,17
2022,0006,ACT,LB,4.0588235294117645,17
2022,0006,ACT,PK,1,17
2022,0006,ACT,PN,1,17
2022,0006,ACT,QB,2.588235294117647,17
2022,0006,ACT,RB,5,17
2022,0006,ACT,S,5.294117647058823,17
2022,0006,ACT,TE,2.7058823529411766,17
2022,0006,ACT,UNMAPPED,0,17
2022,0006,ACT,WR,6.0588235294117645,17
2022,0006,INA,CB,0.23529411764705882,17
2022,0006,INA,DE,1,17
2022,0006,INA,DT,0.8235294117647058,17
2022,0006,INA,LB,0.23529411764705882,17
2022,0006,INA,PK,0.058823529411764705,17
2022,0006,INA,PN,0.058823529411764705,17
2022,0006,INA,QB,0.35294117647058826,17
2022,0006,INA,RB,0.6470588235294118,17
2022,0006,INA,S,0.6470588235294118,17
2022,0006,INA,TE,0.7058823529411765,17
2022,0006,INA,UNMAPPED,0,17
2022,0006,INA,WR,0.7647058823529411,17
2022,0006,MISPL,CB,0,17
2022,0006,MISPL,DE,0,17
2022,0006,MISPL,DT,0,17
2022,0006,MISPL,LB,0,17
2022,0006,MISPL,PK,0,17
2022,0006,MISPL,PN,0,17
2022,0006,MISPL,QB,0.058823529411764705,17
2022,0006,MISPL,RB,0,17
2022,0006,MISPL,S,0,17
2022,0006,MISPL,TE,0,17
2022,0006,MISPL,UNMAPPED,0,17
2022,0006,MISPL,WR,0,17
2022,0007,ACT,CB,2.823529411764706,17
2022,0007,ACT,DE,5.9411764705882355,17
2022,0007,ACT,DT,2.411764705882353,17
2022,0007,ACT,LB,5,17
2022,0007,ACT,PK,0.9411764705882353,17
2022,0007,ACT,PN,1.2352941176470589,17
2022,0007,ACT,QB,1.0588235294117647,17
2022,0007,ACT,RB,3.9411764705882355,17
2022,0007,ACT,S,2.235294117647059,17
2022,0007,ACT,TE,1.7647058823529411,17
2022,0007,ACT,UNMAPPED,0,17
2022,0007,ACT,WR,6.411764705882353,17
2022,0007,INA,CB,0.4117647058823529,17
2022,0007,INA,DE,0.47058823529411764,17
2022,0007,INA,DT,0.8235294117647058,17
2022,0007,INA,LB,0.5294117647058824,17
2022,0007,INA,PK,0.058823529411764705,17
2022,0007,INA,PN,0.058823529411764705,17
2022,0007,INA,QB,0.058823529411764705,17
2022,0007,INA,RB,1.3529411764705883,17
2022,0007,INA,S,0.7647058823529411,17
2022,0007,INA,TE,0.23529411764705882,17
2022,0007,INA,UNMAPPED,0,17
2022,0007,INA,WR,1,17
2022,0007,MISPL,CB,0.35294117647058826,17
2022,0007,MISPL,DE,0.23529411764705882,17
2022,0007,MISPL,DT,0,17
2022,0007,MISPL,LB,1.411764705882353,17
2022,0007,MISPL,PK,0,17
2022,0007,MISPL,PN,0,17
2022,0007,MISPL,QB,0,17
2022,0007,MISPL,RB,0.17647058823529413,17
2022,0007,MISPL,S,0.11764705882352941,17
2022,0007,MISPL,TE,0,17
2022,0007,MISPL,UNMAPPED,0,17
2022,0007,MISPL,WR,0,17
2022,0008,ACT,CB,4.235294117647059,17
2022,0008,ACT,DE,3.9411764705882355,17
2022,0008,ACT,DT,3.7058823529411766,17
2022,0008,ACT,LB,3,17
2022,0008,ACT,PK,1.2941176470588236,17
2022,0008,ACT,PN,1.2941176470588236,17
2022,0008,ACT,QB,2.8823529411764706,17
2022,0008,ACT,RB,4.529411764705882,17
2022,0008,ACT,S,4.411764705882353,17
2022,0008,ACT,TE,3.1176470588235294,17
2022,0008,ACT,UNMAPPED,0,17
2022,0008,ACT,WR,5.823529411764706,17
2022,0008,INA,CB,0.6470588235294118,17
2022,0008,INA,DE,0.5294117647058824,17
2022,0008,INA,DT,0.5882352941176471,17
2022,0008,INA,LB,0.4117647058823529,17
2022,0008,INA,PK,0.11764705882352941,17
2022,0008,INA,PN,0.058823529411764705,17
2022,0008,INA,QB,0.4117647058823529,17
2022,0008,INA,RB,0.4117647058823529,17
2022,0008,INA,S,0.5294117647058824,17
2022,0008,INA,TE,0.29411764705882354,17
2022,0008,INA,UNMAPPED,0,17
2022,0008,INA,WR,1.3529411764705883,17
2022,0008,MISPL,CB,0,17
2022,0008,MISPL,DE,0.058823529411764705,17
2022,0008,MISPL,DT,0.058823529411764705,17
2022,0008,MISPL,LB,0.11764705882352941,17
2022,0008,MISPL,PK,0,17
2022,0008,MISPL,PN,0,17
2022,0008,MISPL,QB,0,17
2022,0008,MISPL,RB,0,17
2022,0008,MISPL,S,0,17
2022,0008,MISPL,TE,0,17
2022,0008,MISPL,UNMAPPED,0,17
2022,0008,MISPL,WR,0.058823529411764705,17
2022,0009,ACT,CB,3.588235294117647,17
2022,0009,ACT,DE,4.764705882352941,17
2022,0009,ACT,DT,4.352941176470588,17
2022,0009,ACT,LB,3.4705882352941178,17
2022,0009,ACT,PK,1.2352941176470589,17
2022,0009,ACT,PN,1.0588235294117647,17
2022,0009,ACT,QB,3.0588235294117645,17
2022,0009,ACT,RB,5,17
2022,0009,ACT,S,3.9411764705882355,17
2022,0009,ACT,TE,1.8823529411764706,17
2022,0009,ACT,UNMAPPED,0,17
2022,0009,ACT,WR,5.0588235294117645,17
2022,0009,INA,CB,0.5294117647058824,17
2022,0009,INA,DE,0.5882352941176471,17
2022,0009,INA,DT,0.5882352941176471,17
2022,0009,INA,LB,0.8823529411764706,17
2022,0009,INA,PK,0.23529411764705882,17
2022,0009,INA,PN,0.058823529411764705,17
2022,0009,INA,QB,0.7647058823529411,17
2022,0009,INA,RB,0.29411764705882354,17
2022,0009,INA,S,0.29411764705882354,17
2022,0009,INA,TE,0.17647058823529413,17
2022,0009,INA,UNMAPPED,0,17
2022,0009,INA,WR,1.6470588235294117,17
2022,0009,MISPL,CB,0.058823529411764705,17
2022,0009,MISPL,DE,0,17
2022,0009,MISPL,DT,0.058823529411764705,17
2022,0009,MISPL,LB,0.4117647058823529,17
2022,0009,MISPL,PK,0,17
2022,0009,MISPL,PN,0,17
2022,0009,MISPL,QB,0,17
2022,0009,MISPL,RB,0,17
2022,0009,MISPL,S,0,17
2022,0009,MISPL,TE,0.23529411764705882,17
2022,0009,MISPL,UNMAPPED,0,17
2022,0009,MISPL,WR,0.5882352941176471,17
2022,0010,ACT,CB,3.3529411764705883,17
2022,0010,ACT,DE,5.470588235294118,17
2022,0010,ACT,DT,3.5294117647058822,17
2022,0010,ACT,LB,3.9411764705882355,17
2022,0010,ACT,PK,0.9411764705882353,17
2022,0010,ACT,PN,1.0588235294117647,17
2022,0010,ACT,QB,2.764705882352941,17
2022,0010,ACT,RB,4.117647058823529,17
2022,0010,ACT,S,4.117647058823529,17
2022,0010,ACT,TE,2.6470588235294117,17
2022,0010,ACT,UNMAPPED,0,17
2022,0010,ACT,WR,6,17
2022,0010,INA,CB,1.4705882352941178,17
2022,0010,INA,DE,1,17
2022,0010,INA,DT,0.6470588235294118,17
2022,0010,INA,LB,0.4117647058823529,17
2022,0010,INA,PK,0.11764705882352941,17
2022,0010,INA,PN,0,17
2022,0010,INA,QB,0.23529411764705882,17
2022,0010,INA,RB,0.7647058823529411,17
2022,0010,INA,S,0.29411764705882354,17
2022,0010,INA,TE,0.5882352941176471,17
2022,0010,INA,UNMAPPED,0,17
2022,0010,INA,WR,1.1176470588235294,17
2022,0010,MISPL,CB,0,17
2022,0010,MISPL,DE,0,17
2022,0010,MISPL,DT,0,17
2022,0010,MISPL,LB,0,17
2022,0010,MISPL,PK,0,17
2022,0010,MISPL,PN,0,17
2022,0010,MISPL,QB,0,17
2022,0010,MISPL,RB,0.058823529411764705,17
2022,0010,MISPL,S,0,17
2022,0010,MISPL,TE,0.058823529411764705,17
2022,0010,MISPL,UNMAPPED,0,17
2022,0010,MISPL,WR,0.058823529411764705,17
2022,0011,ACT,CB,2.411764705882353,17
2022,0011,ACT,DE,3.823529411764706,17
2022,0011,ACT,DT,3.411764705882353,17
2022,0011,ACT,LB,4.411764705882353,17
2022,0011,ACT,PK,1,17
2022,0011,ACT,PN,1.1176470588235294,17
2022,0011,ACT,QB,2.235294117647059,17
2022,0011,ACT,RB,2.764705882352941,17
2022,0011,ACT,S,3.3529411764705883,17
2022,0011,ACT,TE,2.3529411764705883,17
2022,0011,ACT,UNMAPPED,0,17
2022,0011,ACT,WR,9.529411764705882,17
2022,0011,INA,CB,0.23529411764705882,17
2022,0011,INA,DE,0.5882352941176471,17
2022,0011,INA,DT,0.47058823529411764,17
2022,0011,INA,LB,0.47058823529411764,17
2022,0011,INA,PK,0,17
2022,0011,INA,PN,0.058823529411764705,17
2022,0011,INA,QB,0.5294117647058824,17
2022,0011,INA,RB,1.2941176470588236,17
2022,0011,INA,S,0.7058823529411765,17
2022,0011,INA,TE,0.23529411764705882,17
2022,0011,INA,UNMAPPED,0,17
2022,0011,INA,WR,2.411764705882353,17
2022,0011,MISPL,CB,0,17
2022,0011,MISPL,DE,0.23529411764705882,17
2022,0011,MISPL,DT,0,17
2022,0011,MISPL,LB,0,17
2022,0011,MISPL,PK,0,17
2022,0011,MISPL,PN,0,17
2022,0011,MISPL,QB,0.29411764705882354,17
2022,0011,MISPL,RB,0.23529411764705882,17
2022,0011,MISPL,S,0,17
2022,0011,MISPL,TE,0,17
2022,0011,MISPL,UNMAPPED,0,17
2022,0011,MISPL,WR,0.35294117647058826,17
2022,0012,ACT,CB,2.823529411764706,17
2022,0012,ACT,DE,2.764705882352941,17
2022,0012,ACT,DT,3.411764705882353,17
2022,0012,ACT,LB,5.235294117647059,17
2022,0012,ACT,PK,1,17
2022,0012,ACT,PN,1.411764705882353,17
2022,0012,ACT,QB,3.7058823529411766,17
2022,0012,ACT,RB,4.235294117647059,17
2022,0012,ACT,S,3.6470588235294117,17
2022,0012,ACT,TE,2.823529411764706,17
2022,0012,ACT,UNMAPPED,0,17
2022,0012,ACT,WR,5.411764705882353,17
2022,0012,INA,CB,0.5294117647058824,17
2022,0012,INA,DE,0.29411764705882354,17
2022,0012,INA,DT,0.4117647058823529,17
2022,0012,INA,LB,1.1764705882352942,17
2022,0012,INA,PK,0,17
2022,0012,INA,PN,0.058823529411764705,17
2022,0012,INA,QB,0.7647058823529411,17
2022,0012,INA,RB,0.6470588235294118,17
2022,0012,INA,S,0.7647058823529411,17
2022,0012,INA,TE,0.8823529411764706,17
2022,0012,INA,UNMAPPED,0,17
2022,0012,INA,WR,0.7058823529411765,17
2022,0012,MISPL,CB,0,17
2022,0012,MISPL,DE,0,17
2022,0012,MISPL,DT,0.058823529411764705,17
2022,0012,MISPL,LB,0,17
2022,0012,MISPL,PK,0,17
2022,0012,MISPL,PN,0,17
2022,0012,MISPL,QB,0,17
2022,0012,MISPL,RB,0.058823529411764705,17
2022,0012,MISPL,S,0,17
2022,0012,MISPL,TE,0,17
2022,0012,MISPL,UNMAPPED,0,17
2022,0012,MISPL,WR,0.058823529411764705,17
2022,0013,ACT,CB,4.0588235294117645,17
2022,0013,ACT,DE,3.9411764705882355,17
2022,0013,ACT,DT,4.823529411764706,17
2022,0013,ACT,LB,3.764705882352941,17
2022,0013,ACT,PK,1,17
2022,0013,ACT,PN,0.9411764705882353,17
2022,0013,ACT,QB,1.8823529411764706,17
2022,0013,ACT,RB,3.7058823529411766,17
2022,0013,ACT,S,4.117647058823529,17
2022,0013,ACT,TE,1.8235294117647058,17
2022,0013,ACT,UNMAPPED,0,17
2022,0013,ACT,WR,5.882352941176471,17
2022,0013,INA,CB,1.2941176470588236,17
2022,0013,INA,DE,0.5882352941176471,17
2022,0013,INA,DT,0.5882352941176471,17
2022,0013,INA,LB,0.23529411764705882,17
2022,0013,INA,PK,0,17
2022,0013,INA,PN,0.058823529411764705,17
2022,0013,INA,QB,0.058823529411764705,17
2022,0013,INA,RB,0.47058823529411764,17
2022,0013,INA,S,0.6470588235294118,17
2022,0013,INA,TE,0.17647058823529413,17
2022,0013,INA,UNMAPPED,0,17
2022,0013,INA,WR,1.6470588235294117,17
2022,0013,MISPL,CB,0.23529411764705882,17
2022,0013,MISPL,DE,0.4117647058823529,17
2022,0013,MISPL,DT,0.11764705882352941,17
2022,0013,MISPL,LB,0,17
2022,0013,MISPL,PK,0,17
2022,0013,MISPL,PN,0,17
2022,0013,MISPL,QB,0.29411764705882354,17
2022,0013,MISPL,RB,0.29411764705882354,17
2022,0013,MISPL,S,0,17
2022,0013,MISPL,TE,0,17
2022,0013,MISPL,UNMAPPED,0,17
2022,0013,MISPL,WR,0.11764705882352941,17
2022,0014,ACT,CB,3.823529411764706,17
2022,0014,ACT,DE,5,17
2022,0014,ACT,DT,3.588235294117647,17
2022,0014,ACT,LB,3.9411764705882355,17
2022,0014,ACT,PK,1,17
2022,0014,ACT,PN,1.0588235294117647,17
2022,0014,ACT,QB,2.4705882352941178,17
2022,0014,ACT,RB,3.7058823529411766,17
2022,0014,ACT,S,3.6470588235294117,17
2022,0014,ACT,TE,2.6470588235294117,17
2022,0014,ACT,UNMAPPED,0,17
2022,0014,ACT,WR,6.823529411764706,17
2022,0014,INA,CB,0.6470588235294118,17
2022,0014,INA,DE,0.8823529411764706,17
2022,0014,INA,DT,0.35294117647058826,17
2022,0014,INA,LB,1,17
2022,0014,INA,PK,0.11764705882352941,17
2022,0014,INA,PN,0.058823529411764705,17
2022,0014,INA,QB,0.8235294117647058,17
2022,0014,INA,RB,0.29411764705882354,17
2022,0014,INA,S,0.6470588235294118,17
2022,0014,INA,TE,0.5882352941176471,17
2022,0014,INA,UNMAPPED,0,17
2022,0014,INA,WR,1.2352941176470589,17
2022,0014,MISPL,CB,0,17
2022,0014,MISPL,DE,0,17
2022,0014,MISPL,DT,0.058823529411764705,17
2022,0014,MISPL,LB,0.058823529411764705,17
2022,0014,MISPL,PK,0,17
2022,0014,MISPL,PN,0,17
2022,0014,MISPL,QB,0,17
2022,0014,MISPL,RB,0,17
2022,0014,MISPL,S,0,17
2022,0014,MISPL,TE,0,17
2022,0014,MISPL,UNMAPPED,0,17
2022,0014,MISPL,WR,0,17
2022,0015,ACT,CB,3.8823529411764706,17
2022,0015,ACT,DE,4.647058823529412,17
2022,0015,ACT,DT,3.6470588235294117,17
2022,0015,ACT,LB,5.411764705882353,17
2022,0015,ACT,PK,1.0588235294117647,17
2022,0015,ACT,PN,1.0588235294117647,17
2022,0015,ACT,QB,2.2941176470588234,17
2022,0015,ACT,RB,4.882352941176471,17
2022,0015,ACT,S,3.7058823529411766,17
2022,0015,ACT,TE,1.8823529411764706,17
2022,0015,ACT,UNMAPPED,0,17
2022,0015,ACT,WR,6.411764705882353,17
2022,0015,INA,CB,0.35294117647058826,17
2022,0015,INA,DE,0.5882352941176471,17
2022,0015,INA,DT,0.35294117647058826,17
2022,0015,INA,LB,0.5882352941176471,17
2022,0015,INA,PK,0.058823529411764705,17
2022,0015,INA,PN,0.058823529411764705,17
2022,0015,INA,QB,0.29411764705882354,17
2022,0015,INA,RB,1.1176470588235294,17
2022,0015,INA,S,0.47058823529411764,17
2022,0015,INA,TE,0.11764705882352941,17
2022,0015,INA,UNMAPPED,0,17
2022,0015,INA,WR,1.0588235294117647,17
2022,0015,MISPL,CB,0.11764705882352941,17
2022,0015,MISPL,DE,0,17
2022,0015,MISPL,DT,0,17
2022,0015,MISPL,LB,0,17
2022,0015,MISPL,PK,0,17
2022,0015,MISPL,PN,0,17
2022,0015,MISPL,QB,0,17
2022,0015,MISPL,RB,0,17
2022,0015,MISPL,S,0.058823529411764705,17
2022,0015,MISPL,TE,0,17
2022,0015,MISPL,UNMAPPED,0,17
2022,0015,MISPL,WR,0.058823529411764705,17
2022,0016,ACT,CB,3.176470588235294,17
2022,0016,ACT,DE,4.647058823529412,17
2022,0016,ACT,DT,4.411764705882353,17
2022,0016,ACT,LB,3.588235294117647,17
2022,0016,ACT,PK,1.0588235294117647,17
2022,0016,ACT,PN,1,17
2022,0016,ACT,QB,3.0588235294117645,17
2022,0016,ACT,RB,4.411764705882353,17
2022,0016,ACT,S,3.411764705882353,17
2022,0016,ACT,TE,3.588235294117647,17
2022,0016,ACT,UNMAPPED,0,17
2022,0016,ACT,WR,4.9411764705882355,17
2022,0016,INA,CB,0.7058823529411765,17
2022,0016,INA,DE,0.5294117647058824,17
2022,0016,INA,DT,0.7058823529411765,17
2022,0016,INA,LB,0.6470588235294118,17
2022,0016,INA,PK,0,17
2022,0016,INA,PN,0.058823529411764705,17
2022,0016,INA,QB,0.9411764705882353,17
2022,0016,INA,RB,0.9411764705882353,17
2022,0016,INA,S,0.6470588235294118,17
2022,0016,INA,TE,1,17
2022,0016,INA,UNMAPPED,0,17
2022,0016,INA,WR,1.2352941176470589,17
2022,0016,MISPL,CB,0.11764705882352941,17
2022,0016,MISPL,DE,0,17
2022,0016,MISPL,DT,0,17
2022,0016,MISPL,LB,0,17
2022,0016,MISPL,PK,0,17
2022,0016,MISPL,PN,0,17
2022,0016,MISPL,QB,0,17
2022,0016,MISPL,RB,0,17
2022,0016,MISPL,S,0,17
2022,0016,MISPL,TE,0,17
2022,0016,MISPL,UNMAPPED,0,17
2022,0016,MISPL,WR,0,17
2022,0017,ACT,CB,3.6470588235294117,17
2022,0017,ACT,DE,4.764705882352941,17
2022,0017,ACT,DT,4.294117647058823,17
2022,0017,ACT,LB,4.352941176470588,17
2022,0017,ACT,PK,1,17
2022,0017,ACT,PN,1,17
2022,0017,ACT,QB,2,17
2022,0017,ACT,RB,4.529411764705882,17
2022,0017,ACT,S,4.705882352941177,17
2022,0017,ACT,TE,2.3529411764705883,17
2022,0017,ACT,UNMAPPED,0,17
2022,0017,ACT,WR,5.352941176470588,17
2022,0017,INA,CB,0.5294117647058824,17
2022,0017,INA,DE,0.6470588235294118,17
2022,0017,INA,DT,0.35294117647058826,17
2022,0017,INA,LB,0.47058823529411764,17
2022,0017,INA,PK,0.058823529411764705,17
2022,0017,INA,PN,0.058823529411764705,17
2022,0017,INA,QB,0.17647058823529413,17
2022,0017,INA,RB,0.47058823529411764,17
2022,0017,INA,S,0.7058823529411765,17
2022,0017,INA,TE,0.29411764705882354,17
2022,0017,INA,UNMAPPED,0,17
2022,0017,INA,WR,1,17
2022,0017,MISPL,CB,0.058823529411764705,17
2022,0017,MISPL,DE,0.058823529411764705,17
2022,0017,MISPL,DT,0,17
2022,0017,MISPL,LB,0,17
2022,0017,MISPL,PK,0,17
2022,0017,MISPL,PN,0,17
2022,0017,MISPL,QB,0,17
2022,0017,MISPL,RB,0,17
2022,0017,MISPL,S,0.11764705882352941,17
2022,0017,MISPL,TE,0,17
2022,0017,MISPL,UNMAPPED,0,17
2022,0017,MISPL,WR,0,17
2022,0018,ACT,CB,4.117647058823529,17
2022,0018,ACT,DE,5.647058823529412,17
2022,0018,ACT,DT,4.647058823529412,17
2022,0018,ACT,LB,3.235294117647059,17
2022,0018,ACT,PK,1,17
2022,0018,ACT,PN,1,17
2022,0018,ACT,QB,1.8235294117647058,17
2022,0018,ACT,RB,3.2941176470588234,17
2022,0018,ACT,S,4.647058823529412,17
2022,0018,ACT,TE,1.8823529411764706,17
2022,0018,ACT,UNMAPPED,0,17
2022,0018,ACT,WR,6,17
2022,0018,INA,CB,0.7647058823529411,17
2022,0018,INA,DE,0.7058823529411765,17
2022,0018,INA,DT,0.5294117647058824,17
2022,0018,INA,LB,0.4117647058823529,17
2022,0018,INA,PK,0.058823529411764705,17
2022,0018,INA,PN,0.058823529411764705,17
2022,0018,INA,QB,0.11764705882352941,17
2022,0018,INA,RB,0.29411764705882354,17
2022,0018,INA,S,0.8823529411764706,17
2022,0018,INA,TE,0.35294117647058826,17
2022,0018,INA,UNMAPPED,0,17
2022,0018,INA,WR,1.0588235294117647,17
2022,0018,MISPL,CB,0,17
2022,0018,MISPL,DE,0,17
2022,0018,MISPL,DT,0.11764705882352941,17
2022,0018,MISPL,LB,0,17
2022,0018,MISPL,PK,0,17
2022,0018,MISPL,PN,0,17
2022,0018,MISPL,QB,0,17
2022,0018,MISPL,RB,0,17
2022,0018,MISPL,S,0,17
2022,0018,MISPL,TE,0,17
2022,0018,MISPL,UNMAPPED,0,17
2022,0018,MISPL,WR,0,17
2022,0019,ACT,CB,3.235294117647059,17
2022,0019,ACT,DE,4.470588235294118,17
2022,0019,ACT,DT,3.823529411764706,17
2022,0019,ACT,LB,3.6470588235294117,17
2022,0019,ACT,PK,0.9411764705882353,17
2022,0019,ACT,PN,1.1176470588235294,17
2022,0019,ACT,QB,2.588235294117647,17
2022,0019,ACT,RB,3.1176470588235294,17
2022,0019,ACT,S,3.7058823529411766,17
2022,0019,ACT,TE,3.176470588235294,17
2022,0019,ACT,UNMAPPED,0,17
2022,0019,ACT,WR,5.352941176470588,17
2022,0019,INA,CB,0.8235294117647058,17
2022,0019,INA,DE,0.5294117647058824,17
2022,0019,INA,DT,0.5882352941176471,17
2022,0019,INA,LB,0.7058823529411765,17
2022,0019,INA,PK,0.058823529411764705,17
2022,0019,INA,PN,0.058823529411764705,17
2022,0019,INA,QB,0.23529411764705882,17
2022,0019,INA,RB,0.7058823529411765,17
2022,0019,INA,S,0.9411764705882353,17
2022,0019,INA,TE,0.7058823529411765,17
2022,0019,INA,UNMAPPED,0,17
2022,0019,INA,WR,0.7058823529411765,17
2022,0019,MISPL,CB,0.5294117647058824,17
2022,0019,MISPL,DE,0.23529411764705882,17
2022,0019,MISPL,DT,0.058823529411764705,17
2022,0019,MISPL,LB,0.47058823529411764,17
2022,0019,MISPL,PK,0,17
2022,0019,MISPL,PN,0,17
2022,0019,MISPL,QB,0.17647058823529413,17
2022,0019,MISPL,RB,0.11764705882352941,17
2022,0019,MISPL,S,0,17
2022,0019,MISPL,TE,0.29411764705882354,17
2022,0019,MISPL,UNMAPPED,0,17
2022,0019,MISPL,WR,0.11764705882352941,17
2022,0020,ACT,CB,3.5294117647058822,17
2022,0020,ACT,DE,5.882352941176471,17
2022,0020,ACT,DT,2.8823529411764706,17
2022,0020,ACT,LB,4.0588235294117645,17
2022,0020,ACT,PK,1,17
2022,0020,ACT,PN,1.3529411764705883,17
2022,0020,ACT,QB,2.2941176470588234,17
2022,0020,ACT,RB,3.176470588235294,17
2022,0020,ACT,S,3,17
2022,0020,ACT,TE,2.7058823529411766,17
2022,0020,ACT,UNMAPPED,0,17
2022,0020,ACT,WR,7.235294117647059,17
2022,0020,INA,CB,0.6470588235294118,17
2022,0020,INA,DE,0.7058823529411765,17
2022,0020,INA,DT,0.7058823529411765,17
2022,0020,INA,LB,0.35294117647058826,17
2022,0020,INA,PK,0.058823529411764705,17
2022,0020,INA,PN,0.11764705882352941,17
2022,0020,INA,QB,0.7058823529411765,17
2022,0020,INA,RB,0.8235294117647058,17
2022,0020,INA,S,0.23529411764705882,17
2022,0020,INA,TE,0.29411764705882354,17
2022,0020,INA,UNMAPPED,0,17
2022,0020,INA,WR,2.176470588235294,17
2022,0020,MISPL,CB,0.35294117647058826,17
2022,0020,MISPL,DE,0,17
2022,0020,MISPL,DT,0,17
2022,0020,MISPL,LB,0.23529411764705882,17
2022,0020,MISPL,PK,0,17
2022,0020,MISPL,PN,0,17
2022,0020,MISPL,QB,0,17
2022,0020,MISPL,RB,0,17
2022,0020,MISPL,S,0.058823529411764705,17
2022,0020,MISPL,TE,0,17
2022,0020,MISPL,UNMAPPED,0,17
2022,0020,MISPL,WR,0,17
2022,0021,ACT,CB,3.176470588235294,17
2022,0021,ACT,DE,4.647058823529412,17
2022,0021,ACT,DT,4.470588235294118,17
2022,0021,ACT,LB,3.411764705882353,17
2022,0021,ACT,PK,1,17
2022,0021,ACT,PN,1,17
2022,0021,ACT,QB,2.823529411764706,17
2022,0021,ACT,RB,3.5294117647058822,17
2022,0021,ACT,S,4.411764705882353,17
2022,0021,ACT,TE,2.411764705882353,17
2022,0021,ACT,UNMAPPED,0,17
2022,0021,ACT,WR,6.9411764705882355,17
2022,0021,INA,CB,0.23529411764705882,17
2022,0021,INA,DE,1,17
2022,0021,INA,DT,0.6470588235294118,17
2022,0021,INA,LB,0.29411764705882354,17
2022,0021,INA,PK,0.058823529411764705,17
2022,0021,INA,PN,0.058823529411764705,17
2022,0021,INA,QB,0.11764705882352941,17
2022,0021,INA,RB,0.4117647058823529,17
2022,0021,INA,S,0.5882352941176471,17
2022,0021,INA,TE,0.23529411764705882,17
2022,0021,INA,UNMAPPED,0,17
2022,0021,INA,WR,1.411764705882353,17
2022,0021,MISPL,CB,0,17
2022,0021,MISPL,DE,0,17
2022,0021,MISPL,DT,0,17
2022,0021,MISPL,LB,0,17
2022,0021,MISPL,PK,0,17
2022,0021,MISPL,PN,0,17
2022,0021,MISPL,QB,0,17
2022,0021,MISPL,RB,0,17
2022,0021,MISPL,S,0,17
2022,0021,MISPL,TE,0,17
2022,0021,MISPL,UNMAPPED,0,17
2022,0021,MISPL,WR,0,17
2022,0022,ACT,CB,3.9411764705882355,17
2022,0022,ACT,DE,3.823529411764706,17
2022,0022,ACT,DT,3.2941176470588234,17
2022,0022,ACT,LB,3.7058823529411766,17
2022,0022,ACT,PK,1,17
2022,0022,ACT,PN,1.411764705882353,17
2022,0022,ACT,QB,3.7058823529411766,17
2022,0022,ACT,RB,4.352941176470588,17
2022,0022,ACT,S,3.6470588235294117,17
2022,0022,ACT,TE,2.4705882352941178,17
2022,0022,ACT,UNMAPPED,0,17
2022,0022,ACT,WR,4.823529411764706,17
2022,0022,INA,CB,0.5294117647058824,17
2022,0022,INA,DE,0.7058823529411765,17
2022,0022,INA,DT,0.4117647058823529,17
2022,0022,INA,LB,0.29411764705882354,17
2022,0022,INA,PK,0.35294117647058826,17
2022,0022,INA,PN,0.058823529411764705,17
2022,0022,INA,QB,0.5882352941176471,17
2022,0022,INA,RB,1.1176470588235294,17
2022,0022,INA,S,0.5294117647058824,17
2022,0022,INA,TE,0.5294117647058824,17
2022,0022,INA,UNMAPPED,0,17
2022,0022,INA,WR,0.8235294117647058,17
2022,0022,MISPL,CB,0.17647058823529413,17
2022,0022,MISPL,DE,0.17647058823529413,17
2022,0022,MISPL,DT,0.35294117647058826,17
2022,0022,MISPL,LB,0,17
2022,0022,MISPL,PK,0,17
2022,0022,MISPL,PN,0,17
2022,0022,MISPL,QB,0,17
2022,0022,MISPL,RB,0,17
2022,0022,MISPL,S,0,17
2022,0022,MISPL,TE,0.058823529411764705,17
2022,0022,MISPL,UNMAPPED,0,17
2022,0022,MISPL,WR,0.47058823529411764,17
2022,0023,ACT,CB,5.176470588235294,17
2022,0023,ACT,DE,6.294117647058823,17
2022,0023,ACT,DT,3.9411764705882355,17
2022,0023,ACT,LB,4,17
2022,0023,ACT,PK,1.1764705882352942,17
2022,0023,ACT,PN,1.0588235294117647,17
2022,0023,ACT,QB,1.9411764705882353,17
2022,0023,ACT,RB,2.5294117647058822,17
2022,0023,ACT,S,3.0588235294117645,17
2022,0023,ACT,TE,2.764705882352941,17
2022,0023,ACT,UNMAPPED,0,17
2022,0023,ACT,WR,5.352941176470588,17
2022,0023,INA,CB,0.4117647058823529,17
2022,0023,INA,DE,1.3529411764705883,17
2022,0023,INA,DT,0.7058823529411765,17
2022,0023,INA,LB,0.5294117647058824,17
2022,0023,INA,PK,0.058823529411764705,17
2022,0023,INA,PN,0.058823529411764705,17
2022,0023,INA,QB,0.29411764705882354,17
2022,0023,INA,RB,0.8235294117647058,17
2022,0023,INA,S,0.5294117647058824,17
2022,0023,INA,TE,0.23529411764705882,17
2022,0023,INA,UNMAPPED,0,17
2022,0023,INA,WR,0.7647058823529411,17
2022,0023,MISPL,CB,0.11764705882352941,17
2022,0023,MISPL,DE,0.5882352941176471,17
2022,0023,MISPL,DT,0,17
2022,0023,MISPL,LB,0,17
2022,0023,MISPL,PK,0,17
2022,0023,MISPL,PN,0,17
2022,0023,MISPL,QB,0,17
2022,0023,MISPL,RB,0.6470588235294118,17
2022,0023,MISPL,S,0.058823529411764705,17
2022,0023,MISPL,TE,0,17
2022,0023,MISPL,UNMAPPED,0,17
2022,0023,MISPL,WR,0,17
2022,0024,ACT,CB,3.2941176470588234,17
2022,0024,ACT,DE,6.235294117647059,17
2022,0024,ACT,DT,3.6470588235294117,17
2022,0024,ACT,LB,4.235294117647059,17
2022,0024,ACT,PK,1.5294117647058822,17
2022,0024,ACT,PN,1.5294117647058822,17
2022,0024,ACT,QB,2.3529411764705883,17
2022,0024,ACT,RB,2.3529411764705883,17
2022,0024,ACT,S,4.470588235294118,17
2022,0024,ACT,TE,1.9411764705882353,17
2022,0024,ACT,UNMAPPED,0,17
2022,0024,ACT,WR,4.823529411764706,17
2022,0024,INA,CB,0.6470588235294118,17
2022,0024,INA,DE,1.7647058823529411,17
2022,0024,INA,DT,0.8235294117647058,17
2022,0024,INA,LB,0.29411764705882354,17
2022,0024,INA,PK,0.11764705882352941,17
2022,0024,INA,PN,0.11764705882352941,17
2022,0024,INA,QB,0.29411764705882354,17
2022,0024,INA,RB,0.35294117647058826,17
2022,0024,INA,S,0.6470588235294118,17
2022,0024,INA,TE,0.35294117647058826,17
2022,0024,INA,UNMAPPED,0,17
2022,0024,INA,WR,1.0588235294117647,17
2022,0024,MISPL,CB,0.11764705882352941,17
2022,0024,MISPL,DE,0.058823529411764705,17
2022,0024,MISPL,DT,0.11764705882352941,17
2022,0024,MISPL,LB,0,17
2022,0024,MISPL,PK,0,17
2022,0024,MISPL,PN,0,17
2022,0024,MISPL,QB,0,17
2022,0024,MISPL,RB,0.29411764705882354,17
2022,0024,MISPL,S,0.23529411764705882,17
2022,0024,MISPL,TE,0,17
2022,0024,MISPL,UNMAPPED,0,17
2022,0024,MISPL,WR,0.11764705882352941,17
2022,0025,ACT,CB,3.1176470588235294,17
2022,0025,ACT,DE,4.470588235294118,17
2022,0025,ACT,DT,3.764705882352941,17
2022,0025,ACT,LB,5.117647058823529,17
2022,0025,ACT,PK,1.1176470588235294,17
2022,0025,ACT,PN,1,17
2022,0025,ACT,QB,2.235294117647059,17
2022,0025,ACT,RB,4.705882352941177,17
2022,0025,ACT,S,3.2941176470588234,17
2022,0025,ACT,TE,3.6470588235294117,17
2022,0025,ACT,UNMAPPED,0,17
2022,0025,ACT,WR,5.882352941176471,17
2022,0025,INA,CB,0.8823529411764706,17
2022,0025,INA,DE,0.6470588235294118,17
2022,0025,INA,DT,0.29411764705882354,17
2022,0025,INA,LB,0.4117647058823529,17
2022,0025,INA,PK,0.35294117647058826,17
2022,0025,INA,PN,0,17
2022,0025,INA,QB,0.9411764705882353,17
2022,0025,INA,RB,0.47058823529411764,17
2022,0025,INA,S,0.7647058823529411,17
2022,0025,INA,TE,0.8823529411764706,17
2022,0025,INA,UNMAPPED,0,17
2022,0025,INA,WR,0.8823529411764706,17
2022,0025,MISPL,CB,0.058823529411764705,17
2022,0025,MISPL,DE,0,17
2022,0025,MISPL,DT,0,17
2022,0025,MISPL,LB,0,17
2022,0025,MISPL,PK,0,17
2022,0025,MISPL,PN,0,17
2022,0025,MISPL,QB,0.058823529411764705,17
2022,0025,MISPL,RB,0,17
2022,0025,MISPL,S,0,17
2022,0025,MISPL,TE,0,17
2022,0025,MISPL,UNMAPPED,0,17
2022,0025,MISPL,WR,0,17
2022,0026,ACT,CB,3.4705882352941178,17
2022,0026,ACT,DE,3.176470588235294,17
2022,0026,ACT,DT,3.3529411764705883,17
2022,0026,ACT,LB,6.764705882352941,17
2022,0026,ACT,PK,1.1176470588235294,17
2022,0026,ACT,PN,1.588235294117647,17
2022,0026,ACT,QB,1.8235294117647058,17
2022,0026,ACT,RB,3.3529411764705883,17
2022,0026,ACT,S,4.0588235294117645,17
2022,0026,ACT,TE,2.823529411764706,17
2022,0026,ACT,UNMAPPED,0,17
2022,0026,ACT,WR,5.0588235294117645,17
2022,0026,INA,CB,1.3529411764705883,17
2022,0026,INA,DE,0.29411764705882354,17
2022,0026,INA,DT,0.4117647058823529,17
2022,0026,INA,LB,0.8235294117647058,17
2022,0026,INA,PK,0.058823529411764705,17
2022,0026,INA,PN,0.11764705882352941,17
2022,0026,INA,QB,0.6470588235294118,17
2022,0026,INA,RB,0.5882352941176471,17
2022,0026,INA,S,0.47058823529411764,17
2022,0026,INA,TE,0.35294117647058826,17
2022,0026,INA,UNMAPPED,0,17
2022,0026,INA,WR,1.0588235294117647,17
2022,0026,MISPL,CB,0.29411764705882354,17
2022,0026,MISPL,DE,0.11764705882352941,17
2022,0026,MISPL,DT,0.058823529411764705,17
2022,0026,MISPL,LB,0,17
2022,0026,MISPL,PK,0,17
2022,0026,MISPL,PN,0,17
2022,0026,MISPL,QB,0,17
2022,0026,MISPL,RB,0.058823529411764705,17
2022,0026,MISPL,S,0.11764705882352941,17
2022,0026,MISPL,TE,0,17
2022,0026,MISPL,UNMAPPED,0,17
2022,0026,MISPL,WR,0.11764705882352941,17
2022,0027,ACT,CB,3.7058823529411766,17
2022,0027,ACT,DE,4.470588235294118,17
2022,0027,ACT,DT,3.823529411764706,17
2022,0027,ACT,LB,4.235294117647059,17
2022,0027,ACT,PK,0.9411764705882353,17
2022,0027,ACT,PN,1,17
2022,0027,ACT,QB,1.8235294117647058,17
2022,0027,ACT,RB,4.470588235294118,17
2022,0027,ACT,S,3.2941176470588234,17
2022,0027,ACT,TE,1.7647058823529411,17
2022,0027,ACT,UNMAPPED,0,17
2022,0027,ACT,WR,5.529411764705882,17
2022,0027,INA,CB,0.47058823529411764,17
2022,0027,INA,DE,0.7647058823529411,17
2022,0027,INA,DT,0.6470588235294118,17
2022,0027,INA,LB,0.4117647058823529,17
2022,0027,INA,PK,0.058823529411764705,17
2022,0027,INA,PN,0.11764705882352941,17
2022,0027,INA,QB,0.7647058823529411,17
2022,0027,INA,RB,1.2352941176470589,17
2022,0027,INA,S,0.17647058823529413,17
2022,0027,INA,TE,0.11764705882352941,17
2022,0027,INA,UNMAPPED,0,17
2022,0027,INA,WR,0.8823529411764706,17
2022,0027,MISPL,CB,0,17
2022,0027,MISPL,DE,0.058823529411764705,17
2022,0027,MISPL,DT,0,17
2022,0027,MISPL,LB,0,17
2022,0027,MISPL,PK,0,17
2022,0027,MISPL,PN,0,17
2022,0027,MISPL,QB,0.29411764705882354,17
2022,0027,MISPL,RB,0,17
2022,0027,MISPL,S,0,17
2022,0027,MISPL,TE,0.29411764705882354,17
2022,0027,MISPL,UNMAPPED,0,17
2022,0027,MISPL,WR,0.11764705882352941,17
2022,0028,ACT,CB,2.823529411764706,17
2022,0028,ACT,DE,4.411764705882353,17
2022,0028,ACT,DT,4.705882352941177,17
2022,0028,ACT,LB,4.470588235294118,17
2022,0028,ACT,PK,1.1764705882352942,17
2022,0028,ACT,PN,1.1176470588235294,17
2022,0028,ACT,QB,2.4705882352941178,17
2022,0028,ACT,RB,5.352941176470588,17
2022,0028,ACT,S,3.5294117647058822,17
2022,0028,ACT,TE,2.411764705882353,17
2022,0028,ACT,UNMAPPED,0,17
2022,0028,ACT,WR,7,17
2022,0028,INA,CB,0.5294117647058824,17
2022,0028,INA,DE,0.47058823529411764,17
2022,0028,INA,DT,0.4117647058823529,17
2022,0028,INA,LB,0.4117647058823529,17
2022,0028,INA,PK,0.058823529411764705,17
2022,0028,INA,PN,0.058823529411764705,17
2022,0028,INA,QB,0.6470588235294118,17
2022,0028,INA,RB,0.4117647058823529,17
2022,0028,INA,S,0.29411764705882354,17
2022,0028,INA,TE,0.5882352941176471,17
2022,0028,INA,UNMAPPED,0,17
2022,0028,INA,WR,1.411764705882353,17
2022,0028,MISPL,CB,0.058823529411764705,17
2022,0028,MISPL,DE,0,17
2022,0028,MISPL,DT,0,17
2022,0028,MISPL,LB,0,17
2022,0028,MISPL,PK,0,17
2022,0028,MISPL,PN,0,17
2022,0028,MISPL,QB,0.058823529411764705,17
2022,0028,MISPL,RB,0,17
2022,0028,MISPL,S,0,17
2022,0028,MISPL,TE,0,17
2022,0028,MISPL,UNMAPPED,0,17
2022,0028,MISPL,WR,0.058823529411764705,17
2022,0029,ACT,CB,3.235294117647059,17
2022,0029,ACT,DE,2.4705882352941178,17
2022,0029,ACT,DT,2.2941176470588234,17
2022,0029,ACT,LB,5,17
2022,0029,ACT,PK,1.8235294117647058,17
2022,0029,ACT,PN,1.4705882352941178,17
2022,0029,ACT,QB,2.4705882352941178,17
2022,0029,ACT,RB,4.470588235294118,17
2022,0029,ACT,S,3.0588235294117645,17
2022,0029,ACT,TE,1.7647058823529411,17
2022,0029,ACT,UNMAPPED,0,17
2022,0029,ACT,WR,5.647058823529412,17
2022,0029,INA,CB,0.7647058823529411,17
2022,0029,INA,DE,0.5294117647058824,17
2022,0029,INA,DT,0.11764705882352941,17
2022,0029,INA,LB,0.8235294117647058,17
2022,0029,INA,PK,0.17647058823529413,17
2022,0029,INA,PN,0.11764705882352941,17
2022,0029,INA,QB,0.5294117647058824,17
2022,0029,INA,RB,1.1176470588235294,17
2022,0029,INA,S,0.35294117647058826,17
2022,0029,INA,TE,0.47058823529411764,17
2022,0029,INA,UNMAPPED,0,17
2022,0029,INA,WR,1.3529411764705883,17
2022,0029,MISPL,CB,0,17
2022,0029,MISPL,DE,0,17
2022,0029,MISPL,DT,0,17
2022,0029,MISPL,LB,0.17647058823529413,17
2022,0029,MISPL,PK,0,17
2022,0029,MISPL,PN,0.4117647058823529,17
2022,0029,MISPL,QB,0,17
2022,0029,MISPL,RB,1.411764705882353,17
2022,0029,MISPL,S,0.5882352941176471,17
2022,0029,MISPL,TE,0.35294117647058826,17
2022,0029,MISPL,UNMAPPED,0,17
2022,0029,MISPL,WR,2,17
2022,0030,ACT,CB,4.352941176470588,17
2022,0030,ACT,DE,4.0588235294117645,17
2022,0030,ACT,DT,5.0588235294117645,17
2022,0030,ACT,LB,3.2941176470588234,17
2022,0030,ACT,PK,1.7647058823529411,17
2022,0030,ACT,PN,2.764705882352941,17
2022,0030,ACT,QB,1.6470588235294117,17
2022,0030,ACT,RB,3.4705882352941178,17
2022,0030,ACT,S,4.294117647058823,17
2022,0030,ACT,TE,2.764705882352941,17
2022,0030,ACT,UNMAPPED,0,17
2022,0030,ACT,WR,4.764705882352941,17
2022,0030,INA,CB,0.5294117647058824,17
2022,0030,INA,DE,0.4117647058823529,17
2022,0030,INA,DT,1,17
2022,0030,INA,LB,0.35294117647058826,17
2022,0030,INA,PK,0.11764705882352941,17
2022,0030,INA,PN,0.23529411764705882,17
2022,0030,INA,QB,0.29411764705882354,17
2022,0030,INA,RB,0.47058823529411764,17
2022,0030,INA,S,1.1176470588235294,17
2022,0030,INA,TE,0.11764705882352941,17
2022,0030,INA,UNMAPPED,0,17
2022,0030,INA,WR,1.6470588235294117,17
2022,0030,MISPL,CB,0,17
2022,0030,MISPL,DE,0,17
2022,0030,MISPL,DT,0,17
2022,0030,MISPL,LB,0.058823529411764705,17
2022,0030,MISPL,PK,0,17
2022,0030,MISPL,PN,0,17
2022,0030,MISPL,QB,0,17
2022,0030,MISPL,RB,0,17
2022,0030,MISPL,S,0,17
2022,0030,MISPL,TE,0,17
2022,0030,MISPL,UNMAPPED,0,17
2022,0030,MISPL,WR,0,17
2022,0031,ACT,CB,4.0588235294117645,17
2022,0031,ACT,DE,4.176470588235294,17
2022,0031,ACT,DT,2.764705882352941,17
2022,0031,ACT,LB,4.235294117647059,17
2022,0031,ACT,PK,1.2941176470588236,17
2022,0031,ACT,PN,0.9411764705882353,17
2022,0031,ACT,QB,2.764705882352941,17
2022,0031,ACT,RB,3,17
2022,0031,ACT,S,4.588235294117647,17
2022,0031,ACT,TE,2.1176470588235294,17
2022,0031,ACT,UNMAPPED,0,17
2022,0031,ACT,WR,4.647058823529412,17
2022,0031,INA,CB,0.9411764705882353,17
2022,0031,INA,DE,0.7058823529411765,17
2022,0031,INA,DT,0.6470588235294118,17
2022,0031,INA,LB,1.9411764705882353,17
2022,0031,INA,PK,0.17647058823529413,17
2022,0031,INA,PN,0.058823529411764705,17
2022,0031,INA,QB,0.23529411764705882,17
2022,0031,INA,RB,0.5882352941176471,17
2022,0031,INA,S,0.6470588235294118,17
2022,0031,INA,TE,0.35294117647058826,17
2022,0031,INA,UNMAPPED,0,17
2022,0031,INA,WR,1.0588235294117647,17
2022,0031,MISPL,CB,0.058823529411764705,17
2022,0031,MISPL,DE,0,17
2022,0031,MISPL,DT,0.058823529411764705,17
2022,0031,MISPL,LB,0,17
2022,0031,MISPL,PK,0,17
2022,0031,MISPL,PN,0,17
2022,0031,MISPL,QB,0,17
2022,0031,MISPL,RB,0.17647058823529413,17
2022,0031,MISPL,S,0,17
2022,0031,MISPL,TE,0,17
2022,0031,MISPL,UNMAPPED,0,17
2022,0031,MISPL,WR,0,17
2022,0032,ACT,CB,2.0588235294117645,17
2022,0032,ACT,DE,6,17
2022,0032,ACT,DT,2.588235294117647,17
2022,0032,ACT,LB,4.705882352941177,17
2022,0032,ACT,PK,1,17
2022,0032,ACT,PN,1.2941176470588236,17
2022,0032,ACT,QB,1.8235294117647058,17
2022,0032,ACT,RB,7.411764705882353,17
2022,0032,ACT,S,2.235294117647059,17
2022,0032,ACT,TE,2.9411764705882355,17
2022,0032,ACT,UNMAPPED,0,17
2022,0032,ACT,WR,6.647058823529412,17
2022,0032,INA,CB,0.35294117647058826,17
2022,0032,INA,DE,0.47058823529411764,17
2022,0032,INA,DT,0.4117647058823529,17
2022,0032,INA,LB,0.35294117647058826,17
2022,0032,INA,PK,0.11764705882352941,17
2022,0032,INA,PN,0.058823529411764705,17
2022,0032,INA,QB,0.29411764705882354,17
2022,0032,INA,RB,2.0588235294117645,17
2022,0032,INA,S,0.11764705882352941,17
2022,0032,INA,TE,0.5294117647058824,17
2022,0032,INA,UNMAPPED,0,17
2022,0032,INA,WR,1.2941176470588236,17
2022,0032,MISPL,CB,0.058823529411764705,17
2022,0032,MISPL,DE,0,17
2022,0032,MISPL,DT,0,17
2022,0032,MISPL,LB,0,17
2022,0032,MISPL,PK,0,17
2022,0032,MISPL,PN,0,17
2022,0032,MISPL,QB,0,17
2022,0032,MISPL,RB,0,17
2022,0032,MISPL,S,0,17
2022,0032,MISPL,TE,0,17
2022,0032,MISPL,UNMAPPED,0,17
2022,0032,MISPL,WR,0,17
2023,0001,ACT,CB,4.9411764705882355,17
2023,0001,ACT,DE,5.411764705882353,17
2023,0001,ACT,DT,4.529411764705882,17
2023,0001,ACT,LB,4.9411764705882355,17
2023,0001,ACT,PK,1,17
2023,0001,ACT,PN,1,17
2023,0001,ACT,QB,2.9411764705882355,17
2023,0001,ACT,RB,3.8823529411764706,17
2023,0001,ACT,S,2.8823529411764706,17
2023,0001,ACT,TE,2.3529411764705883,17
2023,0001,ACT,UNMAPPED,0,17
2023,0001,ACT,WR,4.352941176470588,17
2023,0001,INA,CB,0.7058823529411765,17
2023,0001,INA,DE,0.5882352941176471,17
2023,0001,INA,DT,0.4117647058823529,17
2023,0001,INA,LB,0.8235294117647058,17
2023,0001,INA,PK,0,17
2023,0001,INA,PN,0,17
2023,0001,INA,QB,0.7058823529411765,17
2023,0001,INA,RB,0.8823529411764706,17
2023,0001,INA,S,0.7647058823529411,17
2023,0001,INA,TE,0.23529411764705882,17
2023,0001,INA,UNMAPPED,0,17
2023,0001,INA,WR,0.47058823529411764,17
2023,0001,MISPL,CB,0.17647058823529413,17
2023,0001,MISPL,DE,0.058823529411764705,17
2023,0001,MISPL,DT,0.35294117647058826,17
2023,0001,MISPL,LB,0.11764705882352941,17
2023,0001,MISPL,PK,0,17
2023,0001,MISPL,PN,0,17
2023,0001,MISPL,QB,0,17
2023,0001,MISPL,RB,0.23529411764705882,17
2023,0001,MISPL,S,0.17647058823529413,17
2023,0001,MISPL,TE,0,17
2023,0001,MISPL,UNMAPPED,0,17
2023,0001,MISPL,WR,0,17
2023,0002,ACT,CB,3.3529411764705883,17
2023,0002,ACT,DE,7.176470588235294,17
2023,0002,ACT,DT,5.176470588235294,17
2023,0002,ACT,LB,3.235294117647059,17
2023,0002,ACT,PK,1.0588235294117647,17
2023,0002,ACT,PN,0.9411764705882353,17
2023,0002,ACT,QB,1.8235294117647058,17
2023,0002,ACT,RB,2.8823529411764706,17
2023,0002,ACT,S,2.823529411764706,17
2023,0002,ACT,TE,2.588235294117647,17
2023,0002,ACT,UNMAPPED,0,17
2023,0002,ACT,WR,6.470588235294118,17
2023,0002,INA,CB,0.47058823529411764,17
2023,0002,INA,DE,0.6470588235294118,17
2023,0002,INA,DT,0.6470588235294118,17
2023,0002,INA,LB,0.5294117647058824,17
2023,0002,INA,PK,0.058823529411764705,17
2023,0002,INA,PN,0.058823529411764705,17
2023,0002,INA,QB,0.5882352941176471,17
2023,0002,INA,RB,0.7647058823529411,17
2023,0002,INA,S,0.7058823529411765,17
2023,0002,INA,TE,0.4117647058823529,17
2023,0002,INA,UNMAPPED,0,17
2023,0002,INA,WR,0.7647058823529411,17
2023,0002,MISPL,CB,0,17
2023,0002,MISPL,DE,0,17
2023,0002,MISPL,DT,0,17
2023,0002,MISPL,LB,0,17
2023,0002,MISPL,PK,0,17
2023,0002,MISPL,PN,0,17
2023,0002,MISPL,QB,0,17
2023,0002,MISPL,RB,0,17
2023,0002,MISPL,S,0,17
2023,0002,MISPL,TE,0,17
2023,0002,MISPL,UNMAPPED,0,17
2023,0002,MISPL,WR,0,17
2023,0003,ACT,CB,4.352941176470588,17
2023,0003,ACT,DE,5.117647058823529,17
2023,0003,ACT,DT,3.6470588235294117,17
2023,0003,ACT,LB,2.9411764705882355,17
2023,0003,ACT,PK,1.0588235294117647,17
2023,0003,ACT,PN,1.1764705882352942,17
2023,0003,ACT,QB,4.647058823529412,17
2023,0003,ACT,RB,3.8823529411764706,17
2023,0003,ACT,S,3.411764705882353,17
2023,0003,ACT,TE,2.764705882352941,17
2023,0003,ACT,UNMAPPED,0,17
2023,0003,ACT,WR,5.235294117647059,17
2023,0003,INA,CB,0.9411764705882353,17
2023,0003,INA,DE,0.5294117647058824,17
2023,0003,INA,DT,0.29411764705882354,17
2023,0003,INA,LB,0.17647058823529413,17
2023,0003,INA,PK,0.058823529411764705,17
2023,0003,INA,PN,0.058823529411764705,17
2023,0003,INA,QB,0.35294117647058826,17
2023,0003,INA,RB,0.5882352941176471,17
2023,0003,INA,S,0.5294117647058824,17
2023,0003,INA,TE,0.47058823529411764,17
2023,0003,INA,UNMAPPED,0,17
2023,0003,INA,WR,0.7058823529411765,17
2023,0003,MISPL,CB,0,17
2023,0003,MISPL,DE,0,17
2023,0003,MISPL,DT,0,17
2023,0003,MISPL,LB,0,17
2023,0003,MISPL,PK,0,17
2023,0003,MISPL,PN,0,17
2023,0003,MISPL,QB,0,17
2023,0003,MISPL,RB,0,17
2023,0003,MISPL,S,0,17
2023,0003,MISPL,TE,0,17
2023,0003,MISPL,UNMAPPED,0,17
2023,0003,MISPL,WR,0,17
2023,0004,ACT,CB,3.411764705882353,17
2023,0004,ACT,DE,6,17
2023,0004,ACT,DT,4.294117647058823,17
2023,0004,ACT,LB,4.117647058823529,17
2023,0004,ACT,PK,1,17
2023,0004,ACT,PN,1,17
2023,0004,ACT,QB,3.176470588235294,17
2023,0004,ACT,RB,3.9411764705882355,17
2023,0004,ACT,S,3.6470588235294117,17
2023,0004,ACT,TE,3.0588235294117645,17
2023,0004,ACT,UNMAPPED,0,17
2023,0004,ACT,WR,4.882352941176471,17
2023,0004,INA,CB,0.8235294117647058,17
2023,0004,INA,DE,0.5882352941176471,17
2023,0004,INA,DT,0.4117647058823529,17
2023,0004,INA,LB,0.29411764705882354,17
2023,0004,INA,PK,0.058823529411764705,17
2023,0004,INA,PN,0.058823529411764705,17
2023,0004,INA,QB,0.4117647058823529,17
2023,0004,INA,RB,0.47058823529411764,17
2023,0004,INA,S,1,17
2023,0004,INA,TE,0.11764705882352941,17
2023,0004,INA,UNMAPPED,0,17
2023,0004,INA,WR,0.47058823529411764,17
2023,0004,MISPL,CB,0,17
2023,0004,MISPL,DE,0,17
2023,0004,MISPL,DT,0,17
2023,0004,MISPL,LB,0.058823529411764705,17
2023,0004,MISPL,PK,0,17
2023,0004,MISPL,PN,0,17
2023,0004,MISPL,QB,0,17
2023,0004,MISPL,RB,0,17
2023,0004,MISPL,S,0,17
2023,0004,MISPL,TE,0.17647058823529413,17
2023,0004,MISPL,UNMAPPED,0,17
2023,0004,MISPL,WR,0,17
2023,0005,ACT,CB,3.8823529411764706,17
2023,0005,ACT,DE,4,17
2023,0005,ACT,DT,4.117647058823529,17
2023,0005,ACT,LB,4.294117647058823,17
2023,0005,ACT,PK,1,17
2023,0005,ACT,PN,2.0588235294117645,17
2023,0005,ACT,QB,2.235294117647059,17
2023,0005,ACT,RB,3.5294117647058822,17
2023,0005,ACT,S,4.294117647058823,17
2023,0005,ACT,TE,1.7058823529411764,17
2023,0005,ACT,UNMAPPED,0,17
2023,0005,ACT,WR,6.823529411764706,17
2023,0005,INA,CB,0.5882352941176471,17
2023,0005,INA,DE,0.5882352941176471,17
2023,0005,INA,DT,0.5294117647058824,17
2023,0005,INA,LB,0.47058823529411764,17
2023,0005,INA,PK,0.058823529411764705,17
2023,0005,INA,PN,0.058823529411764705,17
2023,0005,INA,QB,0.29411764705882354,17
2023,0005,INA,RB,1.411764705882353,17
2023,0005,INA,S,0.8235294117647058,17
2023,0005,INA,TE,0.11764705882352941,17
2023,0005,INA,UNMAPPED,0,17
2023,0005,INA,WR,1.3529411764705883,17
2023,0005,MISPL,CB,0.058823529411764705,17
2023,0005,MISPL,DE,0,17
2023,0005,MISPL,DT,0,17
2023,0005,MISPL,LB,0,17
2023,0005,MISPL,PK,0,17
2023,0005,MISPL,PN,0,17
2023,0005,MISPL,QB,0,17
2023,0005,MISPL,RB,0,17
2023,0005,MISPL,S,0,17
2023,0005,MISPL,TE,0,17
2023,0005,MISPL,UNMAPPED,0,17
2023,0005,MISPL,WR,0,17
2023,0006,ACT,CB,3.0588235294117645,17
2023,0006,ACT,DE,4.588235294117647,17
2023,0006,ACT,DT,4.647058823529412,17
2023,0006,ACT,LB,2.9411764705882355,17
2023,0006,ACT,PK,1.6470588235294117,17
2023,0006,ACT,PN,1.0588235294117647,17
2023,0006,ACT,QB,3.176470588235294,17
2023,0006,ACT,RB,2.588235294117647,17
2023,0006,ACT,S,4.0588235294117645,17
2023,0006,ACT,TE,3.3529411764705883,17
2023,0006,ACT,UNMAPPED,0,17
2023,0006,ACT,WR,8,17
2023,0006,INA,CB,0.17647058823529413,17
2023,0006,INA,DE,0.6470588235294118,17
2023,0006,INA,DT,1.1176470588235294,17
2023,0006,INA,LB,0.47058823529411764,17
2023,0006,INA,PK,0.058823529411764705,17
2023,0006,INA,PN,0.058823529411764705,17
2023,0006,INA,QB,0.5882352941176471,17
2023,0006,INA,RB,0.17647058823529413,17
2023,0006,INA,S,0.47058823529411764,17
2023,0006,INA,TE,0.35294117647058826,17
2023,0006,INA,UNMAPPED,0,17
2023,0006,INA,WR,0.7058823529411765,17
2023,0006,MISPL,CB,0,17
2023,0006,MISPL,DE,0,17
2023,0006,MISPL,DT,0,17
2023,0006,MISPL,LB,0,17
2023,0006,MISPL,PK,0,17
2023,0006,MISPL,PN,0,17
2023,0006,MISPL,QB,0.058823529411764705,17
2023,0006,MISPL,RB,0,17
2023,0006,MISPL,S,0.058823529411764705,17
2023,0006,MISPL,TE,0,17
2023,0006,MISPL,UNMAPPED,0,17
2023,0006,MISPL,WR,0,17
2023,0007,ACT,CB,4,17
2023,0007,ACT,DE,4.882352941176471,17
2023,0007,ACT,DT,3.2941176470588234,17
2023,0007,ACT,LB,3.8823529411764706,17
2023,0007,ACT,PK,0.9411764705882353,17
2023,0007,ACT,PN,1,17
2023,0007,ACT,QB,1.3529411764705883,17
2023,0007,ACT,RB,4.529411764705882,17
2023,0007,ACT,S,4.0588235294117645,17
2023,0007,ACT,TE,2.7058823529411766,17
2023,0007,ACT,UNMAPPED,0,17
2023,0007,ACT,WR,6.117647058823529,17
2023,0007,INA,CB,0.4117647058823529,17
2023,0007,INA,DE,0.9411764705882353,17
2023,0007,INA,DT,0.9411764705882353,17
2023,0007,INA,LB,0.5882352941176471,17
2023,0007,INA,PK,0.058823529411764705,17
2023,0007,INA,PN,0.058823529411764705,17
2023,0007,INA,QB,1.1764705882352942,17
2023,0007,INA,RB,1,17
2023,0007,INA,S,0.8235294117647058,17
2023,0007,INA,TE,0.47058823529411764,17
2023,0007,INA,UNMAPPED,0,17
2023,0007,INA,WR,1,17
2023,0007,MISPL,CB,0.058823529411764705,17
2023,0007,MISPL,DE,0.11764705882352941,17
2023,0007,MISPL,DT,0,17
2023,0007,MISPL,LB,0.058823529411764705,17
2023,0007,MISPL,PK,0,17
2023,0007,MISPL,PN,0,17
2023,0007,MISPL,QB,0.058823529411764705,17
2023,0007,MISPL,RB,0,17
2023,0007,MISPL,S,0.058823529411764705,17
2023,0007,MISPL,TE,0.058823529411764705,17
2023,0007,MISPL,UNMAPPED,0,17
2023,0007,MISPL,WR,0.11764705882352941,17
2023,0008,ACT,CB,3.2941176470588234,17
2023,0008,ACT,DE,4.705882352941177,17
2023,0008,ACT,DT,4,17
2023,0008,ACT,LB,5.176470588235294,17
2023,0008,ACT,PK,1.2352941176470589,17
2023,0008,ACT,PN,1.1176470588235294,17
2023,0008,ACT,QB,3.1176470588235294,17
2023,0008,ACT,RB,2.6470588235294117,17
2023,0008,ACT,S,3.4705882352941178,17
2023,0008,ACT,TE,1.9411764705882353,17
2023,0008,ACT,UNMAPPED,0,17
2023,0008,ACT,WR,5.764705882352941,17
2023,0008,INA,CB,0.6470588235294118,17
2023,0008,INA,DE,0.5882352941176471,17
2023,0008,INA,DT,0.5294117647058824,17
2023,0008,INA,LB,0.5882352941176471,17
2023,0008,INA,PK,0.11764705882352941,17
2023,0008,INA,PN,0.058823529411764705,17
2023,0008,INA,QB,0.8235294117647058,17
2023,0008,INA,RB,0.5882352941176471,17
2023,0008,INA,S,0.4117647058823529,17
2023,0008,INA,TE,0.23529411764705882,17
2023,0008,INA,UNMAPPED,0,17
2023,0008,INA,WR,0.8235294117647058,17
2023,0008,MISPL,CB,0,17
2023,0008,MISPL,DE,0.35294117647058826,17
2023,0008,MISPL,DT,0.058823529411764705,17
2023,0008,MISPL,LB,0,17
2023,0008,MISPL,PK,0,17
2023,0008,MISPL,PN,0,17
2023,0008,MISPL,QB,0,17
2023,0008,MISPL,RB,0.4117647058823529,17
2023,0008,MISPL,S,0.4117647058823529,17
2023,0008,MISPL,TE,0.35294117647058826,17
2023,0008,MISPL,UNMAPPED,0,17
2023,0008,MISPL,WR,0.5882352941176471,17
2023,0009,ACT,CB,2.764705882352941,17
2023,0009,ACT,DE,4.823529411764706,17
2023,0009,ACT,DT,2.823529411764706,17
2023,0009,ACT,LB,5.352941176470588,17
2023,0009,ACT,PK,1.1764705882352942,17
2023,0009,ACT,PN,1.0588235294117647,17
2023,0009,ACT,QB,2.764705882352941,17
2023,0009,ACT,RB,4.9411764705882355,17
2023,0009,ACT,S,3.7058823529411766,17
2023,0009,ACT,TE,2.8823529411764706,17
2023,0009,ACT,UNMAPPED,0,17
2023,0009,ACT,WR,6.882352941176471,17
2023,0009,INA,CB,0.47058823529411764,17
2023,0009,INA,DE,0.35294117647058826,17
2023,0009,INA,DT,0.23529411764705882,17
2023,0009,INA,LB,1.0588235294117647,17
2023,0009,INA,PK,0.058823529411764705,17
2023,0009,INA,PN,0,17
2023,0009,INA,QB,0.47058823529411764,17
2023,0009,INA,RB,0.7058823529411765,17
2023,0009,INA,S,0.29411764705882354,17
2023,0009,INA,TE,0.29411764705882354,17
2023,0009,INA,UNMAPPED,0,17
2023,0009,INA,WR,1.7058823529411764,17
2023,0009,MISPL,CB,0,17
2023,0009,MISPL,DE,0,17
2023,0009,MISPL,DT,0,17
2023,0009,MISPL,LB,0,17
2023,0009,MISPL,PK,0,17
2023,0009,MISPL,PN,0,17
2023,0009,MISPL,QB,0,17
2023,0009,MISPL,RB,0.058823529411764705,17
2023,0009,MISPL,S,0,17
2023,0009,MISPL,TE,0.058823529411764705,17
2023,0009,MISPL,UNMAPPED,0,17
2023,0009,MISPL,WR,0,17
2023,0010,ACT,CB,4.0588235294117645,17
2023,0010,ACT,DE,4.588235294117647,17
2023,0010,ACT,DT,3.7058823529411766,17
2023,0010,ACT,LB,3.8823529411764706,17
2023,0010,ACT,PK,0.9411764705882353,17
2023,0010,ACT,PN,1.0588235294117647,17
2023,0010,ACT,QB,1.8823529411764706,17
2023,0010,ACT,RB,3.9411764705882355,17
2023,0010,ACT,S,3.235294117647059,17
2023,0010,ACT,TE,2.9411764705882355,17
2023,0010,ACT,UNMAPPED,0,17
2023,0010,ACT,WR,7.470588235294118,17
2023,0010,INA,CB,0.7647058823529411,17
2023,0010,INA,DE,0.47058823529411764,17
2023,0010,INA,DT,0.35294117647058826,17
2023,0010,INA,LB,0.4117647058823529,17
2023,0010,INA,PK,0.058823529411764705,17
2023,0010,INA,PN,0.058823529411764705,17
2023,0010,INA,QB,0.17647058823529413,17
2023,0010,INA,RB,0.7647058823529411,17
2023,0010,INA,S,0.35294117647058826,17
2023,0010,INA,TE,0.17647058823529413,17
2023,0010,INA,UNMAPPED,0,17
2023,0010,INA,WR,1.1764705882352942,17
2023,0010,MISPL,CB,0.17647058823529413,17
2023,0010,MISPL,DE,0,17
2023,0010,MISPL,DT,0.11764705882352941,17
2023,0010,MISPL,LB,0.23529411764705882,17
2023,0010,MISPL,PK,0,17
2023,0010,MISPL,PN,0,17
2023,0010,MISPL,QB,0,17
2023,0010,MISPL,RB,0.17647058823529413,17
2023,0010,MISPL,S,0.4117647058823529,17
2023,0010,MISPL,TE,0.058823529411764705,17
2023,0010,MISPL,UNMAPPED,0,17
2023,0010,MISPL,WR,0.29411764705882354,17
2023,0011,ACT,CB,2.176470588235294,17
2023,0011,ACT,DE,5.9411764705882355,17
2023,0011,ACT,DT,3.3529411764705883,17
2023,0011,ACT,LB,5.117647058823529,17
2023,0011,ACT,PK,1,17
2023,0011,ACT,PN,1,17
2023,0011,ACT,QB,1.8823529411764706,17
2023,0011,ACT,RB,5,17
2023,0011,ACT,S,3.0588235294117645,17
2023,0011,ACT,TE,2.4705882352941178,17
2023,0011,ACT,UNMAPPED,0,17
2023,0011,ACT,WR,7.294117647058823,17
2023,0011,INA,CB,0.17647058823529413,17
2023,0011,INA,DE,0.8235294117647058,17
2023,0011,INA,DT,0.17647058823529413,17
2023,0011,INA,LB,0.47058823529411764,17
2023,0011,INA,PK,0.058823529411764705,17
2023,0011,INA,PN,0.11764705882352941,17
2023,0011,INA,QB,0.7058823529411765,17
2023,0011,INA,RB,0.5882352941176471,17
2023,0011,INA,S,0.23529411764705882,17
2023,0011,INA,TE,0.47058823529411764,17
2023,0011,INA,UNMAPPED,0,17
2023,0011,INA,WR,1.411764705882353,17
2023,0011,MISPL,CB,0,17
2023,0011,MISPL,DE,0.058823529411764705,17
2023,0011,MISPL,DT,0,17
2023,0011,MISPL,LB,0.058823529411764705,17
2023,0011,MISPL,PK,0,17
2023,0011,MISPL,PN,0,17
2023,0011,MISPL,QB,0.11764705882352941,17
2023,0011,MISPL,RB,0,17
2023,0011,MISPL,S,0,17
2023,0011,MISPL,TE,0.058823529411764705,17
2023,0011,MISPL,UNMAPPED,0,17
2023,0011,MISPL,WR,0.17647058823529413,17
2023,0012,ACT,CB,2.5294117647058822,17
2023,0012,ACT,DE,4.882352941176471,17
2023,0012,ACT,DT,3.764705882352941,17
2023,0012,ACT,LB,5.470588235294118,17
2023,0012,ACT,PK,1.2941176470588236,17
2023,0012,ACT,PN,1.2352941176470589,17
2023,0012,ACT,QB,2.3529411764705883,17
2023,0012,ACT,RB,4.294117647058823,17
2023,0012,ACT,S,3.764705882352941,17
2023,0012,ACT,TE,2.1176470588235294,17
2023,0012,ACT,UNMAPPED,0,17
2023,0012,ACT,WR,5.705882352941177,17
2023,0012,INA,CB,0.29411764705882354,17
2023,0012,INA,DE,1,17
2023,0012,INA,DT,0.23529411764705882,17
2023,0012,INA,LB,0.6470588235294118,17
2023,0012,INA,PK,0.058823529411764705,17
2023,0012,INA,PN,0.058823529411764705,17
2023,0012,INA,QB,0.6470588235294118,17
2023,0012,INA,RB,0.9411764705882353,17
2023,0012,INA,S,0.5882352941176471,17
2023,0012,INA,TE,0.35294117647058826,17
2023,0012,INA,UNMAPPED,0,17
2023,0012,INA,WR,0.9411764705882353,17
2023,0012,MISPL,CB,0.29411764705882354,17
2023,0012,MISPL,DE,0,17
2023,0012,MISPL,DT,0,17
2023,0012,MISPL,LB,0,17
2023,0012,MISPL,PK,0,17
2023,0012,MISPL,PN,0,17
2023,0012,MISPL,QB,0,17
2023,0012,MISPL,RB,0.058823529411764705,17
2023,0012,MISPL,S,0.17647058823529413,17
2023,0012,MISPL,TE,0,17
2023,0012,MISPL,UNMAPPED,0,17
2023,0012,MISPL,WR,0.29411764705882354,17
2023,0013,ACT,CB,3.3529411764705883,17
2023,0013,ACT,DE,4.176470588235294,17
2023,0013,ACT,DT,4.294117647058823,17
2023,0013,ACT,LB,4.470588235294118,17
2023,0013,ACT,PK,1,17
2023,0013,ACT,PN,1,17
2023,0013,ACT,QB,2.588235294117647,17
2023,0013,ACT,RB,2.7058823529411766,17
2023,0013,ACT,S,4.9411764705882355,17
2023,0013,ACT,TE,2.235294117647059,17
2023,0013,ACT,UNMAPPED,0,17
2023,0013,ACT,WR,7.705882352941177,17
2023,0013,INA,CB,1.411764705882353,17
2023,0013,INA,DE,0.5882352941176471,17
2023,0013,INA,DT,0.5882352941176471,17
2023,0013,INA,LB,0.5294117647058824,17
2023,0013,INA,PK,0,17
2023,0013,INA,PN,0,17
2023,0013,INA,QB,0.29411764705882354,17
2023,0013,INA,RB,0.29411764705882354,17
2023,0013,INA,S,0.7058823529411765,17
2023,0013,INA,TE,0.4117647058823529,17
2023,0013,INA,UNMAPPED,0,17
2023,0013,INA,WR,0.7058823529411765,17
2023,0013,MISPL,CB,0.11764705882352941,17
2023,0013,MISPL,DE,0,17
2023,0013,MISPL,DT,0.11764705882352941,17
2023,0013,MISPL,LB,0,17
2023,0013,MISPL,PK,0,17
2023,0013,MISPL,PN,0,17
2023,0013,MISPL,QB,0,17
2023,0013,MISPL,RB,0,17
2023,0013,MISPL,S,0,17
2023,0013,MISPL,TE,0.058823529411764705,17
2023,0013,MISPL,UNMAPPED,0,17
2023,0013,MISPL,WR,0.11764705882352941,17
2023,0014,ACT,CB,3.5294117647058822,17
2023,0014,ACT,DE,5.117647058823529,17
2023,0014,ACT,DT,5.0588235294117645,17
2023,0014,ACT,LB,2.588235294117647,17
2023,0014,ACT,PK,1.0588235294117647,17
2023,0014,ACT,PN,1.0588235294117647,17
2023,0014,ACT,QB,2,17
2023,0014,ACT,RB,4.117647058823529,17
2023,0014,ACT,S,4.352941176470588,17
2023,0014,ACT,TE,2.823529411764706,17
2023,0014,ACT,UNMAPPED,0,17
2023,0014,ACT,WR,7,17
2023,0014,INA,CB,0.5882352941176471,17
2023,0014,INA,DE,0.4117647058823529,17
2023,0014,INA,DT,0.7058823529411765,17
2023,0014,INA,LB,0.35294117647058826,17
2023,0014,INA,PK,0.058823529411764705,17
2023,0014,INA,PN,0.058823529411764705,17
2023,0014,INA,QB,0.17647058823529413,17
2023,0014,INA,RB,0.5882352941176471,17
2023,0014,INA,S,0.35294117647058826,17
2023,0014,INA,TE,0.17647058823529413,17
2023,0014,INA,UNMAPPED,0,17
2023,0014,INA,WR,1,17
2023,0014,MISPL,CB,0,17
2023,0014,MISPL,DE,0.058823529411764705,17
2023,0014,MISPL,DT,0,17
2023,0014,MISPL,LB,0.058823529411764705,17
2023,0014,MISPL,PK,0,17
2023,0014,MISPL,PN,0.058823529411764705,17
2023,0014,MISPL,QB,0,17
2023,0014,MISPL,RB,0.058823529411764705,17
2023,0014,MISPL,S,0.058823529411764705,17
2023,0014,MISPL,TE,0,17
2023,0014,MISPL,UNMAPPED,0,17
2023,0014,MISPL,WR,0,17
2023,0015,ACT,CB,3.8823529411764706,17
2023,0015,ACT,DE,3.764705882352941,17
2023,0015,ACT,DT,4.235294117647059,17
2023,0015,ACT,LB,5.529411764705882,17
2023,0015,ACT,PK,1.5294117647058822,17
2023,0015,ACT,PN,1.2352941176470589,17
2023,0015,ACT,QB,1.4705882352941178,17
2023,0015,ACT,RB,5.647058823529412,17
2023,0015,ACT,S,4,17
2023,0015,ACT,TE,1.7058823529411764,17
2023,0015,ACT,UNMAPPED,0,17
2023,0015,ACT,WR,5.588235294117647,17
2023,0015,INA,CB,0.35294117647058826,17
2023,0015,INA,DE,0.5882352941176471,17
2023,0015,INA,DT,0.4117647058823529,17
2023,0015,INA,LB,0.9411764705882353,17
2023,0015,INA,PK,0.11764705882352941,17
2023,0015,INA,PN,0.058823529411764705,17
2023,0015,INA,QB,0.23529411764705882,17
2023,0015,INA,RB,1.1176470588235294,17
2023,0015,INA,S,0.47058823529411764,17
2023,0015,INA,TE,0.17647058823529413,17
2023,0015,INA,UNMAPPED,0,17
2023,0015,INA,WR,0.7647058823529411,17
2023,0015,MISPL,CB,0,17
2023,0015,MISPL,DE,0.058823529411764705,17
2023,0015,MISPL,DT,0,17
2023,0015,MISPL,LB,0.058823529411764705,17
2023,0015,MISPL,PK,0,17
2023,0015,MISPL,PN,0,17
2023,0015,MISPL,QB,0,17
2023,0015,MISPL,RB,0,17
2023,0015,MISPL,S,0,17
2023,0015,MISPL,TE,0,17
2023,0015,MISPL,UNMAPPED,0,17
2023,0015,MISPL,WR,0,17
2023,0016,ACT,CB,3.1176470588235294,17
2023,0016,ACT,DE,5.0588235294117645,17
2023,0016,ACT,DT,4.411764705882353,17
2023,0016,ACT,LB,4,17
2023,0016,ACT,PK,1.0588235294117647,17
2023,0016,ACT,PN,1.0588235294117647,17
2023,0016,ACT,QB,3.235294117647059,17
2023,0016,ACT,RB,4.588235294117647,17
2023,0016,ACT,S,3.411764705882353,17
2023,0016,ACT,TE,3.5294117647058822,17
2023,0016,ACT,UNMAPPED,0,17
2023,0016,ACT,WR,6.352941176470588,17
2023,0016,INA,CB,0.5294117647058824,17
2023,0016,INA,DE,0.29411764705882354,17
2023,0016,INA,DT,0.47058823529411764,17
2023,0016,INA,LB,0.29411764705882354,17
2023,0016,INA,PK,0.058823529411764705,17
2023,0016,INA,PN,0.058823529411764705,17
2023,0016,INA,QB,0.35294117647058826,17
2023,0016,INA,RB,0.5882352941176471,17
2023,0016,INA,S,0.7647058823529411,17
2023,0016,INA,TE,0.29411764705882354,17
2023,0016,INA,UNMAPPED,0,17
2023,0016,INA,WR,1.3529411764705883,17
2023,0016,MISPL,CB,0,17
2023,0016,MISPL,DE,0,17
2023,0016,MISPL,DT,0,17
2023,0016,MISPL,LB,0,17
2023,0016,MISPL,PK,0,17
2023,0016,MISPL,PN,0,17
2023,0016,MISPL,QB,0,17
2023,0016,MISPL,RB,0,17
2023,0016,MISPL,S,0,17
2023,0016,MISPL,TE,0,17
2023,0016,MISPL,UNMAPPED,0,17
2023,0016,MISPL,WR,0.11764705882352941,17
2023,0017,ACT,CB,5,17
2023,0017,ACT,DE,5.470588235294118,17
2023,0017,ACT,DT,5.705882352941177,17
2023,0017,ACT,LB,2.3529411764705883,17
2023,0017,ACT,PK,1.588235294117647,17
2023,0017,ACT,PN,1.3529411764705883,17
2023,0017,ACT,QB,1.8823529411764706,17
2023,0017,ACT,RB,2.764705882352941,17
2023,0017,ACT,S,3.411764705882353,17
2023,0017,ACT,TE,2.2941176470588234,17
2023,0017,ACT,UNMAPPED,0,17
2023,0017,ACT,WR,5.588235294117647,17
2023,0017,INA,CB,0.5294117647058824,17
2023,0017,INA,DE,0.5882352941176471,17
2023,0017,INA,DT,0.8235294117647058,17
2023,0017,INA,LB,0.35294117647058826,17
2023,0017,INA,PK,0.11764705882352941,17
2023,0017,INA,PN,0.11764705882352941,17
2023,0017,INA,QB,0.29411764705882354,17
2023,0017,INA,RB,0.23529411764705882,17
2023,0017,INA,S,0.7058823529411765,17
2023,0017,INA,TE,0.29411764705882354,17
2023,0017,INA,UNMAPPED,0,17
2023,0017,INA,WR,0.7647058823529411,17
2023,0017,MISPL,CB,0.058823529411764705,17
2023,0017,MISPL,DE,0,17
2023,0017,MISPL,DT,0.11764705882352941,17
2023,0017,MISPL,LB,0,17
2023,0017,MISPL,PK,0,17
2023,0017,MISPL,PN,0,17
2023,0017,MISPL,QB,0.11764705882352941,17
2023,0017,MISPL,RB,0,17
2023,0017,MISPL,S,0,17
2023,0017,MISPL,TE,0,17
2023,0017,MISPL,UNMAPPED,0,17
2023,0017,MISPL,WR,0.11764705882352941,17
2023,0018,ACT,CB,3.588235294117647,17
2023,0018,ACT,DE,5.176470588235294,17
2023,0018,ACT,DT,4.294117647058823,17
2023,0018,ACT,LB,5,17
2023,0018,ACT,PK,1,17
2023,0018,ACT,PN,1,17
2023,0018,ACT,QB,1.5294117647058822,17
2023,0018,ACT,RB,3.7058823529411766,17
2023,0018,ACT,S,4.764705882352941,17
2023,0018,ACT,TE,2.0588235294117645,17
2023,0018,ACT,UNMAPPED,0,17
2023,0018,ACT,WR,6.882352941176471,17
2023,0018,INA,CB,1.411764705882353,17
2023,0018,INA,DE,0.35294117647058826,17
2023,0018,INA,DT,0.4117647058823529,17
2023,0018,INA,LB,0.35294117647058826,17
2023,0018,INA,PK,0,17
2023,0018,INA,PN,0.058823529411764705,17
2023,0018,INA,QB,0.11764705882352941,17
2023,0018,INA,RB,0.6470588235294118,17
2023,0018,INA,S,1,17
2023,0018,INA,TE,0.29411764705882354,17
2023,0018,INA,UNMAPPED,0,17
2023,0018,INA,WR,1.2352941176470589,17
2023,0018,MISPL,CB,0,17
2023,0018,MISPL,DE,0,17
2023,0018,MISPL,DT,0,17
2023,0018,MISPL,LB,0,17
2023,0018,MISPL,PK,0,17
2023,0018,MISPL,PN,0,17
2023,0018,MISPL,QB,0,17
2023,0018,MISPL,RB,0,17
2023,0018,MISPL,S,0,17
2023,0018,MISPL,TE,0,17
2023,0018,MISPL,UNMAPPED,0,17
2023,0018,MISPL,WR,0,17
2023,0019,ACT,CB,3.411764705882353,17
2023,0019,ACT,DE,4.235294117647059,17
2023,0019,ACT,DT,4.411764705882353,17
2023,0019,ACT,LB,4.470588235294118,17
2023,0019,ACT,PK,1.1176470588235294,17
2023,0019,ACT,PN,1.1764705882352942,17
2023,0019,ACT,QB,2.7058823529411766,17
2023,0019,ACT,RB,3.8823529411764706,17
2023,0019,ACT,S,3.764705882352941,17
2023,0019,ACT,TE,2.3529411764705883,17
2023,0019,ACT,UNMAPPED,0,17
2023,0019,ACT,WR,5.9411764705882355,17
2023,0019,INA,CB,0.8823529411764706,17
2023,0019,INA,DE,0.47058823529411764,17
2023,0019,INA,DT,0.6470588235294118,17
2023,0019,INA,LB,0.4117647058823529,17
2023,0019,INA,PK,0.058823529411764705,17
2023,0019,INA,PN,0.058823529411764705,17
2023,0019,INA,QB,1.411764705882353,17
2023,0019,INA,RB,0.8823529411764706,17
2023,0019,INA,S,0.6470588235294118,17
2023,0019,INA,TE,0.29411764705882354,17
2023,0019,INA,UNMAPPED,0,17
2023,0019,INA,WR,0.7058823529411765,17
2023,0019,MISPL,CB,0.11764705882352941,17
2023,0019,MISPL,DE,0.058823529411764705,17
2023,0019,MISPL,DT,0.058823529411764705,17
2023,0019,MISPL,LB,0,17
2023,0019,MISPL,PK,0.058823529411764705,17
2023,0019,MISPL,PN,0,17
2023,0019,MISPL,QB,0,17
2023,0019,MISPL,RB,0,17
2023,0019,MISPL,S,0,17
2023,0019,MISPL,TE,0,17
2023,0019,MISPL,UNMAPPED,0,17
2023,0019,MISPL,WR,0,17
2023,0020,ACT,CB,3.7058823529411766,17
2023,0020,ACT,DE,4.9411764705882355,17
2023,0020,ACT,DT,4.294117647058823,17
2023,0020,ACT,LB,3.764705882352941,17
2023,0020,ACT,PK,1,17
2023,0020,ACT,PN,1.0588235294117647,17
2023,0020,ACT,QB,3.0588235294117645,17
2023,0020,ACT,RB,3.176470588235294,17
2023,0020,ACT,S,3.2941176470588234,17
2023,0020,ACT,TE,2.588235294117647,17
2023,0020,ACT,UNMAPPED,0,17
2023,0020,ACT,WR,7.294117647058823,17
2023,0020,INA,CB,0.7647058823529411,17
2023,0020,INA,DE,1.8235294117647058,17
2023,0020,INA,DT,1.0588235294117647,17
2023,0020,INA,LB,0.23529411764705882,17
2023,0020,INA,PK,0.058823529411764705,17
2023,0020,INA,PN,0.11764705882352941,17
2023,0020,INA,QB,0.23529411764705882,17
2023,0020,INA,RB,0.23529411764705882,17
2023,0020,INA,S,0.29411764705882354,17
2023,0020,INA,TE,0.5882352941176471,17
2023,0020,INA,UNMAPPED,0,17
2023,0020,INA,WR,0.6470588235294118,17
2023,0020,MISPL,CB,0,17
2023,0020,MISPL,DE,0.058823529411764705,17
2023,0020,MISPL,DT,0.11764705882352941,17
2023,0020,MISPL,LB,0,17
2023,0020,MISPL,PK,0,17
2023,0020,MISPL,PN,0,17
2023,0020,MISPL,QB,0.058823529411764705,17
2023,0020,MISPL,RB,0,17
2023,0020,MISPL,S,0.11764705882352941,17
2023,0020,MISPL,TE,0.058823529411764705,17
2023,0020,MISPL,UNMAPPED,0,17
2023,0020,MISPL,WR,0.058823529411764705,17
2023,0021,ACT,CB,2.8823529411764706,17
2023,0021,ACT,DE,4.764705882352941,17
2023,0021,ACT,DT,4.294117647058823,17
2023,0021,ACT,LB,3.4705882352941178,17
2023,0021,ACT,PK,1.0588235294117647,17
2023,0021,ACT,PN,1.1176470588235294,17
2023,0021,ACT,QB,2.1176470588235294,17
2023,0021,ACT,RB,3.0588235294117645,17
2023,0021,ACT,S,4.176470588235294,17
2023,0021,ACT,TE,2.9411764705882355,17
2023,0021,ACT,UNMAPPED,0,17
2023,0021,ACT,WR,7.705882352941177,17
2023,0021,INA,CB,0.47058823529411764,17
2023,0021,INA,DE,0.35294117647058826,17
2023,0021,INA,DT,0.47058823529411764,17
2023,0021,INA,LB,0.6470588235294118,17
2023,0021,INA,PK,0.058823529411764705,17
2023,0021,INA,PN,0,17
2023,0021,INA,QB,0.4117647058823529,17
2023,0021,INA,RB,0.9411764705882353,17
2023,0021,INA,S,0.5882352941176471,17
2023,0021,INA,TE,0.4117647058823529,17
2023,0021,INA,UNMAPPED,0,17
2023,0021,INA,WR,0.9411764705882353,17
2023,0021,MISPL,CB,0,17
2023,0021,MISPL,DE,0,17
2023,0021,MISPL,DT,0,17
2023,0021,MISPL,LB,0,17
2023,0021,MISPL,PK,0,17
2023,0021,MISPL,PN,0,17
2023,0021,MISPL,QB,0.17647058823529413,17
2023,0021,MISPL,RB,0,17
2023,0021,MISPL,S,0,17
2023,0021,MISPL,TE,0,17
2023,0021,MISPL,UNMAPPED,0,17
2023,0021,MISPL,WR,0.17647058823529413,17
2023,0022,ACT,CB,5.411764705882353,17
2023,0022,ACT,DE,4.647058823529412,17
2023,0022,ACT,DT,4.176470588235294,17
2023,0022,ACT,LB,3.411764705882353,17
2023,0022,ACT,PK,1,17
2023,0022,ACT,PN,1.3529411764705883,17
2023,0022,ACT,QB,2.2941176470588234,17
2023,0022,ACT,RB,5.117647058823529,17
2023,0022,ACT,S,4,17
2023,0022,ACT,TE,1.8235294117647058,17
2023,0022,ACT,UNMAPPED,0,17
2023,0022,ACT,WR,4.9411764705882355,17
2023,0022,INA,CB,0.5882352941176471,17
2023,0022,INA,DE,0.35294117647058826,17
2023,0022,INA,DT,0.5882352941176471,17
2023,0022,INA,LB,0.47058823529411764,17
2023,0022,INA,PK,0.058823529411764705,17
2023,0022,INA,PN,0.11764705882352941,17
2023,0022,INA,QB,0.7058823529411765,17
2023,0022,INA,RB,1,17
2023,0022,INA,S,0.4117647058823529,17
2023,0022,INA,TE,0.29411764705882354,17
2023,0022,INA,UNMAPPED,0,17
2023,0022,INA,WR,1.7647058823529411,17
2023,0022,MISPL,CB,0,17
2023,0022,MISPL,DE,0,17
2023,0022,MISPL,DT,0,17
2023,0022,MISPL,LB,0.11764705882352941,17
2023,0022,MISPL,PK,0,17
2023,0022,MISPL,PN,0,17
2023,0022,MISPL,QB,0,17
2023,0022,MISPL,RB,0.11764705882352941,17
2023,0022,MISPL,S,0.058823529411764705,17
2023,0022,MISPL,TE,0.058823529411764705,17
2023,0022,MISPL,UNMAPPED,0,17
2023,0022,MISPL,WR,0,17
2023,0023,ACT,CB,4.411764705882353,17
2023,0023,ACT,DE,6.764705882352941,17
2023,0023,ACT,DT,4.294117647058823,17
2023,0023,ACT,LB,2.4705882352941178,17
2023,0023,ACT,PK,1,17
2023,0023,ACT,PN,1,17
2023,0023,ACT,QB,2.2941176470588234,17
2023,0023,ACT,RB,4.882352941176471,17
2023,0023,ACT,S,3.4705882352941178,17
2023,0023,ACT,TE,2.764705882352941,17
2023,0023,ACT,UNMAPPED,0,17
2023,0023,ACT,WR,5.882352941176471,17
2023,0023,INA,CB,0.5882352941176471,17
2023,0023,INA,DE,0.4117647058823529,17
2023,0023,INA,DT,1.2352941176470589,17
2023,0023,INA,LB,0.29411764705882354,17
2023,0023,INA,PK,0.058823529411764705,17
2023,0023,INA,PN,0.058823529411764705,17
2023,0023,INA,QB,0.23529411764705882,17
2023,0023,INA,RB,0.5882352941176471,17
2023,0023,INA,S,0.35294117647058826,17
2023,0023,INA,TE,0.23529411764705882,17
2023,0023,INA,UNMAPPED,0,17
2023,0023,INA,WR,0.8823529411764706,17
2023,0023,MISPL,CB,0,17
2023,0023,MISPL,DE,0.058823529411764705,17
2023,0023,MISPL,DT,0,17
2023,0023,MISPL,LB,0.23529411764705882,17
2023,0023,MISPL,PK,0,17
2023,0023,MISPL,PN,0,17
2023,0023,MISPL,QB,0,17
2023,0023,MISPL,RB,0.11764705882352941,17
2023,0023,MISPL,S,0.17647058823529413,17
2023,0023,MISPL,TE,0.058823529411764705,17
2023,0023,MISPL,UNMAPPED,0,17
2023,0023,MISPL,WR,0.058823529411764705,17
2023,0024,ACT,CB,4.0588235294117645,17
2023,0024,ACT,DE,5.9411764705882355,17
2023,0024,ACT,DT,4.647058823529412,17
2023,0024,ACT,LB,5,17
2023,0024,ACT,PK,0.9411764705882353,17
2023,0024,ACT,PN,1.2941176470588236,17
2023,0024,ACT,QB,1.7058823529411764,17
2023,0024,ACT,RB,2.1176470588235294,17
2023,0024,ACT,S,3.235294117647059,17
2023,0024,ACT,TE,1.411764705882353,17
2023,0024,ACT,UNMAPPED,0,17
2023,0024,ACT,WR,4.764705882352941,17
2023,0024,INA,CB,0.8235294117647058,17
2023,0024,INA,DE,0.6470588235294118,17
2023,0024,INA,DT,0.35294117647058826,17
2023,0024,INA,LB,0.7647058823529411,17
2023,0024,INA,PK,0.058823529411764705,17
2023,0024,INA,PN,0.11764705882352941,17
2023,0024,INA,QB,0.29411764705882354,17
2023,0024,INA,RB,0.6470588235294118,17
2023,0024,INA,S,0.4117647058823529,17
2023,0024,INA,TE,0.23529411764705882,17
2023,0024,INA,UNMAPPED,0,17
2023,0024,INA,WR,0.6470588235294118,17
2023,0024,MISPL,CB,0.11764705882352941,17
2023,0024,MISPL,DE,0.23529411764705882,17
2023,0024,MISPL,DT,0,17
2023,0024,MISPL,LB,0.47058823529411764,17
2023,0024,MISPL,PK,0,17
2023,0024,MISPL,PN,0.058823529411764705,17
2023,0024,MISPL,QB,0,17
2023,0024,MISPL,RB,0,17
2023,0024,MISPL,S,0.17647058823529413,17
2023,0024,MISPL,TE,0.17647058823529413,17
2023,0024,MISPL,UNMAPPED,0,17
2023,0024,MISPL,WR,0.17647058823529413,17
2023,0025,ACT,CB,3.7058823529411766,17
2023,0025,ACT,DE,4.470588235294118,17
2023,0025,ACT,DT,3.588235294117647,17
2023,0025,ACT,LB,3.588235294117647,17
2023,0025,ACT,PK,1.3529411764705883,17
2023,0025,ACT,PN,1.5294117647058822,17
2023,0025,ACT,QB,3.3529411764705883,17
2023,0025,ACT,RB,4.470588235294118,17
2023,0025,ACT,S,3.2941176470588234,17
2023,0025,ACT,TE,4.588235294117647,17
2023,0025,ACT,UNMAPPED,0,17
2023,0025,ACT,WR,6.0588235294117645,17
2023,0025,INA,CB,0.5882352941176471,17
2023,0025,INA,DE,0.6470588235294118,17
2023,0025,INA,DT,0.4117647058823529,17
2023,0025,INA,LB,0.4117647058823529,17
2023,0025,INA,PK,0.11764705882352941,17
2023,0025,INA,PN,0.11764705882352941,17
2023,0025,INA,QB,0.8823529411764706,17
2023,0025,INA,RB,0.5882352941176471,17
2023,0025,INA,S,0.29411764705882354,17
2023,0025,INA,TE,0.4117647058823529,17
2023,0025,INA,UNMAPPED,0,17
2023,0025,INA,WR,0.5294117647058824,17
2023,0025,MISPL,CB,0,17
2023,0025,MISPL,DE,0,17
2023,0025,MISPL,DT,0,17
2023,0025,MISPL,LB,0,17
2023,0025,MISPL,PK,0,17
2023,0025,MISPL,PN,0,17
2023,0025,MISPL,QB,0,17
2023,0025,MISPL,RB,0,17
2023,0025,MISPL,S,0,17
2023,0025,MISPL,TE,0,17
2023,0025,MISPL,UNMAPPED,0,17
2023,0025,MISPL,WR,0,17
2023,0026,ACT,CB,4.117647058823529,17
2023,0026,ACT,DE,4.352941176470588,17
2023,0026,ACT,DT,3.588235294117647,17
2023,0026,ACT,LB,5.411764705882353,17
2023,0026,ACT,PK,1.2941176470588236,17
2023,0026,ACT,PN,0.9411764705882353,17
2023,0026,ACT,QB,1.4705882352941178,17
2023,0026,ACT,RB,5.352941176470588,17
2023,0026,ACT,S,3.1176470588235294,17
2023,0026,ACT,TE,1.8235294117647058,17
2023,0026,ACT,UNMAPPED,0,17
2023,0026,ACT,WR,7.117647058823529,17
2023,0026,INA,CB,0.8823529411764706,17
2023,0026,INA,DE,0.7058823529411765,17
2023,0026,INA,DT,0.35294117647058826,17
2023,0026,INA,LB,0.5882352941176471,17
2023,0026,INA,PK,0.11764705882352941,17
2023,0026,INA,PN,0.11764705882352941,17
2023,0026,INA,QB,0.17647058823529413,17
2023,0026,INA,RB,1.0588235294117647,17
2023,0026,INA,S,0.35294117647058826,17
2023,0026,INA,TE,0.23529411764705882,17
2023,0026,INA,UNMAPPED,0,17
2023,0026,INA,WR,0.5882352941176471,17
2023,0026,MISPL,CB,0,17
2023,0026,MISPL,DE,0,17
2023,0026,MISPL,DT,0,17
2023,0026,MISPL,LB,0,17
2023,0026,MISPL,PK,0.058823529411764705,17
2023,0026,MISPL,PN,0,17
2023,0026,MISPL,QB,0,17
2023,0026,MISPL,RB,0.17647058823529413,17
2023,0026,MISPL,S,0.23529411764705882,17
2023,0026,MISPL,TE,0.058823529411764705,17
2023,0026,MISPL,UNMAPPED,0,17
2023,0026,MISPL,WR,0.058823529411764705,17
2023,0027,ACT,CB,4.764705882352941,17
2023,0027,ACT,DE,5.647058823529412,17
2023,0027,ACT,DT,4.117647058823529,17
2023,0027,ACT,LB,3.6470588235294117,17
2023,0027,ACT,PK,1.0588235294117647,17
2023,0027,ACT,PN,1,17
2023,0027,ACT,QB,2.411764705882353,17
2023,0027,ACT,RB,5,17
2023,0027,ACT,S,4.117647058823529,17
2023,0027,ACT,TE,2.2941176470588234,17
2023,0027,ACT,UNMAPPED,0,17
2023,0027,ACT,WR,5.235294117647059,17
2023,0027,INA,CB,0.7647058823529411,17
2023,0027,INA,DE,0.47058823529411764,17
2023,0027,INA,DT,0.23529411764705882,17
2023,0027,INA,LB,0.8235294117647058,17
2023,0027,INA,PK,0.058823529411764705,17
2023,0027,INA,PN,0.058823529411764705,17
2023,0027,INA,QB,0.5882352941176471,17
2023,0027,INA,RB,0.47058823529411764,17
2023,0027,INA,S,1.1764705882352942,17
2023,0027,INA,TE,0.29411764705882354,17
2023,0027,INA,UNMAPPED,0,17
2023,0027,INA,WR,0.6470588235294118,17
2023,0027,MISPL,CB,0,17
2023,0027,MISPL,DE,0.058823529411764705,17
2023,0027,MISPL,DT,0,17
2023,0027,MISPL,LB,0,17
2023,0027,MISPL,PK,0,17
2023,0027,MISPL,PN,0,17
2023,0027,MISPL,QB,0,17
2023,0027,MISPL,RB,0,17
2023,0027,MISPL,S,0,17
2023,0027,MISPL,TE,0.058823529411764705,17
2023,0027,MISPL,UNMAPPED,0,17
2023,0027,MISPL,WR,0,17
2023,0028,ACT,CB,3.2941176470588234,17
2023,0028,ACT,DE,5.588235294117647,17
2023,0028,ACT,DT,3.2941176470588234,17
2023,0028,ACT,LB,3.4705882352941178,17
2023,0028,ACT,PK,1.2352941176470589,17
2023,0028,ACT,PN,1.1176470588235294,17
2023,0028,ACT,QB,2.5294117647058822,17
2023,0028,ACT,RB,3.3529411764705883,17
2023,0028,ACT,S,4.176470588235294,17
2023,0028,ACT,TE,1.8235294117647058,17
2023,0028,ACT,UNMAPPED,0,17
2023,0028,ACT,WR,7.352941176470588,17
2023,0028,INA,CB,0.8235294117647058,17
2023,0028,INA,DE,0.8823529411764706,17
2023,0028,INA,DT,0.4117647058823529,17
2023,0028,INA,LB,0.7058823529411765,17
2023,0028,INA,PK,0.11764705882352941,17
2023,0028,INA,PN,0.058823529411764705,17
2023,0028,INA,QB,0.29411764705882354,17
2023,0028,INA,RB,0.6470588235294118,17
2023,0028,INA,S,0.6470588235294118,17
2023,0028,INA,TE,0.17647058823529413,17
2023,0028,INA,UNMAPPED,0,17
2023,0028,INA,WR,1.411764705882353,17
2023,0028,MISPL,CB,0,17
2023,0028,MISPL,DE,0.058823529411764705,17
2023,0028,MISPL,DT,0,17
2023,0028,MISPL,LB,0.058823529411764705,17
2023,0028,MISPL,PK,0,17
2023,0028,MISPL,PN,0,17
2023,0028,MISPL,QB,0,17
2023,0028,MISPL,RB,0,17
2023,0028,MISPL,S,0.058823529411764705,17
2023,0028,MISPL,TE,0,17
2023,0028,MISPL,UNMAPPED,0,17
2023,0028,MISPL,WR,0,17
2023,0029,ACT,CB,3.6470588235294117,17
2023,0029,ACT,DE,3.176470588235294,17
2023,0029,ACT,DT,2.3529411764705883,17
2023,0029,ACT,LB,4.0588235294117645,17
2023,0029,ACT,PK,1.4705882352941178,17
2023,0029,ACT,PN,1.8823529411764706,17
2023,0029,ACT,QB,2.8823529411764706,17
2023,0029,ACT,RB,3.823529411764706,17
2023,0029,ACT,S,2.235294117647059,17
2023,0029,ACT,TE,3.411764705882353,17
2023,0029,ACT,UNMAPPED,0,17
2023,0029,ACT,WR,7.117647058823529,17
2023,0029,INA,CB,1.2352941176470589,17
2023,0029,INA,DE,0.5294117647058824,17
2023,0029,INA,DT,0.23529411764705882,17
2023,0029,INA,LB,0.4117647058823529,17
2023,0029,INA,PK,0.17647058823529413,17
2023,0029,INA,PN,0.11764705882352941,17
2023,0029,INA,QB,0.35294117647058826,17
2023,0029,INA,RB,1.1764705882352942,17
2023,0029,INA,S,0.5882352941176471,17
2023,0029,INA,TE,0.5882352941176471,17
2023,0029,INA,UNMAPPED,0,17
2023,0029,INA,WR,0.8823529411764706,17
2023,0029,MISPL,CB,0,17
2023,0029,MISPL,DE,0,17
2023,0029,MISPL,DT,0.058823529411764705,17
2023,0029,MISPL,LB,0.23529411764705882,17
2023,0029,MISPL,PK,0,17
2023,0029,MISPL,PN,0,17
2023,0029,MISPL,QB,0.4117647058823529,17
2023,0029,MISPL,RB,0,17
2023,0029,MISPL,S,0.23529411764705882,17
2023,0029,MISPL,TE,0,17
2023,0029,MISPL,UNMAPPED,0,17
2023,0029,MISPL,WR,0,17
2023,0030,ACT,CB,4.411764705882353,17
2023,0030,ACT,DE,4.470588235294118,17
2023,0030,ACT,DT,4.705882352941177,17
2023,0030,ACT,LB,4.882352941176471,17
2023,0030,ACT,PK,1.9411764705882353,17
2023,0030,ACT,PN,2.1176470588235294,17
2023,0030,ACT,QB,2.235294117647059,17
2023,0030,ACT,RB,2.8823529411764706,17
2023,0030,ACT,S,4.764705882352941,17
2023,0030,ACT,TE,2.3529411764705883,17
2023,0030,ACT,UNMAPPED,0,17
2023,0030,ACT,WR,5.764705882352941,17
2023,0030,INA,CB,0.6470588235294118,17
2023,0030,INA,DE,0.6470588235294118,17
2023,0030,INA,DT,0.35294117647058826,17
2023,0030,INA,LB,0.5882352941176471,17
2023,0030,INA,PK,0.058823529411764705,17
2023,0030,INA,PN,0.11764705882352941,17
2023,0030,INA,QB,0.35294117647058826,17
2023,0030,INA,RB,0.5294117647058824,17
2023,0030,INA,S,0.47058823529411764,17
2023,0030,INA,TE,0.11764705882352941,17
2023,0030,INA,UNMAPPED,0,17
2023,0030,INA,WR,0.5294117647058824,17
2023,0030,MISPL,CB,0,17
2023,0030,MISPL,DE,0,17
2023,0030,MISPL,DT,0,17
2023,0030,MISPL,LB,0,17
2023,0030,MISPL,PK,0,17
2023,0030,MISPL,PN,0,17
2023,0030,MISPL,QB,0,17
2023,0030,MISPL,RB,0,17
2023,0030,MISPL,S,0,17
2023,0030,MISPL,TE,0,17
2023,0030,MISPL,UNMAPPED,0,17
2023,0030,MISPL,WR,0,17
2023,0031,ACT,CB,4.705882352941177,17
2023,0031,ACT,DE,3.823529411764706,17
2023,0031,ACT,DT,4.9411764705882355,17
2023,0031,ACT,LB,3.823529411764706,17
2023,0031,ACT,PK,1,17
2023,0031,ACT,PN,0.9411764705882353,17
2023,0031,ACT,QB,1.7647058823529411,17
2023,0031,ACT,RB,3.176470588235294,17
2023,0031,ACT,S,3.7058823529411766,17
2023,0031,ACT,TE,2.7058823529411766,17
2023,0031,ACT,UNMAPPED,0,17
2023,0031,ACT,WR,5,17
2023,0031,INA,CB,0.7058823529411765,17
2023,0031,INA,DE,0.47058823529411764,17
2023,0031,INA,DT,0.5882352941176471,17
2023,0031,INA,LB,0.8823529411764706,17
2023,0031,INA,PK,0,17
2023,0031,INA,PN,0.058823529411764705,17
2023,0031,INA,QB,0.35294117647058826,17
2023,0031,INA,RB,0.6470588235294118,17
2023,0031,INA,S,0.29411764705882354,17
2023,0031,INA,TE,0.29411764705882354,17
2023,0031,INA,UNMAPPED,0,17
2023,0031,INA,WR,1,17
2023,0031,MISPL,CB,0.35294117647058826,17
2023,0031,MISPL,DE,0.058823529411764705,17
2023,0031,MISPL,DT,0.058823529411764705,17
2023,0031,MISPL,LB,0.29411764705882354,17
2023,0031,MISPL,PK,0,17
2023,0031,MISPL,PN,0,17
2023,0031,MISPL,QB,0,17
2023,0031,MISPL,RB,0.29411764705882354,17
2023,0031,MISPL,S,0,17
2023,0031,MISPL,TE,0,17
2023,0031,MISPL,UNMAPPED,0,17
2023,0031,MISPL,WR,0,17
2023,0032,ACT,CB,2.4705882352941178,17
2023,0032,ACT,DE,5.176470588235294,17
2023,0032,ACT,DT,2.6470588235294117,17
2023,0032,ACT,LB,5.529411764705882,17
2023,0032,ACT,PK,1.1764705882352942,17
2023,0032,ACT,PN,1.0588235294117647,17
2023,0032,ACT,QB,2.411764705882353,17
2023,0032,ACT,RB,7.882352941176471,17
2023,0032,ACT,S,3.6470588235294117,17
2023,0032,ACT,TE,1.8235294117647058,17
2023,0032,ACT,UNMAPPED,0,17
2023,0032,ACT,WR,5.0588235294117645,17
2023,0032,INA,CB,0.058823529411764705,17
2023,0032,INA,DE,0.4117647058823529,17
2023,0032,INA,DT,0.11764705882352941,17
2023,0032,INA,LB,0.5294117647058824,17
2023,0032,INA,PK,0.058823529411764705,17
2023,0032,INA,PN,0,17
2023,0032,INA,QB,0.17647058823529413,17
2023,0032,INA,RB,2.235294117647059,17
2023,0032,INA,S,0.7647058823529411,17
2023,0032,INA,TE,0.11764705882352941,17
2023,0032,INA,UNMAPPED,0,17
2023,0032,INA,WR,0.8235294117647058,17
2023,0032,MISPL,CB,0,17
2023,0032,MISPL,DE,0,17
2023,0032,MISPL,DT,0,17
2023,0032,MISPL,LB,0.17647058823529413,17
2023,0032,MISPL,PK,0,17
2023,0032,MISPL,PN,0,17
2023,0032,MISPL,QB,0,17
2023,0032,MISPL,RB,0,17
2023,0032,MISPL,S,0.11764705882352941,17
2023,0032,MISPL,TE,0,17
2023,0032,MISPL,UNMAPPED,0,17
2023,0032,MISPL,WR,0,17
2024,0001,ACT,CB,4.9411764705882355,17
2024,0001,ACT,DE,5.352941176470588,17
2024,0001,ACT,DT,4.0588235294117645,17
2024,0001,ACT,LB,4.823529411764706,17
2024,0001,ACT,PK,1,17
2024,0001,ACT,PN,1,17
2024,0001,ACT,QB,2.3529411764705883,17
2024,0001,ACT,RB,3.9411764705882355,17
2024,0001,ACT,S,3.5294117647058822,17
2024,0001,ACT,TE,1.588235294117647,17
2024,0001,ACT,UNMAPPED,0,17
2024,0001,ACT,WR,4.764705882352941,17
2024,0001,INA,CB,0.7647058823529411,17
2024,0001,INA,DE,0.6470588235294118,17
2024,0001,INA,DT,0.35294117647058826,17
2024,0001,INA,LB,0.7058823529411765,17
2024,0001,INA,PK,0.058823529411764705,17
2024,0001,INA,PN,0.058823529411764705,17
2024,0001,INA,QB,0.35294117647058826,17
2024,0001,INA,RB,0.5882352941176471,17
2024,0001,INA,S,0.4117647058823529,17
2024,0001,INA,TE,0.5294117647058824,17
2024,0001,INA,UNMAPPED,0,17
2024,0001,INA,WR,0.6470588235294118,17
2024,0001,MISPL,CB,0,17
2024,0001,MISPL,DE,0.7647058823529411,17
2024,0001,MISPL,DT,0.23529411764705882,17
2024,0001,MISPL,LB,0.35294117647058826,17
2024,0001,MISPL,PK,0,17
2024,0001,MISPL,PN,0,17
2024,0001,MISPL,QB,0.17647058823529413,17
2024,0001,MISPL,RB,0.5294117647058824,17
2024,0001,MISPL,S,0,17
2024,0001,MISPL,TE,0.11764705882352941,17
2024,0001,MISPL,UNMAPPED,0,17
2024,0001,MISPL,WR,0.058823529411764705,17
2024,0002,ACT,CB,4.882352941176471,17
2024,0002,ACT,DE,6.294117647058823,17
2024,0002,ACT,DT,3.3529411764705883,17
2024,0002,ACT,LB,3.6470588235294117,17
2024,0002,ACT,PK,1.0588235294117647,17
2024,0002,ACT,PN,1,17
2024,0002,ACT,QB,2.1176470588235294,17
2024,0002,ACT,RB,2.9411764705882355,17
2024,0002,ACT,S,3.9411764705882355,17
2024,0002,ACT,TE,2.411764705882353,17
2024,0002,ACT,UNMAPPED,0,17
2024,0002,ACT,WR,6.0588235294117645,17
2024,0002,INA,CB,0.7058823529411765,17
2024,0002,INA,DE,0.7647058823529411,17
2024,0002,INA,DT,0.4117647058823529,17
2024,0002,INA,LB,0.5294117647058824,17
2024,0002,INA,PK,0,17
2024,0002,INA,PN,0.058823529411764705,17
2024,0002,INA,QB,0.35294117647058826,17
2024,0002,INA,RB,0.35294117647058826,17
2024,0002,INA,S,0.5882352941176471,17
2024,0002,INA,TE,0.4117647058823529,17
2024,0002,INA,UNMAPPED,0,17
2024,0002,INA,WR,1.3529411764705883,17
2024,0002,MISPL,CB,0,17
2024,0002,MISPL,DE,0,17
2024,0002,MISPL,DT,0,17
2024,0002,MISPL,LB,0,17
2024,0002,MISPL,PK,0,17
2024,0002,MISPL,PN,0,17
2024,0002,MISPL,QB,0,17
2024,0002,MISPL,RB,0.058823529411764705,17
2024,0002,MISPL,S,0,17
2024,0002,MISPL,TE,0,17
2024,0002,MISPL,UNMAPPED,0,17
2024,0002,MISPL,WR,0.17647058823529413,17
2024,0003,ACT,CB,4.176470588235294,17
2024,0003,ACT,DE,4.117647058823529,17
2024,0003,ACT,DT,4.0588235294117645,17
2024,0003,ACT,LB,4.235294117647059,17
2024,0003,ACT,PK,1.1176470588235294,17
2024,0003,ACT,PN,1.2352941176470589,17
2024,0003,ACT,QB,2.0588235294117645,17
2024,0003,ACT,RB,4,17
2024,0003,ACT,S,3.8823529411764706,17
2024,0003,ACT,TE,2.411764705882353,17
2024,0003,ACT,UNMAPPED,0,17
2024,0003,ACT,WR,6.823529411764706,17
2024,0003,INA,CB,0.4117647058823529,17
2024,0003,INA,DE,0.5882352941176471,17
2024,0003,INA,DT,1.0588235294117647,17
2024,0003,INA,LB,0.35294117647058826,17
2024,0003,INA,PK,0.11764705882352941,17
2024,0003,INA,PN,0.11764705882352941,17
2024,0003,INA,QB,0.4117647058823529,17
2024,0003,INA,RB,0.7058823529411765,17
2024,0003,INA,S,0.47058823529411764,17
2024,0003,INA,TE,0.4117647058823529,17
2024,0003,INA,UNMAPPED,0,17
2024,0003,INA,WR,0.9411764705882353,17
2024,0003,MISPL,CB,0,17
2024,0003,MISPL,DE,0,17
2024,0003,MISPL,DT,0.058823529411764705,17
2024,0003,MISPL,LB,0,17
2024,0003,MISPL,PK,0,17
2024,0003,MISPL,PN,0,17
2024,0003,MISPL,QB,0,17
2024,0003,MISPL,RB,0,17
2024,0003,MISPL,S,0.058823529411764705,17
2024,0003,MISPL,TE,0,17
2024,0003,MISPL,UNMAPPED,0,17
2024,0003,MISPL,WR,0,17
2024,0004,ACT,CB,4.294117647058823,17
2024,0004,ACT,DE,5.117647058823529,17
2024,0004,ACT,DT,4.294117647058823,17
2024,0004,ACT,LB,3,17
2024,0004,ACT,PK,1.2941176470588236,17
2024,0004,ACT,PN,1.0588235294117647,17
2024,0004,ACT,QB,3.6470588235294117,17
2024,0004,ACT,RB,2.9411764705882355,17
2024,0004,ACT,S,4.9411764705882355,17
2024,0004,ACT,TE,1.8235294117647058,17
2024,0004,ACT,UNMAPPED,0,17
2024,0004,ACT,WR,5.235294117647059,17
2024,0004,INA,CB,0.8235294117647058,17
2024,0004,INA,DE,0.47058823529411764,17
2024,0004,INA,DT,0.6470588235294118,17
2024,0004,INA,LB,0.6470588235294118,17
2024,0004,INA,PK,0.058823529411764705,17
2024,0004,INA,PN,0.058823529411764705,17
2024,0004,INA,QB,0.35294117647058826,17
2024,0004,INA,RB,0.4117647058823529,17
2024,0004,INA,S,0.8235294117647058,17
2024,0004,INA,TE,0.23529411764705882,17
2024,0004,INA,UNMAPPED,0,17
2024,0004,INA,WR,0.35294117647058826,17
2024,0004,MISPL,CB,0,17
2024,0004,MISPL,DE,0,17
2024,0004,MISPL,DT,0,17
2024,0004,MISPL,LB,0.23529411764705882,17
2024,0004,MISPL,PK,0,17
2024,0004,MISPL,PN,0,17
2024,0004,MISPL,QB,0,17
2024,0004,MISPL,RB,0,17
2024,0004,MISPL,S,0.058823529411764705,17
2024,0004,MISPL,TE,0,17
2024,0004,MISPL,UNMAPPED,0,17
2024,0004,MISPL,WR,0,17
2024,0005,ACT,CB,3.7058823529411766,17
2024,0005,ACT,DE,3.9411764705882355,17
2024,0005,ACT,DT,5.294117647058823,17
2024,0005,ACT,LB,4.705882352941177,17
2024,0005,ACT,PK,1.2352941176470589,17
2024,0005,ACT,PN,1.0588235294117647,17
2024,0005,ACT,QB,1.8823529411764706,17
2024,0005,ACT,RB,4.411764705882353,17
2024,0005,ACT,S,4.647058823529412,17
2024,0005,ACT,TE,2.235294117647059,17
2024,0005,ACT,UNMAPPED,0,17
2024,0005,ACT,WR,6.294117647058823,17
2024,0005,INA,CB,0.7647058823529411,17
2024,0005,INA,DE,0.29411764705882354,17
2024,0005,INA,DT,0.5294117647058824,17
2024,0005,INA,LB,0.6470588235294118,17
2024,0005,INA,PK,0.17647058823529413,17
2024,0005,INA,PN,0.058823529411764705,17
2024,0005,INA,QB,0.11764705882352941,17
2024,0005,INA,RB,0.5294117647058824,17
2024,0005,INA,S,0.23529411764705882,17
2024,0005,INA,TE,0.11764705882352941,17
2024,0005,INA,UNMAPPED,0,17
2024,0005,INA,WR,0.7058823529411765,17
2024,0005,MISPL,CB,0.058823529411764705,17
2024,0005,MISPL,DE,0,17
2024,0005,MISPL,DT,0,17
2024,0005,MISPL,LB,0,17
2024,0005,MISPL,PK,0,17
2024,0005,MISPL,PN,0,17
2024,0005,MISPL,QB,0,17
2024,0005,MISPL,RB,0.058823529411764705,17
2024,0005,MISPL,S,0,17
2024,0005,MISPL,TE,0.058823529411764705,17
2024,0005,MISPL,UNMAPPED,0,17
2024,0005,MISPL,WR,0,17
2024,0006,ACT,CB,2.3529411764705883,17
2024,0006,ACT,DE,3.9411764705882355,17
2024,0006,ACT,DT,3.0588235294117645,17
2024,0006,ACT,LB,3.823529411764706,17
2024,0006,ACT,PK,1.1764705882352942,17
2024,0006,ACT,PN,1,17
2024,0006,ACT,QB,2.5294117647058822,17
2024,0006,ACT,RB,3.3529411764705883,17
2024,0006,ACT,S,4.176470588235294,17
2024,0006,ACT,TE,2.823529411764706,17
2024,0006,ACT,UNMAPPED,0,17
2024,0006,ACT,WR,8.411764705882353,17
2024,0006,INA,CB,0.17647058823529413,17
2024,0006,INA,DE,0.35294117647058826,17
2024,0006,INA,DT,0.17647058823529413,17
2024,0006,INA,LB,0.5882352941176471,17
2024,0006,INA,PK,0.23529411764705882,17
2024,0006,INA,PN,0.058823529411764705,17
2024,0006,INA,QB,0.8235294117647058,17
2024,0006,INA,RB,1,17
2024,0006,INA,S,0.6470588235294118,17
2024,0006,INA,TE,0.4117647058823529,17
2024,0006,INA,UNMAPPED,0,17
2024,0006,INA,WR,0.8823529411764706,17
2024,0006,MISPL,CB,0,17
2024,0006,MISPL,DE,0.11764705882352941,17
2024,0006,MISPL,DT,0.11764705882352941,17
2024,0006,MISPL,LB,0.5294117647058824,17
2024,0006,MISPL,PK,0,17
2024,0006,MISPL,PN,0,17
2024,0006,MISPL,QB,0,17
2024,0006,MISPL,RB,0,17
2024,0006,MISPL,S,0,17
2024,0006,MISPL,TE,0.11764705882352941,17
2024,0006,MISPL,UNMAPPED,0,17
2024,0006,MISPL,WR,0.11764705882352941,17
2024,0007,ACT,CB,3.411764705882353,17
2024,0007,ACT,DE,5.411764705882353,17
2024,0007,ACT,DT,4.823529411764706,17
2024,0007,ACT,LB,4,17
2024,0007,ACT,PK,1.1176470588235294,17
2024,0007,ACT,PN,1.4705882352941178,17
2024,0007,ACT,QB,4.176470588235294,17
2024,0007,ACT,RB,2.7058823529411766,17
2024,0007,ACT,S,3.5294117647058822,17
2024,0007,ACT,TE,2.0588235294117645,17
2024,0007,ACT,UNMAPPED,0,17
2024,0007,ACT,WR,5.470588235294118,17
2024,0007,INA,CB,0.5294117647058824,17
2024,0007,INA,DE,0.7058823529411765,17
2024,0007,INA,DT,0.47058823529411764,17
2024,0007,INA,LB,0.9411764705882353,17
2024,0007,INA,PK,0.058823529411764705,17
2024,0007,INA,PN,0.17647058823529413,17
2024,0007,INA,QB,0.7058823529411765,17
2024,0007,INA,RB,1.3529411764705883,17
2024,0007,INA,S,0.7058823529411765,17
2024,0007,INA,TE,0.058823529411764705,17
2024,0007,INA,UNMAPPED,0,17
2024,0007,INA,WR,0.5294117647058824,17
2024,0007,MISPL,CB,0,17
2024,0007,MISPL,DE,0,17
2024,0007,MISPL,DT,0,17
2024,0007,MISPL,LB,0,17
2024,0007,MISPL,PK,0,17
2024,0007,MISPL,PN,0,17
2024,0007,MISPL,QB,0,17
2024,0007,MISPL,RB,0.058823529411764705,17
2024,0007,MISPL,S,0.058823529411764705,17
2024,0007,MISPL,TE,0,17
2024,0007,MISPL,UNMAPPED,0,17
2024,0007,MISPL,WR,0,17
2024,0008,ACT,CB,4.9411764705882355,17
2024,0008,ACT,DE,4.470588235294118,17
2024,0008,ACT,DT,5.235294117647059,17
2024,0008,ACT,LB,3.235294117647059,17
2024,0008,ACT,PK,1.3529411764705883,17
2024,0008,ACT,PN,1.1176470588235294,17
2024,0008,ACT,QB,1.7058823529411764,17
2024,0008,ACT,RB,2.823529411764706,17
2024,0008,ACT,S,3.588235294117647,17
2024,0008,ACT,TE,1.9411764705882353,17
2024,0008,ACT,UNMAPPED,0,17
2024,0008,ACT,WR,5.9411764705882355,17
2024,0008,INA,CB,0.7647058823529411,17
2024,0008,INA,DE,0.7647058823529411,17
2024,0008,INA,DT,0.9411764705882353,17
2024,0008,INA,LB,0.4117647058823529,17
2024,0008,INA,PK,0.058823529411764705,17
2024,0008,INA,PN,0.17647058823529413,17
2024,0008,INA,QB,0.47058823529411764,17
2024,0008,INA,RB,0.5294117647058824,17
2024,0008,INA,S,0.7647058823529411,17
2024,0008,INA,TE,0.23529411764705882,17
2024,0008,INA,UNMAPPED,0,17
2024,0008,INA,WR,1.1176470588235294,17
2024,0008,MISPL,CB,0.058823529411764705,17
2024,0008,MISPL,DE,0,17
2024,0008,MISPL,DT,0,17
2024,0008,MISPL,LB,0.11764705882352941,17
2024,0008,MISPL,PK,0,17
2024,0008,MISPL,PN,0.058823529411764705,17
2024,0008,MISPL,QB,0.058823529411764705,17
2024,0008,MISPL,RB,0.17647058823529413,17
2024,0008,MISPL,S,0.11764705882352941,17
2024,0008,MISPL,TE,0.058823529411764705,17
2024,0008,MISPL,UNMAPPED,0,17
2024,0008,MISPL,WR,0,17
2024,0009,ACT,CB,3.3529411764705883,17
2024,0009,ACT,DE,3.411764705882353,17
2024,0009,ACT,DT,2.764705882352941,17
2024,0009,ACT,LB,4.352941176470588,17
2024,0009,ACT,PK,1.4705882352941178,17
2024,0009,ACT,PN,1.1176470588235294,17
2024,0009,ACT,QB,3.9411764705882355,17
2024,0009,ACT,RB,4.176470588235294,17
2024,0009,ACT,S,3.3529411764705883,17
2024,0009,ACT,TE,1.8235294117647058,17
2024,0009,ACT,UNMAPPED,0,17
2024,0009,ACT,WR,7.529411764705882,17
2024,0009,INA,CB,0.5294117647058824,17
2024,0009,INA,DE,0.35294117647058826,17
2024,0009,INA,DT,0.17647058823529413,17
2024,0009,INA,LB,0.29411764705882354,17
2024,0009,INA,PK,0.11764705882352941,17
2024,0009,INA,PN,0,17
2024,0009,INA,QB,0.7058823529411765,17
2024,0009,INA,RB,0.5882352941176471,17
2024,0009,INA,S,0.23529411764705882,17
2024,0009,INA,TE,0.5882352941176471,17
2024,0009,INA,UNMAPPED,0,17
2024,0009,INA,WR,1.7058823529411764,17
2024,0009,MISPL,CB,0,17
2024,0009,MISPL,DE,0,17
2024,0009,MISPL,DT,0.29411764705882354,17
2024,0009,MISPL,LB,0,17
2024,0009,MISPL,PK,0,17
2024,0009,MISPL,PN,0,17
2024,0009,MISPL,QB,0,17
2024,0009,MISPL,RB,0,17
2024,0009,MISPL,S,0,17
2024,0009,MISPL,TE,0.4117647058823529,17
2024,0009,MISPL,UNMAPPED,0,17
2024,0009,MISPL,WR,0.17647058823529413,17
2024,0010,ACT,CB,3.588235294117647,17
2024,0010,ACT,DE,3.411764705882353,17
2024,0010,ACT,DT,5.294117647058823,17
2024,0010,ACT,LB,4.9411764705882355,17
2024,0010,ACT,PK,1,17
2024,0010,ACT,PN,1,17
2024,0010,ACT,QB,1.1176470588235294,17
2024,0010,ACT,RB,3.235294117647059,17
2024,0010,ACT,S,5.235294117647059,17
2024,0010,ACT,TE,2.8823529411764706,17
2024,0010,ACT,UNMAPPED,0,17
2024,0010,ACT,WR,7.588235294117647,17
2024,0010,INA,CB,0.8823529411764706,17
2024,0010,INA,DE,0.29411764705882354,17
2024,0010,INA,DT,0.7647058823529411,17
2024,0010,INA,LB,0.6470588235294118,17
2024,0010,INA,PK,0.058823529411764705,17
2024,0010,INA,PN,0.058823529411764705,17
2024,0010,INA,QB,0.058823529411764705,17
2024,0010,INA,RB,0.5882352941176471,17
2024,0010,INA,S,0.47058823529411764,17
2024,0010,INA,TE,0.29411764705882354,17
2024,0010,INA,UNMAPPED,0,17
2024,0010,INA,WR,1,17
2024,0010,MISPL,CB,0,17
2024,0010,MISPL,DE,0,17
2024,0010,MISPL,DT,0,17
2024,0010,MISPL,LB,0,17
2024,0010,MISPL,PK,0,17
2024,0010,MISPL,PN,0,17
2024,0010,MISPL,QB,0,17
2024,0010,MISPL,RB,0.11764705882352941,17
2024,0010,MISPL,S,0,17
2024,0010,MISPL,TE,0,17
2024,0010,MISPL,UNMAPPED,0,17
2024,0010,MISPL,WR,0,17
2024,0011,ACT,CB,3.2941176470588234,17
2024,0011,ACT,DE,6.176470588235294,17
2024,0011,ACT,DT,3.3529411764705883,17
2024,0011,ACT,LB,2.7058823529411766,17
2024,0011,ACT,PK,1.0588235294117647,17
2024,0011,ACT,PN,1,17
2024,0011,ACT,QB,4.0588235294117645,17
2024,0011,ACT,RB,4.882352941176471,17
2024,0011,ACT,S,3.235294117647059,17
2024,0011,ACT,TE,4,17
2024,0011,ACT,UNMAPPED,0,17
2024,0011,ACT,WR,5.9411764705882355,17
2024,0011,INA,CB,0.29411764705882354,17
2024,0011,INA,DE,0.4117647058823529,17
2024,0011,INA,DT,0.5882352941176471,17
2024,0011,INA,LB,0.4117647058823529,17
2024,0011,INA,PK,0.11764705882352941,17
2024,0011,INA,PN,0,17
2024,0011,INA,QB,0.4117647058823529,17
2024,0011,INA,RB,0.6470588235294118,17
2024,0011,INA,S,0.35294117647058826,17
2024,0011,INA,TE,0.35294117647058826,17
2024,0011,INA,UNMAPPED,0,17
2024,0011,INA,WR,1,17
2024,0011,MISPL,CB,0,17
2024,0011,MISPL,DE,0,17
2024,0011,MISPL,DT,0,17
2024,0011,MISPL,LB,0,17
2024,0011,MISPL,PK,0,17
2024,0011,MISPL,PN,0,17
2024,0011,MISPL,QB,0,17
2024,0011,MISPL,RB,0,17
2024,0011,MISPL,S,0,17
2024,0011,MISPL,TE,0,17
2024,0011,MISPL,UNMAPPED,0,17
2024,0011,MISPL,WR,0.058823529411764705,17
2024,0012,ACT,CB,2.588235294117647,17
2024,0012,ACT,DE,4.823529411764706,17
2024,0012,ACT,DT,3.764705882352941,17
2024,0012,ACT,LB,5.647058823529412,17
2024,0012,ACT,PK,1.1764705882352942,17
2024,0012,ACT,PN,1.0588235294117647,17
2024,0012,ACT,QB,2.6470588235294117,17
2024,0012,ACT,RB,5.235294117647059,17
2024,0012,ACT,S,5.588235294117647,17
2024,0012,ACT,TE,1.4705882352941178,17
2024,0012,ACT,UNMAPPED,0,17
2024,0012,ACT,WR,4.882352941176471,17
2024,0012,INA,CB,0.5882352941176471,17
2024,0012,INA,DE,0.8235294117647058,17
2024,0012,INA,DT,0.23529411764705882,17
2024,0012,INA,LB,0.6470588235294118,17
2024,0012,INA,PK,0.058823529411764705,17
2024,0012,INA,PN,0.058823529411764705,17
2024,0012,INA,QB,0.23529411764705882,17
2024,0012,INA,RB,1.2352941176470589,17
2024,0012,INA,S,0.5294117647058824,17
2024,0012,INA,TE,0.23529411764705882,17
2024,0012,INA,UNMAPPED,0,17
2024,0012,INA,WR,0.5294117647058824,17
2024,0012,MISPL,CB,0,17
2024,0012,MISPL,DE,0.058823529411764705,17
2024,0012,MISPL,DT,0,17
2024,0012,MISPL,LB,0,17
2024,0012,MISPL,PK,0,17
2024,0012,MISPL,PN,0,17
2024,0012,MISPL,QB,0,17
2024,0012,MISPL,RB,0,17
2024,0012,MISPL,S,0,17
2024,0012,MISPL,TE,0,17
2024,0012,MISPL,UNMAPPED,0,17
2024,0012,MISPL,WR,0,17
2024,0013,ACT,CB,4.176470588235294,17
2024,0013,ACT,DE,3.1176470588235294,17
2024,0013,ACT,DT,3,17
2024,0013,ACT,LB,5,17
2024,0013,ACT,PK,0.8823529411764706,17
2024,0013,ACT,PN,1,17
2024,0013,ACT,QB,2.5294117647058822,17
2024,0013,ACT,RB,2.6470588235294117,17
2024,0013,ACT,S,3.764705882352941,17
2024,0013,ACT,TE,2.6470588235294117,17
2024,0013,ACT,UNMAPPED,0,17
2024,0013,ACT,WR,6.705882352941177,17
2024,0013,INA,CB,0.5294117647058824,17
2024,0013,INA,DE,0.29411764705882354,17
2024,0013,INA,DT,0.6470588235294118,17
2024,0013,INA,LB,1,17
2024,0013,INA,PK,0,17
2024,0013,INA,PN,0,17
2024,0013,INA,QB,0.29411764705882354,17
2024,0013,INA,RB,0.35294117647058826,17
2024,0013,INA,S,1.0588235294117647,17
2024,0013,INA,TE,0.9411764705882353,17
2024,0013,INA,UNMAPPED,0,17
2024,0013,INA,WR,1.1176470588235294,17
2024,0013,MISPL,CB,0,17
2024,0013,MISPL,DE,0,17
2024,0013,MISPL,DT,0.29411764705882354,17
2024,0013,MISPL,LB,0.11764705882352941,17
2024,0013,MISPL,PK,0.11764705882352941,17
2024,0013,MISPL,PN,0,17
2024,0013,MISPL,QB,0.23529411764705882,17
2024,0013,MISPL,RB,0.5882352941176471,17
2024,0013,MISPL,S,0.8235294117647058,17
2024,0013,MISPL,TE,0,17
2024,0013,MISPL,UNMAPPED,0,17
2024,0013,MISPL,WR,0.23529411764705882,17
2024,0014,ACT,CB,3.2941176470588234,17
2024,0014,ACT,DE,4.176470588235294,17
2024,0014,ACT,DT,5.117647058823529,17
2024,0014,ACT,LB,4.294117647058823,17
2024,0014,ACT,PK,1,17
2024,0014,ACT,PN,1.588235294117647,17
2024,0014,ACT,QB,2.176470588235294,17
2024,0014,ACT,RB,4.823529411764706,17
2024,0014,ACT,S,3.411764705882353,17
2024,0014,ACT,TE,2.235294117647059,17
2024,0014,ACT,UNMAPPED,0,17
2024,0014,ACT,WR,5.470588235294118,17
2024,0014,INA,CB,0.5294117647058824,17
2024,0014,INA,DE,0.6470588235294118,17
2024,0014,INA,DT,0.9411764705882353,17
2024,0014,INA,LB,1.411764705882353,17
2024,0014,INA,PK,0.058823529411764705,17
2024,0014,INA,PN,0.11764705882352941,17
2024,0014,INA,QB,0.23529411764705882,17
2024,0014,INA,RB,0.29411764705882354,17
2024,0014,INA,S,0.5882352941176471,17
2024,0014,INA,TE,0.5294117647058824,17
2024,0014,INA,UNMAPPED,0,17
2024,0014,INA,WR,1.1176470588235294,17
2024,0014,MISPL,CB,0.11764705882352941,17
2024,0014,MISPL,DE,0.058823529411764705,17
2024,0014,MISPL,DT,0,17
2024,0014,MISPL,LB,0.058823529411764705,17
2024,0014,MISPL,PK,0,17
2024,0014,MISPL,PN,0,17
2024,0014,MISPL,QB,0,17
2024,0014,MISPL,RB,0,17
2024,0014,MISPL,S,0,17
2024,0014,MISPL,TE,0.058823529411764705,17
2024,0014,MISPL,UNMAPPED,0,17
2024,0014,MISPL,WR,0,17
2024,0015,ACT,CB,3.2941176470588234,17
2024,0015,ACT,DE,5.470588235294118,17
2024,0015,ACT,DT,4.235294117647059,17
2024,0015,ACT,LB,4.411764705882353,17
2024,0015,ACT,PK,1.8235294117647058,17
2024,0015,ACT,PN,1.2941176470588236,17
2024,0015,ACT,QB,2.1176470588235294,17
2024,0015,ACT,RB,3.823529411764706,17
2024,0015,ACT,S,4.352941176470588,17
2024,0015,ACT,TE,1.8235294117647058,17
2024,0015,ACT,UNMAPPED,0,17
2024,0015,ACT,WR,6.9411764705882355,17
2024,0015,INA,CB,0.47058823529411764,17
2024,0015,INA,DE,0.5882352941176471,17
2024,0015,INA,DT,0.4117647058823529,17
2024,0015,INA,LB,0.5882352941176471,17
2024,0015,INA,PK,0.23529411764705882,17
2024,0015,INA,PN,0.058823529411764705,17
2024,0015,INA,QB,0.11764705882352941,17
2024,0015,INA,RB,0.8823529411764706,17
2024,0015,INA,S,0.4117647058823529,17
2024,0015,INA,TE,0.058823529411764705,17
2024,0015,INA,UNMAPPED,0,17
2024,0015,INA,WR,1.2941176470588236,17
2024,0015,MISPL,CB,0.058823529411764705,17
2024,0015,MISPL,DE,0,17
2024,0015,MISPL,DT,0,17
2024,0015,MISPL,LB,0,17
2024,0015,MISPL,PK,0,17
2024,0015,MISPL,PN,0,17
2024,0015,MISPL,QB,0,17
2024,0015,MISPL,RB,0,17
2024,0015,MISPL,S,0.058823529411764705,17
2024,0015,MISPL,TE,0,17
2024,0015,MISPL,UNMAPPED,0,17
2024,0015,MISPL,WR,0.058823529411764705,17
2024,0016,ACT,CB,2.6470588235294117,17
2024,0016,ACT,DE,5.411764705882353,17
2024,0016,ACT,DT,4.0588235294117645,17
2024,0016,ACT,LB,4,17
2024,0016,ACT,PK,1,17
2024,0016,ACT,PN,1,17
2024,0016,ACT,QB,1.7058823529411764,17
2024,0016,ACT,RB,5,17
2024,0016,ACT,S,2.5294117647058822,17
2024,0016,ACT,TE,4.411764705882353,17
2024,0016,ACT,UNMAPPED,0,17
2024,0016,ACT,WR,5.764705882352941,17
2024,0016,INA,CB,0.23529411764705882,17
2024,0016,INA,DE,1.0588235294117647,17
2024,0016,INA,DT,0.8235294117647058,17
2024,0016,INA,LB,0.5882352941176471,17
2024,0016,INA,PK,0.058823529411764705,17
2024,0016,INA,PN,0,17
2024,0016,INA,QB,1.1176470588235294,17
2024,0016,INA,RB,0.8235294117647058,17
2024,0016,INA,S,0.5882352941176471,17
2024,0016,INA,TE,0.35294117647058826,17
2024,0016,INA,UNMAPPED,0,17
2024,0016,INA,WR,1.1176470588235294,17
2024,0016,MISPL,CB,0,17
2024,0016,MISPL,DE,0,17
2024,0016,MISPL,DT,0.058823529411764705,17
2024,0016,MISPL,LB,0,17
2024,0016,MISPL,PK,0,17
2024,0016,MISPL,PN,0,17
2024,0016,MISPL,QB,0,17
2024,0016,MISPL,RB,0.058823529411764705,17
2024,0016,MISPL,S,0,17
2024,0016,MISPL,TE,0,17
2024,0016,MISPL,UNMAPPED,0,17
2024,0016,MISPL,WR,0.058823529411764705,17
2024,0017,ACT,CB,3.7058823529411766,17
2024,0017,ACT,DE,5.176470588235294,17
2024,0017,ACT,DT,4.529411764705882,17
2024,0017,ACT,LB,4.529411764705882,17
2024,0017,ACT,PK,1.4705882352941178,17
2024,0017,ACT,PN,1.1764705882352942,17
2024,0017,ACT,QB,2.5294117647058822,17
2024,0017,ACT,RB,3.4705882352941178,17
2024,0017,ACT,S,4.0588235294117645,17
2024,0017,ACT,TE,1.8235294117647058,17
2024,0017,ACT,UNMAPPED,0,17
2024,0017,ACT,WR,6.588235294117647,17
2024,0017,INA,CB,0.5882352941176471,17
2024,0017,INA,DE,0.47058823529411764,17
2024,0017,INA,DT,0.47058823529411764,17
2024,0017,INA,LB,0.7647058823529411,17
2024,0017,INA,PK,0.29411764705882354,17
2024,0017,INA,PN,0.058823529411764705,17
2024,0017,INA,QB,0.35294117647058826,17
2024,0017,INA,RB,1,17
2024,0017,INA,S,0.8235294117647058,17
2024,0017,INA,TE,0.11764705882352941,17
2024,0017,INA,UNMAPPED,0,17
2024,0017,INA,WR,0.8823529411764706,17
2024,0017,MISPL,CB,0,17
2024,0017,MISPL,DE,0,17
2024,0017,MISPL,DT,0.058823529411764705,17
2024,0017,MISPL,LB,0,17
2024,0017,MISPL,PK,0,17
2024,0017,MISPL,PN,0,17
2024,0017,MISPL,QB,0,17
2024,0017,MISPL,RB,0,17
2024,0017,MISPL,S,0.058823529411764705,17
2024,0017,MISPL,TE,0,17
2024,0017,MISPL,UNMAPPED,0,17
2024,0017,MISPL,WR,0,17
2024,0018,ACT,CB,3.9411764705882355,17
2024,0018,ACT,DE,5.176470588235294,17
2024,0018,ACT,DT,4,17
2024,0018,ACT,LB,3.411764705882353,17
2024,0018,ACT,PK,1,17
2024,0018,ACT,PN,1,17
2024,0018,ACT,QB,1.7058823529411764,17
2024,0018,ACT,RB,3.9411764705882355,17
2024,0018,ACT,S,5.647058823529412,17
2024,0018,ACT,TE,2.764705882352941,17
2024,0018,ACT,UNMAPPED,0,17
2024,0018,ACT,WR,6.823529411764706,17
2024,0018,INA,CB,1,17
2024,0018,INA,DE,0.29411764705882354,17
2024,0018,INA,DT,0.7058823529411765,17
2024,0018,INA,LB,0.4117647058823529,17
2024,0018,INA,PK,0.058823529411764705,17
2024,0018,INA,PN,0.11764705882352941,17
2024,0018,INA,QB,0.29411764705882354,17
2024,0018,INA,RB,0.4117647058823529,17
2024,0018,INA,S,0.5882352941176471,17
2024,0018,INA,TE,0.17647058823529413,17
2024,0018,INA,UNMAPPED,0,17
2024,0018,INA,WR,1,17
2024,0018,MISPL,CB,0.058823529411764705,17
2024,0018,MISPL,DE,0,17
2024,0018,MISPL,DT,0,17
2024,0018,MISPL,LB,0.23529411764705882,17
2024,0018,MISPL,PK,0,17
2024,0018,MISPL,PN,0,17
2024,0018,MISPL,QB,0,17
2024,0018,MISPL,RB,0,17
2024,0018,MISPL,S,0.058823529411764705,17
2024,0018,MISPL,TE,0,17
2024,0018,MISPL,UNMAPPED,0,17
2024,0018,MISPL,WR,0.058823529411764705,17
2024,0019,ACT,CB,3.2941176470588234,17
2024,0019,ACT,DE,5.235294117647059,17
2024,0019,ACT,DT,5.176470588235294,17
2024,0019,ACT,LB,3.7058823529411766,17
2024,0019,ACT,PK,1.2941176470588236,17
2024,0019,ACT,PN,1.7647058823529411,17
2024,0019,ACT,QB,2.411764705882353,17
2024,0019,ACT,RB,4,17
2024,0019,ACT,S,3.176470588235294,17
2024,0019,ACT,TE,2.9411764705882355,17
2024,0019,ACT,UNMAPPED,0,17
2024,0019,ACT,WR,4.294117647058823,17
2024,0019,INA,CB,0.9411764705882353,17
2024,0019,INA,DE,0.8823529411764706,17
2024,0019,INA,DT,0.47058823529411764,17
2024,0019,INA,LB,1.0588235294117647,17
2024,0019,INA,PK,0.23529411764705882,17
2024,0019,INA,PN,0.11764705882352941,17
2024,0019,INA,QB,0.5882352941176471,17
2024,0019,INA,RB,0.5294117647058824,17
2024,0019,INA,S,0.23529411764705882,17
2024,0019,INA,TE,0.23529411764705882,17
2024,0019,INA,UNMAPPED,0,17
2024,0019,INA,WR,0.8823529411764706,17
2024,0019,MISPL,CB,0.11764705882352941,17
2024,0019,MISPL,DE,0.29411764705882354,17
2024,0019,MISPL,DT,0.058823529411764705,17
2024,0019,MISPL,LB,0,17
2024,0019,MISPL,PK,0,17
2024,0019,MISPL,PN,0,17
2024,0019,MISPL,QB,0,17
2024,0019,MISPL,RB,0,17
2024,0019,MISPL,S,0,17
2024,0019,MISPL,TE,0,17
2024,0019,MISPL,UNMAPPED,0,17
2024,0019,MISPL,WR,0.058823529411764705,17
2024,0020,ACT,CB,4.588235294117647,17
2024,0020,ACT,DE,4.647058823529412,17
2024,0020,ACT,DT,4.705882352941177,17
2024,0020,ACT,LB,4.411764705882353,17
2024,0020,ACT,PK,1.1764705882352942,17
2024,0020,ACT,PN,1,17
2024,0020,ACT,QB,1.5294117647058822,17
2024,0020,ACT,RB,3.7058823529411766,17
2024,0020,ACT,S,3.6470588235294117,17
2024,0020,ACT,TE,2.8823529411764706,17
2024,0020,ACT,UNMAPPED,0,17
2024,0020,ACT,WR,5.764705882352941,17
2024,0020,INA,CB,0.4117647058823529,17
2024,0020,INA,DE,1,17
2024,0020,INA,DT,0.7058823529411765,17
2024,0020,INA,LB,0.5294117647058824,17
2024,0020,INA,PK,0.058823529411764705,17
2024,0020,INA,PN,0.058823529411764705,17
2024,0020,INA,QB,0.8823529411764706,17
2024,0020,INA,RB,0.29411764705882354,17
2024,0020,INA,S,0.35294117647058826,17
2024,0020,INA,TE,0.23529411764705882,17
2024,0020,INA,UNMAPPED,0,17
2024,0020,INA,WR,0.8235294117647058,17
2024,0020,MISPL,CB,0,17
2024,0020,MISPL,DE,0.058823529411764705,17
2024,0020,MISPL,DT,0,17
2024,0020,MISPL,LB,0.11764705882352941,17
2024,0020,MISPL,PK,0,17
2024,0020,MISPL,PN,0,17
2024,0020,MISPL,QB,0.058823529411764705,17
2024,0020,MISPL,RB,0,17
2024,0020,MISPL,S,0,17
2024,0020,MISPL,TE,0,17
2024,0020,MISPL,UNMAPPED,0,17
2024,0020,MISPL,WR,0.058823529411764705,17
2024,0021,ACT,CB,2.764705882352941,17
2024,0021,ACT,DE,4.588235294117647,17
2024,0021,ACT,DT,3.764705882352941,17
2024,0021,ACT,LB,3.3529411764705883,17
2024,0021,ACT,PK,1.0588235294117647,17
2024,0021,ACT,PN,1.2941176470588236,17
2024,0021,ACT,QB,1.8823529411764706,17
2024,0021,ACT,RB,2.823529411764706,17
2024,0021,ACT,S,3.3529411764705883,17
2024,0021,ACT,TE,2.176470588235294,17
2024,0021,ACT,UNMAPPED,0,17
2024,0021,ACT,WR,7.882352941176471,17
2024,0021,INA,CB,0.29411764705882354,17
2024,0021,INA,DE,0.47058823529411764,17
2024,0021,INA,DT,0.6470588235294118,17
2024,0021,INA,LB,0.5294117647058824,17
2024,0021,INA,PK,0.058823529411764705,17
2024,0021,INA,PN,0.11764705882352941,17
2024,0021,INA,QB,0.35294117647058826,17
2024,0021,INA,RB,0.47058823529411764,17
2024,0021,INA,S,0.4117647058823529,17
2024,0021,INA,TE,0.29411764705882354,17
2024,0021,INA,UNMAPPED,0,17
2024,0021,INA,WR,0.7058823529411765,17
2024,0021,MISPL,CB,0,17
2024,0021,MISPL,DE,0.058823529411764705,17
2024,0021,MISPL,DT,0,17
2024,0021,MISPL,LB,0,17
2024,0021,MISPL,PK,0,17
2024,0021,MISPL,PN,0,17
2024,0021,MISPL,QB,0,17
2024,0021,MISPL,RB,0.11764705882352941,17
2024,0021,MISPL,S,0,17
2024,0021,MISPL,TE,0,17
2024,0021,MISPL,UNMAPPED,0,17
2024,0021,MISPL,WR,0.11764705882352941,17
2024,0022,ACT,CB,3.588235294117647,17
2024,0022,ACT,DE,4,17
2024,0022,ACT,DT,3.6470588235294117,17
2024,0022,ACT,LB,3.6470588235294117,17
2024,0022,ACT,PK,1.6470588235294117,17
2024,0022,ACT,PN,1.3529411764705883,17
2024,0022,ACT,QB,3.8823529411764706,17
2024,0022,ACT,RB,3.3529411764705883,17
2024,0022,ACT,S,3.3529411764705883,17
2024,0022,ACT,TE,2.4705882352941178,17
2024,0022,ACT,UNMAPPED,0,17
2024,0022,ACT,WR,7.0588235294117645,17
2024,0022,INA,CB,0.8235294117647058,17
2024,0022,INA,DE,0.23529411764705882,17
2024,0022,INA,DT,0.29411764705882354,17
2024,0022,INA,LB,0.7058823529411765,17
2024,0022,INA,PK,0.17647058823529413,17
2024,0022,INA,PN,0.17647058823529413,17
2024,0022,INA,QB,0.23529411764705882,17
2024,0022,INA,RB,1.1176470588235294,17
2024,0022,INA,S,0.7647058823529411,17
2024,0022,INA,TE,0.17647058823529413,17
2024,0022,INA,UNMAPPED,0,17
2024,0022,INA,WR,1,17
2024,0022,MISPL,CB,0.058823529411764705,17
2024,0022,MISPL,DE,0.11764705882352941,17
2024,0022,MISPL,DT,0.058823529411764705,17
2024,0022,MISPL,LB,0,17
2024,0022,MISPL,PK,0,17
2024,0022,MISPL,PN,0.058823529411764705,17
2024,0022,MISPL,QB,0,17
2024,0022,MISPL,RB,0,17
2024,0022,MISPL,S,0,17
2024,0022,MISPL,TE,0,17
2024,0022,MISPL,UNMAPPED,0,17
2024,0022,MISPL,WR,0.17647058823529413,17
2024,0023,ACT,CB,4,17
2024,0023,ACT,DE,4.705882352941177,17
2024,0023,ACT,DT,3,17
2024,0023,ACT,LB,3.823529411764706,17
2024,0023,ACT,PK,0.8235294117647058,17
2024,0023,ACT,PN,1,17
2024,0023,ACT,QB,2.235294117647059,17
2024,0023,ACT,RB,4.823529411764706,17
2024,0023,ACT,S,3.9411764705882355,17
2024,0023,ACT,TE,1.3529411764705883,17
2024,0023,ACT,UNMAPPED,0,17
2024,0023,ACT,WR,7.176470588235294,17
2024,0023,INA,CB,0.7647058823529411,17
2024,0023,INA,DE,0.29411764705882354,17
2024,0023,INA,DT,0.35294117647058826,17
2024,0023,INA,LB,0.7647058823529411,17
2024,0023,INA,PK,0.17647058823529413,17
2024,0023,INA,PN,0.058823529411764705,17
2024,0023,INA,QB,0.11764705882352941,17
2024,0023,INA,RB,0.7647058823529411,17
2024,0023,INA,S,0.47058823529411764,17
2024,0023,INA,TE,0.47058823529411764,17
2024,0023,INA,UNMAPPED,0,17
2024,0023,INA,WR,1.1764705882352942,17
2024,0023,MISPL,CB,0,17
2024,0023,MISPL,DE,0,17
2024,0023,MISPL,DT,0,17
2024,0023,MISPL,LB,0.11764705882352941,17
2024,0023,MISPL,PK,0.11764705882352941,17
2024,0023,MISPL,PN,0,17
2024,0023,MISPL,QB,0,17
2024,0023,MISPL,RB,0.11764705882352941,17
2024,0023,MISPL,S,0,17
2024,0023,MISPL,TE,0.17647058823529413,17
2024,0023,MISPL,UNMAPPED,0,17
2024,0023,MISPL,WR,0.058823529411764705,17
2024,0024,ACT,CB,3.764705882352941,17
2024,0024,ACT,DE,4.0588235294117645,17
2024,0024,ACT,DT,3.823529411764706,17
2024,0024,ACT,LB,3.4705882352941178,17
2024,0024,ACT,PK,1.6470588235294117,17
2024,0024,ACT,PN,1.2941176470588236,17
2024,0024,ACT,QB,1.8235294117647058,17
2024,0024,ACT,RB,2.176470588235294,17
2024,0024,ACT,S,3.2941176470588234,17
2024,0024,ACT,TE,1.8823529411764706,17
2024,0024,ACT,UNMAPPED,0,17
2024,0024,ACT,WR,6.411764705882353,17
2024,0024,INA,CB,0.7058823529411765,17
2024,0024,INA,DE,0.47058823529411764,17
2024,0024,INA,DT,0.4117647058823529,17
2024,0024,INA,LB,0.5294117647058824,17
2024,0024,INA,PK,0.11764705882352941,17
2024,0024,INA,PN,0.058823529411764705,17
2024,0024,INA,QB,0.17647058823529413,17
2024,0024,INA,RB,0.8235294117647058,17
2024,0024,INA,S,0.5294117647058824,17
2024,0024,INA,TE,0.11764705882352941,17
2024,0024,INA,UNMAPPED,0,17
2024,0024,INA,WR,1.2352941176470589,17
2024,0024,MISPL,CB,0,17
2024,0024,MISPL,DE,0,17
2024,0024,MISPL,DT,0.23529411764705882,17
2024,0024,MISPL,LB,0.29411764705882354,17
2024,0024,MISPL,PK,0,17
2024,0024,MISPL,PN,0,17
2024,0024,MISPL,QB,0,17
2024,0024,MISPL,RB,0.23529411764705882,17
2024,0024,MISPL,S,0.11764705882352941,17
2024,0024,MISPL,TE,0,17
2024,0024,MISPL,UNMAPPED,0,17
2024,0024,MISPL,WR,0.23529411764705882,17
2024,0025,ACT,CB,3.3529411764705883,17
2024,0025,ACT,DE,3.1176470588235294,17
2024,0025,ACT,DT,3.4705882352941178,17
2024,0025,ACT,LB,3.7058823529411766,17
2024,0025,ACT,PK,1.2941176470588236,17
2024,0025,ACT,PN,0.9411764705882353,17
2024,0025,ACT,QB,3.588235294117647,17
2024,0025,ACT,RB,3.764705882352941,17
2024,0025,ACT,S,4.352941176470588,17
2024,0025,ACT,TE,4.235294117647059,17
2024,0025,ACT,UNMAPPED,0,17
2024,0025,ACT,WR,5.176470588235294,17
2024,0025,INA,CB,0.35294117647058826,17
2024,0025,INA,DE,0.47058823529411764,17
2024,0025,INA,DT,0.5294117647058824,17
2024,0025,INA,LB,0.5882352941176471,17
2024,0025,INA,PK,0.058823529411764705,17
2024,0025,INA,PN,0.17647058823529413,17
2024,0025,INA,QB,0.35294117647058826,17
2024,0025,INA,RB,0.47058823529411764,17
2024,0025,INA,S,0.29411764705882354,17
2024,0025,INA,TE,0.7647058823529411,17
2024,0025,INA,UNMAPPED,0,17
2024,0025,INA,WR,0.6470588235294118,17
2024,0025,MISPL,CB,0.5882352941176471,17
2024,0025,MISPL,DE,0.7647058823529411,17
2024,0025,MISPL,DT,0,17
2024,0025,MISPL,LB,0.5882352941176471,17
2024,0025,MISPL,PK,0,17
2024,0025,MISPL,PN,0,17
2024,0025,MISPL,QB,0.4117647058823529,17
2024,0025,MISPL,RB,0.35294117647058826,17
2024,0025,MISPL,S,0,17
2024,0025,MISPL,TE,0,17
2024,0025,MISPL,UNMAPPED,0,17
2024,0025,MISPL,WR,0.5882352941176471,17
2024,0026,ACT,CB,5.117647058823529,17
2024,0026,ACT,DE,4.294117647058823,17
2024,0026,ACT,DT,4.0588235294117645,17
2024,0026,ACT,LB,3.6470588235294117,17
2024,0026,ACT,PK,1,17
2024,0026,ACT,PN,1,17
2024,0026,ACT,QB,1.8823529411764706,17
2024,0026,ACT,RB,3.6470588235294117,17
2024,0026,ACT,S,5.705882352941177,17
2024,0026,ACT,TE,3.235294117647059,17
2024,0026,ACT,UNMAPPED,0,17
2024,0026,ACT,WR,5.705882352941177,17
2024,0026,INA,CB,0.8823529411764706,17
2024,0026,INA,DE,0.5294117647058824,17
2024,0026,INA,DT,0.6470588235294118,17
2024,0026,INA,LB,0.4117647058823529,17
2024,0026,INA,PK,0.058823529411764705,17
2024,0026,INA,PN,0.058823529411764705,17
2024,0026,INA,QB,0.11764705882352941,17
2024,0026,INA,RB,0.6470588235294118,17
2024,0026,INA,S,1,17
2024,0026,INA,TE,0.17647058823529413,17
2024,0026,INA,UNMAPPED,0,17
2024,0026,INA,WR,0.5882352941176471,17
2024,0026,MISPL,CB,0,17
2024,0026,MISPL,DE,0,17
2024,0026,MISPL,DT,0,17
2024,0026,MISPL,LB,0,17
2024,0026,MISPL,PK,0,17
2024,0026,MISPL,PN,0,17
2024,0026,MISPL,QB,0,17
2024,0026,MISPL,RB,0,17
2024,0026,MISPL,S,0,17
2024,0026,MISPL,TE,0,17
2024,0026,MISPL,UNMAPPED,0,17
2024,0026,MISPL,WR,0.11764705882352941,17
2024,0027,ACT,CB,3.588235294117647,17
2024,0027,ACT,DE,3.8823529411764706,17
2024,0027,ACT,DT,3.764705882352941,17
2024,0027,ACT,LB,5.882352941176471,17
2024,0027,ACT,PK,1,17
2024,0027,ACT,PN,1.0588235294117647,17
2024,0027,ACT,QB,2.6470588235294117,17
2024,0027,ACT,RB,4.9411764705882355,17
2024,0027,ACT,S,4.176470588235294,17
2024,0027,ACT,TE,1.9411764705882353,17
2024,0027,ACT,UNMAPPED,0,17
2024,0027,ACT,WR,4.0588235294117645,17
2024,0027,INA,CB,1.0588235294117647,17
2024,0027,INA,DE,1.4705882352941178,17
2024,0027,INA,DT,0.29411764705882354,17
2024,0027,INA,LB,0.7647058823529411,17
2024,0027,INA,PK,0.058823529411764705,17
2024,0027,INA,PN,0.058823529411764705,17
2024,0027,INA,QB,0.35294117647058826,17
2024,0027,INA,RB,1.0588235294117647,17
2024,0027,INA,S,0.35294117647058826,17
2024,0027,INA,TE,0.8235294117647058,17
2024,0027,INA,UNMAPPED,0,17
2024,0027,INA,WR,0.9411764705882353,17
2024,0027,MISPL,CB,0,17
2024,0027,MISPL,DE,0,17
2024,0027,MISPL,DT,0.11764705882352941,17
2024,0027,MISPL,LB,0,17
2024,0027,MISPL,PK,0,17
2024,0027,MISPL,PN,0,17
2024,0027,MISPL,QB,0,17
2024,0027,MISPL,RB,0,17
2024,0027,MISPL,S,0,17
2024,0027,MISPL,TE,0.058823529411764705,17
2024,0027,MISPL,UNMAPPED,0,17
2024,0027,MISPL,WR,0.058823529411764705,17
2024,0028,ACT,CB,3.823529411764706,17
2024,0028,ACT,DE,5.294117647058823,17
2024,0028,ACT,DT,4.529411764705882,17
2024,0028,ACT,LB,5.823529411764706,17
2024,0028,ACT,PK,1.0588235294117647,17
2024,0028,ACT,PN,1.1764705882352942,17
2024,0028,ACT,QB,2.764705882352941,17
2024,0028,ACT,RB,3.176470588235294,17
2024,0028,ACT,S,2.9411764705882355,17
2024,0028,ACT,TE,1.4705882352941178,17
2024,0028,ACT,UNMAPPED,0,17
2024,0028,ACT,WR,5.823529411764706,17
2024,0028,INA,CB,0.6470588235294118,17
2024,0028,INA,DE,1.0588235294117647,17
2024,0028,INA,DT,0.6470588235294118,17
2024,0028,INA,LB,0.6470588235294118,17
2024,0028,INA,PK,0.058823529411764705,17
2024,0028,INA,PN,0.058823529411764705,17
2024,0028,INA,QB,0.23529411764705882,17
2024,0028,INA,RB,0.4117647058823529,17
2024,0028,INA,S,0.5882352941176471,17
2024,0028,INA,TE,0.5294117647058824,17
2024,0028,INA,UNMAPPED,0,17
2024,0028,INA,WR,0.8823529411764706,17
2024,0028,MISPL,CB,0.058823529411764705,17
2024,0028,MISPL,DE,0.11764705882352941,17
2024,0028,MISPL,DT,0.17647058823529413,17
2024,0028,MISPL,LB,0.11764705882352941,17
2024,0028,MISPL,PK,0.11764705882352941,17
2024,0028,MISPL,PN,0,17
2024,0028,MISPL,QB,0,17
2024,0028,MISPL,RB,0.058823529411764705,17
2024,0028,MISPL,S,0,17
2024,0028,MISPL,TE,0,17
2024,0028,MISPL,UNMAPPED,0,17
2024,0028,MISPL,WR,0.058823529411764705,17
2024,0029,ACT,CB,2.6470588235294117,17
2024,0029,ACT,DE,5.176470588235294,17
2024,0029,ACT,DT,3.176470588235294,17
2024,0029,ACT,LB,3.176470588235294,17
2024,0029,ACT,PK,1.1764705882352942,17
2024,0029,ACT,PN,1.4705882352941178,17
2024,0029,ACT,QB,2.1176470588235294,17
2024,0029,ACT,RB,3.7058823529411766,17
2024,0029,ACT,S,4,17
2024,0029,ACT,TE,3.588235294117647,17
2024,0029,ACT,UNMAPPED,0,17
2024,0029,ACT,WR,6.823529411764706,17
2024,0029,INA,CB,0.17647058823529413,17
2024,0029,INA,DE,0.4117647058823529,17
2024,0029,INA,DT,0.23529411764705882,17
2024,0029,INA,LB,0.29411764705882354,17
2024,0029,INA,PK,0.11764705882352941,17
2024,0029,INA,PN,0.11764705882352941,17
2024,0029,INA,QB,0.058823529411764705,17
2024,0029,INA,RB,0.9411764705882353,17
2024,0029,INA,S,0.5294117647058824,17
2024,0029,INA,TE,0.5294117647058824,17
2024,0029,INA,UNMAPPED,0,17
2024,0029,INA,WR,2.235294117647059,17
2024,0029,MISPL,CB,0.058823529411764705,17
2024,0029,MISPL,DE,0.058823529411764705,17
2024,0029,MISPL,DT,0,17
2024,0029,MISPL,LB,0,17
2024,0029,MISPL,PK,0.23529411764705882,17
2024,0029,MISPL,PN,0,17
2024,0029,MISPL,QB,0,17
2024,0029,MISPL,RB,0.23529411764705882,17
2024,0029,MISPL,S,0,17
2024,0029,MISPL,TE,0.058823529411764705,17
2024,0029,MISPL,UNMAPPED,0,17
2024,0029,MISPL,WR,0,17
2024,0030,ACT,CB,5,17
2024,0030,ACT,DE,4.882352941176471,17
2024,0030,ACT,DT,4.470588235294118,17
2024,0030,ACT,LB,4.529411764705882,17
2024,0030,ACT,PK,1.5294117647058822,17
2024,0030,ACT,PN,1.7647058823529411,17
2024,0030,ACT,QB,1.7058823529411764,17
2024,0030,ACT,RB,4.117647058823529,17
2024,0030,ACT,S,4.352941176470588,17
2024,0030,ACT,TE,2.0588235294117645,17
2024,0030,ACT,UNMAPPED,0,17
2024,0030,ACT,WR,5.117647058823529,17
2024,0030,INA,CB,0.7058823529411765,17
2024,0030,INA,DE,0.35294117647058826,17
2024,0030,INA,DT,0.6470588235294118,17
2024,0030,INA,LB,0.5294117647058824,17
2024,0030,INA,PK,0.11764705882352941,17
2024,0030,INA,PN,0.058823529411764705,17
2024,0030,INA,QB,0.29411764705882354,17
2024,0030,INA,RB,0.35294117647058826,17
2024,0030,INA,S,0.7647058823529411,17
2024,0030,INA,TE,0.11764705882352941,17
2024,0030,INA,UNMAPPED,0,17
2024,0030,INA,WR,0.7058823529411765,17
2024,0030,MISPL,CB,0.058823529411764705,17
2024,0030,MISPL,DE,0.17647058823529413,17
2024,0030,MISPL,DT,0.11764705882352941,17
2024,0030,MISPL,LB,0.17647058823529413,17
2024,0030,MISPL,PK,0,17
2024,0030,MISPL,PN,0,17
2024,0030,MISPL,QB,0,17
2024,0030,MISPL,RB,0,17
2024,0030,MISPL,S,0.17647058823529413,17
2024,0030,MISPL,TE,0.058823529411764705,17
2024,0030,MISPL,UNMAPPED,0,17
2024,0030,MISPL,WR,0,17
2024,0031,ACT,CB,3.411764705882353,17
2024,0031,ACT,DE,4.294117647058823,17
2024,0031,ACT,DT,5.882352941176471,17
2024,0031,ACT,LB,4.823529411764706,17
2024,0031,ACT,PK,1,17
2024,0031,ACT,PN,1.0588235294117647,17
2024,0031,ACT,QB,2.6470588235294117,17
2024,0031,ACT,RB,3.7058823529411766,17
2024,0031,ACT,S,3.2941176470588234,17
2024,0031,ACT,TE,2.2941176470588234,17
2024,0031,ACT,UNMAPPED,0,17
2024,0031,ACT,WR,5,17
2024,0031,INA,CB,0.5882352941176471,17
2024,0031,INA,DE,0.7058823529411765,17
2024,0031,INA,DT,0.7647058823529411,17
2024,0031,INA,LB,1.1764705882352942,17
2024,0031,INA,PK,0,17
2024,0031,INA,PN,0.058823529411764705,17
2024,0031,INA,QB,0.35294117647058826,17
2024,0031,INA,RB,0.29411764705882354,17
2024,0031,INA,S,0.7647058823529411,17
2024,0031,INA,TE,0.47058823529411764,17
2024,0031,INA,UNMAPPED,0,17
2024,0031,INA,WR,0.5882352941176471,17
2024,0031,MISPL,CB,0.058823529411764705,17
2024,0031,MISPL,DE,0,17
2024,0031,MISPL,DT,0,17
2024,0031,MISPL,LB,0,17
2024,0031,MISPL,PK,0,17
2024,0031,MISPL,PN,0,17
2024,0031,MISPL,QB,0,17
2024,0031,MISPL,RB,0,17
2024,0031,MISPL,S,0.058823529411764705,17
2024,0031,MISPL,TE,0,17
2024,0031,MISPL,UNMAPPED,0,17
2024,0031,MISPL,WR,0.17647058823529413,17
2024,0032,ACT,CB,3.0588235294117645,17
2024,0032,ACT,DE,4.705882352941177,17
2024,0032,ACT,DT,3.4705882352941178,17
2024,0032,ACT,LB,4.882352941176471,17
2024,0032,ACT,PK,1.8823529411764706,17
2024,0032,ACT,PN,1.0588235294117647,17
2024,0032,ACT,QB,1.8823529411764706,17
2024,0032,ACT,RB,5.117647058823529,17
2024,0032,ACT,S,3.3529411764705883,17
2024,0032,ACT,TE,3,17
2024,0032,ACT,UNMAPPED,0,17
2024,0032,ACT,WR,5.705882352941177,17
2024,0032,INA,CB,0.23529411764705882,17
2024,0032,INA,DE,0.8823529411764706,17
2024,0032,INA,DT,1.1764705882352942,17
2024,0032,INA,LB,0.8823529411764706,17
2024,0032,INA,PK,0.11764705882352941,17
2024,0032,INA,PN,0.058823529411764705,17
2024,0032,INA,QB,0.17647058823529413,17
2024,0032,INA,RB,0.7647058823529411,17
2024,0032,INA,S,0.6470588235294118,17
2024,0032,INA,TE,0.17647058823529413,17
2024,0032,INA,UNMAPPED,0,17
2024,0032,INA,WR,1.1764705882352942,17
2024,0032,MISPL,CB,0,17
2024,0032,MISPL,DE,0.058823529411764705,17
2024,0032,MISPL,DT,0,17
2024,0032,MISPL,LB,0.23529411764705882,17
2024,0032,MISPL,PK,0,17
2024,0032,MISPL,PN,0,17
2024,0032,MISPL,QB,0,17
2024,0032,MISPL,RB,0,17
2024,0032,MISPL,S,0,17
2024,0032,MISPL,TE,0,17
2024,0032,MISPL,UNMAPPED,0,17
2024,0032,MISPL,WR,0,17
2025,0001,ACT,CB,4.117647058823529,17
2025,0001,ACT,DE,6.411764705882353,17
2025,0001,ACT,DT,4.117647058823529,17
2025,0001,ACT,LB,5,17
2025,0001,ACT,PK,1,17
2025,0001,ACT,PN,1,17
2025,0001,ACT,QB,2.5294117647058822,17
2025,0001,ACT,RB,3.823529411764706,17
2025,0001,ACT,S,3.1176470588235294,17
2025,0001,ACT,TE,2,17
2025,0001,ACT,UNMAPPED,0,17
2025,0001,ACT,WR,5.9411764705882355,17
2025,0001,INA,CB,0.5294117647058824,17
2025,0001,INA,DE,0.8823529411764706,17
2025,0001,INA,DT,0.6470588235294118,17
2025,0001,INA,LB,0.5882352941176471,17
2025,0001,INA,PK,0,17
2025,0001,INA,PN,0.058823529411764705,17
2025,0001,INA,QB,0.5294117647058824,17
2025,0001,INA,RB,0.7647058823529411,17
2025,0001,INA,S,0.29411764705882354,17
2025,0001,INA,TE,0.11764705882352941,17
2025,0001,INA,UNMAPPED,0,17
2025,0001,INA,WR,0.5882352941176471,17
2025,0001,MISPL,CB,0,17
2025,0001,MISPL,DE,0,17
2025,0001,MISPL,DT,0.058823529411764705,17
2025,0001,MISPL,LB,0.17647058823529413,17
2025,0001,MISPL,PK,0,17
2025,0001,MISPL,PN,0,17
2025,0001,MISPL,QB,0,17
2025,0001,MISPL,RB,0.23529411764705882,17
2025,0001,MISPL,S,0.17647058823529413,17
2025,0001,MISPL,TE,0,17
2025,0001,MISPL,UNMAPPED,0,17
2025,0001,MISPL,WR,0,17
2025,0002,ACT,CB,5,17
2025,0002,ACT,DE,7.705882352941177,17
2025,0002,ACT,DT,4.117647058823529,17
2025,0002,ACT,LB,3.1176470588235294,17
2025,0002,ACT,PK,1.3529411764705883,17
2025,0002,ACT,PN,1,17
2025,0002,ACT,QB,2.764705882352941,17
2025,0002,ACT,RB,3.1176470588235294,17
2025,0002,ACT,S,3.823529411764706,17
2025,0002,ACT,TE,1.7058823529411764,17
2025,0002,ACT,UNMAPPED,0,17
2025,0002,ACT,WR,5.176470588235294,17
2025,0002,INA,CB,0.8235294117647058,17
2025,0002,INA,DE,1.2941176470588236,17
2025,0002,INA,DT,0.4117647058823529,17
2025,0002,INA,LB,0.17647058823529413,17
2025,0002,INA,PK,0.058823529411764705,17
2025,0002,INA,PN,0.11764705882352941,17
2025,0002,INA,QB,0.9411764705882353,17
2025,0002,INA,RB,0.23529411764705882,17
2025,0002,INA,S,0.8823529411764706,17
2025,0002,INA,TE,0.11764705882352941,17
2025,0002,INA,UNMAPPED,0,17
2025,0002,INA,WR,0.6470588235294118,17
2025,0002,MISPL,CB,0,17
2025,0002,MISPL,DE,0,17
2025,0002,MISPL,DT,0,17
2025,0002,MISPL,LB,0,17
2025,0002,MISPL,PK,0,17
2025,0002,MISPL,PN,0,17
2025,0002,MISPL,QB,0,17
2025,0002,MISPL,RB,0,17
2025,0002,MISPL,S,0,17
2025,0002,MISPL,TE,0,17
2025,0002,MISPL,UNMAPPED,0,17
2025,0002,MISPL,WR,0,17
2025,0003,ACT,CB,4.823529411764706,17
2025,0003,ACT,DE,4.588235294117647,17
2025,0003,ACT,DT,4.647058823529412,17
2025,0003,ACT,LB,3.411764705882353,17
2025,0003,ACT,PK,1.0588235294117647,17
2025,0003,ACT,PN,1.0588235294117647,17
2025,0003,ACT,QB,2.0588235294117645,17
2025,0003,ACT,RB,5.176470588235294,17
2025,0003,ACT,S,3.823529411764706,17
2025,0003,ACT,TE,2.3529411764705883,17
2025,0003,ACT,UNMAPPED,0,17
2025,0003,ACT,WR,5.529411764705882,17
2025,0003,INA,CB,0.47058823529411764,17
2025,0003,INA,DE,0.7647058823529411,17
2025,0003,INA,DT,0.6470588235294118,17
2025,0003,INA,LB,0.29411764705882354,17
2025,0003,INA,PK,0.058823529411764705,17
2025,0003,INA,PN,0.058823529411764705,17
2025,0003,INA,QB,0.11764705882352941,17
2025,0003,INA,RB,0.4117647058823529,17
2025,0003,INA,S,0.6470588235294118,17
2025,0003,INA,TE,0.5294117647058824,17
2025,0003,INA,UNMAPPED,0,17
2025,0003,INA,WR,0.5294117647058824,17
2025,0003,MISPL,CB,0,17
2025,0003,MISPL,DE,0.058823529411764705,17
2025,0003,MISPL,DT,0,17
2025,0003,MISPL,LB,0,17
2025,0003,MISPL,PK,0,17
2025,0003,MISPL,PN,0,17
2025,0003,MISPL,QB,0,17
2025,0003,MISPL,RB,0,17
2025,0003,MISPL,S,0,17
2025,0003,MISPL,TE,0.058823529411764705,17
2025,0003,MISPL,UNMAPPED,0,17
2025,0003,MISPL,WR,0,17
2025,0004,ACT,CB,3.4705882352941178,17
2025,0004,ACT,DE,4.823529411764706,17
2025,0004,ACT,DT,4.9411764705882355,17
2025,0004,ACT,LB,4.176470588235294,17
2025,0004,ACT,PK,1.2941176470588236,17
2025,0004,ACT,PN,0.9411764705882353,17
2025,0004,ACT,QB,3.7058823529411766,17
2025,0004,ACT,RB,3.6470588235294117,17
2025,0004,ACT,S,5.588235294117647,17
2025,0004,ACT,TE,1.411764705882353,17
2025,0004,ACT,UNMAPPED,0,17
2025,0004,ACT,WR,4.529411764705882,17
2025,0004,INA,CB,0.7058823529411765,17
2025,0004,INA,DE,0.29411764705882354,17
2025,0004,INA,DT,0.5882352941176471,17
2025,0004,INA,LB,0.29411764705882354,17
2025,0004,INA,PK,0.058823529411764705,17
2025,0004,INA,PN,0.058823529411764705,17
2025,0004,INA,QB,0.47058823529411764,17
2025,0004,INA,RB,0.5294117647058824,17
2025,0004,INA,S,0.4117647058823529,17
2025,0004,INA,TE,0.47058823529411764,17
2025,0004,INA,UNMAPPED,0,17
2025,0004,INA,WR,0.5294117647058824,17
2025,0004,MISPL,CB,0,17
2025,0004,MISPL,DE,0.11764705882352941,17
2025,0004,MISPL,DT,0.058823529411764705,17
2025,0004,MISPL,LB,0,17
2025,0004,MISPL,PK,0,17
2025,0004,MISPL,PN,0,17
2025,0004,MISPL,QB,0,17
2025,0004,MISPL,RB,0,17
2025,0004,MISPL,S,0.11764705882352941,17
2025,0004,MISPL,TE,0.058823529411764705,17
2025,0004,MISPL,UNMAPPED,0,17
2025,0004,MISPL,WR,0.17647058823529413,17
2025,0005,ACT,CB,3.8823529411764706,17
2025,0005,ACT,DE,3.0588235294117645,17
2025,0005,ACT,DT,3.9411764705882355,17
2025,0005,ACT,LB,3.6470588235294117,17
2025,0005,ACT,PK,1.2352941176470589,17
2025,0005,ACT,PN,1.4705882352941178,17
2025,0005,ACT,QB,2.3529411764705883,17
2025,0005,ACT,RB,3.9411764705882355,17
2025,0005,ACT,S,4.705882352941177,17
2025,0005,ACT,TE,1.8235294117647058,17
2025,0005,ACT,UNMAPPED,0,17
2025,0005,ACT,WR,7.117647058823529,17
2025,0005,INA,CB,0.5882352941176471,17
2025,0005,INA,DE,0.5294117647058824,17
2025,0005,INA,DT,0.35294117647058826,17
2025,0005,INA,LB,0.6470588235294118,17
2025,0005,INA,PK,0,17
2025,0005,INA,PN,0.11764705882352941,17
2025,0005,INA,QB,0.17647058823529413,17
2025,0005,INA,RB,1.2941176470588236,17
2025,0005,INA,S,0.5294117647058824,17
2025,0005,INA,TE,0.17647058823529413,17
2025,0005,INA,UNMAPPED,0,17
2025,0005,INA,WR,1.7647058823529411,17
2025,0005,MISPL,CB,0.11764705882352941,17
2025,0005,MISPL,DE,0,17
2025,0005,MISPL,DT,0,17
2025,0005,MISPL,LB,0,17
2025,0005,MISPL,PK,0,17
2025,0005,MISPL,PN,0,17
2025,0005,MISPL,QB,0,17
2025,0005,MISPL,RB,0.058823529411764705,17
2025,0005,MISPL,S,0,17
2025,0005,MISPL,TE,0,17
2025,0005,MISPL,UNMAPPED,0,17
2025,0005,MISPL,WR,0,17
2025,0006,ACT,CB,2.4705882352941178,17
2025,0006,ACT,DE,4.0588235294117645,17
2025,0006,ACT,DT,4.0588235294117645,17
2025,0006,ACT,LB,3.411764705882353,17
2025,0006,ACT,PK,1.411764705882353,17
2025,0006,ACT,PN,1.0588235294117647,17
2025,0006,ACT,QB,2.764705882352941,17
2025,0006,ACT,RB,2.823529411764706,17
2025,0006,ACT,S,3.588235294117647,17
2025,0006,ACT,TE,2.5294117647058822,17
2025,0006,ACT,UNMAPPED,0,17
2025,0006,ACT,WR,7.176470588235294,17
2025,0006,INA,CB,0.5294117647058824,17
2025,0006,INA,DE,1.1764705882352942,17
2025,0006,INA,DT,0.5294117647058824,17
2025,0006,INA,LB,0.35294117647058826,17
2025,0006,INA,PK,0.058823529411764705,17
2025,0006,INA,PN,0.058823529411764705,17
2025,0006,INA,QB,0.7058823529411765,17
2025,0006,INA,RB,0.8823529411764706,17
2025,0006,INA,S,0.8235294117647058,17
2025,0006,INA,TE,0.35294117647058826,17
2025,0006,INA,UNMAPPED,0,17
2025,0006,INA,WR,1.9411764705882353,17
2025,0006,MISPL,CB,0,17
2025,0006,MISPL,DE,0.058823529411764705,17
2025,0006,MISPL,DT,0,17
2025,0006,MISPL,LB,0,17
2025,0006,MISPL,PK,0,17
2025,0006,MISPL,PN,0,17
2025,0006,MISPL,QB,0,17
2025,0006,MISPL,RB,0.058823529411764705,17
2025,0006,MISPL,S,0.11764705882352941,17
2025,0006,MISPL,TE,0.058823529411764705,17
2025,0006,MISPL,UNMAPPED,0,17
2025,0006,MISPL,WR,0.058823529411764705,17
2025,0007,ACT,CB,2.764705882352941,17
2025,0007,ACT,DE,4.705882352941177,17
2025,0007,ACT,DT,5.117647058823529,17
2025,0007,ACT,LB,6,17
2025,0007,ACT,PK,1.4705882352941178,17
2025,0007,ACT,PN,1.588235294117647,17
2025,0007,ACT,QB,2.6470588235294117,17
2025,0007,ACT,RB,2.823529411764706,17
2025,0007,ACT,S,4.176470588235294,17
2025,0007,ACT,TE,2.1176470588235294,17
2025,0007,ACT,UNMAPPED,0,17
2025,0007,ACT,WR,4.9411764705882355,17
2025,0007,INA,CB,0.35294117647058826,17
2025,0007,INA,DE,1.0588235294117647,17
2025,0007,INA,DT,0.5882352941176471,17
2025,0007,INA,LB,1.0588235294117647,17
2025,0007,INA,PK,0.23529411764705882,17
2025,0007,INA,PN,0.058823529411764705,17
2025,0007,INA,QB,0.6470588235294118,17
2025,0007,INA,RB,0.17647058823529413,17
2025,0007,INA,S,0.5294117647058824,17
2025,0007,INA,TE,0.23529411764705882,17
2025,0007,INA,UNMAPPED,0,17
2025,0007,INA,WR,0.7647058823529411,17
2025,0007,MISPL,CB,0,17
2025,0007,MISPL,DE,0.058823529411764705,17
2025,0007,MISPL,DT,0.058823529411764705,17
2025,0007,MISPL,LB,0.23529411764705882,17
2025,0007,MISPL,PK,0,17
2025,0007,MISPL,PN,0,17
2025,0007,MISPL,QB,0,17
2025,0007,MISPL,RB,0,17
2025,0007,MISPL,S,0.058823529411764705,17
2025,0007,MISPL,TE,0,17
2025,0007,MISPL,UNMAPPED,0,17
2025,0007,MISPL,WR,0,17
2025,0008,ACT,CB,3.5294117647058822,17
2025,0008,ACT,DE,4,17
2025,0008,ACT,DT,5.117647058823529,17
2025,0008,ACT,LB,4.529411764705882,17
2025,0008,ACT,PK,1.2352941176470589,17
2025,0008,ACT,PN,1.0588235294117647,17
2025,0008,ACT,QB,1.7647058823529411,17
2025,0008,ACT,RB,3.5294117647058822,17
2025,0008,ACT,S,3.6470588235294117,17
2025,0008,ACT,TE,2.176470588235294,17
2025,0008,ACT,UNMAPPED,0,17
2025,0008,ACT,WR,5,17
2025,0008,INA,CB,1.0588235294117647,17
2025,0008,INA,DE,0.35294117647058826,17
2025,0008,INA,DT,0.8823529411764706,17
2025,0008,INA,LB,0.23529411764705882,17
2025,0008,INA,PK,0.11764705882352941,17
2025,0008,INA,PN,0,17
2025,0008,INA,QB,0.4117647058823529,17
2025,0008,INA,RB,0.8823529411764706,17
2025,0008,INA,S,0.8235294117647058,17
2025,0008,INA,TE,0.29411764705882354,17
2025,0008,INA,UNMAPPED,0,17
2025,0008,INA,WR,0.6470588235294118,17
2025,0008,MISPL,CB,0.5294117647058824,17
2025,0008,MISPL,DE,0.11764705882352941,17
2025,0008,MISPL,DT,0,17
2025,0008,MISPL,LB,0,17
2025,0008,MISPL,PK,0,17
2025,0008,MISPL,PN,0.11764705882352941,17
2025,0008,MISPL,QB,0.058823529411764705,17
2025,0008,MISPL,RB,0.23529411764705882,17
2025,0008,MISPL,S,0.058823529411764705,17
2025,0008,MISPL,TE,0,17
2025,0008,MISPL,UNMAPPED,0,17
2025,0008,MISPL,WR,0.11764705882352941,17
2025,0009,ACT,CB,3.3529411764705883,17
2025,0009,ACT,DE,3.6470588235294117,17
2025,0009,ACT,DT,4.764705882352941,17
2025,0009,ACT,LB,3.823529411764706,17
2025,0009,ACT,PK,1.0588235294117647,17
2025,0009,ACT,PN,1,17
2025,0009,ACT,QB,3.4705882352941178,17
2025,0009,ACT,RB,3.588235294117647,17
2025,0009,ACT,S,3.4705882352941178,17
2025,0009,ACT,TE,3.176470588235294,17
2025,0009,ACT,UNMAPPED,0,17
2025,0009,ACT,WR,7.823529411764706,17
2025,0009,INA,CB,0.29411764705882354,17
2025,0009,INA,DE,0.35294117647058826,17
2025,0009,INA,DT,0.17647058823529413,17
2025,0009,INA,LB,0.8823529411764706,17
2025,0009,INA,PK,0,17
2025,0009,INA,PN,0,17
2025,0009,INA,QB,0.7058823529411765,17
2025,0009,INA,RB,0.8235294117647058,17
2025,0009,INA,S,0,17
2025,0009,INA,TE,0.23529411764705882,17
2025,0009,INA,UNMAPPED,0,17
2025,0009,INA,WR,0.8235294117647058,17
2025,0009,MISPL,CB,0,17
2025,0009,MISPL,DE,0,17
2025,0009,MISPL,DT,0,17
2025,0009,MISPL,LB,0.058823529411764705,17
2025,0009,MISPL,PK,0,17
2025,0009,MISPL,PN,0,17
2025,0009,MISPL,QB,0.23529411764705882,17
2025,0009,MISPL,RB,0.29411764705882354,17
2025,0009,MISPL,S,0,17
2025,0009,MISPL,TE,0.11764705882352941,17
2025,0009,MISPL,UNMAPPED,0,17
2025,0009,MISPL,WR,0.35294117647058826,17
2025,0010,ACT,CB,3.588235294117647,17
2025,0010,ACT,DE,4.294117647058823,17
2025,0010,ACT,DT,5.352941176470588,17
2025,0010,ACT,LB,3.411764705882353,17
2025,0010,ACT,PK,1,17
2025,0010,ACT,PN,1,17
2025,0010,ACT,QB,1,17
2025,0010,ACT,RB,3.235294117647059,17
2025,0010,ACT,S,5.411764705882353,17
2025,0010,ACT,TE,2.6470588235294117,17
2025,0010,ACT,UNMAPPED,0,17
2025,0010,ACT,WR,8.176470588235293,17
2025,0010,INA,CB,0.5294117647058824,17
2025,0010,INA,DE,0.47058823529411764,17
2025,0010,INA,DT,0.9411764705882353,17
2025,0010,INA,LB,0.7647058823529411,17
2025,0010,INA,PK,0.058823529411764705,17
2025,0010,INA,PN,0,17
2025,0010,INA,QB,0.11764705882352941,17
2025,0010,INA,RB,0.7058823529411765,17
2025,0010,INA,S,0.35294117647058826,17
2025,0010,INA,TE,0.35294117647058826,17
2025,0010,INA,UNMAPPED,0,17
2025,0010,INA,WR,1.1764705882352942,17
2025,0010,MISPL,CB,0,17
2025,0010,MISPL,DE,0,17
2025,0010,MISPL,DT,0,17
2025,0010,MISPL,LB,0,17
2025,0010,MISPL,PK,0,17
2025,0010,MISPL,PN,0,17
2025,0010,MISPL,QB,0,17
2025,0010,MISPL,RB,0.11764705882352941,17
2025,0010,MISPL,S,0.058823529411764705,17
2025,0010,MISPL,TE,0,17
2025,0010,MISPL,UNMAPPED,0,17
2025,0010,MISPL,WR,0,17
2025,0011,ACT,CB,2.8823529411764706,17
2025,0011,ACT,DE,5.117647058823529,17
2025,0011,ACT,DT,3.8823529411764706,17
2025,0011,ACT,LB,3.235294117647059,17
2025,0011,ACT,PK,1.3529411764705883,17
2025,0011,ACT,PN,1,17
2025,0011,ACT,QB,3.7058823529411766,17
2025,0011,ACT,RB,5.9411764705882355,17
2025,0011,ACT,S,2.823529411764706,17
2025,0011,ACT,TE,4.9411764705882355,17
2025,0011,ACT,UNMAPPED,0,17
2025,0011,ACT,WR,4.176470588235294,17
2025,0011,INA,CB,0.29411764705882354,17
2025,0011,INA,DE,1.1764705882352942,17
2025,0011,INA,DT,0.29411764705882354,17
2025,0011,INA,LB,0.29411764705882354,17
2025,0011,INA,PK,0,17
2025,0011,INA,PN,0.058823529411764705,17
2025,0011,INA,QB,0.7647058823529411,17
2025,0011,INA,RB,1,17
2025,0011,INA,S,0.23529411764705882,17
2025,0011,INA,TE,0.47058823529411764,17
2025,0011,INA,UNMAPPED,0,17
2025,0011,INA,WR,0.8823529411764706,17
2025,0011,MISPL,CB,0,17
2025,0011,MISPL,DE,0,17
2025,0011,MISPL,DT,0,17
2025,0011,MISPL,LB,0,17
2025,0011,MISPL,PK,0,17
2025,0011,MISPL,PN,0,17
2025,0011,MISPL,QB,0,17
2025,0011,MISPL,RB,0,17
2025,0011,MISPL,S,0,17
2025,0011,MISPL,TE,0,17
2025,0011,MISPL,UNMAPPED,0,17
2025,0011,MISPL,WR,0,17
2025,0012,ACT,CB,2.7058823529411766,17
2025,0012,ACT,DE,4.705882352941177,17
2025,0012,ACT,DT,2.5294117647058822,17
2025,0012,ACT,LB,3.411764705882353,17
2025,0012,ACT,PK,1,17
2025,0012,ACT,PN,1,17
2025,0012,ACT,QB,2.9411764705882355,17
2025,0012,ACT,RB,8.117647058823529,17
2025,0012,ACT,S,4.352941176470588,17
2025,0012,ACT,TE,2.176470588235294,17
2025,0012,ACT,UNMAPPED,0,17
2025,0012,ACT,WR,5.705882352941177,17
2025,0012,INA,CB,0.29411764705882354,17
2025,0012,INA,DE,0.29411764705882354,17
2025,0012,INA,DT,0.23529411764705882,17
2025,0012,INA,LB,0.5882352941176471,17
2025,0012,INA,PK,0,17
2025,0012,INA,PN,0.058823529411764705,17
2025,0012,INA,QB,0.8235294117647058,17
2025,0012,INA,RB,2.1176470588235294,17
2025,0012,INA,S,0.29411764705882354,17
2025,0012,INA,TE,0.058823529411764705,17
2025,0012,INA,UNMAPPED,0,17
2025,0012,INA,WR,1.2352941176470589,17
2025,0012,MISPL,CB,0.11764705882352941,17
2025,0012,MISPL,DE,0,17
2025,0012,MISPL,DT,0,17
2025,0012,MISPL,LB,0,17
2025,0012,MISPL,PK,0,17
2025,0012,MISPL,PN,0,17
2025,0012,MISPL,QB,0,17
2025,0012,MISPL,RB,0,17
2025,0012,MISPL,S,0,17
2025,0012,MISPL,TE,0,17
2025,0012,MISPL,UNMAPPED,0,17
2025,0012,MISPL,WR,0.11764705882352941,17
2025,0013,ACT,CB,5.411764705882353,17
2025,0013,ACT,DE,4.235294117647059,17
2025,0013,ACT,DT,3.176470588235294,17
2025,0013,ACT,LB,7,17
2025,0013,ACT,PK,0.9411764705882353,17
2025,0013,ACT,PN,1,17
2025,0013,ACT,QB,3.1176470588235294,17
2025,0013,ACT,RB,2.6470588235294117,17
2025,0013,ACT,S,3.823529411764706,17
2025,0013,ACT,TE,2.5294117647058822,17
2025,0013,ACT,UNMAPPED,0,17
2025,0013,ACT,WR,4.529411764705882,17
2025,0013,INA,CB,0.5294117647058824,17
2025,0013,INA,DE,0.6470588235294118,17
2025,0013,INA,DT,0.29411764705882354,17
2025,0013,INA,LB,0.47058823529411764,17
2025,0013,INA,PK,0.058823529411764705,17
2025,0013,INA,PN,0.058823529411764705,17
2025,0013,INA,QB,0.23529411764705882,17
2025,0013,INA,RB,0.17647058823529413,17
2025,0013,INA,S,0.7058823529411765,17
2025,0013,INA,TE,0.6470588235294118,17
2025,0013,INA,UNMAPPED,0,17
2025,0013,INA,WR,1.4705882352941178,17
2025,0013,MISPL,CB,0.058823529411764705,17
2025,0013,MISPL,DE,0.058823529411764705,17
2025,0013,MISPL,DT,0.058823529411764705,17
2025,0013,MISPL,LB,0.058823529411764705,17
2025,0013,MISPL,PK,0,17
2025,0013,MISPL,PN,0,17
2025,0013,MISPL,QB,0,17
2025,0013,MISPL,RB,0.11764705882352941,17
2025,0013,MISPL,S,0,17
2025,0013,MISPL,TE,0,17
2025,0013,MISPL,UNMAPPED,0,17
2025,0013,MISPL,WR,0,17
2025,0014,ACT,CB,3.7058823529411766,17
2025,0014,ACT,DE,5,17
2025,0014,ACT,DT,4.705882352941177,17
2025,0014,ACT,LB,2.9411764705882355,17
2025,0014,ACT,PK,1.1176470588235294,17
2025,0014,ACT,PN,1.6470588235294117,17
2025,0014,ACT,QB,2.3529411764705883,17
2025,0014,ACT,RB,3.0588235294117645,17
2025,0014,ACT,S,4.294117647058823,17
2025,0014,ACT,TE,3.0588235294117645,17
2025,0014,ACT,UNMAPPED,0,17
2025,0014,ACT,WR,5.411764705882353,17
2025,0014,INA,CB,1.2352941176470589,17
2025,0014,INA,DE,0.47058823529411764,17
2025,0014,INA,DT,0.5294117647058824,17
2025,0014,INA,LB,0.35294117647058826,17
2025,0014,INA,PK,0.17647058823529413,17
2025,0014,INA,PN,0.11764705882352941,17
2025,0014,INA,QB,0.7058823529411765,17
2025,0014,INA,RB,0.23529411764705882,17
2025,0014,INA,S,0.6470588235294118,17
2025,0014,INA,TE,0.4117647058823529,17
2025,0014,INA,UNMAPPED,0,17
2025,0014,INA,WR,1.2941176470588236,17
2025,0014,MISPL,CB,0.058823529411764705,17
2025,0014,MISPL,DE,0,17
2025,0014,MISPL,DT,0.058823529411764705,17
2025,0014,MISPL,LB,0,17
2025,0014,MISPL,PK,0,17
2025,0014,MISPL,PN,0,17
2025,0014,MISPL,QB,0,17
2025,0014,MISPL,RB,0.058823529411764705,17
2025,0014,MISPL,S,0.17647058823529413,17
2025,0014,MISPL,TE,0,17
2025,0014,MISPL,UNMAPPED,0,17
2025,0014,MISPL,WR,0.11764705882352941,17
2025,0015,ACT,CB,3.176470588235294,17
2025,0015,ACT,DE,5.647058823529412,17
2025,0015,ACT,DT,4,17
2025,0015,ACT,LB,4.0588235294117645,17
2025,0015,ACT,PK,1.0588235294117647,17
2025,0015,ACT,PN,1.0588235294117647,17
2025,0015,ACT,QB,2.5294117647058822,17
2025,0015,ACT,RB,4.352941176470588,17
2025,0015,ACT,S,4,17
2025,0015,ACT,TE,2.7058823529411766,17
2025,0015,ACT,UNMAPPED,0,17
2025,0015,ACT,WR,6.647058823529412,17
2025,0015,INA,CB,0.35294117647058826,17
2025,0015,INA,DE,0.8235294117647058,17
2025,0015,INA,DT,0.5294117647058824,17
2025,0015,INA,LB,0.5882352941176471,17
2025,0015,INA,PK,0.11764705882352941,17
2025,0015,INA,PN,0.11764705882352941,17
2025,0015,INA,QB,0.7647058823529411,17
2025,0015,INA,RB,0.5294117647058824,17
2025,0015,INA,S,0.4117647058823529,17
2025,0015,INA,TE,0.29411764705882354,17
2025,0015,INA,UNMAPPED,0,17
2025,0015,INA,WR,0.8823529411764706,17
2025,0015,MISPL,CB,0.058823529411764705,17
2025,0015,MISPL,DE,0,17
2025,0015,MISPL,DT,0,17
2025,0015,MISPL,LB,0,17
2025,0015,MISPL,PK,0,17
2025,0015,MISPL,PN,0,17
2025,0015,MISPL,QB,0,17
2025,0015,MISPL,RB,0,17
2025,0015,MISPL,S,0,17
2025,0015,MISPL,TE,0,17
2025,0015,MISPL,UNMAPPED,0,17
2025,0015,MISPL,WR,0,17
2025,0016,ACT,CB,2.823529411764706,17
2025,0016,ACT,DE,4.823529411764706,17
2025,0016,ACT,DT,3.8823529411764706,17
2025,0016,ACT,LB,3.588235294117647,17
2025,0016,ACT,PK,0.9411764705882353,17
2025,0016,ACT,PN,1,17
2025,0016,ACT,QB,1.8235294117647058,17
2025,0016,ACT,RB,3.2941176470588234,17
2025,0016,ACT,S,3,17
2025,0016,ACT,TE,2.2941176470588234,17
2025,0016,ACT,UNMAPPED,0,17
2025,0016,ACT,WR,10.058823529411764,17
2025,0016,INA,CB,0.11764705882352941,17
2025,0016,INA,DE,0.5882352941176471,17
2025,0016,INA,DT,0.5882352941176471,17
2025,0016,INA,LB,0.23529411764705882,17
2025,0016,INA,PK,0.11764705882352941,17
2025,0016,INA,PN,0,17
2025,0016,INA,QB,0.6470588235294118,17
2025,0016,INA,RB,0.29411764705882354,17
2025,0016,INA,S,0.5882352941176471,17
2025,0016,INA,TE,0.47058823529411764,17
2025,0016,INA,UNMAPPED,0,17
2025,0016,INA,WR,2.823529411764706,17
2025,0016,MISPL,CB,0.11764705882352941,17
2025,0016,MISPL,DE,0.058823529411764705,17
2025,0016,MISPL,DT,0.058823529411764705,17
2025,0016,MISPL,LB,0,17
2025,0016,MISPL,PK,0,17
2025,0016,MISPL,PN,0,17
2025,0016,MISPL,QB,0,17
2025,0016,MISPL,RB,0,17
2025,0016,MISPL,S,0,17
2025,0016,MISPL,TE,0,17
2025,0016,MISPL,UNMAPPED,0,17
2025,0016,MISPL,WR,0.23529411764705882,17
2025,0017,ACT,CB,4.0588235294117645,17
2025,0017,ACT,DE,4.9411764705882355,17
2025,0017,ACT,DT,4.411764705882353,17
2025,0017,ACT,LB,4.764705882352941,17
2025,0017,ACT,PK,1,17
2025,0017,ACT,PN,1,17
2025,0017,ACT,QB,2.6470588235294117,17
2025,0017,ACT,RB,3,17
2025,0017,ACT,S,3.8823529411764706,17
2025,0017,ACT,TE,2.2941176470588234,17
2025,0017,ACT,UNMAPPED,0,17
2025,0017,ACT,WR,5.588235294117647,17
2025,0017,INA,CB,1.5294117647058822,17
2025,0017,INA,DE,0.6470588235294118,17
2025,0017,INA,DT,0.47058823529411764,17
2025,0017,INA,LB,0.7647058823529411,17
2025,0017,INA,PK,0.058823529411764705,17
2025,0017,INA,PN,0,17
2025,0017,INA,QB,0.23529411764705882,17
2025,0017,INA,RB,1.0588235294117647,17
2025,0017,INA,S,0.5882352941176471,17
2025,0017,INA,TE,0.35294117647058826,17
2025,0017,INA,UNMAPPED,0,17
2025,0017,INA,WR,1.2352941176470589,17
2025,0017,MISPL,CB,0.058823529411764705,17
2025,0017,MISPL,DE,0.11764705882352941,17
2025,0017,MISPL,DT,0,17
2025,0017,MISPL,LB,0.058823529411764705,17
2025,0017,MISPL,PK,0,17
2025,0017,MISPL,PN,0,17
2025,0017,MISPL,QB,0,17
2025,0017,MISPL,RB,0,17
2025,0017,MISPL,S,0,17
2025,0017,MISPL,TE,0.11764705882352941,17
2025,0017,MISPL,UNMAPPED,0,17
2025,0017,MISPL,WR,0.058823529411764705,17
2025,0018,ACT,CB,4.9411764705882355,17
2025,0018,ACT,DE,4.882352941176471,17
2025,0018,ACT,DT,4.294117647058823,17
2025,0018,ACT,LB,4.411764705882353,17
2025,0018,ACT,PK,1,17
2025,0018,ACT,PN,1,17
2025,0018,ACT,QB,1.8823529411764706,17
2025,0018,ACT,RB,2.6470588235294117,17
2025,0018,ACT,S,5.764705882352941,17
2025,0018,ACT,TE,1.6470588235294117,17
2025,0018,ACT,UNMAPPED,0,17
2025,0018,ACT,WR,6,17
2025,0018,INA,CB,0.8823529411764706,17
2025,0018,INA,DE,1.2352941176470589,17
2025,0018,INA,DT,0.29411764705882354,17
2025,0018,INA,LB,0.47058823529411764,17
2025,0018,INA,PK,0.058823529411764705,17
2025,0018,INA,PN,0.058823529411764705,17
2025,0018,INA,QB,0.11764705882352941,17
2025,0018,INA,RB,1.3529411764705883,17
2025,0018,INA,S,0.7058823529411765,17
2025,0018,INA,TE,0.35294117647058826,17
2025,0018,INA,UNMAPPED,0,17
2025,0018,INA,WR,0.7647058823529411,17
2025,0018,MISPL,CB,0.11764705882352941,17
2025,0018,MISPL,DE,0,17
2025,0018,MISPL,DT,0,17
2025,0018,MISPL,LB,0,17
2025,0018,MISPL,PK,0,17
2025,0018,MISPL,PN,0,17
2025,0018,MISPL,QB,0,17
2025,0018,MISPL,RB,0,17
2025,0018,MISPL,S,0.11764705882352941,17
2025,0018,MISPL,TE,0,17
2025,0018,MISPL,UNMAPPED,0,17
2025,0018,MISPL,WR,0,17
2025,0019,ACT,CB,4.0588235294117645,17
2025,0019,ACT,DE,5.117647058823529,17
2025,0019,ACT,DT,4.882352941176471,17
2025,0019,ACT,LB,3,17
2025,0019,ACT,PK,1.8823529411764706,17
2025,0019,ACT,PN,1,17
2025,0019,ACT,QB,1.6470588235294117,17
2025,0019,ACT,RB,3.2941176470588234,17
2025,0019,ACT,S,3.6470588235294117,17
2025,0019,ACT,TE,1.7058823529411764,17
2025,0019,ACT,UNMAPPED,0,17
2025,0019,ACT,WR,7.352941176470588,17
2025,0019,INA,CB,0.23529411764705882,17
2025,0019,INA,DE,0.6470588235294118,17
2025,0019,INA,DT,0.5882352941176471,17
2025,0019,INA,LB,0.29411764705882354,17
2025,0019,INA,PK,0.17647058823529413,17
2025,0019,INA,PN,0.058823529411764705,17
2025,0019,INA,QB,0.17647058823529413,17
2025,0019,INA,RB,0.47058823529411764,17
2025,0019,INA,S,0.5882352941176471,17
2025,0019,INA,TE,0.29411764705882354,17
2025,0019,INA,UNMAPPED,0,17
2025,0019,INA,WR,1.0588235294117647,17
2025,0019,MISPL,CB,0,17
2025,0019,MISPL,DE,0.6470588235294118,17
2025,0019,MISPL,DT,0.5294117647058824,17
2025,0019,MISPL,LB,0,17
2025,0019,MISPL,PK,0,17
2025,0019,MISPL,PN,0,17
2025,0019,MISPL,QB,0.17647058823529413,17
2025,0019,MISPL,RB,0.35294117647058826,17
2025,0019,MISPL,S,0.5294117647058824,17
2025,0019,MISPL,TE,0,17
2025,0019,MISPL,UNMAPPED,0,17
2025,0019,MISPL,WR,0.4117647058823529,17
2025,0020,ACT,CB,2.588235294117647,17
2025,0020,ACT,DE,3.5294117647058822,17
2025,0020,ACT,DT,5.294117647058823,17
2025,0020,ACT,LB,4.705882352941177,17
2025,0020,ACT,PK,1,17
2025,0020,ACT,PN,1,17
2025,0020,ACT,QB,2.3529411764705883,17
2025,0020,ACT,RB,3.1176470588235294,17
2025,0020,ACT,S,5.529411764705882,17
2025,0020,ACT,TE,2.7058823529411766,17
2025,0020,ACT,UNMAPPED,0,17
2025,0020,ACT,WR,6.647058823529412,17
2025,0020,INA,CB,0.35294117647058826,17
2025,0020,INA,DE,0.7058823529411765,17
2025,0020,INA,DT,0.7058823529411765,17
2025,0020,INA,LB,0.29411764705882354,17
2025,0020,INA,PK,0.058823529411764705,17
2025,0020,INA,PN,0.058823529411764705,17
2025,0020,INA,QB,0.11764705882352941,17
2025,0020,INA,RB,0.11764705882352941,17
2025,0020,INA,S,0.6470588235294118,17
2025,0020,INA,TE,0.35294117647058826,17
2025,0020,INA,UNMAPPED,0,17
2025,0020,INA,WR,1,17
2025,0020,MISPL,CB,0.058823529411764705,17
2025,0020,MISPL,DE,0,17
2025,0020,MISPL,DT,0,17
2025,0020,MISPL,LB,0,17
2025,0020,MISPL,PK,0,17
2025,0020,MISPL,PN,0,17
2025,0020,MISPL,QB,0,17
2025,0020,MISPL,RB,0.11764705882352941,17
2025,0020,MISPL,S,0,17
2025,0020,MISPL,TE,0,17
2025,0020,MISPL,UNMAPPED,0,17
2025,0020,MISPL,WR,0,17
2025,0021,ACT,CB,2.6470588235294117,17
2025,0021,ACT,DE,4.823529411764706,17
2025,0021,ACT,DT,4.529411764705882,17
2025,0021,ACT,LB,4.176470588235294,17
2025,0021,ACT,PK,1.0588235294117647,17
2025,0021,ACT,PN,1,17
2025,0021,ACT,QB,2.9411764705882355,17
2025,0021,ACT,RB,2.8823529411764706,17
2025,0021,ACT,S,4.0588235294117645,17
2025,0021,ACT,TE,2.6470588235294117,17
2025,0021,ACT,UNMAPPED,0,17
2025,0021,ACT,WR,6.764705882352941,17
2025,0021,INA,CB,0.11764705882352941,17
2025,0021,INA,DE,0.6470588235294118,17
2025,0021,INA,DT,0.7647058823529411,17
2025,0021,INA,LB,0.6470588235294118,17
2025,0021,INA,PK,0.058823529411764705,17
2025,0021,INA,PN,0.058823529411764705,17
2025,0021,INA,QB,0.7058823529411765,17
2025,0021,INA,RB,0.11764705882352941,17
2025,0021,INA,S,0.29411764705882354,17
2025,0021,INA,TE,0.35294117647058826,17
2025,0021,INA,UNMAPPED,0,17
2025,0021,INA,WR,1.4705882352941178,17
2025,0021,MISPL,CB,0,17
2025,0021,MISPL,DE,0,17
2025,0021,MISPL,DT,0,17
2025,0021,MISPL,LB,0,17
2025,0021,MISPL,PK,0,17
2025,0021,MISPL,PN,0,17
2025,0021,MISPL,QB,0,17
2025,0021,MISPL,RB,0,17
2025,0021,MISPL,S,0.058823529411764705,17
2025,0021,MISPL,TE,0,17
2025,0021,MISPL,UNMAPPED,0,17
2025,0021,MISPL,WR,0,17
2025,0022,ACT,CB,3.6470588235294117,17
2025,0022,ACT,DE,6.470588235294118,17
2025,0022,ACT,DT,2.411764705882353,17
2025,0022,ACT,LB,4.764705882352941,17
2025,0022,ACT,PK,1.1764705882352942,17
2025,0022,ACT,PN,1.5294117647058822,17
2025,0022,ACT,QB,3.6470588235294117,17
2025,0022,ACT,RB,3,17
2025,0022,ACT,S,3.588235294117647,17
2025,0022,ACT,TE,1.6470588235294117,17
2025,0022,ACT,UNMAPPED,0,17
2025,0022,ACT,WR,7.294117647058823,17
2025,0022,INA,CB,0.7058823529411765,17
2025,0022,INA,DE,0.5294117647058824,17
2025,0022,INA,DT,0.11764705882352941,17
2025,0022,INA,LB,0.5294117647058824,17
2025,0022,INA,PK,0.4117647058823529,17
2025,0022,INA,PN,0.058823529411764705,17
2025,0022,INA,QB,0.5294117647058824,17
2025,0022,INA,RB,0.4117647058823529,17
2025,0022,INA,S,0.29411764705882354,17
2025,0022,INA,TE,0.17647058823529413,17
2025,0022,INA,UNMAPPED,0,17
2025,0022,INA,WR,1.0588235294117647,17
2025,0022,MISPL,CB,0,17
2025,0022,MISPL,DE,0,17
2025,0022,MISPL,DT,0.058823529411764705,17
2025,0022,MISPL,LB,0.11764705882352941,17
2025,0022,MISPL,PK,0,17
2025,0022,MISPL,PN,0,17
2025,0022,MISPL,QB,0,17
2025,0022,MISPL,RB,0.23529411764705882,17
2025,0022,MISPL,S,0.058823529411764705,17
2025,0022,MISPL,TE,0.17647058823529413,17
2025,0022,MISPL,UNMAPPED,0,17
2025,0022,MISPL,WR,0.35294117647058826,17
2025,0023,ACT,CB,3.5294117647058822,17
2025,0023,ACT,DE,4.764705882352941,17
2025,0023,ACT,DT,4,17
2025,0023,ACT,LB,3.7058823529411766,17
2025,0023,ACT,PK,0.8235294117647058,17
2025,0023,ACT,PN,1,17
2025,0023,ACT,QB,2.7058823529411766,17
2025,0023,ACT,RB,5.470588235294118,17
2025,0023,ACT,S,3.411764705882353,17
2025,0023,ACT,TE,2.823529411764706,17
2025,0023,ACT,UNMAPPED,0,17
2025,0023,ACT,WR,5.529411764705882,17
2025,0023,INA,CB,0.47058823529411764,17
2025,0023,INA,DE,1.1764705882352942,17
2025,0023,INA,DT,0.8823529411764706,17
2025,0023,INA,LB,0.5882352941176471,17
2025,0023,INA,PK,0.17647058823529413,17
2025,0023,INA,PN,0.058823529411764705,17
2025,0023,INA,QB,0.17647058823529413,17
2025,0023,INA,RB,1.8823529411764706,17
2025,0023,INA,S,0.35294117647058826,17
2025,0023,INA,TE,0.29411764705882354,17
2025,0023,INA,UNMAPPED,0,17
2025,0023,INA,WR,0.6470588235294118,17
2025,0023,MISPL,CB,0,17
2025,0023,MISPL,DE,0,17
2025,0023,MISPL,DT,0.058823529411764705,17
2025,0023,MISPL,LB,0,17
2025,0023,MISPL,PK,0,17
2025,0023,MISPL,PN,0,17
2025,0023,MISPL,QB,0,17
2025,0023,MISPL,RB,0.058823529411764705,17
2025,0023,MISPL,S,0.23529411764705882,17
2025,0023,MISPL,TE,0,17
2025,0023,MISPL,UNMAPPED,0,17
2025,0023,MISPL,WR,0.058823529411764705,17
2025,0024,ACT,CB,6.823529411764706,17
2025,0024,ACT,DE,5.176470588235294,17
2025,0024,ACT,DT,2.9411764705882355,17
2025,0024,ACT,LB,2.9411764705882355,17
2025,0024,ACT,PK,1,17
2025,0024,ACT,PN,1,17
2025,0024,ACT,QB,1.7058823529411764,17
2025,0024,ACT,RB,4.470588235294118,17
2025,0024,ACT,S,3.1176470588235294,17
2025,0024,ACT,TE,2.4705882352941178,17
2025,0024,ACT,UNMAPPED,0,17
2025,0024,ACT,WR,4.235294117647059,17
2025,0024,INA,CB,1.1176470588235294,17
2025,0024,INA,DE,1.1764705882352942,17
2025,0024,INA,DT,0.17647058823529413,17
2025,0024,INA,LB,0.23529411764705882,17
2025,0024,INA,PK,0.058823529411764705,17
2025,0024,INA,PN,0.058823529411764705,17
2025,0024,INA,QB,0.23529411764705882,17
2025,0024,INA,RB,0.6470588235294118,17
2025,0024,INA,S,0.5294117647058824,17
2025,0024,INA,TE,0.11764705882352941,17
2025,0024,INA,UNMAPPED,0,17
2025,0024,INA,WR,1,17
2025,0024,MISPL,CB,0.6470588235294118,17
2025,0024,MISPL,DE,0.11764705882352941,17
2025,0024,MISPL,DT,0.23529411764705882,17
2025,0024,MISPL,LB,0.11764705882352941,17
2025,0024,MISPL,PK,0,17
2025,0024,MISPL,PN,0,17
2025,0024,MISPL,QB,0,17
2025,0024,MISPL,RB,0,17
2025,0024,MISPL,S,0.058823529411764705,17
2025,0024,MISPL,TE,0.23529411764705882,17
2025,0024,MISPL,UNMAPPED,0,17
2025,0024,MISPL,WR,0.058823529411764705,17
2025,0025,ACT,CB,3.176470588235294,17
2025,0025,ACT,DE,3.823529411764706,17
2025,0025,ACT,DT,4.352941176470588,17
2025,0025,ACT,LB,4.117647058823529,17
2025,0025,ACT,PK,1.0588235294117647,17
2025,0025,ACT,PN,1,17
2025,0025,ACT,QB,2.764705882352941,17
2025,0025,ACT,RB,5.411764705882353,17
2025,0025,ACT,S,4.352941176470588,17
2025,0025,ACT,TE,2.4705882352941178,17
2025,0025,ACT,UNMAPPED,0,17
2025,0025,ACT,WR,5.117647058823529,17
2025,0025,INA,CB,0.8823529411764706,17
2025,0025,INA,DE,0.8823529411764706,17
2025,0025,INA,DT,0.4117647058823529,17
2025,0025,INA,LB,0.6470588235294118,17
2025,0025,INA,PK,0.11764705882352941,17
2025,0025,INA,PN,0,17
2025,0025,INA,QB,1.8235294117647058,17
2025,0025,INA,RB,0.47058823529411764,17
2025,0025,INA,S,0.5882352941176471,17
2025,0025,INA,TE,0.6470588235294118,17
2025,0025,INA,UNMAPPED,0,17
2025,0025,INA,WR,0.8823529411764706,17
2025,0025,MISPL,CB,0,17
2025,0025,MISPL,DE,0,17
2025,0025,MISPL,DT,0,17
2025,0025,MISPL,LB,0,17
2025,0025,MISPL,PK,0,17
2025,0025,MISPL,PN,0,17
2025,0025,MISPL,QB,0,17
2025,0025,MISPL,RB,0,17
2025,0025,MISPL,S,0,17
2025,0025,MISPL,TE,0,17
2025,0025,MISPL,UNMAPPED,0,17
2025,0025,MISPL,WR,0,17
2025,0026,ACT,CB,3.764705882352941,17
2025,0026,ACT,DE,4.9411764705882355,17
2025,0026,ACT,DT,4.235294117647059,17
2025,0026,ACT,LB,3.764705882352941,17
2025,0026,ACT,PK,1.2941176470588236,17
2025,0026,ACT,PN,1,17
2025,0026,ACT,QB,1.6470588235294117,17
2025,0026,ACT,RB,5,17
2025,0026,ACT,S,3.3529411764705883,17
2025,0026,ACT,TE,2.764705882352941,17
2025,0026,ACT,UNMAPPED,0,17
2025,0026,ACT,WR,5.352941176470588,17
2025,0026,INA,CB,0.23529411764705882,17
2025,0026,INA,DE,0.5882352941176471,17
2025,0026,INA,DT,0.29411764705882354,17
2025,0026,INA,LB,0.35294117647058826,17
2025,0026,INA,PK,0.058823529411764705,17
2025,0026,INA,PN,0.058823529411764705,17
2025,0026,INA,QB,0.35294117647058826,17
2025,0026,INA,RB,1.0588235294117647,17
2025,0026,INA,S,1.0588235294117647,17
2025,0026,INA,TE,0.23529411764705882,17
2025,0026,INA,UNMAPPED,0,17
2025,0026,INA,WR,0.7058823529411765,17
2025,0026,MISPL,CB,0,17
2025,0026,MISPL,DE,0.058823529411764705,17
2025,0026,MISPL,DT,0.11764705882352941,17
2025,0026,MISPL,LB,0.058823529411764705,17
2025,0026,MISPL,PK,0,17
2025,0026,MISPL,PN,0,17
2025,0026,MISPL,QB,0,17
2025,0026,MISPL,RB,0.23529411764705882,17
2025,0026,MISPL,S,0.17647058823529413,17
2025,0026,MISPL,TE,0,17
2025,0026,MISPL,UNMAPPED,0,17
2025,0026,MISPL,WR,0.11764705882352941,17
2025,0027,ACT,CB,3.4705882352941178,17
2025,0027,ACT,DE,4.823529411764706,17
2025,0027,ACT,DT,4.529411764705882,17
2025,0027,ACT,LB,3.4705882352941178,17
2025,0027,ACT,PK,1.0588235294117647,17
2025,0027,ACT,PN,1.1176470588235294,17
2025,0027,ACT,QB,2.9411764705882355,17
2025,0027,ACT,RB,4.529411764705882,17
2025,0027,ACT,S,3.8823529411764706,17
2025,0027,ACT,TE,2.823529411764706,17
2025,0027,ACT,UNMAPPED,0,17
2025,0027,ACT,WR,6.117647058823529,17
2025,0027,INA,CB,0.5882352941176471,17
2025,0027,INA,DE,0.5882352941176471,17
2025,0027,INA,DT,0.4117647058823529,17
2025,0027,INA,LB,0.47058823529411764,17
2025,0027,INA,PK,0.058823529411764705,17
2025,0027,INA,PN,0.058823529411764705,17
2025,0027,INA,QB,0.29411764705882354,17
2025,0027,INA,RB,0.9411764705882353,17
2025,0027,INA,S,0.6470588235294118,17
2025,0027,INA,TE,0.23529411764705882,17
2025,0027,INA,UNMAPPED,0,17
2025,0027,INA,WR,1.588235294117647,17
2025,0027,MISPL,CB,0,17
2025,0027,MISPL,DE,0,17
2025,0027,MISPL,DT,0.058823529411764705,17
2025,0027,MISPL,LB,0,17
2025,0027,MISPL,PK,0,17
2025,0027,MISPL,PN,0,17
2025,0027,MISPL,QB,0,17
2025,0027,MISPL,RB,0.11764705882352941,17
2025,0027,MISPL,S,0.17647058823529413,17
2025,0027,MISPL,TE,0,17
2025,0027,MISPL,UNMAPPED,0,17
2025,0027,MISPL,WR,0,17
2025,0028,ACT,CB,3.4705882352941178,17
2025,0028,ACT,DE,4.588235294117647,17
2025,0028,ACT,DT,5.0588235294117645,17
2025,0028,ACT,LB,4.647058823529412,17
2025,0028,ACT,PK,1.7647058823529411,17
2025,0028,ACT,PN,1,17
2025,0028,ACT,QB,2.764705882352941,17
2025,0028,ACT,RB,3.5294117647058822,17
2025,0028,ACT,S,2.764705882352941,17
2025,0028,ACT,TE,1.588235294117647,17
2025,0028,ACT,UNMAPPED,0,17
2025,0028,ACT,WR,6.529411764705882,17
2025,0028,INA,CB,0.7058823529411765,17
2025,0028,INA,DE,0.7058823529411765,17
2025,0028,INA,DT,0.9411764705882353,17
2025,0028,INA,LB,0.35294117647058826,17
2025,0028,INA,PK,0.4117647058823529,17
2025,0028,INA,PN,0.058823529411764705,17
2025,0028,INA,QB,0.8823529411764706,17
2025,0028,INA,RB,0.47058823529411764,17
2025,0028,INA,S,0.5294117647058824,17
2025,0028,INA,TE,0.11764705882352941,17
2025,0028,INA,UNMAPPED,0,17
2025,0028,INA,WR,0.8235294117647058,17
2025,0028,MISPL,CB,0.47058823529411764,17
2025,0028,MISPL,DE,0.35294117647058826,17
2025,0028,MISPL,DT,0,17
2025,0028,MISPL,LB,0,17
2025,0028,MISPL,PK,0,17
2025,0028,MISPL,PN,0,17
2025,0028,MISPL,QB,0,17
2025,0028,MISPL,RB,0,17
2025,0028,MISPL,S,0,17
2025,0028,MISPL,TE,0.058823529411764705,17
2025,0028,MISPL,UNMAPPED,0,17
2025,0028,MISPL,WR,0.23529411764705882,17
2025,0029,ACT,CB,3.235294117647059,17
2025,0029,ACT,DE,4.0588235294117645,17
2025,0029,ACT,DT,3.411764705882353,17
2025,0029,ACT,LB,4.176470588235294,17
2025,0029,ACT,PK,1.0588235294117647,17
2025,0029,ACT,PN,1,17
2025,0029,ACT,QB,3.0588235294117645,17
2025,0029,ACT,RB,4.823529411764706,17
2025,0029,ACT,S,3,17
2025,0029,ACT,TE,3.176470588235294,17
2025,0029,ACT,UNMAPPED,0,17
2025,0029,ACT,WR,6.411764705882353,17
2025,0029,INA,CB,0.35294117647058826,17
2025,0029,INA,DE,0.5882352941176471,17
2025,0029,INA,DT,0.29411764705882354,17
2025,0029,INA,LB,0.5882352941176471,17
2025,0029,INA,PK,0.058823529411764705,17
2025,0029,INA,PN,0.058823529411764705,17
2025,0029,INA,QB,1.0588235294117647,17
2025,0029,INA,RB,1.1764705882352942,17
2025,0029,INA,S,0.23529411764705882,17
2025,0029,INA,TE,0.5882352941176471,17
2025,0029,INA,UNMAPPED,0,17
2025,0029,INA,WR,0.8823529411764706,17
2025,0029,MISPL,CB,0.23529411764705882,17
2025,0029,MISPL,DE,0,17
2025,0029,MISPL,DT,0,17
2025,0029,MISPL,LB,0.23529411764705882,17
2025,0029,MISPL,PK,0,17
2025,0029,MISPL,PN,0,17
2025,0029,MISPL,QB,0,17
2025,0029,MISPL,RB,0.23529411764705882,17
2025,0029,MISPL,S,0,17
2025,0029,MISPL,TE,0,17
2025,0029,MISPL,UNMAPPED,0,17
2025,0029,MISPL,WR,0.11764705882352941,17
2025,0030,ACT,CB,5.411764705882353,17
2025,0030,ACT,DE,4.647058823529412,17
2025,0030,ACT,DT,4.823529411764706,17
2025,0030,ACT,LB,3.823529411764706,17
2025,0030,ACT,PK,1.6470588235294117,17
2025,0030,ACT,PN,1.6470588235294117,17
2025,0030,ACT,QB,2,17
2025,0030,ACT,RB,3.2941176470588234,17
2025,0030,ACT,S,4.882352941176471,17
2025,0030,ACT,TE,2.5294117647058822,17
2025,0030,ACT,UNMAPPED,0,17
2025,0030,ACT,WR,5,17
2025,0030,INA,CB,0.5882352941176471,17
2025,0030,INA,DE,0.23529411764705882,17
2025,0030,INA,DT,0.8235294117647058,17
2025,0030,INA,LB,0.23529411764705882,17
2025,0030,INA,PK,0.058823529411764705,17
2025,0030,INA,PN,0,17
2025,0030,INA,QB,0.29411764705882354,17
2025,0030,INA,RB,0.23529411764705882,17
2025,0030,INA,S,0.7647058823529411,17
2025,0030,INA,TE,0.11764705882352941,17
2025,0030,INA,UNMAPPED,0,17
2025,0030,INA,WR,0.5294117647058824,17
2025,0030,MISPL,CB,0.058823529411764705,17
2025,0030,MISPL,DE,0,17
2025,0030,MISPL,DT,0.23529411764705882,17
2025,0030,MISPL,LB,0.23529411764705882,17
2025,0030,MISPL,PK,0,17
2025,0030,MISPL,PN,0,17
2025,0030,MISPL,QB,0.058823529411764705,17
2025,0030,MISPL,RB,0.11764705882352941,17
2025,0030,MISPL,S,0,17
2025,0030,MISPL,TE,0.058823529411764705,17
2025,0030,MISPL,UNMAPPED,0,17
2025,0030,MISPL,WR,0,17
2025,0031,ACT,CB,4.294117647058823,17
2025,0031,ACT,DE,3.8823529411764706,17
2025,0031,ACT,DT,3.7058823529411766,17
2025,0031,ACT,LB,4.294117647058823,17
2025,0031,ACT,PK,1,17
2025,0031,ACT,PN,1.411764705882353,17
2025,0031,ACT,QB,1.8823529411764706,17
2025,0031,ACT,RB,3.2941176470588234,17
2025,0031,ACT,S,5.529411764705882,17
2025,0031,ACT,TE,2.764705882352941,17
2025,0031,ACT,UNMAPPED,0,17
2025,0031,ACT,WR,4.529411764705882,17
2025,0031,INA,CB,0.7058823529411765,17
2025,0031,INA,DE,0.5882352941176471,17
2025,0031,INA,DT,0.8235294117647058,17
2025,0031,INA,LB,0.8235294117647058,17
2025,0031,INA,PK,0.058823529411764705,17
2025,0031,INA,PN,0.11764705882352941,17
2025,0031,INA,QB,0.7058823529411765,17
2025,0031,INA,RB,0.7058823529411765,17
2025,0031,INA,S,0.5294117647058824,17
2025,0031,INA,TE,0.23529411764705882,17
2025,0031,INA,UNMAPPED,0,17
2025,0031,INA,WR,1.6470588235294117,17
2025,0031,MISPL,CB,0,17
2025,0031,MISPL,DE,0.23529411764705882,17
2025,0031,MISPL,DT,0,17
2025,0031,MISPL,LB,0,17
2025,0031,MISPL,PK,0,17
2025,0031,MISPL,PN,0,17
2025,0031,MISPL,QB,0,17
2025,0031,MISPL,RB,0,17
2025,0031,MISPL,S,0.058823529411764705,17
2025,0031,MISPL,TE,0,17
2025,0031,MISPL,UNMAPPED,0,17
2025,0031,MISPL,WR,0.17647058823529413,17
2025,0032,ACT,CB,2.588235294117647,17
2025,0032,ACT,DE,4.235294117647059,17
2025,0032,ACT,DT,3.3529411764705883,17
2025,0032,ACT,LB,5,17
2025,0032,ACT,PK,1.8235294117647058,17
2025,0032,ACT,PN,1.4705882352941178,17
2025,0032,ACT,QB,2.588235294117647,17
2025,0032,ACT,RB,5.647058823529412,17
2025,0032,ACT,S,3.176470588235294,17
2025,0032,ACT,TE,2.7058823529411766,17
2025,0032,ACT,UNMAPPED,0,17
2025,0032,ACT,WR,4.823529411764706,17
2025,0032,INA,CB,0.29411764705882354,17
2025,0032,INA,DE,0.4117647058823529,17
2025,0032,INA,DT,0.7647058823529411,17
2025,0032,INA,LB,1.1176470588235294,17
2025,0032,INA,PK,0.23529411764705882,17
2025,0032,INA,PN,0.11764705882352941,17
2025,0032,INA,QB,0.6470588235294118,17
2025,0032,INA,RB,0.5294117647058824,17
2025,0032,INA,S,0.4117647058823529,17
2025,0032,INA,TE,0.23529411764705882,17
2025,0032,INA,UNMAPPED,0,17
2025,0032,INA,WR,0.5294117647058824,17
2025,0032,MISPL,CB,0.11764705882352941,17
2025,0032,MISPL,DE,0.23529411764705882,17
2025,0032,MISPL,DT,0,17
2025,0032,MISPL,LB,0.35294117647058826,17
2025,0032,MISPL,PK,0,17
2025,0032,MISPL,PN,0,17
2025,0032,MISPL,QB,0.058823529411764705,17
2025,0032,MISPL,RB,0.058823529411764705,17
2025,0032,MISPL,S,0.35294117647058826,17
2025,0032,MISPL,TE,0,17
2025,0032,MISPL,UNMAPPED,0,17
2025,0032,MISPL,WR,0.11764705882352941,17
