season,team,status,adl_position,mean_players,min_players,max_players,games,teams,seasons
2021,ARI,ACT,CB,4,3,5,17,NA,NA
2021,ARI,ACT,DE,5.0588235294117645,4,6,17,NA,NA
2021,ARI,ACT,DT,5.411764705882353,4,6,17,NA,NA
2021,ARI,ACT,LB,4.764705882352941,4,5,17,NA,NA
2021,ARI,ACT,LS,1,1,1,17,NA,NA
2021,ARI,ACT,OL,8,8,8,17,NA,NA
2021,ARI,ACT,PK,1,1,1,17,NA,NA
2021,ARI,ACT,PN,1,1,1,17,NA,NA
2021,ARI,ACT,QB,2.0588235294117645,2,3,17,NA,NA
2021,ARI,ACT,RB,3.1176470588235294,3,4,17,NA,NA
2021,ARI,ACT,S,4.529411764705882,4,5,17,NA,NA
2021,ARI,ACT,TE,3,3,3,17,NA,NA
2021,ARI,ACT,UNMAPPED,0,0,0,17,NA,NA
2021,ARI,ACT,WR,5.117647058823529,5,6,17,NA,NA
2021,ARI,INA,CB,0.9411764705882353,0,3,17,NA,NA
2021,ARI,INA,DE,0.23529411764705882,0,1,17,NA,NA
2021,ARI,INA,DT,0.7058823529411765,0,2,17,NA,NA
2021,ARI,INA,LB,0.058823529411764705,0,1,17,NA,NA
2021,ARI,INA,LS,0.058823529411764705,0,1,17,NA,NA
2021,ARI,INA,OL,0.7058823529411765,0,2,17,NA,NA
2021,ARI,INA,PK,0,0,0,17,NA,NA
2021,ARI,INA,PN,0,0,0,17,NA,NA
2021,ARI,INA,QB,0.9411764705882353,0,1,17,NA,NA
2021,ARI,INA,RB,0.7647058823529411,0,1,17,NA,NA
2021,ARI,INA,S,0.17647058823529413,0,1,17,NA,NA
2021,ARI,INA,TE,0.17647058823529413,0,1,17,NA,NA
2021,ARI,INA,UNMAPPED,0,0,0,17,NA,NA
2021,ARI,INA,WR,0.7647058823529411,0,2,17,NA,NA
2021,ATL,ACT,CB,4.764705882352941,4,6,17,NA,NA
2021,ATL,ACT,DE,4.470588235294118,4,5,17,NA,NA
2021,ATL,ACT,DT,5.117647058823529,5,6,17,NA,NA
2021,ATL,ACT,LB,4,4,4,17,NA,NA
2021,ATL,ACT,LS,1,1,1,17,NA,NA
2021,ATL,ACT,OL,8,8,8,17,NA,NA
2021,ATL,ACT,PK,1,1,1,17,NA,NA
2021,ATL,ACT,PN,1,1,1,17,NA,NA
2021,ATL,ACT,QB,2.4705882352941178,2,3,17,NA,NA
2021,ATL,ACT,RB,2.823529411764706,2,4,17,NA,NA
2021,ATL,ACT,S,4.235294117647059,3,5,17,NA,NA
2021,ATL,ACT,TE,3.176470588235294,3,4,17,NA,NA
2021,ATL,ACT,UNMAPPED,0,0,0,17,NA,NA
2021,ATL,ACT,WR,5.9411764705882355,5,6,17,NA,NA
2021,ATL,INA,CB,0.6470588235294118,0,2,17,NA,NA
2021,ATL,INA,DE,0.29411764705882354,0,1,17,NA,NA
2021,ATL,INA,DT,2,1,3,17,NA,NA
2021,ATL,INA,LB,0.17647058823529413,0,1,17,NA,NA
2021,ATL,INA,LS,0,0,0,17,NA,NA
2021,ATL,INA,OL,0.5294117647058824,0,1,17,NA,NA
2021,ATL,INA,PK,0,0,0,17,NA,NA
2021,ATL,INA,PN,0,0,0,17,NA,NA
2021,ATL,INA,QB,0.5882352941176471,0,2,17,NA,NA
2021,ATL,INA,RB,0.35294117647058826,0,1,17,NA,NA
2021,ATL,INA,S,0.17647058823529413,0,1,17,NA,NA
2021,ATL,INA,TE,0.17647058823529413,0,1,17,NA,NA
2021,ATL,INA,UNMAPPED,0,0,0,17,NA,NA
2021,ATL,INA,WR,0.7647058823529411,0,2,17,NA,NA
2021,BAL,ACT,CB,5.411764705882353,4,6,17,NA,NA
2021,BAL,ACT,DE,4,3,5,17,NA,NA
2021,BAL,ACT,DT,4.529411764705882,4,5,17,NA,NA
2021,BAL,ACT,LB,4.647058823529412,4,5,17,NA,NA
2021,BAL,ACT,LS,1,1,1,17,NA,NA
2021,BAL,ACT,OL,8.117647058823529,8,9,17,NA,NA
2021,BAL,ACT,PK,1,1,1,17,NA,NA
2021,BAL,ACT,PN,1,1,1,17,NA,NA
2021,BAL,ACT,QB,2,2,2,17,NA,NA
2021,BAL,ACT,RB,3.764705882352941,3,4,17,NA,NA
2021,BAL,ACT,S,3.7058823529411766,3,5,17,NA,NA
2021,BAL,ACT,TE,3.176470588235294,3,4,17,NA,NA
2021,BAL,ACT,UNMAPPED,0,0,0,17,NA,NA
2021,BAL,ACT,WR,5.647058823529412,5,6,17,NA,NA
2021,BAL,INA,CB,0.6470588235294118,0,2,17,NA,NA
2021,BAL,INA,DE,0.5882352941176471,0,2,17,NA,NA
2021,BAL,INA,DT,0.7058823529411765,0,2,17,NA,NA
2021,BAL,INA,LB,0.058823529411764705,0,1,17,NA,NA
2021,BAL,INA,LS,0,0,0,17,NA,NA
2021,BAL,INA,OL,1,0,2,17,NA,NA
2021,BAL,INA,PK,0,0,0,17,NA,NA
2021,BAL,INA,PN,0,0,0,17,NA,NA
2021,BAL,INA,QB,0.29411764705882354,0,1,17,NA,NA
2021,BAL,INA,RB,0.5294117647058824,0,1,17,NA,NA
2021,BAL,INA,S,0.5882352941176471,0,2,17,NA,NA
2021,BAL,INA,TE,0.29411764705882354,0,1,17,NA,NA
2021,BAL,INA,UNMAPPED,0,0,0,17,NA,NA
2021,BAL,INA,WR,0.8235294117647058,0,2,17,NA,NA
2021,BUF,ACT,CB,5,5,5,17,NA,NA
2021,BUF,ACT,DE,4.294117647058823,3,5,17,NA,NA
2021,BUF,ACT,DT,4.411764705882353,4,5,17,NA,NA
2021,BUF,ACT,LB,5.647058823529412,5,6,17,NA,NA
2021,BUF,ACT,LS,1,1,1,17,NA,NA
2021,BUF,ACT,OL,8,8,8,17,NA,NA
2021,BUF,ACT,PK,1,1,1,17,NA,NA
2021,BUF,ACT,PN,1,1,1,17,NA,NA
2021,BUF,ACT,QB,2,2,2,17,NA,NA
2021,BUF,ACT,RB,3.2941176470588234,3,4,17,NA,NA
2021,BUF,ACT,S,3.823529411764706,3,4,17,NA,NA
2021,BUF,ACT,TE,2.7058823529411766,2,3,17,NA,NA
2021,BUF,ACT,UNMAPPED,0,0,0,17,NA,NA
2021,BUF,ACT,WR,5.823529411764706,5,7,17,NA,NA
2021,BUF,INA,CB,0.23529411764705882,0,1,17,NA,NA
2021,BUF,INA,DE,0.6470588235294118,0,2,17,NA,NA
2021,BUF,INA,DT,1.3529411764705883,0,2,17,NA,NA
2021,BUF,INA,LB,0.29411764705882354,0,1,17,NA,NA
2021,BUF,INA,LS,0,0,0,17,NA,NA
2021,BUF,INA,OL,0.9411764705882353,0,1,17,NA,NA
2021,BUF,INA,PK,0,0,0,17,NA,NA
2021,BUF,INA,PN,0,0,0,17,NA,NA
2021,BUF,INA,QB,0,0,0,17,NA,NA
2021,BUF,INA,RB,0.7058823529411765,0,1,17,NA,NA
2021,BUF,INA,S,0.17647058823529413,0,1,17,NA,NA
2021,BUF,INA,TE,0.4117647058823529,0,1,17,NA,NA
2021,BUF,INA,UNMAPPED,0,0,0,17,NA,NA
2021,BUF,INA,WR,0.47058823529411764,0,2,17,NA,NA
2021,CAR,ACT,CB,5.647058823529412,5,6,17,NA,NA
2021,CAR,ACT,DE,4.9411764705882355,4,6,17,NA,NA
2021,CAR,ACT,DT,4.529411764705882,4,5,17,NA,NA
2021,CAR,ACT,LB,3.5294117647058822,3,4,17,NA,NA
2021,CAR,ACT,LS,1,1,1,17,NA,NA
2021,CAR,ACT,OL,8.058823529411764,8,9,17,NA,NA
2021,CAR,ACT,PK,1,1,1,17,NA,NA
2021,CAR,ACT,PN,1,1,1,17,NA,NA
2021,CAR,ACT,QB,2.0588235294117645,2,3,17,NA,NA
2021,CAR,ACT,RB,2.9411764705882355,2,3,17,NA,NA
2021,CAR,ACT,S,4,3,5,17,NA,NA
2021,CAR,ACT,TE,3.8823529411764706,3,5,17,NA,NA
2021,CAR,ACT,UNMAPPED,0,0,0,17,NA,NA
2021,CAR,ACT,WR,5.411764705882353,5,6,17,NA,NA
2021,CAR,INA,CB,0.7647058823529411,0,2,17,NA,NA
2021,CAR,INA,DE,0.8235294117647058,0,2,17,NA,NA
2021,CAR,INA,DT,0.7058823529411765,0,1,17,NA,NA
2021,CAR,INA,LB,0.8823529411764706,0,2,17,NA,NA
2021,CAR,INA,LS,0,0,0,17,NA,NA
2021,CAR,INA,OL,1.2352941176470589,0,3,17,NA,NA
2021,CAR,INA,PK,0,0,0,17,NA,NA
2021,CAR,INA,PN,0,0,0,17,NA,NA
2021,CAR,INA,QB,0.29411764705882354,0,1,17,NA,NA
2021,CAR,INA,RB,0.23529411764705882,0,1,17,NA,NA
2021,CAR,INA,S,0.4117647058823529,0,2,17,NA,NA
2021,CAR,INA,TE,0.23529411764705882,0,1,17,NA,NA
2021,CAR,INA,UNMAPPED,0,0,0,17,NA,NA
2021,CAR,INA,WR,0.7647058823529411,0,1,17,NA,NA
2021,CHI,ACT,CB,4.705882352941177,4,6,17,NA,NA
2021,CHI,ACT,DE,3.2941176470588234,2,4,17,NA,NA
2021,CHI,ACT,DT,5.647058823529412,5,7,17,NA,NA
2021,CHI,ACT,LB,5.411764705882353,4,6,17,NA,NA
2021,CHI,ACT,LS,1,1,1,17,NA,NA
2021,CHI,ACT,OL,8,8,8,17,NA,NA
2021,CHI,ACT,PK,1,1,1,17,NA,NA
2021,CHI,ACT,PN,1,1,1,17,NA,NA
2021,CHI,ACT,QB,2,2,2,17,NA,NA
2021,CHI,ACT,RB,3.0588235294117645,3,4,17,NA,NA
2021,CHI,ACT,S,4.117647058823529,2,5,17,NA,NA
2021,CHI,ACT,TE,3.8823529411764706,3,5,17,NA,NA
2021,CHI,ACT,UNMAPPED,0,0,0,17,NA,NA
2021,CHI,ACT,WR,4.882352941176471,4,5,17,NA,NA
2021,CHI,INA,CB,0.8235294117647058,0,2,17,NA,NA
2021,CHI,INA,DE,0.17647058823529413,0,1,17,NA,NA
2021,CHI,INA,DT,0.8235294117647058,0,2,17,NA,NA
2021,CHI,INA,LB,0.35294117647058826,0,1,17,NA,NA
2021,CHI,INA,LS,0,0,0,17,NA,NA
2021,CHI,INA,OL,0.5294117647058824,0,2,17,NA,NA
2021,CHI,INA,PK,0,0,0,17,NA,NA
2021,CHI,INA,PN,0,0,0,17,NA,NA
2021,CHI,INA,QB,0.9411764705882353,0,2,17,NA,NA
2021,CHI,INA,RB,0.35294117647058826,0,1,17,NA,NA
2021,CHI,INA,S,0.4117647058823529,0,2,17,NA,NA
2021,CHI,INA,TE,0.7058823529411765,0,2,17,NA,NA
2021,CHI,INA,UNMAPPED,0,0,0,17,NA,NA
2021,CHI,INA,WR,0.8823529411764706,0,2,17,NA,NA
2021,CIN,ACT,CB,5.823529411764706,5,7,17,NA,NA
2021,CIN,ACT,DE,4.411764705882353,4,5,17,NA,NA
2021,CIN,ACT,DT,4.117647058823529,4,5,17,NA,NA
2021,CIN,ACT,LB,5,5,5,17,NA,NA
2021,CIN,ACT,LS,1,1,1,17,NA,NA
2021,CIN,ACT,OL,8,8,8,17,NA,NA
2021,CIN,ACT,PK,1,1,1,17,NA,NA
2021,CIN,ACT,PN,1,1,1,17,NA,NA
2021,CIN,ACT,QB,2,2,2,17,NA,NA
2021,CIN,ACT,RB,3.0588235294117645,3,4,17,NA,NA
2021,CIN,ACT,S,3.9411764705882355,3,4,17,NA,NA
2021,CIN,ACT,TE,3,3,3,17,NA,NA
2021,CIN,ACT,UNMAPPED,0,0,0,17,NA,NA
2021,CIN,ACT,WR,5.647058823529412,5,6,17,NA,NA
2021,CIN,INA,CB,1.1176470588235294,0,2,17,NA,NA
2021,CIN,INA,DE,0.6470588235294118,0,2,17,NA,NA
2021,CIN,INA,DT,0.8823529411764706,0,1,17,NA,NA
2021,CIN,INA,LB,0.35294117647058826,0,2,17,NA,NA
2021,CIN,INA,LS,0,0,0,17,NA,NA
2021,CIN,INA,OL,1.0588235294117647,0,2,17,NA,NA
2021,CIN,INA,PK,0.058823529411764705,0,1,17,NA,NA
2021,CIN,INA,PN,0,0,0,17,NA,NA
2021,CIN,INA,QB,0.11764705882352941,0,1,17,NA,NA
2021,CIN,INA,RB,0.35294117647058826,0,1,17,NA,NA
2021,CIN,INA,S,0.058823529411764705,0,1,17,NA,NA
2021,CIN,INA,TE,0.058823529411764705,0,1,17,NA,NA
2021,CIN,INA,UNMAPPED,0,0,0,17,NA,NA
2021,CIN,INA,WR,1.0588235294117647,0,2,17,NA,NA
2021,CLE,ACT,CB,5.411764705882353,5,6,17,NA,NA
2021,CLE,ACT,DE,4.176470588235294,4,5,17,NA,NA
2021,CLE,ACT,DT,4,3,5,17,NA,NA
2021,CLE,ACT,LB,6.0588235294117645,5,7,17,NA,NA
2021,CLE,ACT,LS,1,1,1,17,NA,NA
2021,CLE,ACT,OL,8.058823529411764,8,9,17,NA,NA
2021,CLE,ACT,PK,1,1,1,17,NA,NA
2021,CLE,ACT,PN,1,1,1,17,NA,NA
2021,CLE,ACT,QB,2,2,2,17,NA,NA
2021,CLE,ACT,RB,4.529411764705882,4,5,17,NA,NA
2021,CLE,ACT,S,3.5294117647058822,3,4,17,NA,NA
2021,CLE,ACT,TE,3,2,4,17,NA,NA
2021,CLE,ACT,UNMAPPED,0,0,0,17,NA,NA
2021,CLE,ACT,WR,4.235294117647059,4,5,17,NA,NA
2021,CLE,INA,CB,0.8235294117647058,0,2,17,NA,NA
2021,CLE,INA,DE,0.6470588235294118,0,2,17,NA,NA
2021,CLE,INA,DT,1,0,2,17,NA,NA
2021,CLE,INA,LB,0.47058823529411764,0,1,17,NA,NA
2021,CLE,INA,LS,0,0,0,17,NA,NA
2021,CLE,INA,OL,1.0588235294117647,0,2,17,NA,NA
2021,CLE,INA,PK,0.058823529411764705,0,1,17,NA,NA
2021,CLE,INA,PN,0,0,0,17,NA,NA
2021,CLE,INA,QB,0.23529411764705882,0,2,17,NA,NA
2021,CLE,INA,RB,0.29411764705882354,0,1,17,NA,NA
2021,CLE,INA,S,0.8235294117647058,0,2,17,NA,NA
2021,CLE,INA,TE,0.11764705882352941,0,1,17,NA,NA
2021,CLE,INA,UNMAPPED,0,0,0,17,NA,NA
2021,CLE,INA,WR,0.7058823529411765,0,2,17,NA,NA
2021,DAL,ACT,CB,5.0588235294117645,4,6,17,NA,NA
2021,DAL,ACT,DE,4,3,5,17,NA,NA
2021,DAL,ACT,DT,4.235294117647059,4,5,17,NA,NA
2021,DAL,ACT,LB,5.352941176470588,3,7,17,NA,NA
2021,DAL,ACT,LS,1,1,1,17,NA,NA
2021,DAL,ACT,OL,7.9411764705882355,7,8,17,NA,NA
2021,DAL,ACT,PK,1,1,1,17,NA,NA
2021,DAL,ACT,PN,1,1,1,17,NA,NA
2021,DAL,ACT,QB,2,2,2,17,NA,NA
2021,DAL,ACT,RB,3.1176470588235294,3,4,17,NA,NA
2021,DAL,ACT,S,4.764705882352941,4,6,17,NA,NA
2021,DAL,ACT,TE,3.2941176470588234,3,4,17,NA,NA
2021,DAL,ACT,UNMAPPED,0,0,0,17,NA,NA
2021,DAL,ACT,WR,5.176470588235294,5,6,17,NA,NA
2021,DAL,INA,CB,1.0588235294117647,0,3,17,NA,NA
2021,DAL,INA,DE,0.4117647058823529,0,2,17,NA,NA
2021,DAL,INA,DT,0.23529411764705882,0,1,17,NA,NA
2021,DAL,INA,LB,0.35294117647058826,0,2,17,NA,NA
2021,DAL,INA,LS,0,0,0,17,NA,NA
2021,DAL,INA,OL,0.8235294117647058,0,2,17,NA,NA
2021,DAL,INA,PK,0,0,0,17,NA,NA
2021,DAL,INA,PN,0,0,0,17,NA,NA
2021,DAL,INA,QB,1,1,1,17,NA,NA
2021,DAL,INA,RB,0.11764705882352941,0,1,17,NA,NA
2021,DAL,INA,S,0.29411764705882354,0,1,17,NA,NA
2021,DAL,INA,TE,0.058823529411764705,0,1,17,NA,NA
2021,DAL,INA,UNMAPPED,0,0,0,17,NA,NA
2021,DAL,INA,WR,0.8235294117647058,0,1,17,NA,NA
2021,DEN,ACT,CB,5.235294117647059,4,6,17,NA,NA
2021,DEN,ACT,DE,4.9411764705882355,4,6,17,NA,NA
2021,DEN,ACT,DT,4.176470588235294,4,5,17,NA,NA
2021,DEN,ACT,LB,4.705882352941177,4,6,17,NA,NA
2021,DEN,ACT,LS,1,1,1,17,NA,NA
2021,DEN,ACT,OL,7.9411764705882355,7,8,17,NA,NA
2021,DEN,ACT,PK,1,1,1,17,NA,NA
2021,DEN,ACT,PN,1,1,1,17,NA,NA
2021,DEN,ACT,QB,2.9411764705882355,2,3,17,NA,NA
2021,DEN,ACT,RB,3.1176470588235294,3,4,17,NA,NA
2021,DEN,ACT,S,4,3,5,17,NA,NA
2021,DEN,ACT,TE,3.4705882352941178,3,4,17,NA,NA
2021,DEN,ACT,UNMAPPED,0,0,0,17,NA,NA
2021,DEN,ACT,WR,4.411764705882353,4,5,17,NA,NA
2021,DEN,INA,CB,1,0,2,17,NA,NA
2021,DEN,INA,DE,0.35294117647058826,0,1,17,NA,NA
2021,DEN,INA,DT,0.9411764705882353,0,2,17,NA,NA
2021,DEN,INA,LB,0.47058823529411764,0,2,17,NA,NA
2021,DEN,INA,LS,0,0,0,17,NA,NA
2021,DEN,INA,OL,0.8823529411764706,0,2,17,NA,NA
2021,DEN,INA,PK,0,0,0,17,NA,NA
2021,DEN,INA,PN,0,0,0,17,NA,NA
2021,DEN,INA,QB,0.7058823529411765,0,1,17,NA,NA
2021,DEN,INA,RB,0.29411764705882354,0,1,17,NA,NA
2021,DEN,INA,S,0.9411764705882353,0,2,17,NA,NA
2021,DEN,INA,TE,0.11764705882352941,0,1,17,NA,NA
2021,DEN,INA,UNMAPPED,0,0,0,17,NA,NA
2021,DEN,INA,WR,0.29411764705882354,0,1,17,NA,NA
2021,DET,ACT,CB,4.0588235294117645,3,5,17,NA,NA
2021,DET,ACT,DE,3.6470588235294117,3,4,17,NA,NA
2021,DET,ACT,DT,5.294117647058823,5,6,17,NA,NA
2021,DET,ACT,LB,5.882352941176471,5,7,17,NA,NA
2021,DET,ACT,LS,1,1,1,17,NA,NA
2021,DET,ACT,OL,8,8,8,17,NA,NA
2021,DET,ACT,PK,1,1,1,17,NA,NA
2021,DET,ACT,PN,1,1,1,17,NA,NA
2021,DET,ACT,QB,2,2,2,17,NA,NA
2021,DET,ACT,RB,3.235294117647059,3,4,17,NA,NA
2021,DET,ACT,S,5.411764705882353,4,7,17,NA,NA
2021,DET,ACT,TE,2.411764705882353,2,3,17,NA,NA
2021,DET,ACT,UNMAPPED,0,0,0,17,NA,NA
2021,DET,ACT,WR,5.0588235294117645,5,6,17,NA,NA
2021,DET,INA,CB,0.35294117647058826,0,2,17,NA,NA
2021,DET,INA,DE,1.1764705882352942,0,2,17,NA,NA
2021,DET,INA,DT,0.5882352941176471,0,1,17,NA,NA
2021,DET,INA,LB,0.4117647058823529,0,1,17,NA,NA
2021,DET,INA,LS,0,0,0,17,NA,NA
2021,DET,INA,OL,0.5882352941176471,0,2,17,NA,NA
2021,DET,INA,PK,0.058823529411764705,0,1,17,NA,NA
2021,DET,INA,PN,0,0,0,17,NA,NA
2021,DET,INA,QB,0.4117647058823529,0,1,17,NA,NA
2021,DET,INA,RB,0.9411764705882353,0,2,17,NA,NA
2021,DET,INA,S,0.29411764705882354,0,1,17,NA,NA
2021,DET,INA,TE,0.17647058823529413,0,1,17,NA,NA
2021,DET,INA,UNMAPPED,0,0,0,17,NA,NA
2021,DET,INA,WR,0.9411764705882353,0,2,17,NA,NA
2021,GB,ACT,CB,5.294117647058823,4,6,17,NA,NA
2021,GB,ACT,DE,3.1176470588235294,2,4,17,NA,NA
2021,GB,ACT,DT,5.0588235294117645,5,6,17,NA,NA
2021,GB,ACT,LB,5.588235294117647,4,7,17,NA,NA
2021,GB,ACT,LS,1,1,1,17,NA,NA
2021,GB,ACT,OL,8,8,8,17,NA,NA
2021,GB,ACT,PK,1,1,1,17,NA,NA
2021,GB,ACT,PN,1,1,1,17,NA,NA
2021,GB,ACT,QB,2,2,2,17,NA,NA
2021,GB,ACT,RB,2.8823529411764706,2,3,17,NA,NA
2021,GB,ACT,S,3.2941176470588234,3,6,17,NA,NA
2021,GB,ACT,TE,3.823529411764706,3,5,17,NA,NA
2021,GB,ACT,UNMAPPED,0,0,0,17,NA,NA
2021,GB,ACT,WR,5.9411764705882355,5,7,17,NA,NA
2021,GB,INA,CB,0.5882352941176471,0,1,17,NA,NA
2021,GB,INA,DE,0.11764705882352941,0,1,17,NA,NA
2021,GB,INA,DT,0.9411764705882353,0,2,17,NA,NA
2021,GB,INA,LB,0.7647058823529411,0,2,17,NA,NA
2021,GB,INA,LS,0,0,0,17,NA,NA
2021,GB,INA,OL,1.1764705882352942,0,2,17,NA,NA
2021,GB,INA,PK,0,0,0,17,NA,NA
2021,GB,INA,PN,0,0,0,17,NA,NA
2021,GB,INA,QB,0,0,0,17,NA,NA
2021,GB,INA,RB,0.11764705882352941,0,1,17,NA,NA
2021,GB,INA,S,1,0,2,17,NA,NA
2021,GB,INA,TE,0.17647058823529413,0,1,17,NA,NA
2021,GB,INA,UNMAPPED,0,0,0,17,NA,NA
2021,GB,INA,WR,0.29411764705882354,0,2,17,NA,NA
2021,HOU,ACT,CB,5.588235294117647,4,6,17,NA,NA
2021,HOU,ACT,DE,3.3529411764705883,3,4,17,NA,NA
2021,HOU,ACT,DT,4.764705882352941,4,6,17,NA,NA
2021,HOU,ACT,LB,5.823529411764706,5,7,17,NA,NA
2021,HOU,ACT,LS,1,1,1,17,NA,NA
2021,HOU,ACT,OL,7.647058823529412,7,8,17,NA,NA
2021,HOU,ACT,PK,1,1,1,17,NA,NA
2021,HOU,ACT,PN,1,1,1,17,NA,NA
2021,HOU,ACT,QB,2.1176470588235294,2,3,17,NA,NA
2021,HOU,ACT,RB,3.4705882352941178,2,5,17,NA,NA
2021,HOU,ACT,S,3.6470588235294117,2,5,17,NA,NA
2021,HOU,ACT,TE,3.235294117647059,3,5,17,NA,NA
2021,HOU,ACT,UNMAPPED,0,0,0,17,NA,NA
2021,HOU,ACT,WR,5,4,6,17,NA,NA
2021,HOU,INA,CB,1.0588235294117647,0,3,17,NA,NA
2021,HOU,INA,DE,0.6470588235294118,0,3,17,NA,NA
2021,HOU,INA,DT,0.4117647058823529,0,1,17,NA,NA
2021,HOU,INA,LB,0.35294117647058826,0,2,17,NA,NA
2021,HOU,INA,LS,0,0,0,17,NA,NA
2021,HOU,INA,OL,0.29411764705882354,0,1,17,NA,NA
2021,HOU,INA,PK,0,0,0,17,NA,NA
2021,HOU,INA,PN,0,0,0,17,NA,NA
2021,HOU,INA,QB,1.2352941176470589,1,2,17,NA,NA
2021,HOU,INA,RB,0.5882352941176471,0,2,17,NA,NA
2021,HOU,INA,S,0.35294117647058826,0,1,17,NA,NA
2021,HOU,INA,TE,0.8235294117647058,0,1,17,NA,NA
2021,HOU,INA,UNMAPPED,0,0,0,17,NA,NA
2021,HOU,INA,WR,0.8823529411764706,0,2,17,NA,NA
2021,IND,ACT,CB,5.117647058823529,5,6,17,NA,NA
2021,IND,ACT,DE,4.9411764705882355,4,6,17,NA,NA
2021,IND,ACT,DT,4,3,5,17,NA,NA
2021,IND,ACT,LB,5.705882352941177,5,6,17,NA,NA
2021,IND,ACT,LS,1,1,1,17,NA,NA
2021,IND,ACT,OL,8,8,8,17,NA,NA
2021,IND,ACT,PK,1,1,1,17,NA,NA
2021,IND,ACT,PN,1,1,1,17,NA,NA
2021,IND,ACT,QB,2.0588235294117645,2,3,17,NA,NA
2021,IND,ACT,RB,3.235294117647059,3,4,17,NA,NA
2021,IND,ACT,S,4,3,5,17,NA,NA
2021,IND,ACT,TE,3,3,3,17,NA,NA
2021,IND,ACT,UNMAPPED,0,0,0,17,NA,NA
2021,IND,ACT,WR,4.9411764705882355,4,5,17,NA,NA
2021,IND,INA,CB,0.6470588235294118,0,2,17,NA,NA
2021,IND,INA,DE,1.0588235294117647,0,2,17,NA,NA
2021,IND,INA,DT,0.35294117647058826,0,1,17,NA,NA
2021,IND,INA,LB,0.11764705882352941,0,1,17,NA,NA
2021,IND,INA,LS,0,0,0,17,NA,NA
2021,IND,INA,OL,1.7647058823529411,1,3,17,NA,NA
2021,IND,INA,PK,0,0,0,17,NA,NA
2021,IND,INA,PN,0,0,0,17,NA,NA
2021,IND,INA,QB,0.35294117647058826,0,1,17,NA,NA
2021,IND,INA,RB,0.7647058823529411,0,1,17,NA,NA
2021,IND,INA,S,0.29411764705882354,0,2,17,NA,NA
2021,IND,INA,TE,0,0,0,17,NA,NA
2021,IND,INA,UNMAPPED,0,0,0,17,NA,NA
2021,IND,INA,WR,0.9411764705882353,0,2,17,NA,NA
2021,JAX,ACT,CB,4.411764705882353,4,6,17,NA,NA
2021,JAX,ACT,DE,4.588235294117647,3,5,17,NA,NA
2021,JAX,ACT,DT,4.9411764705882355,4,6,17,NA,NA
2021,JAX,ACT,LB,4.882352941176471,4,6,17,NA,NA
2021,JAX,ACT,LS,1,1,1,17,NA,NA
2021,JAX,ACT,OL,8,8,8,17,NA,NA
2021,JAX,ACT,PK,1,1,1,17,NA,NA
2021,JAX,ACT,PN,1,1,1,17,NA,NA
2021,JAX,ACT,QB,2,2,2,17,NA,NA
2021,JAX,ACT,RB,3,2,4,17,NA,NA
2021,JAX,ACT,S,4.588235294117647,2,5,17,NA,NA
2021,JAX,ACT,TE,3.235294117647059,3,4,17,NA,NA
2021,JAX,ACT,UNMAPPED,0,0,0,17,NA,NA
2021,JAX,ACT,WR,5.352941176470588,5,6,17,NA,NA
2021,JAX,INA,CB,0.9411764705882353,0,2,17,NA,NA
2021,JAX,INA,DE,1,0,2,17,NA,NA
2021,JAX,INA,DT,0.7647058823529411,0,2,17,NA,NA
2021,JAX,INA,LB,0.23529411764705882,0,1,17,NA,NA
2021,JAX,INA,LS,0,0,0,17,NA,NA
2021,JAX,INA,OL,0.4117647058823529,0,1,17,NA,NA
2021,JAX,INA,PK,0.17647058823529413,0,1,17,NA,NA
2021,JAX,INA,PN,0,0,0,17,NA,NA
2021,JAX,INA,QB,0,0,0,17,NA,NA
2021,JAX,INA,RB,0.4117647058823529,0,1,17,NA,NA
2021,JAX,INA,S,0.058823529411764705,0,1,17,NA,NA
2021,JAX,INA,TE,0.8235294117647058,0,2,17,NA,NA
2021,JAX,INA,UNMAPPED,0,0,0,17,NA,NA
2021,JAX,INA,WR,0.23529411764705882,0,1,17,NA,NA
2021,KC,ACT,CB,5.176470588235294,5,7,17,NA,NA
2021,KC,ACT,DE,3.7058823529411766,3,4,17,NA,NA
2021,KC,ACT,DT,4.294117647058823,4,5,17,NA,NA
2021,KC,ACT,LB,5,4,6,17,NA,NA
2021,KC,ACT,LS,1,1,1,17,NA,NA
2021,KC,ACT,OL,8,8,8,17,NA,NA
2021,KC,ACT,PK,1,1,1,17,NA,NA
2021,KC,ACT,PN,1,1,1,17,NA,NA
2021,KC,ACT,QB,2,2,2,17,NA,NA
2021,KC,ACT,RB,3.9411764705882355,3,4,17,NA,NA
2021,KC,ACT,S,3.8823529411764706,3,4,17,NA,NA
2021,KC,ACT,TE,3.235294117647059,3,4,17,NA,NA
2021,KC,ACT,UNMAPPED,0,0,0,17,NA,NA
2021,KC,ACT,WR,5.764705882352941,5,6,17,NA,NA
2021,KC,INA,CB,1.1176470588235294,0,2,17,NA,NA
2021,KC,INA,DE,0.23529411764705882,0,1,17,NA,NA
2021,KC,INA,DT,0.35294117647058826,0,1,17,NA,NA
2021,KC,INA,LB,0.17647058823529413,0,1,17,NA,NA
2021,KC,INA,LS,0,0,0,17,NA,NA
2021,KC,INA,OL,1.9411764705882353,1,3,17,NA,NA
2021,KC,INA,PK,0,0,0,17,NA,NA
2021,KC,INA,PN,0,0,0,17,NA,NA
2021,KC,INA,QB,0.4117647058823529,0,1,17,NA,NA
2021,KC,INA,RB,0.23529411764705882,0,1,17,NA,NA
2021,KC,INA,S,0.058823529411764705,0,1,17,NA,NA
2021,KC,INA,TE,0.29411764705882354,0,1,17,NA,NA
2021,KC,INA,UNMAPPED,0,0,0,17,NA,NA
2021,KC,INA,WR,0.29411764705882354,0,1,17,NA,NA
2021,LA,ACT,CB,4.647058823529412,4,7,17,NA,NA
2021,LA,ACT,DE,4.117647058823529,3,5,17,NA,NA
2021,LA,ACT,DT,5.529411764705882,5,6,17,NA,NA
2021,LA,ACT,LB,4.176470588235294,3,5,17,NA,NA
2021,LA,ACT,LS,1,1,1,17,NA,NA
2021,LA,ACT,OL,8,8,8,17,NA,NA
2021,LA,ACT,PK,1,1,1,17,NA,NA
2021,LA,ACT,PN,1,1,1,17,NA,NA
2021,LA,ACT,QB,2,2,2,17,NA,NA
2021,LA,ACT,RB,3.235294117647059,3,4,17,NA,NA
2021,LA,ACT,S,4.9411764705882355,2,7,17,NA,NA
2021,LA,ACT,TE,2.8823529411764706,2,4,17,NA,NA
2021,LA,ACT,UNMAPPED,0,0,0,17,NA,NA
2021,LA,ACT,WR,5.470588235294118,5,6,17,NA,NA
2021,LA,INA,CB,0.11764705882352941,0,1,17,NA,NA
2021,LA,INA,DE,1.1764705882352942,0,2,17,NA,NA
2021,LA,INA,DT,0.47058823529411764,0,1,17,NA,NA
2021,LA,INA,LB,0.11764705882352941,0,1,17,NA,NA
2021,LA,INA,LS,0,0,0,17,NA,NA
2021,LA,INA,OL,1.4705882352941178,0,2,17,NA,NA
2021,LA,INA,PK,0,0,0,17,NA,NA
2021,LA,INA,PN,0,0,0,17,NA,NA
2021,LA,INA,QB,1,1,1,17,NA,NA
2021,LA,INA,RB,0.17647058823529413,0,1,17,NA,NA
2021,LA,INA,S,0.6470588235294118,0,2,17,NA,NA
2021,LA,INA,TE,0.5882352941176471,0,1,17,NA,NA
2021,LA,INA,UNMAPPED,0,0,0,17,NA,NA
2021,LA,INA,WR,0.29411764705882354,0,1,17,NA,NA
2021,LAC,ACT,CB,5.294117647058823,4,6,17,NA,NA
2021,LAC,ACT,DE,4.823529411764706,2,7,17,NA,NA
2021,LAC,ACT,DT,4.176470588235294,3,6,17,NA,NA
2021,LAC,ACT,LB,4.529411764705882,4,5,17,NA,NA
2021,LAC,ACT,LS,1,1,1,17,NA,NA
2021,LAC,ACT,OL,8.058823529411764,8,9,17,NA,NA
2021,LAC,ACT,PK,1,1,1,17,NA,NA
2021,LAC,ACT,PN,1,1,1,17,NA,NA
2021,LAC,ACT,QB,2,2,2,17,NA,NA
2021,LAC,ACT,RB,3.823529411764706,3,5,17,NA,NA
2021,LAC,ACT,S,3.7058823529411766,2,5,17,NA,NA
2021,LAC,ACT,TE,3.4705882352941178,3,4,17,NA,NA
2021,LAC,ACT,UNMAPPED,0,0,0,17,NA,NA
2021,LAC,ACT,WR,5.117647058823529,5,6,17,NA,NA
2021,LAC,INA,CB,0.7058823529411765,0,2,17,NA,NA
2021,LAC,INA,DE,0.058823529411764705,0,1,17,NA,NA
2021,LAC,INA,DT,0.35294117647058826,0,1,17,NA,NA
2021,LAC,INA,LB,0.23529411764705882,0,1,17,NA,NA
2021,LAC,INA,LS,0,0,0,17,NA,NA
2021,LAC,INA,OL,0.7647058823529411,0,1,17,NA,NA
2021,LAC,INA,PK,0,0,0,17,NA,NA
2021,LAC,INA,PN,0,0,0,17,NA,NA
2021,LAC,INA,QB,0.9411764705882353,0,1,17,NA,NA
2021,LAC,INA,RB,1.2352941176470589,0,2,17,NA,NA
2021,LAC,INA,S,0.8235294117647058,0,2,17,NA,NA
2021,LAC,INA,TE,0.35294117647058826,0,1,17,NA,NA
2021,LAC,INA,UNMAPPED,0,0,0,17,NA,NA
2021,LAC,INA,WR,0,0,0,17,NA,NA
2021,LV,ACT,CB,5.0588235294117645,5,6,17,NA,NA
2021,LV,ACT,DE,4.764705882352941,4,6,17,NA,NA
2021,LV,ACT,DT,3.411764705882353,3,4,17,NA,NA
2021,LV,ACT,LB,5.647058823529412,5,6,17,NA,NA
2021,LV,ACT,LS,1,1,1,17,NA,NA
2021,LV,ACT,OL,8,8,8,17,NA,NA
2021,LV,ACT,PK,1,1,1,17,NA,NA
2021,LV,ACT,PN,1,1,1,17,NA,NA
2021,LV,ACT,QB,2,2,2,17,NA,NA
2021,LV,ACT,RB,4.0588235294117645,4,5,17,NA,NA
2021,LV,ACT,S,4.176470588235294,4,5,17,NA,NA
2021,LV,ACT,TE,2.8823529411764706,2,3,17,NA,NA
2021,LV,ACT,UNMAPPED,0,0,0,17,NA,NA
2021,LV,ACT,WR,5,5,5,17,NA,NA
2021,LV,INA,CB,0.7058823529411765,0,2,17,NA,NA
2021,LV,INA,DE,0.9411764705882353,0,2,17,NA,NA
2021,LV,INA,DT,0.9411764705882353,0,2,17,NA,NA
2021,LV,INA,LB,0.7058823529411765,0,2,17,NA,NA
2021,LV,INA,LS,0,0,0,17,NA,NA
2021,LV,INA,OL,1.1764705882352942,1,2,17,NA,NA
2021,LV,INA,PK,0,0,0,17,NA,NA
2021,LV,INA,PN,0,0,0,17,NA,NA
2021,LV,INA,QB,0.17647058823529413,0,1,17,NA,NA
2021,LV,INA,RB,0.5882352941176471,0,1,17,NA,NA
2021,LV,INA,S,0.29411764705882354,0,2,17,NA,NA
2021,LV,INA,TE,0.5882352941176471,0,1,17,NA,NA
2021,LV,INA,UNMAPPED,0,0,0,17,NA,NA
2021,LV,INA,WR,0,0,0,17,NA,NA
2021,MIA,ACT,CB,5.823529411764706,4,7,17,NA,NA
2021,MIA,ACT,DE,5.176470588235294,5,6,17,NA,NA
2021,MIA,ACT,DT,4.235294117647059,4,5,17,NA,NA
2021,MIA,ACT,LB,3.1176470588235294,2,4,17,NA,NA
2021,MIA,ACT,LS,1,1,1,17,NA,NA
2021,MIA,ACT,OL,8,8,8,17,NA,NA
2021,MIA,ACT,PK,1,1,1,17,NA,NA
2021,MIA,ACT,PN,1,1,1,17,NA,NA
2021,MIA,ACT,QB,2,2,2,17,NA,NA
2021,MIA,ACT,RB,3.1176470588235294,3,4,17,NA,NA
2021,MIA,ACT,S,4.117647058823529,4,5,17,NA,NA
2021,MIA,ACT,TE,4.0588235294117645,4,5,17,NA,NA
2021,MIA,ACT,UNMAPPED,0,0,0,17,NA,NA
2021,MIA,ACT,WR,5.352941176470588,5,6,17,NA,NA
2021,MIA,INA,CB,1.411764705882353,0,3,17,NA,NA
2021,MIA,INA,DE,0.5294117647058824,0,2,17,NA,NA
2021,MIA,INA,DT,0.5294117647058824,0,1,17,NA,NA
2021,MIA,INA,LB,0.058823529411764705,0,1,17,NA,NA
2021,MIA,INA,LS,0,0,0,17,NA,NA
2021,MIA,INA,OL,0.7058823529411765,0,2,17,NA,NA
2021,MIA,INA,PK,0,0,0,17,NA,NA
2021,MIA,INA,PN,0,0,0,17,NA,NA
2021,MIA,INA,QB,0.058823529411764705,0,1,17,NA,NA
2021,MIA,INA,RB,0.29411764705882354,0,1,17,NA,NA
2021,MIA,INA,S,0.47058823529411764,0,2,17,NA,NA
2021,MIA,INA,TE,0.8235294117647058,0,1,17,NA,NA
2021,MIA,INA,UNMAPPED,0,0,0,17,NA,NA
2021,MIA,INA,WR,0.7058823529411765,0,2,17,NA,NA
2021,MIN,ACT,CB,5.294117647058823,5,6,17,NA,NA
2021,MIN,ACT,DE,3.7058823529411766,3,4,17,NA,NA
2021,MIN,ACT,DT,4.352941176470588,4,5,17,NA,NA
2021,MIN,ACT,LB,5.764705882352941,5,7,17,NA,NA
2021,MIN,ACT,LS,1,1,1,17,NA,NA
2021,MIN,ACT,OL,8,8,8,17,NA,NA
2021,MIN,ACT,PK,1,1,1,17,NA,NA
2021,MIN,ACT,PN,1,1,1,17,NA,NA
2021,MIN,ACT,QB,2,2,2,17,NA,NA
2021,MIN,ACT,RB,3.8823529411764706,3,4,17,NA,NA
2021,MIN,ACT,S,4.176470588235294,4,5,17,NA,NA
2021,MIN,ACT,TE,3,3,3,17,NA,NA
2021,MIN,ACT,UNMAPPED,0,0,0,17,NA,NA
2021,MIN,ACT,WR,4.823529411764706,4,5,17,NA,NA
2021,MIN,INA,CB,0.5882352941176471,0,2,17,NA,NA
2021,MIN,INA,DE,0.5294117647058824,0,1,17,NA,NA
2021,MIN,INA,DT,0.5882352941176471,0,1,17,NA,NA
2021,MIN,INA,LB,0.9411764705882353,0,2,17,NA,NA
2021,MIN,INA,LS,0,0,0,17,NA,NA
2021,MIN,INA,OL,0.7647058823529411,0,1,17,NA,NA
2021,MIN,INA,PK,0,0,0,17,NA,NA
2021,MIN,INA,PN,0,0,0,17,NA,NA
2021,MIN,INA,QB,0.9411764705882353,0,1,17,NA,NA
2021,MIN,INA,RB,0.29411764705882354,0,1,17,NA,NA
2021,MIN,INA,S,0.17647058823529413,0,1,17,NA,NA
2021,MIN,INA,TE,0.17647058823529413,0,1,17,NA,NA
2021,MIN,INA,UNMAPPED,0,0,0,17,NA,NA
2021,MIN,INA,WR,0.7058823529411765,0,1,17,NA,NA
2021,NE,ACT,CB,4.352941176470588,4,5,17,NA,NA
2021,NE,ACT,DE,3.5294117647058822,3,4,17,NA,NA
2021,NE,ACT,DT,5.588235294117647,5,6,17,NA,NA
2021,NE,ACT,LB,4.882352941176471,4,6,17,NA,NA
2021,NE,ACT,LS,1,1,1,17,NA,NA
2021,NE,ACT,OL,8,8,8,17,NA,NA
2021,NE,ACT,PK,1,1,1,17,NA,NA
2021,NE,ACT,PN,1,1,1,17,NA,NA
2021,NE,ACT,QB,2,2,2,17,NA,NA
2021,NE,ACT,RB,4.176470588235294,4,5,17,NA,NA
2021,NE,ACT,S,4.705882352941177,4,5,17,NA,NA
2021,NE,ACT,TE,2.0588235294117645,2,3,17,NA,NA
2021,NE,ACT,UNMAPPED,0,0,0,17,NA,NA
2021,NE,ACT,WR,5.705882352941177,5,6,17,NA,NA
2021,NE,INA,CB,1.1764705882352942,0,2,17,NA,NA
2021,NE,INA,DE,0.8823529411764706,0,2,17,NA,NA
2021,NE,INA,DT,0,0,0,17,NA,NA
2021,NE,INA,LB,0.29411764705882354,0,1,17,NA,NA
2021,NE,INA,LS,0,0,0,17,NA,NA
2021,NE,INA,OL,0.8235294117647058,0,1,17,NA,NA
2021,NE,INA,PK,0.058823529411764705,0,1,17,NA,NA
2021,NE,INA,PN,0,0,0,17,NA,NA
2021,NE,INA,QB,0.47058823529411764,0,1,17,NA,NA
2021,NE,INA,RB,0.8823529411764706,0,1,17,NA,NA
2021,NE,INA,S,0.17647058823529413,0,1,17,NA,NA
2021,NE,INA,TE,1,1,1,17,NA,NA
2021,NE,INA,UNMAPPED,0,0,0,17,NA,NA
2021,NE,INA,WR,0.29411764705882354,0,2,17,NA,NA
2021,NO,ACT,CB,4.294117647058823,4,7,17,NA,NA
2021,NO,ACT,DE,4.647058823529412,3,6,17,NA,NA
2021,NO,ACT,DT,3.411764705882353,3,5,17,NA,NA
2021,NO,ACT,LB,5.470588235294118,4,6,17,NA,NA
2021,NO,ACT,LS,1,1,1,17,NA,NA
2021,NO,ACT,OL,8,8,8,17,NA,NA
2021,NO,ACT,PK,1,1,1,17,NA,NA
2021,NO,ACT,PN,1,1,1,17,NA,NA
2021,NO,ACT,QB,2.411764705882353,2,3,17,NA,NA
2021,NO,ACT,RB,4.529411764705882,4,6,17,NA,NA
2021,NO,ACT,S,4.705882352941177,2,5,17,NA,NA
2021,NO,ACT,TE,2.8823529411764706,2,4,17,NA,NA
2021,NO,ACT,UNMAPPED,0,0,0,17,NA,NA
2021,NO,ACT,WR,4.705882352941177,4,6,17,NA,NA
2021,NO,INA,CB,0.5882352941176471,0,2,17,NA,NA
2021,NO,INA,DE,0.8235294117647058,0,2,17,NA,NA
2021,NO,INA,DT,0.4117647058823529,0,2,17,NA,NA
2021,NO,INA,LB,0.4117647058823529,0,2,17,NA,NA
2021,NO,INA,LS,0,0,0,17,NA,NA
2021,NO,INA,OL,1.1764705882352942,0,2,17,NA,NA
2021,NO,INA,PK,0,0,0,17,NA,NA
2021,NO,INA,PN,0,0,0,17,NA,NA
2021,NO,INA,QB,0.9411764705882353,0,2,17,NA,NA
2021,NO,INA,RB,0.8235294117647058,0,3,17,NA,NA
2021,NO,INA,S,0.11764705882352941,0,1,17,NA,NA
2021,NO,INA,TE,0.17647058823529413,0,1,17,NA,NA
2021,NO,INA,UNMAPPED,0,0,0,17,NA,NA
2021,NO,INA,WR,0.5294117647058824,0,1,17,NA,NA
2021,NYG,ACT,CB,4.764705882352941,3,6,17,NA,NA
2021,NYG,ACT,DE,6,5,8,17,NA,NA
2021,NYG,ACT,DT,4,3,5,17,NA,NA
2021,NYG,ACT,LB,3.176470588235294,2,4,17,NA,NA
2021,NYG,ACT,LS,1,1,1,17,NA,NA
2021,NYG,ACT,OL,7.9411764705882355,7,8,17,NA,NA
2021,NYG,ACT,PK,1,1,1,17,NA,NA
2021,NYG,ACT,PN,1,1,1,17,NA,NA
2021,NYG,ACT,QB,2,2,2,17,NA,NA
2021,NYG,ACT,RB,4.352941176470588,3,5,17,NA,NA
2021,NYG,ACT,S,4.588235294117647,4,5,17,NA,NA
2021,NYG,ACT,TE,2.823529411764706,2,3,17,NA,NA
2021,NYG,ACT,UNMAPPED,0,0,0,17,NA,NA
2021,NYG,ACT,WR,5.294117647058823,4,6,17,NA,NA
2021,NYG,INA,CB,0.8823529411764706,0,2,17,NA,NA
2021,NYG,INA,DE,0.8235294117647058,0,2,17,NA,NA
2021,NYG,INA,DT,0.11764705882352941,0,1,17,NA,NA
2021,NYG,INA,LB,0.17647058823529413,0,1,17,NA,NA
2021,NYG,INA,LS,0,0,0,17,NA,NA
2021,NYG,INA,OL,0.5294117647058824,0,1,17,NA,NA
2021,NYG,INA,PK,0,0,0,17,NA,NA
2021,NYG,INA,PN,0,0,0,17,NA,NA
2021,NYG,INA,QB,0.23529411764705882,0,1,17,NA,NA
2021,NYG,INA,RB,0.47058823529411764,0,1,17,NA,NA
2021,NYG,INA,S,0.35294117647058826,0,2,17,NA,NA
2021,NYG,INA,TE,0.29411764705882354,0,2,17,NA,NA
2021,NYG,INA,UNMAPPED,0,0,0,17,NA,NA
2021,NYG,INA,WR,1.5294117647058822,0,3,17,NA,NA
2021,NYJ,ACT,CB,6.470588235294118,6,8,17,NA,NA
2021,NYJ,ACT,DE,4.0588235294117645,3,5,17,NA,NA
2021,NYJ,ACT,DT,4,3,5,17,NA,NA
2021,NYJ,ACT,LB,4.882352941176471,4,5,17,NA,NA
2021,NYJ,ACT,LS,1,1,1,17,NA,NA
2021,NYJ,ACT,OL,8,8,8,17,NA,NA
2021,NYJ,ACT,PK,1,1,1,17,NA,NA
2021,NYJ,ACT,PN,1,1,1,17,NA,NA
2021,NYJ,ACT,QB,2,2,2,17,NA,NA
2021,NYJ,ACT,RB,3.4705882352941178,3,4,17,NA,NA
2021,NYJ,ACT,S,3.2941176470588234,3,4,17,NA,NA
2021,NYJ,ACT,TE,3.2941176470588234,2,5,17,NA,NA
2021,NYJ,ACT,UNMAPPED,0,0,0,17,NA,NA
2021,NYJ,ACT,WR,5.470588235294118,5,6,17,NA,NA
2021,NYJ,INA,CB,0.7058823529411765,0,2,17,NA,NA
2021,NYJ,INA,DE,0.6470588235294118,0,2,17,NA,NA
2021,NYJ,INA,DT,0.7647058823529411,0,1,17,NA,NA
2021,NYJ,INA,LB,0.23529411764705882,0,1,17,NA,NA
2021,NYJ,INA,LS,0,0,0,17,NA,NA
2021,NYJ,INA,OL,0.47058823529411764,0,1,17,NA,NA
2021,NYJ,INA,PK,0,0,0,17,NA,NA
2021,NYJ,INA,PN,0,0,0,17,NA,NA
2021,NYJ,INA,QB,0.47058823529411764,0,2,17,NA,NA
2021,NYJ,INA,RB,1.411764705882353,1,2,17,NA,NA
2021,NYJ,INA,S,0.5882352941176471,0,2,17,NA,NA
2021,NYJ,INA,TE,0.29411764705882354,0,1,17,NA,NA
2021,NYJ,INA,UNMAPPED,0,0,0,17,NA,NA
2021,NYJ,INA,WR,0.8235294117647058,0,2,17,NA,NA
2021,PHI,ACT,CB,5.823529411764706,5,6,17,NA,NA
2021,PHI,ACT,DE,5.117647058823529,4,6,17,NA,NA
2021,PHI,ACT,DT,4.294117647058823,4,5,17,NA,NA
2021,PHI,ACT,LB,4.882352941176471,3,6,17,NA,NA
2021,PHI,ACT,LS,1,1,1,17,NA,NA
2021,PHI,ACT,OL,8.058823529411764,8,9,17,NA,NA
2021,PHI,ACT,PK,1,1,1,17,NA,NA
2021,PHI,ACT,PN,1,1,1,17,NA,NA
2021,PHI,ACT,QB,2,2,2,17,NA,NA
2021,PHI,ACT,RB,3.0588235294117645,2,4,17,NA,NA
2021,PHI,ACT,S,3.588235294117647,2,5,17,NA,NA
2021,PHI,ACT,TE,3.0588235294117645,3,4,17,NA,NA
2021,PHI,ACT,UNMAPPED,0,0,0,17,NA,NA
2021,PHI,ACT,WR,5,5,5,17,NA,NA
2021,PHI,INA,CB,1.7647058823529411,0,4,17,NA,NA
2021,PHI,INA,DE,0.11764705882352941,0,2,17,NA,NA
2021,PHI,INA,DT,0.7647058823529411,0,1,17,NA,NA
2021,PHI,INA,LB,0.23529411764705882,0,1,17,NA,NA
2021,PHI,INA,LS,0,0,0,17,NA,NA
2021,PHI,INA,OL,1.1764705882352942,0,2,17,NA,NA
2021,PHI,INA,PK,0,0,0,17,NA,NA
2021,PHI,INA,PN,0,0,0,17,NA,NA
2021,PHI,INA,QB,1,1,1,17,NA,NA
2021,PHI,INA,RB,0.29411764705882354,0,1,17,NA,NA
2021,PHI,INA,S,0.35294117647058826,0,1,17,NA,NA
2021,PHI,INA,TE,0,0,0,17,NA,NA
2021,PHI,INA,UNMAPPED,0,0,0,17,NA,NA
2021,PHI,INA,WR,0.058823529411764705,0,1,17,NA,NA
2021,PIT,ACT,CB,5.117647058823529,4,6,17,NA,NA
2021,PIT,ACT,DE,3.823529411764706,2,5,17,NA,NA
2021,PIT,ACT,DT,5,5,5,17,NA,NA
2021,PIT,ACT,LB,6.117647058823529,4,8,17,NA,NA
2021,PIT,ACT,LS,0.9411764705882353,0,1,17,NA,NA
2021,PIT,ACT,OL,8,8,8,17,NA,NA
2021,PIT,ACT,PK,1,1,1,17,NA,NA
2021,PIT,ACT,PN,1,1,1,17,NA,NA
2021,PIT,ACT,QB,2,2,2,17,NA,NA
2021,PIT,ACT,RB,4.235294117647059,4,5,17,NA,NA
2021,PIT,ACT,S,3.0588235294117645,3,4,17,NA,NA
2021,PIT,ACT,TE,2.764705882352941,2,3,17,NA,NA
2021,PIT,ACT,UNMAPPED,0,0,0,17,NA,NA
2021,PIT,ACT,WR,4.9411764705882355,4,5,17,NA,NA
2021,PIT,INA,CB,0.8235294117647058,0,2,17,NA,NA
2021,PIT,INA,DE,0.23529411764705882,0,2,17,NA,NA
2021,PIT,INA,DT,0.9411764705882353,0,2,17,NA,NA
2021,PIT,INA,LB,0.8823529411764706,0,1,17,NA,NA
2021,PIT,INA,LS,0,0,0,17,NA,NA
2021,PIT,INA,OL,0.6470588235294118,0,2,17,NA,NA
2021,PIT,INA,PK,0,0,0,17,NA,NA
2021,PIT,INA,PN,0.23529411764705882,0,2,17,NA,NA
2021,PIT,INA,QB,0.9411764705882353,0,1,17,NA,NA
2021,PIT,INA,RB,0.4117647058823529,0,1,17,NA,NA
2021,PIT,INA,S,0,0,0,17,NA,NA
2021,PIT,INA,TE,0.29411764705882354,0,1,17,NA,NA
2021,PIT,INA,UNMAPPED,0,0,0,17,NA,NA
2021,PIT,INA,WR,0.23529411764705882,0,1,17,NA,NA
2021,SEA,ACT,CB,5.352941176470588,3,6,17,NA,NA
2021,SEA,ACT,DE,4.647058823529412,4,5,17,NA,NA
2021,SEA,ACT,DT,5,4,6,17,NA,NA
2021,SEA,ACT,LB,4.235294117647059,3,5,17,NA,NA
2021,SEA,ACT,LS,1,1,1,17,NA,NA
2021,SEA,ACT,OL,8,8,8,17,NA,NA
2021,SEA,ACT,PK,1,1,1,17,NA,NA
2021,SEA,ACT,PN,1,1,1,17,NA,NA
2021,SEA,ACT,QB,2,2,2,17,NA,NA
2021,SEA,ACT,RB,4.588235294117647,4,5,17,NA,NA
2021,SEA,ACT,S,3.1176470588235294,2,4,17,NA,NA
2021,SEA,ACT,TE,3.0588235294117645,3,4,17,NA,NA
2021,SEA,ACT,UNMAPPED,0,0,0,17,NA,NA
2021,SEA,ACT,WR,5,4,7,17,NA,NA
2021,SEA,INA,CB,0.7647058823529411,0,2,17,NA,NA
2021,SEA,INA,DE,0.23529411764705882,0,1,17,NA,NA
2021,SEA,INA,DT,0.8823529411764706,0,2,17,NA,NA
2021,SEA,INA,LB,0.17647058823529413,0,1,17,NA,NA
2021,SEA,INA,LS,0,0,0,17,NA,NA
2021,SEA,INA,OL,1.8235294117647058,1,3,17,NA,NA
2021,SEA,INA,PK,0,0,0,17,NA,NA
2021,SEA,INA,PN,0,0,0,17,NA,NA
2021,SEA,INA,QB,0.7647058823529411,0,1,17,NA,NA
2021,SEA,INA,RB,0.5882352941176471,0,2,17,NA,NA
2021,SEA,INA,S,0.17647058823529413,0,1,17,NA,NA
2021,SEA,INA,TE,0.17647058823529413,0,1,17,NA,NA
2021,SEA,INA,UNMAPPED,0,0,0,17,NA,NA
2021,SEA,INA,WR,0.17647058823529413,0,1,17,NA,NA
2021,SF,ACT,CB,5.411764705882353,5,7,17,NA,NA
2021,SF,ACT,DE,4.9411764705882355,4,5,17,NA,NA
2021,SF,ACT,DT,3.8823529411764706,3,4,17,NA,NA
2021,SF,ACT,LB,3.5294117647058822,3,5,17,NA,NA
2021,SF,ACT,LS,1,1,1,17,NA,NA
2021,SF,ACT,OL,8,8,8,17,NA,NA
2021,SF,ACT,PK,1,1,1,17,NA,NA
2021,SF,ACT,PN,1,1,1,17,NA,NA
2021,SF,ACT,QB,2,2,2,17,NA,NA
2021,SF,ACT,RB,4.529411764705882,4,5,17,NA,NA
2021,SF,ACT,S,4.411764705882353,3,5,17,NA,NA
2021,SF,ACT,TE,2.9411764705882355,2,3,17,NA,NA
2021,SF,ACT,UNMAPPED,0,0,0,17,NA,NA
2021,SF,ACT,WR,5.352941176470588,5,6,17,NA,NA
2021,SF,INA,CB,1.1176470588235294,0,3,17,NA,NA
2021,SF,INA,DE,0.11764705882352941,0,1,17,NA,NA
2021,SF,INA,DT,1.0588235294117647,0,2,17,NA,NA
2021,SF,INA,LB,0.6470588235294118,0,2,17,NA,NA
2021,SF,INA,LS,0,0,0,17,NA,NA
2021,SF,INA,OL,1,1,1,17,NA,NA
2021,SF,INA,PK,0,0,0,17,NA,NA
2021,SF,INA,PN,0,0,0,17,NA,NA
2021,SF,INA,QB,0.17647058823529413,0,1,17,NA,NA
2021,SF,INA,RB,0.6470588235294118,0,2,17,NA,NA
2021,SF,INA,S,0.35294117647058826,0,2,17,NA,NA
2021,SF,INA,TE,0.058823529411764705,0,1,17,NA,NA
2021,SF,INA,UNMAPPED,0,0,0,17,NA,NA
2021,SF,INA,WR,0.29411764705882354,0,1,17,NA,NA
2021,TB,ACT,CB,5.470588235294118,4,7,17,NA,NA
2021,TB,ACT,DE,4.352941176470588,3,5,17,NA,NA
2021,TB,ACT,DT,5.411764705882353,5,6,17,NA,NA
2021,TB,ACT,LB,4.647058823529412,4,5,17,NA,NA
2021,TB,ACT,LS,1,1,1,17,NA,NA
2021,TB,ACT,OL,8,8,8,17,NA,NA
2021,TB,ACT,PK,1,1,1,17,NA,NA
2021,TB,ACT,PN,1,1,1,17,NA,NA
2021,TB,ACT,QB,2,2,2,17,NA,NA
2021,TB,ACT,RB,3.5294117647058822,3,4,17,NA,NA
2021,TB,ACT,S,3.235294117647059,2,4,17,NA,NA
2021,TB,ACT,TE,3,2,4,17,NA,NA
2021,TB,ACT,UNMAPPED,0,0,0,17,NA,NA
2021,TB,ACT,WR,5.352941176470588,5,6,17,NA,NA
2021,TB,INA,CB,0.6470588235294118,0,2,17,NA,NA
2021,TB,INA,DE,0.4117647058823529,0,3,17,NA,NA
2021,TB,INA,DT,0.5882352941176471,0,1,17,NA,NA
2021,TB,INA,LB,0.11764705882352941,0,1,17,NA,NA
2021,TB,INA,LS,0.058823529411764705,0,1,17,NA,NA
2021,TB,INA,OL,0.7058823529411765,0,1,17,NA,NA
2021,TB,INA,PK,0,0,0,17,NA,NA
2021,TB,INA,PN,0.058823529411764705,0,1,17,NA,NA
2021,TB,INA,QB,1,1,1,17,NA,NA
2021,TB,INA,RB,0.47058823529411764,0,1,17,NA,NA
2021,TB,INA,S,0.6470588235294118,0,2,17,NA,NA
2021,TB,INA,TE,0.29411764705882354,0,1,17,NA,NA
2021,TB,INA,UNMAPPED,0,0,0,17,NA,NA
2021,TB,INA,WR,0.9411764705882353,0,1,17,NA,NA
2021,TEN,ACT,CB,5.117647058823529,5,6,17,NA,NA
2021,TEN,ACT,DE,3.5294117647058822,3,4,17,NA,NA
2021,TEN,ACT,DT,5.235294117647059,4,6,17,NA,NA
2021,TEN,ACT,LB,5,4,6,17,NA,NA
2021,TEN,ACT,LS,1,1,1,17,NA,NA
2021,TEN,ACT,OL,8,8,8,17,NA,NA
2021,TEN,ACT,PK,1,1,1,17,NA,NA
2021,TEN,ACT,PN,1,1,1,17,NA,NA
2021,TEN,ACT,QB,2,2,2,17,NA,NA
2021,TEN,ACT,RB,3.8823529411764706,3,4,17,NA,NA
2021,TEN,ACT,S,3.9411764705882355,3,5,17,NA,NA
2021,TEN,ACT,TE,3.1176470588235294,3,4,17,NA,NA
2021,TEN,ACT,UNMAPPED,0,0,0,17,NA,NA
2021,TEN,ACT,WR,5.176470588235294,4,6,17,NA,NA
2021,TEN,INA,CB,0.9411764705882353,0,2,17,NA,NA
2021,TEN,INA,DE,0.8235294117647058,0,2,17,NA,NA
2021,TEN,INA,DT,0.7058823529411765,0,2,17,NA,NA
2021,TEN,INA,LB,1.1176470588235294,0,2,17,NA,NA
2021,TEN,INA,LS,0,0,0,17,NA,NA
2021,TEN,INA,OL,1.0588235294117647,0,2,17,NA,NA
2021,TEN,INA,PK,0,0,0,17,NA,NA
2021,TEN,INA,PN,0.11764705882352941,0,1,17,NA,NA
2021,TEN,INA,QB,0,0,0,17,NA,NA
2021,TEN,INA,RB,0.5294117647058824,0,1,17,NA,NA
2021,TEN,INA,S,0.11764705882352941,0,1,17,NA,NA
2021,TEN,INA,TE,0.23529411764705882,0,1,17,NA,NA
2021,TEN,INA,UNMAPPED,0,0,0,17,NA,NA
2021,TEN,INA,WR,0.8235294117647058,0,2,17,NA,NA
2021,WAS,ACT,CB,4.882352941176471,4,5,17,NA,NA
2021,WAS,ACT,DE,3.4705882352941178,2,5,17,NA,NA
2021,WAS,ACT,DT,5.117647058823529,4,6,17,NA,NA
2021,WAS,ACT,LB,5.176470588235294,4,6,17,NA,NA
2021,WAS,ACT,LS,1,1,1,17,NA,NA
2021,WAS,ACT,OL,8,8,8,17,NA,NA
2021,WAS,ACT,PK,1,1,1,17,NA,NA
2021,WAS,ACT,PN,1,1,1,17,NA,NA
2021,WAS,ACT,QB,2,2,2,17,NA,NA
2021,WAS,ACT,RB,3.176470588235294,3,4,17,NA,NA
2021,WAS,ACT,S,4.294117647058823,4,6,17,NA,NA
2021,WAS,ACT,TE,2.8823529411764706,2,3,17,NA,NA
2021,WAS,ACT,UNMAPPED,0,0,0,17,NA,NA
2021,WAS,ACT,WR,6,6,6,17,NA,NA
2021,WAS,INA,CB,1,0,2,17,NA,NA
2021,WAS,INA,DE,0.6470588235294118,0,2,17,NA,NA
2021,WAS,INA,DT,0.23529411764705882,0,2,17,NA,NA
2021,WAS,INA,LB,0.17647058823529413,0,1,17,NA,NA
2021,WAS,INA,LS,0,0,0,17,NA,NA
2021,WAS,INA,OL,1,0,3,17,NA,NA
2021,WAS,INA,PK,0.17647058823529413,0,1,17,NA,NA
2021,WAS,INA,PN,0,0,0,17,NA,NA
2021,WAS,INA,QB,0.23529411764705882,0,1,17,NA,NA
2021,WAS,INA,RB,0.11764705882352941,0,1,17,NA,NA
2021,WAS,INA,S,0.058823529411764705,0,1,17,NA,NA
2021,WAS,INA,TE,0.7647058823529411,0,1,17,NA,NA
2021,WAS,INA,UNMAPPED,0,0,0,17,NA,NA
2021,WAS,INA,WR,1.4705882352941178,0,2,17,NA,NA
2022,ARI,ACT,CB,3.823529411764706,3,4,17,NA,NA
2022,ARI,ACT,DE,5.9411764705882355,5,7,17,NA,NA
2022,ARI,ACT,DT,4.470588235294118,4,5,17,NA,NA
2022,ARI,ACT,LB,5.588235294117647,5,6,17,NA,NA
2022,ARI,ACT,LS,1,1,1,17,NA,NA
2022,ARI,ACT,OL,8,8,8,17,NA,NA
2022,ARI,ACT,PK,1.0588235294117647,1,2,17,NA,NA
2022,ARI,ACT,PN,1,1,1,17,NA,NA
2022,ARI,ACT,QB,2.0588235294117645,2,3,17,NA,NA
2022,ARI,ACT,RB,3.2941176470588234,3,4,17,NA,NA
2022,ARI,ACT,S,3.2941176470588234,3,4,17,NA,NA
2022,ARI,ACT,TE,3.176470588235294,3,4,17,NA,NA
2022,ARI,ACT,UNMAPPED,0,0,0,17,NA,NA
2022,ARI,ACT,WR,5.176470588235294,4,6,17,NA,NA
2022,ARI,INA,CB,1.1764705882352942,0,3,17,NA,NA
2022,ARI,INA,DE,1.1176470588235294,0,2,17,NA,NA
2022,ARI,INA,DT,0.47058823529411764,0,1,17,NA,NA
2022,ARI,INA,LB,0.17647058823529413,0,1,17,NA,NA
2022,ARI,INA,LS,0,0,0,17,NA,NA
2022,ARI,INA,OL,1.588235294117647,1,3,17,NA,NA
2022,ARI,INA,PK,0.23529411764705882,0,1,17,NA,NA
2022,ARI,INA,PN,0.058823529411764705,0,1,17,NA,NA
2022,ARI,INA,QB,0.6470588235294118,0,1,17,NA,NA
2022,ARI,INA,RB,0.6470588235294118,0,2,17,NA,NA
2022,ARI,INA,S,0.11764705882352941,0,1,17,NA,NA
2022,ARI,INA,TE,0.11764705882352941,0,1,17,NA,NA
2022,ARI,INA,UNMAPPED,0,0,0,17,NA,NA
2022,ARI,INA,WR,0.6470588235294118,0,2,17,NA,NA
2022,ATL,ACT,CB,5.588235294117647,5,6,17,NA,NA
2022,ATL,ACT,DE,4.352941176470588,4,5,17,NA,NA
2022,ATL,ACT,DT,4.588235294117647,4,5,17,NA,NA
2022,ATL,ACT,LB,4.0588235294117645,4,5,17,NA,NA
2022,ATL,ACT,LS,1,1,1,17,NA,NA
2022,ATL,ACT,OL,8,8,8,17,NA,NA
2022,ATL,ACT,PK,1,1,1,17,NA,NA
2022,ATL,ACT,PN,1,1,1,17,NA,NA
2022,ATL,ACT,QB,2,2,2,17,NA,NA
2022,ATL,ACT,RB,4.470588235294118,4,5,17,NA,NA
2022,ATL,ACT,S,3.411764705882353,3,4,17,NA,NA
2022,ATL,ACT,TE,3.7058823529411766,3,4,17,NA,NA
2022,ATL,ACT,UNMAPPED,0,0,0,17,NA,NA
2022,ATL,ACT,WR,4.823529411764706,4,6,17,NA,NA
2022,ATL,INA,CB,0.6470588235294118,0,1,17,NA,NA
2022,ATL,INA,DE,1.3529411764705883,0,2,17,NA,NA
2022,ATL,INA,DT,0.17647058823529413,0,1,17,NA,NA
2022,ATL,INA,LB,0.7058823529411765,0,1,17,NA,NA
2022,ATL,INA,LS,0,0,0,17,NA,NA
2022,ATL,INA,OL,0.9411764705882353,0,1,17,NA,NA
2022,ATL,INA,PK,0,0,0,17,NA,NA
2022,ATL,INA,PN,0,0,0,17,NA,NA
2022,ATL,INA,QB,0,0,0,17,NA,NA
2022,ATL,INA,RB,0.058823529411764705,0,1,17,NA,NA
2022,ATL,INA,S,0.6470588235294118,0,1,17,NA,NA
2022,ATL,INA,TE,0.7058823529411765,0,2,17,NA,NA
2022,ATL,INA,UNMAPPED,0,0,0,17,NA,NA
2022,ATL,INA,WR,0.7647058823529411,0,2,17,NA,NA
2022,BAL,ACT,CB,3.7058823529411766,3,5,17,NA,NA
2022,BAL,ACT,DE,3.764705882352941,3,5,17,NA,NA
2022,BAL,ACT,DT,5,5,5,17,NA,NA
2022,BAL,ACT,LB,5.176470588235294,4,6,17,NA,NA
2022,BAL,ACT,LS,1,1,1,17,NA,NA
2022,BAL,ACT,OL,8,8,8,17,NA,NA
2022,BAL,ACT,PK,1,1,1,17,NA,NA
2022,BAL,ACT,PN,1,1,1,17,NA,NA
2022,BAL,ACT,QB,2,2,2,17,NA,NA
2022,BAL,ACT,RB,4.0588235294117645,4,5,17,NA,NA
2022,BAL,ACT,S,5.0588235294117645,4,6,17,NA,NA
2022,BAL,ACT,TE,3.6470588235294117,3,4,17,NA,NA
2022,BAL,ACT,UNMAPPED,0,0,0,17,NA,NA
2022,BAL,ACT,WR,4.529411764705882,4,5,17,NA,NA
2022,BAL,INA,CB,0.7647058823529411,0,1,17,NA,NA
2022,BAL,INA,DE,0.6470588235294118,0,1,17,NA,NA
2022,BAL,INA,DT,0.4117647058823529,0,1,17,NA,NA
2022,BAL,INA,LB,0.5882352941176471,0,2,17,NA,NA
2022,BAL,INA,LS,0,0,0,17,NA,NA
2022,BAL,INA,OL,1.1176470588235294,1,2,17,NA,NA
2022,BAL,INA,PK,0,0,0,17,NA,NA
2022,BAL,INA,PN,0,0,0,17,NA,NA
2022,BAL,INA,QB,0.35294117647058826,0,2,17,NA,NA
2022,BAL,INA,RB,0.9411764705882353,0,1,17,NA,NA
2022,BAL,INA,S,0.23529411764705882,0,1,17,NA,NA
2022,BAL,INA,TE,0.7647058823529411,0,2,17,NA,NA
2022,BAL,INA,UNMAPPED,0,0,0,17,NA,NA
2022,BAL,INA,WR,0.4117647058823529,0,1,17,NA,NA
2022,BUF,ACT,CB,5.8125,5,6,16,NA,NA
2022,BUF,ACT,DE,4.4375,4,5,16,NA,NA
2022,BUF,ACT,DT,4,4,4,16,NA,NA
2022,BUF,ACT,LB,5.5625,5,6,16,NA,NA
2022,BUF,ACT,LS,1,1,1,16,NA,NA
2022,BUF,ACT,OL,8,8,8,16,NA,NA
2022,BUF,ACT,PK,1,1,1,16,NA,NA
2022,BUF,ACT,PN,1,1,1,16,NA,NA
2022,BUF,ACT,QB,2,2,2,16,NA,NA
2022,BUF,ACT,RB,4.9375,4,6,16,NA,NA
2022,BUF,ACT,S,3.125,2,4,16,NA,NA
2022,BUF,ACT,TE,2.125,2,3,16,NA,NA
2022,BUF,ACT,UNMAPPED,0,0,0,16,NA,NA
2022,BUF,ACT,WR,5,5,5,16,NA,NA
2022,BUF,INA,CB,1,0,2,16,NA,NA
2022,BUF,INA,DE,0.375,0,2,16,NA,NA
2022,BUF,INA,DT,0.625,0,2,16,NA,NA
2022,BUF,INA,LB,0.9375,0,2,16,NA,NA
2022,BUF,INA,LS,0,0,0,16,NA,NA
2022,BUF,INA,OL,1.125,1,2,16,NA,NA
2022,BUF,INA,PK,0,0,0,16,NA,NA
2022,BUF,INA,PN,0,0,0,16,NA,NA
2022,BUF,INA,QB,0,0,0,16,NA,NA
2022,BUF,INA,RB,0.125,0,1,16,NA,NA
2022,BUF,INA,S,0.5625,0,1,16,NA,NA
2022,BUF,INA,TE,0.875,0,1,16,NA,NA
2022,BUF,INA,UNMAPPED,0,0,0,16,NA,NA
2022,BUF,INA,WR,0.5,0,2,16,NA,NA
2022,CAR,ACT,CB,5.529411764705882,5,7,17,NA,NA
2022,CAR,ACT,DE,3.5294117647058822,3,5,17,NA,NA
2022,CAR,ACT,DT,4.882352941176471,4,6,17,NA,NA
2022,CAR,ACT,LB,5.588235294117647,4,7,17,NA,NA
2022,CAR,ACT,LS,1,1,1,17,NA,NA
2022,CAR,ACT,OL,8,8,8,17,NA,NA
2022,CAR,ACT,PK,1,1,1,17,NA,NA
2022,CAR,ACT,PN,1,1,1,17,NA,NA
2022,CAR,ACT,QB,2,2,2,17,NA,NA
2022,CAR,ACT,RB,4,3,5,17,NA,NA
2022,CAR,ACT,S,3.8823529411764706,3,5,17,NA,NA
2022,CAR,ACT,TE,2.823529411764706,2,3,17,NA,NA
2022,CAR,ACT,UNMAPPED,0,0,0,17,NA,NA
2022,CAR,ACT,WR,4.764705882352941,4,6,17,NA,NA
2022,CAR,INA,CB,0.4117647058823529,0,1,17,NA,NA
2022,CAR,INA,DE,0.5294117647058824,0,1,17,NA,NA
2022,CAR,INA,DT,0.7058823529411765,0,2,17,NA,NA
2022,CAR,INA,LB,0.7058823529411765,0,1,17,NA,NA
2022,CAR,INA,LS,0,0,0,17,NA,NA
2022,CAR,INA,OL,1.0588235294117647,0,2,17,NA,NA
2022,CAR,INA,PK,0,0,0,17,NA,NA
2022,CAR,INA,PN,0,0,0,17,NA,NA
2022,CAR,INA,QB,0.29411764705882354,0,1,17,NA,NA
2022,CAR,INA,RB,0.35294117647058826,0,1,17,NA,NA
2022,CAR,INA,S,0.5294117647058824,0,1,17,NA,NA
2022,CAR,INA,TE,0.17647058823529413,0,1,17,NA,NA
2022,CAR,INA,UNMAPPED,0,0,0,17,NA,NA
2022,CAR,INA,WR,0.8823529411764706,0,2,17,NA,NA
2022,CHI,ACT,CB,5.0588235294117645,4,7,17,NA,NA
2022,CHI,ACT,DE,4.176470588235294,3,5,17,NA,NA
2022,CHI,ACT,DT,4.176470588235294,4,5,17,NA,NA
2022,CHI,ACT,LB,5.176470588235294,5,7,17,NA,NA
2022,CHI,ACT,LS,1.0588235294117647,1,2,17,NA,NA
2022,CHI,ACT,OL,8,8,8,17,NA,NA
2022,CHI,ACT,PK,1,1,1,17,NA,NA
2022,CHI,ACT,PN,1,1,1,17,NA,NA
2022,CHI,ACT,QB,2,2,2,17,NA,NA
2022,CHI,ACT,RB,4,3,5,17,NA,NA
2022,CHI,ACT,S,4.352941176470588,4,5,17,NA,NA
2022,CHI,ACT,TE,3,3,3,17,NA,NA
2022,CHI,ACT,UNMAPPED,0,0,0,17,NA,NA
2022,CHI,ACT,WR,5.294117647058823,5,6,17,NA,NA
2022,CHI,INA,CB,1.1764705882352942,0,2,17,NA,NA
2022,CHI,INA,DE,0.35294117647058826,0,1,17,NA,NA
2022,CHI,INA,DT,0.11764705882352941,0,1,17,NA,NA
2022,CHI,INA,LB,0.29411764705882354,0,1,17,NA,NA
2022,CHI,INA,LS,0,0,0,17,NA,NA
2022,CHI,INA,OL,1.3529411764705883,0,2,17,NA,NA
2022,CHI,INA,PK,0.058823529411764705,0,1,17,NA,NA
2022,CHI,INA,PN,0,0,0,17,NA,NA
2022,CHI,INA,QB,0.35294117647058826,0,1,17,NA,NA
2022,CHI,INA,RB,0.23529411764705882,0,1,17,NA,NA
2022,CHI,INA,S,0.47058823529411764,0,1,17,NA,NA
2022,CHI,INA,TE,0.6470588235294118,0,1,17,NA,NA
2022,CHI,INA,UNMAPPED,0,0,0,17,NA,NA
2022,CHI,INA,WR,0.8823529411764706,0,2,17,NA,NA
2022,CIN,ACT,CB,4.9375,4,6,16,NA,NA
2022,CIN,ACT,DE,4.5625,4,5,16,NA,NA
2022,CIN,ACT,DT,4.25,4,5,16,NA,NA
2022,CIN,ACT,LB,5.5625,5,6,16,NA,NA
2022,CIN,ACT,LS,1,1,1,16,NA,NA
2022,CIN,ACT,OL,8,8,8,16,NA,NA
2022,CIN,ACT,PK,1,1,1,16,NA,NA
2022,CIN,ACT,PN,1,1,1,16,NA,NA
2022,CIN,ACT,QB,2,2,2,16,NA,NA
2022,CIN,ACT,RB,3.125,3,4,16,NA,NA
2022,CIN,ACT,S,3.9375,3,4,16,NA,NA
2022,CIN,ACT,TE,2.75,2,3,16,NA,NA
2022,CIN,ACT,UNMAPPED,0,0,0,16,NA,NA
2022,CIN,ACT,WR,5.875,5,6,16,NA,NA
2022,CIN,INA,CB,0.625,0,2,16,NA,NA
2022,CIN,INA,DE,0.4375,0,1,16,NA,NA
2022,CIN,INA,DT,0.625,0,1,16,NA,NA
2022,CIN,INA,LB,0.125,0,1,16,NA,NA
2022,CIN,INA,LS,0,0,0,16,NA,NA
2022,CIN,INA,OL,1.9375,1,2,16,NA,NA
2022,CIN,INA,PK,0,0,0,16,NA,NA
2022,CIN,INA,PN,0.1875,0,1,16,NA,NA
2022,CIN,INA,QB,0.0625,0,1,16,NA,NA
2022,CIN,INA,RB,0.875,0,1,16,NA,NA
2022,CIN,INA,S,0.0625,0,1,16,NA,NA
2022,CIN,INA,TE,0.5,0,1,16,NA,NA
2022,CIN,INA,UNMAPPED,0,0,0,16,NA,NA
2022,CIN,INA,WR,0.375,0,2,16,NA,NA
2022,CLE,ACT,CB,5.0588235294117645,5,6,17,NA,NA
2022,CLE,ACT,DE,4.588235294117647,4,5,17,NA,NA
2022,CLE,ACT,DT,3.6470588235294117,3,4,17,NA,NA
2022,CLE,ACT,LB,5.705882352941177,5,7,17,NA,NA
2022,CLE,ACT,LS,1,1,1,17,NA,NA
2022,CLE,ACT,OL,8.176470588235293,8,9,17,NA,NA
2022,CLE,ACT,PK,1,1,1,17,NA,NA
2022,CLE,ACT,PN,1,1,1,17,NA,NA
2022,CLE,ACT,QB,2,2,2,17,NA,NA
2022,CLE,ACT,RB,4.176470588235294,3,5,17,NA,NA
2022,CLE,ACT,S,4.176470588235294,4,5,17,NA,NA
2022,CLE,ACT,TE,2.9411764705882355,2,3,17,NA,NA
2022,CLE,ACT,UNMAPPED,0,0,0,17,NA,NA
2022,CLE,ACT,WR,4.529411764705882,4,6,17,NA,NA
2022,CLE,INA,CB,0.7647058823529411,0,1,17,NA,NA
2022,CLE,INA,DE,1,0,3,17,NA,NA
2022,CLE,INA,DT,0.5882352941176471,0,1,17,NA,NA
2022,CLE,INA,LB,0.17647058823529413,0,1,17,NA,NA
2022,CLE,INA,LS,0,0,0,17,NA,NA
2022,CLE,INA,OL,1.5294117647058822,0,3,17,NA,NA
2022,CLE,INA,PK,0,0,0,17,NA,NA
2022,CLE,INA,PN,0,0,0,17,NA,NA
2022,CLE,INA,QB,1,1,1,17,NA,NA
2022,CLE,INA,RB,0.6470588235294118,0,1,17,NA,NA
2022,CLE,INA,S,0.23529411764705882,0,1,17,NA,NA
2022,CLE,INA,TE,0.23529411764705882,0,1,17,NA,NA
2022,CLE,INA,UNMAPPED,0,0,0,17,NA,NA
2022,CLE,INA,WR,0.7058823529411765,0,2,17,NA,NA
2022,DAL,ACT,CB,5.588235294117647,5,6,17,NA,NA
2022,DAL,ACT,DE,4.882352941176471,4,6,17,NA,NA
2022,DAL,ACT,DT,4.117647058823529,3,5,17,NA,NA
2022,DAL,ACT,LB,4.882352941176471,4,5,17,NA,NA
2022,DAL,ACT,LS,1,1,1,17,NA,NA
2022,DAL,ACT,OL,8,8,8,17,NA,NA
2022,DAL,ACT,PK,1,1,1,17,NA,NA
2022,DAL,ACT,PN,1,1,1,17,NA,NA
2022,DAL,ACT,QB,2,2,2,17,NA,NA
2022,DAL,ACT,RB,3,3,3,17,NA,NA
2022,DAL,ACT,S,4,3,5,17,NA,NA
2022,DAL,ACT,TE,3.588235294117647,3,4,17,NA,NA
2022,DAL,ACT,UNMAPPED,0,0,0,17,NA,NA
2022,DAL,ACT,WR,4.9411764705882355,4,5,17,NA,NA
2022,DAL,INA,CB,0.8235294117647058,0,1,17,NA,NA
2022,DAL,INA,DE,0.4117647058823529,0,2,17,NA,NA
2022,DAL,INA,DT,0.47058823529411764,0,1,17,NA,NA
2022,DAL,INA,LB,1.1176470588235294,1,2,17,NA,NA
2022,DAL,INA,LS,0,0,0,17,NA,NA
2022,DAL,INA,OL,0.35294117647058826,0,1,17,NA,NA
2022,DAL,INA,PK,0,0,0,17,NA,NA
2022,DAL,INA,PN,0,0,0,17,NA,NA
2022,DAL,INA,QB,0.9411764705882353,0,1,17,NA,NA
2022,DAL,INA,RB,0.17647058823529413,0,1,17,NA,NA
2022,DAL,INA,S,1.0588235294117647,0,2,17,NA,NA
2022,DAL,INA,TE,0.17647058823529413,0,1,17,NA,NA
2022,DAL,INA,UNMAPPED,0,0,0,17,NA,NA
2022,DAL,INA,WR,0.9411764705882353,0,2,17,NA,NA
2022,DEN,ACT,CB,5.0588235294117645,5,6,17,NA,NA
2022,DEN,ACT,DE,4.176470588235294,3,6,17,NA,NA
2022,DEN,ACT,DT,5.705882352941177,5,6,17,NA,NA
2022,DEN,ACT,LB,3.8823529411764706,3,5,17,NA,NA
2022,DEN,ACT,LS,1,1,1,17,NA,NA
2022,DEN,ACT,OL,7.9411764705882355,7,8,17,NA,NA
2022,DEN,ACT,PK,1,1,1,17,NA,NA
2022,DEN,ACT,PN,1,1,1,17,NA,NA
2022,DEN,ACT,QB,2,2,2,17,NA,NA
2022,DEN,ACT,RB,3,3,3,17,NA,NA
2022,DEN,ACT,S,3.9411764705882355,3,4,17,NA,NA
2022,DEN,ACT,TE,3.9411764705882355,3,4,17,NA,NA
2022,DEN,ACT,UNMAPPED,0,0,0,17,NA,NA
2022,DEN,ACT,WR,5.294117647058823,5,6,17,NA,NA
2022,DEN,INA,CB,0.9411764705882353,0,2,17,NA,NA
2022,DEN,INA,DE,0.47058823529411764,0,2,17,NA,NA
2022,DEN,INA,DT,0.9411764705882353,0,2,17,NA,NA
2022,DEN,INA,LB,0.4117647058823529,0,1,17,NA,NA
2022,DEN,INA,LS,0,0,0,17,NA,NA
2022,DEN,INA,OL,0.8235294117647058,0,2,17,NA,NA
2022,DEN,INA,PK,0,0,0,17,NA,NA
2022,DEN,INA,PN,0,0,0,17,NA,NA
2022,DEN,INA,QB,0.29411764705882354,0,1,17,NA,NA
2022,DEN,INA,RB,0.29411764705882354,0,1,17,NA,NA
2022,DEN,INA,S,0.5882352941176471,0,2,17,NA,NA
2022,DEN,INA,TE,0.6470588235294118,0,2,17,NA,NA
2022,DEN,INA,UNMAPPED,0,0,0,17,NA,NA
2022,DEN,INA,WR,1.4705882352941178,0,2,17,NA,NA
2022,DET,ACT,CB,5.235294117647059,5,7,17,NA,NA
2022,DET,ACT,DE,3.176470588235294,3,4,17,NA,NA
2022,DET,ACT,DT,4.823529411764706,4,5,17,NA,NA
2022,DET,ACT,LB,6.470588235294118,6,7,17,NA,NA
2022,DET,ACT,LS,1,1,1,17,NA,NA
2022,DET,ACT,OL,8,8,8,17,NA,NA
2022,DET,ACT,PK,1,1,1,17,NA,NA
2022,DET,ACT,PN,1,1,1,17,NA,NA
2022,DET,ACT,QB,2,2,2,17,NA,NA
2022,DET,ACT,RB,3.2941176470588234,3,4,17,NA,NA
2022,DET,ACT,S,3.823529411764706,3,4,17,NA,NA
2022,DET,ACT,TE,3.0588235294117645,3,4,17,NA,NA
2022,DET,ACT,UNMAPPED,0,0,0,17,NA,NA
2022,DET,ACT,WR,5.117647058823529,5,6,17,NA,NA
2022,DET,INA,CB,0.8823529411764706,0,2,17,NA,NA
2022,DET,INA,DE,0.8823529411764706,0,1,17,NA,NA
2022,DET,INA,DT,1.2352941176470589,1,2,17,NA,NA
2022,DET,INA,LB,0.23529411764705882,0,1,17,NA,NA
2022,DET,INA,LS,0,0,0,17,NA,NA
2022,DET,INA,OL,1.5294117647058822,1,2,17,NA,NA
2022,DET,INA,PK,0.058823529411764705,0,1,17,NA,NA
2022,DET,INA,PN,0,0,0,17,NA,NA
2022,DET,INA,QB,0.058823529411764705,0,1,17,NA,NA
2022,DET,INA,RB,0.47058823529411764,0,2,17,NA,NA
2022,DET,INA,S,0.6470588235294118,0,2,17,NA,NA
2022,DET,INA,TE,0.17647058823529413,0,1,17,NA,NA
2022,DET,INA,UNMAPPED,0,0,0,17,NA,NA
2022,DET,INA,WR,0.47058823529411764,0,2,17,NA,NA
2022,GB,ACT,CB,4.352941176470588,4,5,17,NA,NA
2022,GB,ACT,DE,4.235294117647059,3,5,17,NA,NA
2022,GB,ACT,DT,4.823529411764706,4,5,17,NA,NA
2022,GB,ACT,LB,3.8823529411764706,3,5,17,NA,NA
2022,GB,ACT,LS,1,1,1,17,NA,NA
2022,GB,ACT,OL,8,8,8,17,NA,NA
2022,GB,ACT,PK,1.1176470588235294,1,2,17,NA,NA
2022,GB,ACT,PN,1,1,1,17,NA,NA
2022,GB,ACT,QB,2,2,2,17,NA,NA
2022,GB,ACT,RB,2.9411764705882355,2,3,17,NA,NA
2022,GB,ACT,S,5.470588235294118,4,6,17,NA,NA
2022,GB,ACT,TE,4,4,4,17,NA,NA
2022,GB,ACT,UNMAPPED,0,0,0,17,NA,NA
2022,GB,ACT,WR,5.176470588235294,5,6,17,NA,NA
2022,GB,INA,CB,0.7058823529411765,0,1,17,NA,NA
2022,GB,INA,DE,0.17647058823529413,0,1,17,NA,NA
2022,GB,INA,DT,1.0588235294117647,1,2,17,NA,NA
2022,GB,INA,LB,0.47058823529411764,0,2,17,NA,NA
2022,GB,INA,LS,0,0,0,17,NA,NA
2022,GB,INA,OL,2,1,3,17,NA,NA
2022,GB,INA,PK,0,0,0,17,NA,NA
2022,GB,INA,PN,0,0,0,17,NA,NA
2022,GB,INA,QB,0,0,0,17,NA,NA
2022,GB,INA,RB,0.058823529411764705,0,1,17,NA,NA
2022,GB,INA,S,0.23529411764705882,0,1,17,NA,NA
2022,GB,INA,TE,0,0,0,17,NA,NA
2022,GB,INA,UNMAPPED,0,0,0,17,NA,NA
2022,GB,INA,WR,1,0,2,17,NA,NA
2022,HOU,ACT,CB,4.470588235294118,4,5,17,NA,NA
2022,HOU,ACT,DE,3.3529411764705883,3,4,17,NA,NA
2022,HOU,ACT,DT,4.9411764705882355,4,6,17,NA,NA
2022,HOU,ACT,LB,6.352941176470588,6,7,17,NA,NA
2022,HOU,ACT,LS,1,1,1,17,NA,NA
2022,HOU,ACT,OL,8,8,8,17,NA,NA
2022,HOU,ACT,PK,1,1,1,17,NA,NA
2022,HOU,ACT,PN,1,1,1,17,NA,NA
2022,HOU,ACT,QB,2,2,2,17,NA,NA
2022,HOU,ACT,RB,4,4,4,17,NA,NA
2022,HOU,ACT,S,4.647058823529412,4,5,17,NA,NA
2022,HOU,ACT,TE,3.176470588235294,3,4,17,NA,NA
2022,HOU,ACT,UNMAPPED,0,0,0,17,NA,NA
2022,HOU,ACT,WR,4.0588235294117645,3,5,17,NA,NA
2022,HOU,INA,CB,0.8235294117647058,0,1,17,NA,NA
2022,HOU,INA,DE,0.35294117647058826,0,2,17,NA,NA
2022,HOU,INA,DT,0.7647058823529411,0,2,17,NA,NA
2022,HOU,INA,LB,0.8235294117647058,0,2,17,NA,NA
2022,HOU,INA,LS,0,0,0,17,NA,NA
2022,HOU,INA,OL,1.1176470588235294,1,2,17,NA,NA
2022,HOU,INA,PK,0,0,0,17,NA,NA
2022,HOU,INA,PN,0,0,0,17,NA,NA
2022,HOU,INA,QB,0.4117647058823529,0,1,17,NA,NA
2022,HOU,INA,RB,0.23529411764705882,0,1,17,NA,NA
2022,HOU,INA,S,0,0,0,17,NA,NA
2022,HOU,INA,TE,0.7058823529411765,0,2,17,NA,NA
2022,HOU,INA,UNMAPPED,0,0,0,17,NA,NA
2022,HOU,INA,WR,1.1176470588235294,0,2,17,NA,NA
2022,IND,ACT,CB,6.470588235294118,6,7,17,NA,NA
2022,IND,ACT,DE,5.117647058823529,3,6,17,NA,NA
2022,IND,ACT,DT,4.117647058823529,4,5,17,NA,NA
2022,IND,ACT,LB,5.352941176470588,4,6,17,NA,NA
2022,IND,ACT,LS,1,1,1,17,NA,NA
2022,IND,ACT,OL,8,8,8,17,NA,NA
2022,IND,ACT,PK,1,1,1,17,NA,NA
2022,IND,ACT,PN,1,1,1,17,NA,NA
2022,IND,ACT,QB,2,2,2,17,NA,NA
2022,IND,ACT,RB,3,3,3,17,NA,NA
2022,IND,ACT,S,2.823529411764706,2,3,17,NA,NA
2022,IND,ACT,TE,3.0588235294117645,3,4,17,NA,NA
2022,IND,ACT,UNMAPPED,0,0,0,17,NA,NA
2022,IND,ACT,WR,5.0588235294117645,4,6,17,NA,NA
2022,IND,INA,CB,0.8235294117647058,0,2,17,NA,NA
2022,IND,INA,DE,0.6470588235294118,0,3,17,NA,NA
2022,IND,INA,DT,0.7058823529411765,0,1,17,NA,NA
2022,IND,INA,LB,0.6470588235294118,0,2,17,NA,NA
2022,IND,INA,LS,0,0,0,17,NA,NA
2022,IND,INA,OL,1.2941176470588236,1,2,17,NA,NA
2022,IND,INA,PK,0,0,0,17,NA,NA
2022,IND,INA,PN,0,0,0,17,NA,NA
2022,IND,INA,QB,1,1,1,17,NA,NA
2022,IND,INA,RB,0.35294117647058826,0,2,17,NA,NA
2022,IND,INA,S,0.17647058823529413,0,1,17,NA,NA
2022,IND,INA,TE,0.35294117647058826,0,1,17,NA,NA
2022,IND,INA,UNMAPPED,0,0,0,17,NA,NA
2022,IND,INA,WR,0.7058823529411765,0,2,17,NA,NA
2022,JAX,ACT,CB,5,5,5,17,NA,NA
2022,JAX,ACT,DE,4.470588235294118,4,5,17,NA,NA
2022,JAX,ACT,DT,4.470588235294118,4,5,17,NA,NA
2022,JAX,ACT,LB,5.117647058823529,5,6,17,NA,NA
2022,JAX,ACT,LS,1,1,1,17,NA,NA
2022,JAX,ACT,OL,8,8,8,17,NA,NA
2022,JAX,ACT,PK,1,1,1,17,NA,NA
2022,JAX,ACT,PN,1,1,1,17,NA,NA
2022,JAX,ACT,QB,2,2,2,17,NA,NA
2022,JAX,ACT,RB,3,3,3,17,NA,NA
2022,JAX,ACT,S,4,4,4,17,NA,NA
2022,JAX,ACT,TE,4,4,4,17,NA,NA
2022,JAX,ACT,UNMAPPED,0,0,0,17,NA,NA
2022,JAX,ACT,WR,4.9411764705882355,4,5,17,NA,NA
2022,JAX,INA,CB,1.1764705882352942,1,2,17,NA,NA
2022,JAX,INA,DE,1,0,2,17,NA,NA
2022,JAX,INA,DT,0.47058823529411764,0,1,17,NA,NA
2022,JAX,INA,LB,0.058823529411764705,0,1,17,NA,NA
2022,JAX,INA,LS,0,0,0,17,NA,NA
2022,JAX,INA,OL,0.23529411764705882,0,1,17,NA,NA
2022,JAX,INA,PK,0,0,0,17,NA,NA
2022,JAX,INA,PN,0,0,0,17,NA,NA
2022,JAX,INA,QB,0,0,0,17,NA,NA
2022,JAX,INA,RB,0.5294117647058824,0,1,17,NA,NA
2022,JAX,INA,S,0.8235294117647058,0,1,17,NA,NA
2022,JAX,INA,TE,0,0,0,17,NA,NA
2022,JAX,INA,UNMAPPED,0,0,0,17,NA,NA
2022,JAX,INA,WR,1.0588235294117647,1,2,17,NA,NA
2022,KC,ACT,CB,5.294117647058823,4,6,17,NA,NA
2022,KC,ACT,DE,4.0588235294117645,4,5,17,NA,NA
2022,KC,ACT,DT,3.9411764705882355,3,4,17,NA,NA
2022,KC,ACT,LB,5,5,5,17,NA,NA
2022,KC,ACT,LS,1,1,1,17,NA,NA
2022,KC,ACT,OL,8,8,8,17,NA,NA
2022,KC,ACT,PK,1,1,1,17,NA,NA
2022,KC,ACT,PN,1,1,1,17,NA,NA
2022,KC,ACT,QB,2,2,2,17,NA,NA
2022,KC,ACT,RB,4,4,4,17,NA,NA
2022,KC,ACT,S,4.529411764705882,4,5,17,NA,NA
2022,KC,ACT,TE,2.9411764705882355,2,3,17,NA,NA
2022,KC,ACT,UNMAPPED,0,0,0,17,NA,NA
2022,KC,ACT,WR,5.235294117647059,5,7,17,NA,NA
2022,KC,INA,CB,0.17647058823529413,0,1,17,NA,NA
2022,KC,INA,DE,2,1,3,17,NA,NA
2022,KC,INA,DT,0.11764705882352941,0,1,17,NA,NA
2022,KC,INA,LB,0.058823529411764705,0,1,17,NA,NA
2022,KC,INA,LS,0,0,0,17,NA,NA
2022,KC,INA,OL,1.3529411764705883,1,2,17,NA,NA
2022,KC,INA,PK,0.29411764705882354,0,1,17,NA,NA
2022,KC,INA,PN,0,0,0,17,NA,NA
2022,KC,INA,QB,1,1,1,17,NA,NA
2022,KC,INA,RB,0.5882352941176471,0,1,17,NA,NA
2022,KC,INA,S,0.35294117647058826,0,1,17,NA,NA
2022,KC,INA,TE,0.058823529411764705,0,1,17,NA,NA
2022,KC,INA,UNMAPPED,0,0,0,17,NA,NA
2022,KC,INA,WR,0.47058823529411764,0,2,17,NA,NA
2022,LA,ACT,CB,5.764705882352941,4,7,17,NA,NA
2022,LA,ACT,DE,3.764705882352941,2,5,17,NA,NA
2022,LA,ACT,DT,4.764705882352941,3,6,17,NA,NA
2022,LA,ACT,LB,4.294117647058823,3,5,17,NA,NA
2022,LA,ACT,LS,1,1,1,17,NA,NA
2022,LA,ACT,OL,8,8,8,17,NA,NA
2022,LA,ACT,PK,1,1,1,17,NA,NA
2022,LA,ACT,PN,1,1,1,17,NA,NA
2022,LA,ACT,QB,2.0588235294117645,2,3,17,NA,NA
2022,LA,ACT,RB,3.5294117647058822,3,4,17,NA,NA
2022,LA,ACT,S,4.705882352941177,3,6,17,NA,NA
2022,LA,ACT,TE,2.3529411764705883,2,3,17,NA,NA
2022,LA,ACT,UNMAPPED,0,0,0,17,NA,NA
2022,LA,ACT,WR,5.764705882352941,5,7,17,NA,NA
2022,LA,INA,CB,1.2941176470588236,0,3,17,NA,NA
2022,LA,INA,DE,0.17647058823529413,0,1,17,NA,NA
2022,LA,INA,DT,0.7058823529411765,0,3,17,NA,NA
2022,LA,INA,LB,0.5294117647058824,0,1,17,NA,NA
2022,LA,INA,LS,0,0,0,17,NA,NA
2022,LA,INA,OL,1,0,2,17,NA,NA
2022,LA,INA,PK,0,0,0,17,NA,NA
2022,LA,INA,PN,0,0,0,17,NA,NA
2022,LA,INA,QB,0.8823529411764706,0,1,17,NA,NA
2022,LA,INA,RB,0.17647058823529413,0,1,17,NA,NA
2022,LA,INA,S,0.29411764705882354,0,1,17,NA,NA
2022,LA,INA,TE,0.11764705882352941,0,1,17,NA,NA
2022,LA,INA,UNMAPPED,0,0,0,17,NA,NA
2022,LA,INA,WR,0.9411764705882353,0,2,17,NA,NA
2022,LAC,ACT,CB,5.294117647058823,4,6,17,NA,NA
2022,LAC,ACT,DE,2.823529411764706,2,4,17,NA,NA
2022,LAC,ACT,DT,4.470588235294118,4,5,17,NA,NA
2022,LAC,ACT,LB,6.823529411764706,6,7,17,NA,NA
2022,LAC,ACT,LS,1,1,1,17,NA,NA
2022,LAC,ACT,OL,8,8,8,17,NA,NA
2022,LAC,ACT,PK,1,1,1,17,NA,NA
2022,LAC,ACT,PN,1,1,1,17,NA,NA
2022,LAC,ACT,QB,2.0588235294117645,2,3,17,NA,NA
2022,LAC,ACT,RB,3.9411764705882355,3,5,17,NA,NA
2022,LAC,ACT,S,3.7058823529411766,3,5,17,NA,NA
2022,LAC,ACT,TE,3.3529411764705883,3,4,17,NA,NA
2022,LAC,ACT,UNMAPPED,0,0,0,17,NA,NA
2022,LAC,ACT,WR,4.529411764705882,4,5,17,NA,NA
2022,LAC,INA,CB,0.35294117647058826,0,2,17,NA,NA
2022,LAC,INA,DE,0.23529411764705882,0,1,17,NA,NA
2022,LAC,INA,DT,0.6470588235294118,0,1,17,NA,NA
2022,LAC,INA,LB,0,0,0,17,NA,NA
2022,LAC,INA,LS,0,0,0,17,NA,NA
2022,LAC,INA,OL,0.8235294117647058,0,2,17,NA,NA
2022,LAC,INA,PK,0.29411764705882354,0,1,17,NA,NA
2022,LAC,INA,PN,0,0,0,17,NA,NA
2022,LAC,INA,QB,0.9411764705882353,0,1,17,NA,NA
2022,LAC,INA,RB,1,0,2,17,NA,NA
2022,LAC,INA,S,0.6470588235294118,0,2,17,NA,NA
2022,LAC,INA,TE,0.47058823529411764,0,1,17,NA,NA
2022,LAC,INA,UNMAPPED,0,0,0,17,NA,NA
2022,LAC,INA,WR,1.2352941176470589,0,3,17,NA,NA
2022,LV,ACT,CB,4.9411764705882355,4,5,17,NA,NA
2022,LV,ACT,DE,4.294117647058823,4,5,17,NA,NA
2022,LV,ACT,DT,4.411764705882353,4,5,17,NA,NA
2022,LV,ACT,LB,4.529411764705882,4,6,17,NA,NA
2022,LV,ACT,LS,1,1,1,17,NA,NA
2022,LV,ACT,OL,8,8,8,17,NA,NA
2022,LV,ACT,PK,1,1,1,17,NA,NA
2022,LV,ACT,PN,1,1,1,17,NA,NA
2022,LV,ACT,QB,2,2,2,17,NA,NA
2022,LV,ACT,RB,5.117647058823529,4,6,17,NA,NA
2022,LV,ACT,S,5,5,5,17,NA,NA
2022,LV,ACT,TE,2.4705882352941178,2,3,17,NA,NA
2022,LV,ACT,UNMAPPED,0,0,0,17,NA,NA
2022,LV,ACT,WR,4.235294117647059,4,5,17,NA,NA
2022,LV,INA,CB,0.47058823529411764,0,1,17,NA,NA
2022,LV,INA,DE,0.7058823529411765,0,1,17,NA,NA
2022,LV,INA,DT,1.588235294117647,1,3,17,NA,NA
2022,LV,INA,LB,0.5882352941176471,0,1,17,NA,NA
2022,LV,INA,LS,0,0,0,17,NA,NA
2022,LV,INA,OL,1.0588235294117647,0,3,17,NA,NA
2022,LV,INA,PK,0,0,0,17,NA,NA
2022,LV,INA,PN,0,0,0,17,NA,NA
2022,LV,INA,QB,0.11764705882352941,0,1,17,NA,NA
2022,LV,INA,RB,0.8823529411764706,0,2,17,NA,NA
2022,LV,INA,S,0.17647058823529413,0,1,17,NA,NA
2022,LV,INA,TE,0.5294117647058824,0,1,17,NA,NA
2022,LV,INA,UNMAPPED,0,0,0,17,NA,NA
2022,LV,INA,WR,0.23529411764705882,0,1,17,NA,NA
2022,MIA,ACT,CB,4.588235294117647,3,6,17,NA,NA
2022,MIA,ACT,DE,4.352941176470588,4,5,17,NA,NA
2022,MIA,ACT,DT,4.235294117647059,3,5,17,NA,NA
2022,MIA,ACT,LB,4.9411764705882355,4,5,17,NA,NA
2022,MIA,ACT,LS,1,1,1,17,NA,NA
2022,MIA,ACT,OL,8.058823529411764,8,9,17,NA,NA
2022,MIA,ACT,PK,1,1,1,17,NA,NA
2022,MIA,ACT,PN,1,1,1,17,NA,NA
2022,MIA,ACT,QB,2.1176470588235294,2,3,17,NA,NA
2022,MIA,ACT,RB,4,4,4,17,NA,NA
2022,MIA,ACT,S,4.588235294117647,3,6,17,NA,NA
2022,MIA,ACT,TE,3.2941176470588234,3,4,17,NA,NA
2022,MIA,ACT,UNMAPPED,0,0,0,17,NA,NA
2022,MIA,ACT,WR,4.823529411764706,4,5,17,NA,NA
2022,MIA,INA,CB,0.7647058823529411,0,2,17,NA,NA
2022,MIA,INA,DE,0.29411764705882354,0,1,17,NA,NA
2022,MIA,INA,DT,0.11764705882352941,0,1,17,NA,NA
2022,MIA,INA,LB,0.058823529411764705,0,1,17,NA,NA
2022,MIA,INA,LS,0,0,0,17,NA,NA
2022,MIA,INA,OL,0.5294117647058824,0,2,17,NA,NA
2022,MIA,INA,PK,0,0,0,17,NA,NA
2022,MIA,INA,PN,0,0,0,17,NA,NA
2022,MIA,INA,QB,0.9411764705882353,0,1,17,NA,NA
2022,MIA,INA,RB,0.9411764705882353,0,2,17,NA,NA
2022,MIA,INA,S,0.23529411764705882,0,2,17,NA,NA
2022,MIA,INA,TE,0.9411764705882353,0,2,17,NA,NA
2022,MIA,INA,UNMAPPED,0,0,0,17,NA,NA
2022,MIA,INA,WR,1.411764705882353,1,2,17,NA,NA
2022,MIN,ACT,CB,5.529411764705882,5,6,17,NA,NA
2022,MIN,ACT,DE,4.470588235294118,3,5,17,NA,NA
2022,MIN,ACT,DT,4.352941176470588,4,5,17,NA,NA
2022,MIN,ACT,LB,4.529411764705882,4,6,17,NA,NA
2022,MIN,ACT,LS,1,1,1,17,NA,NA
2022,MIN,ACT,OL,8,8,8,17,NA,NA
2022,MIN,ACT,PK,1,1,1,17,NA,NA
2022,MIN,ACT,PN,1,1,1,17,NA,NA
2022,MIN,ACT,QB,2,2,2,17,NA,NA
2022,MIN,ACT,RB,4.176470588235294,4,5,17,NA,NA
2022,MIN,ACT,S,3.9411764705882355,3,4,17,NA,NA
2022,MIN,ACT,TE,3,3,3,17,NA,NA
2022,MIN,ACT,UNMAPPED,0,0,0,17,NA,NA
2022,MIN,ACT,WR,5,5,5,17,NA,NA
2022,MIN,INA,CB,0.7058823529411765,0,2,17,NA,NA
2022,MIN,INA,DE,0.7058823529411765,0,2,17,NA,NA
2022,MIN,INA,DT,1.2352941176470589,0,2,17,NA,NA
2022,MIN,INA,LB,0.8823529411764706,0,1,17,NA,NA
2022,MIN,INA,LS,0,0,0,17,NA,NA
2022,MIN,INA,OL,1.8823529411764706,1,2,17,NA,NA
2022,MIN,INA,PK,0,0,0,17,NA,NA
2022,MIN,INA,PN,0,0,0,17,NA,NA
2022,MIN,INA,QB,0,0,0,17,NA,NA
2022,MIN,INA,RB,0.23529411764705882,0,1,17,NA,NA
2022,MIN,INA,S,0.29411764705882354,0,1,17,NA,NA
2022,MIN,INA,TE,0.058823529411764705,0,1,17,NA,NA
2022,MIN,INA,UNMAPPED,0,0,0,17,NA,NA
2022,MIN,INA,WR,0.11764705882352941,0,1,17,NA,NA
2022,NE,ACT,CB,4.705882352941177,4,5,17,NA,NA
2022,NE,ACT,DE,3.823529411764706,3,4,17,NA,NA
2022,NE,ACT,DT,4.529411764705882,4,5,17,NA,NA
2022,NE,ACT,LB,5.235294117647059,5,6,17,NA,NA
2022,NE,ACT,LS,1,1,1,17,NA,NA
2022,NE,ACT,OL,7.9411764705882355,7,8,17,NA,NA
2022,NE,ACT,PK,1.1176470588235294,1,2,17,NA,NA
2022,NE,ACT,PN,1,1,1,17,NA,NA
2022,NE,ACT,QB,2,2,2,17,NA,NA
2022,NE,ACT,RB,2.9411764705882355,2,3,17,NA,NA
2022,NE,ACT,S,5.352941176470588,4,6,17,NA,NA
2022,NE,ACT,TE,2.0588235294117645,2,3,17,NA,NA
2022,NE,ACT,UNMAPPED,0,0,0,17,NA,NA
2022,NE,ACT,WR,6.235294117647059,5,7,17,NA,NA
2022,NE,INA,CB,1.3529411764705883,1,3,17,NA,NA
2022,NE,INA,DE,0.17647058823529413,0,1,17,NA,NA
2022,NE,INA,DT,1.1176470588235294,1,2,17,NA,NA
2022,NE,INA,LB,0.17647058823529413,0,1,17,NA,NA
2022,NE,INA,LS,0,0,0,17,NA,NA
2022,NE,INA,OL,0.5882352941176471,0,2,17,NA,NA
2022,NE,INA,PK,0,0,0,17,NA,NA
2022,NE,INA,PN,0,0,0,17,NA,NA
2022,NE,INA,QB,0.35294117647058826,0,1,17,NA,NA
2022,NE,INA,RB,0.9411764705882353,0,2,17,NA,NA
2022,NE,INA,S,1,0,2,17,NA,NA
2022,NE,INA,TE,0.17647058823529413,0,1,17,NA,NA
2022,NE,INA,UNMAPPED,0,0,0,17,NA,NA
2022,NE,INA,WR,0.5882352941176471,0,2,17,NA,NA
2022,NO,ACT,CB,4.294117647058823,3,6,17,NA,NA
2022,NO,ACT,DE,4.176470588235294,4,5,17,NA,NA
2022,NO,ACT,DT,3.8823529411764706,3,4,17,NA,NA
2022,NO,ACT,LB,5.529411764705882,5,6,17,NA,NA
2022,NO,ACT,LS,1,1,1,17,NA,NA
2022,NO,ACT,OL,7.882352941176471,7,8,17,NA,NA
2022,NO,ACT,PK,1,1,1,17,NA,NA
2022,NO,ACT,PN,1,1,1,17,NA,NA
2022,NO,ACT,QB,2,2,2,17,NA,NA
2022,NO,ACT,RB,3.588235294117647,3,4,17,NA,NA
2022,NO,ACT,S,4.9411764705882355,4,6,17,NA,NA
2022,NO,ACT,TE,3.411764705882353,3,4,17,NA,NA
2022,NO,ACT,UNMAPPED,0,0,0,17,NA,NA
2022,NO,ACT,WR,5.176470588235294,5,6,17,NA,NA
2022,NO,INA,CB,0.8235294117647058,0,2,17,NA,NA
2022,NO,INA,DE,0.8823529411764706,0,2,17,NA,NA
2022,NO,INA,DT,0,0,0,17,NA,NA
2022,NO,INA,LB,0.35294117647058826,0,1,17,NA,NA
2022,NO,INA,LS,0,0,0,17,NA,NA
2022,NO,INA,OL,1.0588235294117647,1,2,17,NA,NA
2022,NO,INA,PK,0,0,0,17,NA,NA
2022,NO,INA,PN,0,0,0,17,NA,NA
2022,NO,INA,QB,0.11764705882352941,0,1,17,NA,NA
2022,NO,INA,RB,0.7058823529411765,0,2,17,NA,NA
2022,NO,INA,S,0.8235294117647058,0,2,17,NA,NA
2022,NO,INA,TE,0.7058823529411765,0,1,17,NA,NA
2022,NO,INA,UNMAPPED,0,0,0,17,NA,NA
2022,NO,INA,WR,1.1176470588235294,0,3,17,NA,NA
2022,NYG,ACT,CB,4.9411764705882355,4,6,17,NA,NA
2022,NYG,ACT,DE,5.0588235294117645,3,7,17,NA,NA
2022,NYG,ACT,DT,4.176470588235294,3,5,17,NA,NA
2022,NYG,ACT,LB,4.882352941176471,4,6,17,NA,NA
2022,NYG,ACT,LS,1,1,1,17,NA,NA
2022,NYG,ACT,OL,8.294117647058824,8,9,17,NA,NA
2022,NYG,ACT,PK,1,1,1,17,NA,NA
2022,NYG,ACT,PN,1,1,1,17,NA,NA
2022,NYG,ACT,QB,2.0588235294117645,2,3,17,NA,NA
2022,NYG,ACT,RB,4,2,5,17,NA,NA
2022,NYG,ACT,S,4.176470588235294,3,5,17,NA,NA
2022,NYG,ACT,TE,2.176470588235294,2,3,17,NA,NA
2022,NYG,ACT,UNMAPPED,0,0,0,17,NA,NA
2022,NYG,ACT,WR,5.235294117647059,4,6,17,NA,NA
2022,NYG,INA,CB,1.4705882352941178,0,3,17,NA,NA
2022,NYG,INA,DE,0.7058823529411765,0,2,17,NA,NA
2022,NYG,INA,DT,0.35294117647058826,0,2,17,NA,NA
2022,NYG,INA,LB,0.47058823529411764,0,1,17,NA,NA
2022,NYG,INA,LS,0,0,0,17,NA,NA
2022,NYG,INA,OL,1.3529411764705883,0,4,17,NA,NA
2022,NYG,INA,PK,0,0,0,17,NA,NA
2022,NYG,INA,PN,0,0,0,17,NA,NA
2022,NYG,INA,QB,0.11764705882352941,0,1,17,NA,NA
2022,NYG,INA,RB,0.11764705882352941,0,1,17,NA,NA
2022,NYG,INA,S,0.35294117647058826,0,1,17,NA,NA
2022,NYG,INA,TE,0.4117647058823529,0,1,17,NA,NA
2022,NYG,INA,UNMAPPED,0,0,0,17,NA,NA
2022,NYG,INA,WR,1.1764705882352942,0,3,17,NA,NA
2022,NYJ,ACT,CB,5.0588235294117645,5,6,17,NA,NA
2022,NYJ,ACT,DE,5.705882352941177,5,6,17,NA,NA
2022,NYJ,ACT,DT,4,4,4,17,NA,NA
2022,NYJ,ACT,LB,5,5,5,17,NA,NA
2022,NYJ,ACT,LS,1,1,1,17,NA,NA
2022,NYJ,ACT,OL,8,8,8,17,NA,NA
2022,NYJ,ACT,PK,1,1,1,17,NA,NA
2022,NYJ,ACT,PN,1,1,1,17,NA,NA
2022,NYJ,ACT,QB,2.1176470588235294,2,3,17,NA,NA
2022,NYJ,ACT,RB,3,3,3,17,NA,NA
2022,NYJ,ACT,S,4.117647058823529,4,5,17,NA,NA
2022,NYJ,ACT,TE,3.0588235294117645,3,4,17,NA,NA
2022,NYJ,ACT,UNMAPPED,0,0,0,17,NA,NA
2022,NYJ,ACT,WR,4.9411764705882355,4,5,17,NA,NA
2022,NYJ,INA,CB,0.8823529411764706,0,1,17,NA,NA
2022,NYJ,INA,DE,0.5294117647058824,0,1,17,NA,NA
2022,NYJ,INA,DT,0.17647058823529413,0,1,17,NA,NA
2022,NYJ,INA,LB,0.11764705882352941,0,1,17,NA,NA
2022,NYJ,INA,LS,0,0,0,17,NA,NA
2022,NYJ,INA,OL,0.29411764705882354,0,1,17,NA,NA
2022,NYJ,INA,PK,0,0,0,17,NA,NA
2022,NYJ,INA,PN,0,0,0,17,NA,NA
2022,NYJ,INA,QB,1.0588235294117647,1,2,17,NA,NA
2022,NYJ,INA,RB,0.5882352941176471,0,1,17,NA,NA
2022,NYJ,INA,S,0.7058823529411765,0,1,17,NA,NA
2022,NYJ,INA,TE,0.9411764705882353,0,2,17,NA,NA
2022,NYJ,INA,UNMAPPED,0,0,0,17,NA,NA
2022,NYJ,INA,WR,1,0,2,17,NA,NA
2022,PHI,ACT,CB,5.882352941176471,4,7,17,NA,NA
2022,PHI,ACT,DE,3.588235294117647,3,4,17,NA,NA
2022,PHI,ACT,DT,5.294117647058823,4,6,17,NA,NA
2022,PHI,ACT,LB,6.117647058823529,5,7,17,NA,NA
2022,PHI,ACT,LS,1,1,1,17,NA,NA
2022,PHI,ACT,OL,8.117647058823529,8,9,17,NA,NA
2022,PHI,ACT,PK,1,1,1,17,NA,NA
2022,PHI,ACT,PN,1,1,1,17,NA,NA
2022,PHI,ACT,QB,2,2,2,17,NA,NA
2022,PHI,ACT,RB,3,3,3,17,NA,NA
2022,PHI,ACT,S,3,2,4,17,NA,NA
2022,PHI,ACT,TE,3,3,3,17,NA,NA
2022,PHI,ACT,UNMAPPED,0,0,0,17,NA,NA
2022,PHI,ACT,WR,5,5,5,17,NA,NA
2022,PHI,INA,CB,0.6470588235294118,0,1,17,NA,NA
2022,PHI,INA,DE,0.7058823529411765,0,1,17,NA,NA
2022,PHI,INA,DT,0,0,0,17,NA,NA
2022,PHI,INA,LB,0.17647058823529413,0,1,17,NA,NA
2022,PHI,INA,LS,0,0,0,17,NA,NA
2022,PHI,INA,OL,1.5294117647058822,1,2,17,NA,NA
2022,PHI,INA,PK,0.058823529411764705,0,1,17,NA,NA
2022,PHI,INA,PN,0,0,0,17,NA,NA
2022,PHI,INA,QB,1,1,1,17,NA,NA
2022,PHI,INA,RB,1,1,1,17,NA,NA
2022,PHI,INA,S,0.4117647058823529,0,1,17,NA,NA
2022,PHI,INA,TE,0.11764705882352941,0,1,17,NA,NA
2022,PHI,INA,UNMAPPED,0,0,0,17,NA,NA
2022,PHI,INA,WR,0,0,0,17,NA,NA
2022,PIT,ACT,CB,4.411764705882353,4,5,17,NA,NA
2022,PIT,ACT,DE,3.5294117647058822,3,4,17,NA,NA
2022,PIT,ACT,DT,6.176470588235294,6,7,17,NA,NA
2022,PIT,ACT,LB,4.352941176470588,4,6,17,NA,NA
2022,PIT,ACT,LS,1,1,1,17,NA,NA
2022,PIT,ACT,OL,8,8,8,17,NA,NA
2022,PIT,ACT,PK,1,1,1,17,NA,NA
2022,PIT,ACT,PN,1,1,1,17,NA,NA
2022,PIT,ACT,QB,2,2,2,17,NA,NA
2022,PIT,ACT,RB,4,4,4,17,NA,NA
2022,PIT,ACT,S,4.470588235294118,4,5,17,NA,NA
2022,PIT,ACT,TE,2.9411764705882355,2,3,17,NA,NA
2022,PIT,ACT,UNMAPPED,0,0,0,17,NA,NA
2022,PIT,ACT,WR,5.117647058823529,5,6,17,NA,NA
2022,PIT,INA,CB,0.9411764705882353,0,3,17,NA,NA
2022,PIT,INA,DE,0.4117647058823529,0,1,17,NA,NA
2022,PIT,INA,DT,0.6470588235294118,0,1,17,NA,NA
2022,PIT,INA,LB,1,0,2,17,NA,NA
2022,PIT,INA,LS,0,0,0,17,NA,NA
2022,PIT,INA,OL,1,1,1,17,NA,NA
2022,PIT,INA,PK,0.058823529411764705,0,1,17,NA,NA
2022,PIT,INA,PN,0,0,0,17,NA,NA
2022,PIT,INA,QB,1,1,1,17,NA,NA
2022,PIT,INA,RB,0.11764705882352941,0,1,17,NA,NA
2022,PIT,INA,S,0.4117647058823529,0,2,17,NA,NA
2022,PIT,INA,TE,0.058823529411764705,0,1,17,NA,NA
2022,PIT,INA,UNMAPPED,0,0,0,17,NA,NA
2022,PIT,INA,WR,0.4117647058823529,0,1,17,NA,NA
2022,SEA,ACT,CB,5.235294117647059,4,6,17,NA,NA
2022,SEA,ACT,DE,3.588235294117647,3,4,17,NA,NA
2022,SEA,ACT,DT,5.764705882352941,5,6,17,NA,NA
2022,SEA,ACT,LB,3.7058823529411766,3,4,17,NA,NA
2022,SEA,ACT,LS,1,1,1,17,NA,NA
2022,SEA,ACT,OL,8,8,8,17,NA,NA
2022,SEA,ACT,PK,1,1,1,17,NA,NA
2022,SEA,ACT,PN,1,1,1,17,NA,NA
2022,SEA,ACT,QB,2,2,2,17,NA,NA
2022,SEA,ACT,RB,4.470588235294118,4,5,17,NA,NA
2022,SEA,ACT,S,4.117647058823529,3,5,17,NA,NA
2022,SEA,ACT,TE,3,3,3,17,NA,NA
2022,SEA,ACT,UNMAPPED,0,0,0,17,NA,NA
2022,SEA,ACT,WR,5.117647058823529,4,6,17,NA,NA
2022,SEA,INA,CB,1.411764705882353,0,3,17,NA,NA
2022,SEA,INA,DE,0.058823529411764705,0,1,17,NA,NA
2022,SEA,INA,DT,1.0588235294117647,0,2,17,NA,NA
2022,SEA,INA,LB,0.17647058823529413,0,2,17,NA,NA
2022,SEA,INA,LS,0.058823529411764705,0,1,17,NA,NA
2022,SEA,INA,OL,1,1,1,17,NA,NA
2022,SEA,INA,PK,0,0,0,17,NA,NA
2022,SEA,INA,PN,0,0,0,17,NA,NA
2022,SEA,INA,QB,0,0,0,17,NA,NA
2022,SEA,INA,RB,0.7647058823529411,0,2,17,NA,NA
2022,SEA,INA,S,0.8235294117647058,0,1,17,NA,NA
2022,SEA,INA,TE,0,0,0,17,NA,NA
2022,SEA,INA,UNMAPPED,0,0,0,17,NA,NA
2022,SEA,INA,WR,0.8823529411764706,0,2,17,NA,NA
2022,SF,ACT,CB,4.470588235294118,4,6,17,NA,NA
2022,SF,ACT,DE,4.470588235294118,4,5,17,NA,NA
2022,SF,ACT,DT,4.352941176470588,4,5,17,NA,NA
2022,SF,ACT,LB,4.764705882352941,4,5,17,NA,NA
2022,SF,ACT,LS,1,1,1,17,NA,NA
2022,SF,ACT,OL,8,8,8,17,NA,NA
2022,SF,ACT,PK,1,1,1,17,NA,NA
2022,SF,ACT,PN,1,1,1,17,NA,NA
2022,SF,ACT,QB,2,2,2,17,NA,NA
2022,SF,ACT,RB,4.235294117647059,4,5,17,NA,NA
2022,SF,ACT,S,4.470588235294118,3,5,17,NA,NA
2022,SF,ACT,TE,3.235294117647059,3,4,17,NA,NA
2022,SF,ACT,UNMAPPED,0,0,0,17,NA,NA
2022,SF,ACT,WR,5.176470588235294,5,6,17,NA,NA
2022,SF,INA,CB,0.23529411764705882,0,1,17,NA,NA
2022,SF,INA,DE,0.7647058823529411,0,2,17,NA,NA
2022,SF,INA,DT,1.0588235294117647,0,2,17,NA,NA
2022,SF,INA,LB,0.47058823529411764,0,1,17,NA,NA
2022,SF,INA,LS,0,0,0,17,NA,NA
2022,SF,INA,OL,1.1764705882352942,0,2,17,NA,NA
2022,SF,INA,PK,0,0,0,17,NA,NA
2022,SF,INA,PN,0,0,0,17,NA,NA
2022,SF,INA,QB,0.4117647058823529,0,1,17,NA,NA
2022,SF,INA,RB,0.6470588235294118,0,2,17,NA,NA
2022,SF,INA,S,0.29411764705882354,0,1,17,NA,NA
2022,SF,INA,TE,0.7647058823529411,0,1,17,NA,NA
2022,SF,INA,UNMAPPED,0,0,0,17,NA,NA
2022,SF,INA,WR,0.47058823529411764,0,2,17,NA,NA
2022,TB,ACT,CB,4.647058823529412,4,6,17,NA,NA
2022,TB,ACT,DE,3.0588235294117645,2,4,17,NA,NA
2022,TB,ACT,DT,6.294117647058823,6,7,17,NA,NA
2022,TB,ACT,LB,5,4,6,17,NA,NA
2022,TB,ACT,LS,1,1,1,17,NA,NA
2022,TB,ACT,OL,8,8,8,17,NA,NA
2022,TB,ACT,PK,1,1,1,17,NA,NA
2022,TB,ACT,PN,1,1,1,17,NA,NA
2022,TB,ACT,QB,2.1176470588235294,2,3,17,NA,NA
2022,TB,ACT,RB,3.3529411764705883,3,4,17,NA,NA
2022,TB,ACT,S,3.3529411764705883,2,4,17,NA,NA
2022,TB,ACT,TE,3.176470588235294,3,4,17,NA,NA
2022,TB,ACT,UNMAPPED,0,0,0,17,NA,NA
2022,TB,ACT,WR,6,6,6,17,NA,NA
2022,TB,INA,CB,0.8823529411764706,0,2,17,NA,NA
2022,TB,INA,DE,0.058823529411764705,0,1,17,NA,NA
2022,TB,INA,DT,0.5882352941176471,0,1,17,NA,NA
2022,TB,INA,LB,0.29411764705882354,0,1,17,NA,NA
2022,TB,INA,LS,0,0,0,17,NA,NA
2022,TB,INA,OL,0.8235294117647058,0,2,17,NA,NA
2022,TB,INA,PK,0,0,0,17,NA,NA
2022,TB,INA,PN,0,0,0,17,NA,NA
2022,TB,INA,QB,0.8823529411764706,0,1,17,NA,NA
2022,TB,INA,RB,0.17647058823529413,0,1,17,NA,NA
2022,TB,INA,S,0.7647058823529411,0,2,17,NA,NA
2022,TB,INA,TE,0.8235294117647058,0,1,17,NA,NA
2022,TB,INA,UNMAPPED,0,0,0,17,NA,NA
2022,TB,INA,WR,1.2941176470588236,1,3,17,NA,NA
2022,TEN,ACT,CB,5.882352941176471,4,7,17,NA,NA
2022,TEN,ACT,DE,2.823529411764706,2,4,17,NA,NA
2022,TEN,ACT,DT,5.9411764705882355,5,7,17,NA,NA
2022,TEN,ACT,LB,4.588235294117647,4,5,17,NA,NA
2022,TEN,ACT,LS,1,1,1,17,NA,NA
2022,TEN,ACT,OL,8,8,8,17,NA,NA
2022,TEN,ACT,PK,1,1,1,17,NA,NA
2022,TEN,ACT,PN,1,1,1,17,NA,NA
2022,TEN,ACT,QB,2,2,2,17,NA,NA
2022,TEN,ACT,RB,3.7058823529411766,3,5,17,NA,NA
2022,TEN,ACT,S,3.411764705882353,3,5,17,NA,NA
2022,TEN,ACT,TE,3.823529411764706,3,4,17,NA,NA
2022,TEN,ACT,UNMAPPED,0,0,0,17,NA,NA
2022,TEN,ACT,WR,4.764705882352941,4,6,17,NA,NA
2022,TEN,INA,CB,1,0,3,17,NA,NA
2022,TEN,INA,DE,0.8823529411764706,0,2,17,NA,NA
2022,TEN,INA,DT,0.8823529411764706,0,2,17,NA,NA
2022,TEN,INA,LB,0.5882352941176471,0,2,17,NA,NA
2022,TEN,INA,LS,0,0,0,17,NA,NA
2022,TEN,INA,OL,0.7647058823529411,0,1,17,NA,NA
2022,TEN,INA,PK,0.11764705882352941,0,1,17,NA,NA
2022,TEN,INA,PN,0,0,0,17,NA,NA
2022,TEN,INA,QB,0.17647058823529413,0,1,17,NA,NA
2022,TEN,INA,RB,0.5882352941176471,0,2,17,NA,NA
2022,TEN,INA,S,1,0,3,17,NA,NA
2022,TEN,INA,TE,0.058823529411764705,0,1,17,NA,NA
2022,TEN,INA,UNMAPPED,0,0,0,17,NA,NA
2022,TEN,INA,WR,0.4117647058823529,0,2,17,NA,NA
2022,WAS,ACT,CB,4.705882352941177,4,6,17,NA,NA
2022,WAS,ACT,DE,4.764705882352941,4,5,17,NA,NA
2022,WAS,ACT,DT,4.0588235294117645,4,5,17,NA,NA
2022,WAS,ACT,LB,4.882352941176471,4,5,17,NA,NA
2022,WAS,ACT,LS,1,1,1,17,NA,NA
2022,WAS,ACT,OL,8,8,8,17,NA,NA
2022,WAS,ACT,PK,1,1,1,17,NA,NA
2022,WAS,ACT,PN,1,1,1,17,NA,NA
2022,WAS,ACT,QB,2,2,2,17,NA,NA
2022,WAS,ACT,RB,3.235294117647059,3,4,17,NA,NA
2022,WAS,ACT,S,4.588235294117647,4,5,17,NA,NA
2022,WAS,ACT,TE,3.0588235294117645,3,4,17,NA,NA
2022,WAS,ACT,UNMAPPED,0,0,0,17,NA,NA
2022,WAS,ACT,WR,5.705882352941177,5,6,17,NA,NA
2022,WAS,INA,CB,0.8235294117647058,0,1,17,NA,NA
2022,WAS,INA,DE,0.7058823529411765,0,3,17,NA,NA
2022,WAS,INA,DT,0.058823529411764705,0,1,17,NA,NA
2022,WAS,INA,LB,0.6470588235294118,0,2,17,NA,NA
2022,WAS,INA,LS,0,0,0,17,NA,NA
2022,WAS,INA,OL,1.3529411764705883,1,2,17,NA,NA
2022,WAS,INA,PK,0,0,0,17,NA,NA
2022,WAS,INA,PN,0,0,0,17,NA,NA
2022,WAS,INA,QB,0.5882352941176471,0,1,17,NA,NA
2022,WAS,INA,RB,0.47058823529411764,0,2,17,NA,NA
2022,WAS,INA,S,0.4117647058823529,0,1,17,NA,NA
2022,WAS,INA,TE,0.5882352941176471,0,1,17,NA,NA
2022,WAS,INA,UNMAPPED,0,0,0,17,NA,NA
2022,WAS,INA,WR,0.5294117647058824,0,2,17,NA,NA
2023,ARI,ACT,CB,6.235294117647059,5,7,17,NA,NA
2023,ARI,ACT,DE,5.764705882352941,5,6,17,NA,NA
2023,ARI,ACT,DT,5,5,5,17,NA,NA
2023,ARI,ACT,LB,4.294117647058823,4,5,17,NA,NA
2023,ARI,ACT,LS,1,1,1,17,NA,NA
2023,ARI,ACT,OL,8,8,8,17,NA,NA
2023,ARI,ACT,PK,1,1,1,17,NA,NA
2023,ARI,ACT,PN,1,1,1,17,NA,NA
2023,ARI,ACT,QB,2,2,2,17,NA,NA
2023,ARI,ACT,RB,3,3,3,17,NA,NA
2023,ARI,ACT,S,2.6470588235294117,2,3,17,NA,NA
2023,ARI,ACT,TE,3.1176470588235294,3,4,17,NA,NA
2023,ARI,ACT,UNMAPPED,0,0,0,17,NA,NA
2023,ARI,ACT,WR,4.9411764705882355,4,6,17,NA,NA
2023,ARI,INA,CB,1.1764705882352942,0,2,17,NA,NA
2023,ARI,INA,DE,0.47058823529411764,0,2,17,NA,NA
2023,ARI,INA,DT,0.4117647058823529,0,1,17,NA,NA
2023,ARI,INA,LB,0.47058823529411764,0,1,17,NA,NA
2023,ARI,INA,LS,0,0,0,17,NA,NA
2023,ARI,INA,OL,1.7647058823529411,1,3,17,NA,NA
2023,ARI,INA,PK,0,0,0,17,NA,NA
2023,ARI,INA,PN,0,0,0,17,NA,NA
2023,ARI,INA,QB,0,0,0,17,NA,NA
2023,ARI,INA,RB,0.47058823529411764,0,2,17,NA,NA
2023,ARI,INA,S,0.29411764705882354,0,1,17,NA,NA
2023,ARI,INA,TE,0.8823529411764706,0,1,17,NA,NA
2023,ARI,INA,UNMAPPED,0,0,0,17,NA,NA
2023,ARI,INA,WR,0.5294117647058824,0,2,17,NA,NA
2023,ATL,ACT,CB,5.352941176470588,5,6,17,NA,NA
2023,ATL,ACT,DE,5,4,6,17,NA,NA
2023,ATL,ACT,DT,5.117647058823529,5,6,17,NA,NA
2023,ATL,ACT,LB,3.176470588235294,2,4,17,NA,NA
2023,ATL,ACT,LS,1,1,1,17,NA,NA
2023,ATL,ACT,OL,8,8,8,17,NA,NA
2023,ATL,ACT,PK,1,1,1,17,NA,NA
2023,ATL,ACT,PN,1,1,1,17,NA,NA
2023,ATL,ACT,QB,2,2,2,17,NA,NA
2023,ATL,ACT,RB,3.7058823529411766,3,4,17,NA,NA
2023,ATL,ACT,S,3.9411764705882355,3,5,17,NA,NA
2023,ATL,ACT,TE,4.0588235294117645,3,5,17,NA,NA
2023,ATL,ACT,UNMAPPED,0,0,0,17,NA,NA
2023,ATL,ACT,WR,4.647058823529412,4,5,17,NA,NA
2023,ATL,INA,CB,0.7647058823529411,0,2,17,NA,NA
2023,ATL,INA,DE,0.11764705882352941,0,1,17,NA,NA
2023,ATL,INA,DT,1.8823529411764706,0,3,17,NA,NA
2023,ATL,INA,LB,0.23529411764705882,0,1,17,NA,NA
2023,ATL,INA,LS,0,0,0,17,NA,NA
2023,ATL,INA,OL,1.2941176470588236,1,2,17,NA,NA
2023,ATL,INA,PK,0,0,0,17,NA,NA
2023,ATL,INA,PN,0.11764705882352941,0,1,17,NA,NA
2023,ATL,INA,QB,1,1,1,17,NA,NA
2023,ATL,INA,RB,0.23529411764705882,0,1,17,NA,NA
2023,ATL,INA,S,0.11764705882352941,0,1,17,NA,NA
2023,ATL,INA,TE,0.47058823529411764,0,1,17,NA,NA
2023,ATL,INA,UNMAPPED,0,0,0,17,NA,NA
2023,ATL,INA,WR,0.5294117647058824,0,1,17,NA,NA
2023,BAL,ACT,CB,5.294117647058823,4,6,17,NA,NA
2023,BAL,ACT,DE,2.9411764705882355,2,4,17,NA,NA
2023,BAL,ACT,DT,4.9411764705882355,4,5,17,NA,NA
2023,BAL,ACT,LB,6.176470588235294,5,7,17,NA,NA
2023,BAL,ACT,LS,1,1,1,17,NA,NA
2023,BAL,ACT,OL,8.117647058823529,8,9,17,NA,NA
2023,BAL,ACT,PK,1,1,1,17,NA,NA
2023,BAL,ACT,PN,1,1,1,17,NA,NA
2023,BAL,ACT,QB,2.0588235294117645,2,3,17,NA,NA
2023,BAL,ACT,RB,4,4,4,17,NA,NA
2023,BAL,ACT,S,3.5294117647058822,3,5,17,NA,NA
2023,BAL,ACT,TE,2.5294117647058822,2,3,17,NA,NA
2023,BAL,ACT,UNMAPPED,0,0,0,17,NA,NA
2023,BAL,ACT,WR,5.411764705882353,4,6,17,NA,NA
2023,BAL,INA,CB,1.4705882352941178,1,3,17,NA,NA
2023,BAL,INA,DE,0.23529411764705882,0,1,17,NA,NA
2023,BAL,INA,DT,0.058823529411764705,0,1,17,NA,NA
2023,BAL,INA,LB,0.35294117647058826,0,2,17,NA,NA
2023,BAL,INA,LS,0,0,0,17,NA,NA
2023,BAL,INA,OL,1.8823529411764706,1,2,17,NA,NA
2023,BAL,INA,PK,0,0,0,17,NA,NA
2023,BAL,INA,PN,0,0,0,17,NA,NA
2023,BAL,INA,QB,1.1176470588235294,0,2,17,NA,NA
2023,BAL,INA,RB,0.11764705882352941,0,1,17,NA,NA
2023,BAL,INA,S,0.47058823529411764,0,1,17,NA,NA
2023,BAL,INA,TE,0.17647058823529413,0,1,17,NA,NA
2023,BAL,INA,UNMAPPED,0,0,0,17,NA,NA
2023,BAL,INA,WR,0.4117647058823529,0,2,17,NA,NA
2023,BUF,ACT,CB,5.0588235294117645,5,6,17,NA,NA
2023,BUF,ACT,DE,5.235294117647059,4,6,17,NA,NA
2023,BUF,ACT,DT,4.176470588235294,4,5,17,NA,NA
2023,BUF,ACT,LB,4.9411764705882355,4,5,17,NA,NA
2023,BUF,ACT,LS,1,1,1,17,NA,NA
2023,BUF,ACT,OL,8,8,8,17,NA,NA
2023,BUF,ACT,PK,1,1,1,17,NA,NA
2023,BUF,ACT,PN,1,1,1,17,NA,NA
2023,BUF,ACT,QB,2,2,2,17,NA,NA
2023,BUF,ACT,RB,4,4,4,17,NA,NA
2023,BUF,ACT,S,4,4,4,17,NA,NA
2023,BUF,ACT,TE,2.5294117647058822,1,3,17,NA,NA
2023,BUF,ACT,UNMAPPED,0,0,0,17,NA,NA
2023,BUF,ACT,WR,5.0588235294117645,5,6,17,NA,NA
2023,BUF,INA,CB,0.6470588235294118,0,1,17,NA,NA
2023,BUF,INA,DE,0.5294117647058824,0,2,17,NA,NA
2023,BUF,INA,DT,0.7058823529411765,0,1,17,NA,NA
2023,BUF,INA,LB,0.47058823529411764,0,2,17,NA,NA
2023,BUF,INA,LS,0,0,0,17,NA,NA
2023,BUF,INA,OL,1.8823529411764706,1,2,17,NA,NA
2023,BUF,INA,PK,0,0,0,17,NA,NA
2023,BUF,INA,PN,0,0,0,17,NA,NA
2023,BUF,INA,QB,0,0,0,17,NA,NA
2023,BUF,INA,RB,0.11764705882352941,0,1,17,NA,NA
2023,BUF,INA,S,1,1,1,17,NA,NA
2023,BUF,INA,TE,0.17647058823529413,0,1,17,NA,NA
2023,BUF,INA,UNMAPPED,0,0,0,17,NA,NA
2023,BUF,INA,WR,0.058823529411764705,0,1,17,NA,NA
2023,CAR,ACT,CB,4.882352941176471,4,5,17,NA,NA
2023,CAR,ACT,DE,4.235294117647059,3,5,17,NA,NA
2023,CAR,ACT,DT,5.235294117647059,5,6,17,NA,NA
2023,CAR,ACT,LB,4.647058823529412,4,6,17,NA,NA
2023,CAR,ACT,LS,1,1,1,17,NA,NA
2023,CAR,ACT,OL,8.058823529411764,8,9,17,NA,NA
2023,CAR,ACT,PK,1,1,1,17,NA,NA
2023,CAR,ACT,PN,1,1,1,17,NA,NA
2023,CAR,ACT,QB,2,2,2,17,NA,NA
2023,CAR,ACT,RB,2.6470588235294117,2,3,17,NA,NA
2023,CAR,ACT,S,5.0588235294117645,4,6,17,NA,NA
2023,CAR,ACT,TE,3.1176470588235294,2,4,17,NA,NA
2023,CAR,ACT,UNMAPPED,0,0,0,17,NA,NA
2023,CAR,ACT,WR,5.117647058823529,4,6,17,NA,NA
2023,CAR,INA,CB,0.9411764705882353,0,2,17,NA,NA
2023,CAR,INA,DE,0.4117647058823529,0,1,17,NA,NA
2023,CAR,INA,DT,0.17647058823529413,0,1,17,NA,NA
2023,CAR,INA,LB,0.35294117647058826,0,1,17,NA,NA
2023,CAR,INA,LS,0,0,0,17,NA,NA
2023,CAR,INA,OL,1.588235294117647,1,3,17,NA,NA
2023,CAR,INA,PK,0.058823529411764705,0,1,17,NA,NA
2023,CAR,INA,PN,0,0,0,17,NA,NA
2023,CAR,INA,QB,0.058823529411764705,0,1,17,NA,NA
2023,CAR,INA,RB,0.35294117647058826,0,1,17,NA,NA
2023,CAR,INA,S,0.5882352941176471,0,2,17,NA,NA
2023,CAR,INA,TE,0.47058823529411764,0,2,17,NA,NA
2023,CAR,INA,UNMAPPED,0,0,0,17,NA,NA
2023,CAR,INA,WR,1,0,2,17,NA,NA
2023,CHI,ACT,CB,5.647058823529412,5,6,17,NA,NA
2023,CHI,ACT,DE,3,3,3,17,NA,NA
2023,CHI,ACT,DT,5,5,5,17,NA,NA
2023,CHI,ACT,LB,5,5,5,17,NA,NA
2023,CHI,ACT,LS,1,1,1,17,NA,NA
2023,CHI,ACT,OL,8,8,8,17,NA,NA
2023,CHI,ACT,PK,1,1,1,17,NA,NA
2023,CHI,ACT,PN,1,1,1,17,NA,NA
2023,CHI,ACT,QB,2,2,2,17,NA,NA
2023,CHI,ACT,RB,4.294117647058823,3,5,17,NA,NA
2023,CHI,ACT,S,3.5294117647058822,3,5,17,NA,NA
2023,CHI,ACT,TE,3.0588235294117645,3,4,17,NA,NA
2023,CHI,ACT,UNMAPPED,0,0,0,17,NA,NA
2023,CHI,ACT,WR,5.470588235294118,5,6,17,NA,NA
2023,CHI,INA,CB,0.6470588235294118,0,2,17,NA,NA
2023,CHI,INA,DE,0.5294117647058824,0,1,17,NA,NA
2023,CHI,INA,DT,0,0,0,17,NA,NA
2023,CHI,INA,LB,0.47058823529411764,0,2,17,NA,NA
2023,CHI,INA,LS,0,0,0,17,NA,NA
2023,CHI,INA,OL,0.8823529411764706,0,2,17,NA,NA
2023,CHI,INA,PK,0,0,0,17,NA,NA
2023,CHI,INA,PN,0,0,0,17,NA,NA
2023,CHI,INA,QB,0.9411764705882353,0,1,17,NA,NA
2023,CHI,INA,RB,0.7058823529411765,0,2,17,NA,NA
2023,CHI,INA,S,0.9411764705882353,0,2,17,NA,NA
2023,CHI,INA,TE,0.058823529411764705,0,1,17,NA,NA
2023,CHI,INA,UNMAPPED,0,0,0,17,NA,NA
2023,CHI,INA,WR,0.8235294117647058,0,2,17,NA,NA
2023,CIN,ACT,CB,5.117647058823529,4,6,17,NA,NA
2023,CIN,ACT,DE,4.764705882352941,4,5,17,NA,NA
2023,CIN,ACT,DT,4.352941176470588,4,5,17,NA,NA
2023,CIN,ACT,LB,5.0588235294117645,4,6,17,NA,NA
2023,CIN,ACT,LS,1,1,1,17,NA,NA
2023,CIN,ACT,OL,8,8,8,17,NA,NA
2023,CIN,ACT,PK,1,1,1,17,NA,NA
2023,CIN,ACT,PN,1,1,1,17,NA,NA
2023,CIN,ACT,QB,2.0588235294117645,2,3,17,NA,NA
2023,CIN,ACT,RB,3.176470588235294,3,4,17,NA,NA
2023,CIN,ACT,S,3.411764705882353,3,4,17,NA,NA
2023,CIN,ACT,TE,3.4705882352941178,3,4,17,NA,NA
2023,CIN,ACT,UNMAPPED,0,0,0,17,NA,NA
2023,CIN,ACT,WR,5.588235294117647,5,6,17,NA,NA
2023,CIN,INA,CB,0.5882352941176471,0,1,17,NA,NA
2023,CIN,INA,DE,0.23529411764705882,0,1,17,NA,NA
2023,CIN,INA,DT,0.7058823529411765,0,1,17,NA,NA
2023,CIN,INA,LB,0.7647058823529411,0,2,17,NA,NA
2023,CIN,INA,LS,0,0,0,17,NA,NA
2023,CIN,INA,OL,2,2,2,17,NA,NA
2023,CIN,INA,PK,0,0,0,17,NA,NA
2023,CIN,INA,PN,0,0,0,17,NA,NA
2023,CIN,INA,QB,0,0,0,17,NA,NA
2023,CIN,INA,RB,0.5882352941176471,0,1,17,NA,NA
2023,CIN,INA,S,0,0,0,17,NA,NA
2023,CIN,INA,TE,0.23529411764705882,0,1,17,NA,NA
2023,CIN,INA,UNMAPPED,0,0,0,17,NA,NA
2023,CIN,INA,WR,0.47058823529411764,0,2,17,NA,NA
2023,CLE,ACT,CB,5.117647058823529,5,6,17,NA,NA
2023,CLE,ACT,DE,4.0588235294117645,4,5,17,NA,NA
2023,CLE,ACT,DT,4,4,4,17,NA,NA
2023,CLE,ACT,LB,6.0588235294117645,6,7,17,NA,NA
2023,CLE,ACT,LS,1,1,1,17,NA,NA
2023,CLE,ACT,OL,8.176470588235293,8,9,17,NA,NA
2023,CLE,ACT,PK,1,1,1,17,NA,NA
2023,CLE,ACT,PN,1,1,1,17,NA,NA
2023,CLE,ACT,QB,2.0588235294117645,2,3,17,NA,NA
2023,CLE,ACT,RB,3.0588235294117645,3,4,17,NA,NA
2023,CLE,ACT,S,4.0588235294117645,3,5,17,NA,NA
2023,CLE,ACT,TE,3,3,3,17,NA,NA
2023,CLE,ACT,UNMAPPED,0,0,0,17,NA,NA
2023,CLE,ACT,WR,5.411764705882353,4,6,17,NA,NA
2023,CLE,INA,CB,0.8823529411764706,0,2,17,NA,NA
2023,CLE,INA,DE,1.1764705882352942,1,2,17,NA,NA
2023,CLE,INA,DT,0.7647058823529411,0,1,17,NA,NA
2023,CLE,INA,LB,0.47058823529411764,0,2,17,NA,NA
2023,CLE,INA,LS,0,0,0,17,NA,NA
2023,CLE,INA,OL,1.0588235294117647,0,2,17,NA,NA
2023,CLE,INA,PK,0.11764705882352941,0,1,17,NA,NA
2023,CLE,INA,PN,0.058823529411764705,0,1,17,NA,NA
2023,CLE,INA,QB,0.4117647058823529,0,1,17,NA,NA
2023,CLE,INA,RB,0.058823529411764705,0,1,17,NA,NA
2023,CLE,INA,S,0.7058823529411765,0,1,17,NA,NA
2023,CLE,INA,TE,0.058823529411764705,0,1,17,NA,NA
2023,CLE,INA,UNMAPPED,0,0,0,17,NA,NA
2023,CLE,INA,WR,0.7647058823529411,0,2,17,NA,NA
2023,DAL,ACT,CB,4.352941176470588,4,5,17,NA,NA
2023,DAL,ACT,DE,5.705882352941177,5,6,17,NA,NA
2023,DAL,ACT,DT,5,5,5,17,NA,NA
2023,DAL,ACT,LB,2.2941176470588234,2,3,17,NA,NA
2023,DAL,ACT,LS,1,1,1,17,NA,NA
2023,DAL,ACT,OL,8.058823529411764,8,9,17,NA,NA
2023,DAL,ACT,PK,1,1,1,17,NA,NA
2023,DAL,ACT,PN,1,1,1,17,NA,NA
2023,DAL,ACT,QB,2,2,2,17,NA,NA
2023,DAL,ACT,RB,3.5294117647058822,3,4,17,NA,NA
2023,DAL,ACT,S,5.588235294117647,5,6,17,NA,NA
2023,DAL,ACT,TE,3.176470588235294,3,4,17,NA,NA
2023,DAL,ACT,UNMAPPED,0,0,0,17,NA,NA
2023,DAL,ACT,WR,5.294117647058823,5,6,17,NA,NA
2023,DAL,INA,CB,1.7647058823529411,1,2,17,NA,NA
2023,DAL,INA,DE,0.5882352941176471,0,1,17,NA,NA
2023,DAL,INA,DT,0.17647058823529413,0,1,17,NA,NA
2023,DAL,INA,LB,0,0,0,17,NA,NA
2023,DAL,INA,LS,0,0,0,17,NA,NA
2023,DAL,INA,OL,1.1176470588235294,0,2,17,NA,NA
2023,DAL,INA,PK,0,0,0,17,NA,NA
2023,DAL,INA,PN,0,0,0,17,NA,NA
2023,DAL,INA,QB,1,1,1,17,NA,NA
2023,DAL,INA,RB,0.5882352941176471,0,1,17,NA,NA
2023,DAL,INA,S,0.5294117647058824,0,1,17,NA,NA
2023,DAL,INA,TE,0.11764705882352941,0,1,17,NA,NA
2023,DAL,INA,UNMAPPED,0,0,0,17,NA,NA
2023,DAL,INA,WR,0.7058823529411765,0,1,17,NA,NA
2023,DEN,ACT,CB,5.9411764705882355,5,7,17,NA,NA
2023,DEN,ACT,DE,3.235294117647059,2,4,17,NA,NA
2023,DEN,ACT,DT,5.235294117647059,5,6,17,NA,NA
2023,DEN,ACT,LB,4.588235294117647,4,5,17,NA,NA
2023,DEN,ACT,LS,1,1,1,17,NA,NA
2023,DEN,ACT,OL,8,8,8,17,NA,NA
2023,DEN,ACT,PK,1,1,1,17,NA,NA
2023,DEN,ACT,PN,1,1,1,17,NA,NA
2023,DEN,ACT,QB,2,2,2,17,NA,NA
2023,DEN,ACT,RB,4.705882352941177,4,5,17,NA,NA
2023,DEN,ACT,S,3.235294117647059,2,4,17,NA,NA
2023,DEN,ACT,TE,3.0588235294117645,3,4,17,NA,NA
2023,DEN,ACT,UNMAPPED,0,0,0,17,NA,NA
2023,DEN,ACT,WR,5,5,5,17,NA,NA
2023,DEN,INA,CB,0.35294117647058826,0,2,17,NA,NA
2023,DEN,INA,DE,0.7647058823529411,0,2,17,NA,NA
2023,DEN,INA,DT,1.1176470588235294,0,2,17,NA,NA
2023,DEN,INA,LB,1,0,2,17,NA,NA
2023,DEN,INA,LS,0,0,0,17,NA,NA
2023,DEN,INA,OL,1,1,1,17,NA,NA
2023,DEN,INA,PK,0,0,0,17,NA,NA
2023,DEN,INA,PN,0,0,0,17,NA,NA
2023,DEN,INA,QB,0.17647058823529413,0,1,17,NA,NA
2023,DEN,INA,RB,0.17647058823529413,0,1,17,NA,NA
2023,DEN,INA,S,1.0588235294117647,0,2,17,NA,NA
2023,DEN,INA,TE,0.47058823529411764,0,1,17,NA,NA
2023,DEN,INA,UNMAPPED,0,0,0,17,NA,NA
2023,DEN,INA,WR,0.23529411764705882,0,2,17,NA,NA
2023,DET,ACT,CB,4.9411764705882355,4,6,17,NA,NA
2023,DET,ACT,DE,5.176470588235294,4,6,17,NA,NA
2023,DET,ACT,DT,3.411764705882353,3,4,17,NA,NA
2023,DET,ACT,LB,6.235294117647059,6,7,17,NA,NA
2023,DET,ACT,LS,1,1,1,17,NA,NA
2023,DET,ACT,OL,8,8,8,17,NA,NA
2023,DET,ACT,PK,1,1,1,17,NA,NA
2023,DET,ACT,PN,1,1,1,17,NA,NA
2023,DET,ACT,QB,2,2,2,17,NA,NA
2023,DET,ACT,RB,3.0588235294117645,3,4,17,NA,NA
2023,DET,ACT,S,4.0588235294117645,3,5,17,NA,NA
2023,DET,ACT,TE,3,2,4,17,NA,NA
2023,DET,ACT,UNMAPPED,0,0,0,17,NA,NA
2023,DET,ACT,WR,5.117647058823529,5,6,17,NA,NA
2023,DET,INA,CB,1.2352941176470589,0,2,17,NA,NA
2023,DET,INA,DE,0.5882352941176471,0,2,17,NA,NA
2023,DET,INA,DT,1.588235294117647,0,3,17,NA,NA
2023,DET,INA,LB,0.47058823529411764,0,1,17,NA,NA
2023,DET,INA,LS,0,0,0,17,NA,NA
2023,DET,INA,OL,0.7058823529411765,0,2,17,NA,NA
2023,DET,INA,PK,0.058823529411764705,0,1,17,NA,NA
2023,DET,INA,PN,0,0,0,17,NA,NA
2023,DET,INA,QB,0.17647058823529413,0,1,17,NA,NA
2023,DET,INA,RB,0.35294117647058826,0,1,17,NA,NA
2023,DET,INA,S,0.23529411764705882,0,1,17,NA,NA
2023,DET,INA,TE,0.29411764705882354,0,1,17,NA,NA
2023,DET,INA,UNMAPPED,0,0,0,17,NA,NA
2023,DET,INA,WR,0.6470588235294118,0,1,17,NA,NA
2023,GB,ACT,CB,5.352941176470588,4,7,17,NA,NA
2023,GB,ACT,DE,4.235294117647059,4,5,17,NA,NA
2023,GB,ACT,DT,5,5,5,17,NA,NA
2023,GB,ACT,LB,4.529411764705882,4,5,17,NA,NA
2023,GB,ACT,LS,1,1,1,17,NA,NA
2023,GB,ACT,OL,8,8,8,17,NA,NA
2023,GB,ACT,PK,1,1,1,17,NA,NA
2023,GB,ACT,PN,1,1,1,17,NA,NA
2023,GB,ACT,QB,2,2,2,17,NA,NA
2023,GB,ACT,RB,3.1176470588235294,3,4,17,NA,NA
2023,GB,ACT,S,4.176470588235294,3,5,17,NA,NA
2023,GB,ACT,TE,3.5294117647058822,2,4,17,NA,NA
2023,GB,ACT,UNMAPPED,0,0,0,17,NA,NA
2023,GB,ACT,WR,5.0588235294117645,5,6,17,NA,NA
2023,GB,INA,CB,1.1764705882352942,0,2,17,NA,NA
2023,GB,INA,DE,0,0,0,17,NA,NA
2023,GB,INA,DT,0,0,0,17,NA,NA
2023,GB,INA,LB,1.2941176470588236,0,2,17,NA,NA
2023,GB,INA,LS,0,0,0,17,NA,NA
2023,GB,INA,OL,1.1764705882352942,1,2,17,NA,NA
2023,GB,INA,PK,0,0,0,17,NA,NA
2023,GB,INA,PN,0,0,0,17,NA,NA
2023,GB,INA,QB,0,0,0,17,NA,NA
2023,GB,INA,RB,0.5294117647058824,0,1,17,NA,NA
2023,GB,INA,S,0.5882352941176471,0,1,17,NA,NA
2023,GB,INA,TE,0.11764705882352941,0,1,17,NA,NA
2023,GB,INA,UNMAPPED,0,0,0,17,NA,NA
2023,GB,INA,WR,1.2352941176470589,1,2,17,NA,NA
2023,HOU,ACT,CB,5.235294117647059,4,7,17,NA,NA
2023,HOU,ACT,DE,4.117647058823529,3,5,17,NA,NA
2023,HOU,ACT,DT,4.176470588235294,4,5,17,NA,NA
2023,HOU,ACT,LB,5.764705882352941,5,6,17,NA,NA
2023,HOU,ACT,LS,1,1,1,17,NA,NA
2023,HOU,ACT,OL,8,8,8,17,NA,NA
2023,HOU,ACT,PK,1,1,1,17,NA,NA
2023,HOU,ACT,PN,1,1,1,17,NA,NA
2023,HOU,ACT,QB,2.0588235294117645,2,3,17,NA,NA
2023,HOU,ACT,RB,3.9411764705882355,3,5,17,NA,NA
2023,HOU,ACT,S,3.9411764705882355,2,5,17,NA,NA
2023,HOU,ACT,TE,2.7058823529411766,2,3,17,NA,NA
2023,HOU,ACT,UNMAPPED,0,0,0,17,NA,NA
2023,HOU,ACT,WR,5.0588235294117645,4,6,17,NA,NA
2023,HOU,INA,CB,0.5882352941176471,0,2,17,NA,NA
2023,HOU,INA,DE,0.5294117647058824,0,1,17,NA,NA
2023,HOU,INA,DT,0.23529411764705882,0,1,17,NA,NA
2023,HOU,INA,LB,0.8235294117647058,0,2,17,NA,NA
2023,HOU,INA,LS,0,0,0,17,NA,NA
2023,HOU,INA,OL,0.9411764705882353,0,3,17,NA,NA
2023,HOU,INA,PK,0,0,0,17,NA,NA
2023,HOU,INA,PN,0,0,0,17,NA,NA
2023,HOU,INA,QB,0.9411764705882353,0,1,17,NA,NA
2023,HOU,INA,RB,0.8823529411764706,0,2,17,NA,NA
2023,HOU,INA,S,0.47058823529411764,0,2,17,NA,NA
2023,HOU,INA,TE,0.35294117647058826,0,1,17,NA,NA
2023,HOU,INA,UNMAPPED,0,0,0,17,NA,NA
2023,HOU,INA,WR,0.6470588235294118,0,2,17,NA,NA
2023,IND,ACT,CB,4.9411764705882355,4,5,17,NA,NA
2023,IND,ACT,DE,4.9411764705882355,4,5,17,NA,NA
2023,IND,ACT,DT,4.117647058823529,4,5,17,NA,NA
2023,IND,ACT,LB,5.470588235294118,4,6,17,NA,NA
2023,IND,ACT,LS,1,1,1,17,NA,NA
2023,IND,ACT,OL,8,8,8,17,NA,NA
2023,IND,ACT,PK,1,1,1,17,NA,NA
2023,IND,ACT,PN,1,1,1,17,NA,NA
2023,IND,ACT,QB,2,2,2,17,NA,NA
2023,IND,ACT,RB,3,3,3,17,NA,NA
2023,IND,ACT,S,4.294117647058823,4,5,17,NA,NA
2023,IND,ACT,TE,3.2941176470588234,3,4,17,NA,NA
2023,IND,ACT,UNMAPPED,0,0,0,17,NA,NA
2023,IND,ACT,WR,4.9411764705882355,4,5,17,NA,NA
2023,IND,INA,CB,1.0588235294117647,0,2,17,NA,NA
2023,IND,INA,DE,0.058823529411764705,0,1,17,NA,NA
2023,IND,INA,DT,0.5882352941176471,0,1,17,NA,NA
2023,IND,INA,LB,1.1764705882352942,0,2,17,NA,NA
2023,IND,INA,LS,0,0,0,17,NA,NA
2023,IND,INA,OL,1.7058823529411764,1,2,17,NA,NA
2023,IND,INA,PK,0,0,0,17,NA,NA
2023,IND,INA,PN,0,0,0,17,NA,NA
2023,IND,INA,QB,0.29411764705882354,0,1,17,NA,NA
2023,IND,INA,RB,0.4117647058823529,0,1,17,NA,NA
2023,IND,INA,S,0.11764705882352941,0,1,17,NA,NA
2023,IND,INA,TE,0.5882352941176471,0,1,17,NA,NA
2023,IND,INA,UNMAPPED,0,0,0,17,NA,NA
2023,IND,INA,WR,0.23529411764705882,0,1,17,NA,NA
2023,JAX,ACT,CB,4.352941176470588,4,5,17,NA,NA
2023,JAX,ACT,DE,4,4,4,17,NA,NA
2023,JAX,ACT,DT,6,6,6,17,NA,NA
2023,JAX,ACT,LB,4.882352941176471,4,5,17,NA,NA
2023,JAX,ACT,LS,1,1,1,17,NA,NA
2023,JAX,ACT,OL,8,8,8,17,NA,NA
2023,JAX,ACT,PK,1,1,1,17,NA,NA
2023,JAX,ACT,PN,1,1,1,17,NA,NA
2023,JAX,ACT,QB,2,2,2,17,NA,NA
2023,JAX,ACT,RB,3.176470588235294,3,4,17,NA,NA
2023,JAX,ACT,S,4.529411764705882,4,5,17,NA,NA
2023,JAX,ACT,TE,3,3,3,17,NA,NA
2023,JAX,ACT,UNMAPPED,0,0,0,17,NA,NA
2023,JAX,ACT,WR,5.0588235294117645,5,6,17,NA,NA
2023,JAX,INA,CB,0.7058823529411765,0,2,17,NA,NA
2023,JAX,INA,DE,0.7058823529411765,0,1,17,NA,NA
2023,JAX,INA,DT,0.6470588235294118,0,1,17,NA,NA
2023,JAX,INA,LB,0.11764705882352941,0,1,17,NA,NA
2023,JAX,INA,LS,0,0,0,17,NA,NA
2023,JAX,INA,OL,0.7647058823529411,0,1,17,NA,NA
2023,JAX,INA,PK,0,0,0,17,NA,NA
2023,JAX,INA,PN,0,0,0,17,NA,NA
2023,JAX,INA,QB,0.23529411764705882,0,1,17,NA,NA
2023,JAX,INA,RB,0.29411764705882354,0,1,17,NA,NA
2023,JAX,INA,S,0.35294117647058826,0,1,17,NA,NA
2023,JAX,INA,TE,0.17647058823529413,0,1,17,NA,NA
2023,JAX,INA,UNMAPPED,0,0,0,17,NA,NA
2023,JAX,INA,WR,1.2352941176470589,0,3,17,NA,NA
2023,KC,ACT,CB,4.705882352941177,4,5,17,NA,NA
2023,KC,ACT,DE,4.0588235294117645,4,5,17,NA,NA
2023,KC,ACT,DT,4.0588235294117645,4,5,17,NA,NA
2023,KC,ACT,LB,5.882352941176471,5,6,17,NA,NA
2023,KC,ACT,LS,1,1,1,17,NA,NA
2023,KC,ACT,OL,8,8,8,17,NA,NA
2023,KC,ACT,PK,1,1,1,17,NA,NA
2023,KC,ACT,PN,1,1,1,17,NA,NA
2023,KC,ACT,QB,2,2,2,17,NA,NA
2023,KC,ACT,RB,3,3,3,17,NA,NA
2023,KC,ACT,S,4.0588235294117645,4,5,17,NA,NA
2023,KC,ACT,TE,2.9411764705882355,2,3,17,NA,NA
2023,KC,ACT,UNMAPPED,0,0,0,17,NA,NA
2023,KC,ACT,WR,6.294117647058823,5,7,17,NA,NA
2023,KC,INA,CB,0.7058823529411765,0,2,17,NA,NA
2023,KC,INA,DE,1.588235294117647,1,2,17,NA,NA
2023,KC,INA,DT,1.2941176470588236,0,2,17,NA,NA
2023,KC,INA,LB,0.23529411764705882,0,1,17,NA,NA
2023,KC,INA,LS,0,0,0,17,NA,NA
2023,KC,INA,OL,1.1764705882352942,1,2,17,NA,NA
2023,KC,INA,PK,0,0,0,17,NA,NA
2023,KC,INA,PN,0,0,0,17,NA,NA
2023,KC,INA,QB,0.058823529411764705,0,1,17,NA,NA
2023,KC,INA,RB,0.4117647058823529,0,1,17,NA,NA
2023,KC,INA,S,0,0,0,17,NA,NA
2023,KC,INA,TE,0.11764705882352941,0,1,17,NA,NA
2023,KC,INA,UNMAPPED,0,0,0,17,NA,NA
2023,KC,INA,WR,0.4117647058823529,0,2,17,NA,NA
2023,LA,ACT,CB,4.705882352941177,4,5,17,NA,NA
2023,LA,ACT,DE,4.0588235294117645,3,6,17,NA,NA
2023,LA,ACT,DT,5.529411764705882,5,6,17,NA,NA
2023,LA,ACT,LB,4.470588235294118,4,5,17,NA,NA
2023,LA,ACT,LS,1,1,1,17,NA,NA
2023,LA,ACT,OL,8,8,8,17,NA,NA
2023,LA,ACT,PK,1,1,1,17,NA,NA
2023,LA,ACT,PN,1,1,1,17,NA,NA
2023,LA,ACT,QB,2,2,2,17,NA,NA
2023,LA,ACT,RB,3,3,3,17,NA,NA
2023,LA,ACT,S,4.294117647058823,4,5,17,NA,NA
2023,LA,ACT,TE,3,2,4,17,NA,NA
2023,LA,ACT,UNMAPPED,0,0,0,17,NA,NA
2023,LA,ACT,WR,5.9411764705882355,5,6,17,NA,NA
2023,LA,INA,CB,0.23529411764705882,0,1,17,NA,NA
2023,LA,INA,DE,1.1764705882352942,0,2,17,NA,NA
2023,LA,INA,DT,0.5294117647058824,0,2,17,NA,NA
2023,LA,INA,LB,0.11764705882352941,0,1,17,NA,NA
2023,LA,INA,LS,0,0,0,17,NA,NA
2023,LA,INA,OL,1.588235294117647,1,2,17,NA,NA
2023,LA,INA,PK,0.058823529411764705,0,1,17,NA,NA
2023,LA,INA,PN,0,0,0,17,NA,NA
2023,LA,INA,QB,0.17647058823529413,0,1,17,NA,NA
2023,LA,INA,RB,0.6470588235294118,0,2,17,NA,NA
2023,LA,INA,S,0.17647058823529413,0,1,17,NA,NA
2023,LA,INA,TE,0.23529411764705882,0,1,17,NA,NA
2023,LA,INA,UNMAPPED,0,0,0,17,NA,NA
2023,LA,INA,WR,0.17647058823529413,0,1,17,NA,NA
2023,LAC,ACT,CB,4.470588235294118,4,5,17,NA,NA
2023,LAC,ACT,DE,3.5294117647058822,3,4,17,NA,NA
2023,LAC,ACT,DT,5,5,5,17,NA,NA
2023,LAC,ACT,LB,6,4,7,17,NA,NA
2023,LAC,ACT,LS,1,1,1,17,NA,NA
2023,LAC,ACT,OL,8,8,8,17,NA,NA
2023,LAC,ACT,PK,1,1,1,17,NA,NA
2023,LAC,ACT,PN,1,1,1,17,NA,NA
2023,LAC,ACT,QB,2,2,2,17,NA,NA
2023,LAC,ACT,RB,2.6470588235294117,2,3,17,NA,NA
2023,LAC,ACT,S,4.470588235294118,3,5,17,NA,NA
2023,LAC,ACT,TE,3.7058823529411766,3,4,17,NA,NA
2023,LAC,ACT,UNMAPPED,0,0,0,17,NA,NA
2023,LAC,ACT,WR,5.176470588235294,5,6,17,NA,NA
2023,LAC,INA,CB,0.5294117647058824,0,1,17,NA,NA
2023,LAC,INA,DE,0.17647058823529413,0,1,17,NA,NA
2023,LAC,INA,DT,1,0,2,17,NA,NA
2023,LAC,INA,LB,0.47058823529411764,0,2,17,NA,NA
2023,LAC,INA,LS,0,0,0,17,NA,NA
2023,LAC,INA,OL,0.8823529411764706,0,2,17,NA,NA
2023,LAC,INA,PK,0,0,0,17,NA,NA
2023,LAC,INA,PN,0,0,0,17,NA,NA
2023,LAC,INA,QB,0.058823529411764705,0,1,17,NA,NA
2023,LAC,INA,RB,1,0,2,17,NA,NA
2023,LAC,INA,S,0.9411764705882353,0,2,17,NA,NA
2023,LAC,INA,TE,0.5294117647058824,0,1,17,NA,NA
2023,LAC,INA,UNMAPPED,0,0,0,17,NA,NA
2023,LAC,INA,WR,0.6470588235294118,0,2,17,NA,NA
2023,LV,ACT,CB,5.117647058823529,5,6,17,NA,NA
2023,LV,ACT,DE,5.0588235294117645,5,6,17,NA,NA
2023,LV,ACT,DT,3.588235294117647,3,4,17,NA,NA
2023,LV,ACT,LB,4.352941176470588,4,5,17,NA,NA
2023,LV,ACT,LS,1,1,1,17,NA,NA
2023,LV,ACT,OL,8,8,8,17,NA,NA
2023,LV,ACT,PK,1,1,1,17,NA,NA
2023,LV,ACT,PN,1,1,1,17,NA,NA
2023,LV,ACT,QB,2,2,2,17,NA,NA
2023,LV,ACT,RB,4.529411764705882,4,5,17,NA,NA
2023,LV,ACT,S,4,4,4,17,NA,NA
2023,LV,ACT,TE,2.764705882352941,2,3,17,NA,NA
2023,LV,ACT,UNMAPPED,0,0,0,17,NA,NA
2023,LV,ACT,WR,5.588235294117647,5,6,17,NA,NA
2023,LV,INA,CB,0.5882352941176471,0,2,17,NA,NA
2023,LV,INA,DE,0.4117647058823529,0,1,17,NA,NA
2023,LV,INA,DT,1.3529411764705883,1,2,17,NA,NA
2023,LV,INA,LB,0.8823529411764706,0,2,17,NA,NA
2023,LV,INA,LS,0,0,0,17,NA,NA
2023,LV,INA,OL,0.7647058823529411,0,2,17,NA,NA
2023,LV,INA,PK,0.058823529411764705,0,1,17,NA,NA
2023,LV,INA,PN,0,0,0,17,NA,NA
2023,LV,INA,QB,1,1,1,17,NA,NA
2023,LV,INA,RB,0.35294117647058826,0,1,17,NA,NA
2023,LV,INA,S,0.47058823529411764,0,1,17,NA,NA
2023,LV,INA,TE,0.29411764705882354,0,2,17,NA,NA
2023,LV,INA,UNMAPPED,0,0,0,17,NA,NA
2023,LV,INA,WR,0.5294117647058824,0,1,17,NA,NA
2023,MIA,ACT,CB,6.352941176470588,5,7,17,NA,NA
2023,MIA,ACT,DE,4.823529411764706,4,6,17,NA,NA
2023,MIA,ACT,DT,4.235294117647059,4,5,17,NA,NA
2023,MIA,ACT,LB,4.0588235294117645,4,5,17,NA,NA
2023,MIA,ACT,LS,1,1,1,17,NA,NA
2023,MIA,ACT,OL,8,8,8,17,NA,NA
2023,MIA,ACT,PK,1,1,1,17,NA,NA
2023,MIA,ACT,PN,1,1,1,17,NA,NA
2023,MIA,ACT,QB,2,2,2,17,NA,NA
2023,MIA,ACT,RB,4.235294117647059,4,5,17,NA,NA
2023,MIA,ACT,S,3.4705882352941178,2,4,17,NA,NA
2023,MIA,ACT,TE,2.4705882352941178,2,3,17,NA,NA
2023,MIA,ACT,UNMAPPED,0,0,0,17,NA,NA
2023,MIA,ACT,WR,5.352941176470588,5,6,17,NA,NA
2023,MIA,INA,CB,0.9411764705882353,0,2,17,NA,NA
2023,MIA,INA,DE,0.35294117647058826,0,1,17,NA,NA
2023,MIA,INA,DT,0.17647058823529413,0,1,17,NA,NA
2023,MIA,INA,LB,0,0,0,17,NA,NA
2023,MIA,INA,LS,0,0,0,17,NA,NA
2023,MIA,INA,OL,1,0,2,17,NA,NA
2023,MIA,INA,PK,0,0,0,17,NA,NA
2023,MIA,INA,PN,0,0,0,17,NA,NA
2023,MIA,INA,QB,1,1,1,17,NA,NA
2023,MIA,INA,RB,0.4117647058823529,0,1,17,NA,NA
2023,MIA,INA,S,0.5882352941176471,0,2,17,NA,NA
2023,MIA,INA,TE,0.7058823529411765,0,1,17,NA,NA
2023,MIA,INA,UNMAPPED,0,0,0,17,NA,NA
2023,MIA,INA,WR,1.0588235294117647,0,2,17,NA,NA
2023,MIN,ACT,CB,4.823529411764706,4,5,17,NA,NA
2023,MIN,ACT,DE,3.8823529411764706,3,5,17,NA,NA
2023,MIN,ACT,DT,4.647058823529412,4,5,17,NA,NA
2023,MIN,ACT,LB,4.176470588235294,4,5,17,NA,NA
2023,MIN,ACT,LS,1,1,1,17,NA,NA
2023,MIN,ACT,OL,8.117647058823529,8,9,17,NA,NA
2023,MIN,ACT,PK,1,1,1,17,NA,NA
2023,MIN,ACT,PN,1,1,1,17,NA,NA
2023,MIN,ACT,QB,2,2,2,17,NA,NA
2023,MIN,ACT,RB,4.0588235294117645,4,5,17,NA,NA
2023,MIN,ACT,S,5.294117647058823,5,6,17,NA,NA
2023,MIN,ACT,TE,3,3,3,17,NA,NA
2023,MIN,ACT,UNMAPPED,0,0,0,17,NA,NA
2023,MIN,ACT,WR,5,5,5,17,NA,NA
2023,MIN,INA,CB,0.47058823529411764,0,2,17,NA,NA
2023,MIN,INA,DE,0.4117647058823529,0,2,17,NA,NA
2023,MIN,INA,DT,0.5882352941176471,0,1,17,NA,NA
2023,MIN,INA,LB,0.29411764705882354,0,1,17,NA,NA
2023,MIN,INA,LS,0,0,0,17,NA,NA
2023,MIN,INA,OL,1.5294117647058822,1,2,17,NA,NA
2023,MIN,INA,PK,0,0,0,17,NA,NA
2023,MIN,INA,PN,0,0,0,17,NA,NA
2023,MIN,INA,QB,0.7647058823529411,0,1,17,NA,NA
2023,MIN,INA,RB,0.23529411764705882,0,1,17,NA,NA
2023,MIN,INA,S,0.7058823529411765,0,1,17,NA,NA
2023,MIN,INA,TE,0.8823529411764706,0,1,17,NA,NA
2023,MIN,INA,UNMAPPED,0,0,0,17,NA,NA
2023,MIN,INA,WR,0.35294117647058826,0,1,17,NA,NA
2023,NE,ACT,CB,5.529411764705882,5,6,17,NA,NA
2023,NE,ACT,DE,3.8823529411764706,2,5,17,NA,NA
2023,NE,ACT,DT,4.411764705882353,4,5,17,NA,NA
2023,NE,ACT,LB,5.352941176470588,5,6,17,NA,NA
2023,NE,ACT,LS,1,1,1,17,NA,NA
2023,NE,ACT,OL,8,8,8,17,NA,NA
2023,NE,ACT,PK,1,1,1,17,NA,NA
2023,NE,ACT,PN,1,1,1,17,NA,NA
2023,NE,ACT,QB,2.1176470588235294,2,3,17,NA,NA
2023,NE,ACT,RB,2.8823529411764706,2,3,17,NA,NA
2023,NE,ACT,S,4.588235294117647,4,5,17,NA,NA
2023,NE,ACT,TE,3,3,3,17,NA,NA
2023,NE,ACT,UNMAPPED,0,0,0,17,NA,NA
2023,NE,ACT,WR,5.235294117647059,4,6,17,NA,NA
2023,NE,INA,CB,0.7058823529411765,0,2,17,NA,NA
2023,NE,INA,DE,0.4117647058823529,0,2,17,NA,NA
2023,NE,INA,DT,0.5294117647058824,0,1,17,NA,NA
2023,NE,INA,LB,0.058823529411764705,0,1,17,NA,NA
2023,NE,INA,LS,0,0,0,17,NA,NA
2023,NE,INA,OL,1.411764705882353,0,3,17,NA,NA
2023,NE,INA,PK,0,0,0,17,NA,NA
2023,NE,INA,PN,0,0,0,17,NA,NA
2023,NE,INA,QB,0.7647058823529411,0,2,17,NA,NA
2023,NE,INA,RB,0.47058823529411764,0,2,17,NA,NA
2023,NE,INA,S,0.17647058823529413,0,1,17,NA,NA
2023,NE,INA,TE,0.17647058823529413,0,1,17,NA,NA
2023,NE,INA,UNMAPPED,0,0,0,17,NA,NA
2023,NE,INA,WR,1.588235294117647,1,3,17,NA,NA
2023,NO,ACT,CB,4.882352941176471,4,5,17,NA,NA
2023,NO,ACT,DE,4.117647058823529,4,5,17,NA,NA
2023,NO,ACT,DT,4,4,4,17,NA,NA
2023,NO,ACT,LB,5.9411764705882355,5,7,17,NA,NA
2023,NO,ACT,LS,1,1,1,17,NA,NA
2023,NO,ACT,OL,8,8,8,17,NA,NA
2023,NO,ACT,PK,1,1,1,17,NA,NA
2023,NO,ACT,PN,1,1,1,17,NA,NA
2023,NO,ACT,QB,2,2,2,17,NA,NA
2023,NO,ACT,RB,3.1176470588235294,3,4,17,NA,NA
2023,NO,ACT,S,4.588235294117647,4,5,17,NA,NA
2023,NO,ACT,TE,3.4705882352941178,3,4,17,NA,NA
2023,NO,ACT,UNMAPPED,0,0,0,17,NA,NA
2023,NO,ACT,WR,4.882352941176471,4,5,17,NA,NA
2023,NO,INA,CB,0.35294117647058826,0,1,17,NA,NA
2023,NO,INA,DE,1,0,2,17,NA,NA
2023,NO,INA,DT,0.058823529411764705,0,1,17,NA,NA
2023,NO,INA,LB,0.4117647058823529,0,1,17,NA,NA
2023,NO,INA,LS,0,0,0,17,NA,NA
2023,NO,INA,OL,1.0588235294117647,0,3,17,NA,NA
2023,NO,INA,PK,0,0,0,17,NA,NA
2023,NO,INA,PN,0,0,0,17,NA,NA
2023,NO,INA,QB,0.7647058823529411,0,1,17,NA,NA
2023,NO,INA,RB,0.5882352941176471,0,1,17,NA,NA
2023,NO,INA,S,0.5882352941176471,0,2,17,NA,NA
2023,NO,INA,TE,0.5882352941176471,0,1,17,NA,NA
2023,NO,INA,UNMAPPED,0,0,0,17,NA,NA
2023,NO,INA,WR,0.8823529411764706,0,3,17,NA,NA
2023,NYG,ACT,CB,5.529411764705882,5,6,17,NA,NA
2023,NYG,ACT,DE,3.7058823529411766,3,4,17,NA,NA
2023,NYG,ACT,DT,4.764705882352941,4,5,17,NA,NA
2023,NYG,ACT,LB,5.176470588235294,4,6,17,NA,NA
2023,NYG,ACT,LS,1,1,1,17,NA,NA
2023,NYG,ACT,OL,8,8,8,17,NA,NA
2023,NYG,ACT,PK,1,1,1,17,NA,NA
2023,NYG,ACT,PN,1,1,1,17,NA,NA
2023,NYG,ACT,QB,2,2,2,17,NA,NA
2023,NYG,ACT,RB,3.5294117647058822,3,5,17,NA,NA
2023,NYG,ACT,S,3.6470588235294117,3,5,17,NA,NA
2023,NYG,ACT,TE,2.4705882352941178,2,3,17,NA,NA
2023,NYG,ACT,UNMAPPED,0,0,0,17,NA,NA
2023,NYG,ACT,WR,6.176470588235294,5,7,17,NA,NA
2023,NYG,INA,CB,0.47058823529411764,0,1,17,NA,NA
2023,NYG,INA,DE,0.35294117647058826,0,1,17,NA,NA
2023,NYG,INA,DT,0.8823529411764706,0,1,17,NA,NA
2023,NYG,INA,LB,0.29411764705882354,0,1,17,NA,NA
2023,NYG,INA,LS,0,0,0,17,NA,NA
2023,NYG,INA,OL,1.7058823529411764,1,4,17,NA,NA
2023,NYG,INA,PK,0.11764705882352941,0,1,17,NA,NA
2023,NYG,INA,PN,0,0,0,17,NA,NA
2023,NYG,INA,QB,0.23529411764705882,0,1,17,NA,NA
2023,NYG,INA,RB,0.5882352941176471,0,1,17,NA,NA
2023,NYG,INA,S,1.0588235294117647,0,2,17,NA,NA
2023,NYG,INA,TE,0.17647058823529413,0,1,17,NA,NA
2023,NYG,INA,UNMAPPED,0,0,0,17,NA,NA
2023,NYG,INA,WR,0.47058823529411764,0,2,17,NA,NA
2023,NYJ,ACT,CB,5.352941176470588,4,6,17,NA,NA
2023,NYJ,ACT,DE,5.294117647058823,5,6,17,NA,NA
2023,NYJ,ACT,DT,3.764705882352941,3,4,17,NA,NA
2023,NYJ,ACT,LB,5.0588235294117645,5,6,17,NA,NA
2023,NYJ,ACT,LS,1,1,1,17,NA,NA
2023,NYJ,ACT,OL,8,8,8,17,NA,NA
2023,NYJ,ACT,PK,1,1,1,17,NA,NA
2023,NYJ,ACT,PN,1,1,1,17,NA,NA
2023,NYJ,ACT,QB,2,2,2,17,NA,NA
2023,NYJ,ACT,RB,3.9411764705882355,3,4,17,NA,NA
2023,NYJ,ACT,S,3.5294117647058822,3,4,17,NA,NA
2023,NYJ,ACT,TE,3,3,3,17,NA,NA
2023,NYJ,ACT,UNMAPPED,0,0,0,17,NA,NA
2023,NYJ,ACT,WR,5.0588235294117645,5,6,17,NA,NA
2023,NYJ,INA,CB,1.0588235294117647,0,3,17,NA,NA
2023,NYJ,INA,DE,0.8235294117647058,0,1,17,NA,NA
2023,NYJ,INA,DT,0.058823529411764705,0,1,17,NA,NA
2023,NYJ,INA,LB,0.9411764705882353,0,2,17,NA,NA
2023,NYJ,INA,LS,0,0,0,17,NA,NA
2023,NYJ,INA,OL,1.2352941176470589,0,2,17,NA,NA
2023,NYJ,INA,PK,0.11764705882352941,0,1,17,NA,NA
2023,NYJ,INA,PN,0,0,0,17,NA,NA
2023,NYJ,INA,QB,0.5294117647058824,0,2,17,NA,NA
2023,NYJ,INA,RB,0.5882352941176471,0,1,17,NA,NA
2023,NYJ,INA,S,0.11764705882352941,0,1,17,NA,NA
2023,NYJ,INA,TE,0.058823529411764705,0,1,17,NA,NA
2023,NYJ,INA,UNMAPPED,0,0,0,17,NA,NA
2023,NYJ,INA,WR,1.2941176470588236,1,2,17,NA,NA
2023,PHI,ACT,CB,6,5,7,17,NA,NA
2023,PHI,ACT,DE,5.352941176470588,5,6,17,NA,NA
2023,PHI,ACT,DT,5.529411764705882,5,6,17,NA,NA
2023,PHI,ACT,LB,3.588235294117647,3,5,17,NA,NA
2023,PHI,ACT,LS,1,1,1,17,NA,NA
2023,PHI,ACT,OL,8,8,8,17,NA,NA
2023,PHI,ACT,PK,1,1,1,17,NA,NA
2023,PHI,ACT,PN,1,1,1,17,NA,NA
2023,PHI,ACT,QB,2,2,2,17,NA,NA
2023,PHI,ACT,RB,3.0588235294117645,3,4,17,NA,NA
2023,PHI,ACT,S,3.1176470588235294,2,4,17,NA,NA
2023,PHI,ACT,TE,3.0588235294117645,3,4,17,NA,NA
2023,PHI,ACT,UNMAPPED,0,0,0,17,NA,NA
2023,PHI,ACT,WR,5.294117647058823,4,6,17,NA,NA
2023,PHI,INA,CB,0.8235294117647058,0,2,17,NA,NA
2023,PHI,INA,DE,0.23529411764705882,0,1,17,NA,NA
2023,PHI,INA,DT,0.9411764705882353,0,2,17,NA,NA
2023,PHI,INA,LB,0.29411764705882354,0,2,17,NA,NA
2023,PHI,INA,LS,0,0,0,17,NA,NA
2023,PHI,INA,OL,0.7058823529411765,0,1,17,NA,NA
2023,PHI,INA,PK,0,0,0,17,NA,NA
2023,PHI,INA,PN,0,0,0,17,NA,NA
2023,PHI,INA,QB,1,1,1,17,NA,NA
2023,PHI,INA,RB,0.9411764705882353,0,1,17,NA,NA
2023,PHI,INA,S,0.35294117647058826,0,2,17,NA,NA
2023,PHI,INA,TE,0.8823529411764706,0,2,17,NA,NA
2023,PHI,INA,UNMAPPED,0,0,0,17,NA,NA
2023,PHI,INA,WR,0.17647058823529413,0,1,17,NA,NA
2023,PIT,ACT,CB,5.294117647058823,5,6,17,NA,NA
2023,PIT,ACT,DE,4.294117647058823,4,5,17,NA,NA
2023,PIT,ACT,DT,6,6,6,17,NA,NA
2023,PIT,ACT,LB,3.8823529411764706,3,4,17,NA,NA
2023,PIT,ACT,LS,1,1,1,17,NA,NA
2023,PIT,ACT,OL,8,8,8,17,NA,NA
2023,PIT,ACT,PK,1,1,1,17,NA,NA
2023,PIT,ACT,PN,1,1,1,17,NA,NA
2023,PIT,ACT,QB,2,2,2,17,NA,NA
2023,PIT,ACT,RB,2.8823529411764706,2,3,17,NA,NA
2023,PIT,ACT,S,4.235294117647059,3,5,17,NA,NA
2023,PIT,ACT,TE,3.4705882352941178,3,4,17,NA,NA
2023,PIT,ACT,UNMAPPED,0,0,0,17,NA,NA
2023,PIT,ACT,WR,4.9411764705882355,4,5,17,NA,NA
2023,PIT,INA,CB,0.7058823529411765,0,1,17,NA,NA
2023,PIT,INA,DE,0.058823529411764705,0,1,17,NA,NA
2023,PIT,INA,DT,1.0588235294117647,0,2,17,NA,NA
2023,PIT,INA,LB,0.35294117647058826,0,1,17,NA,NA
2023,PIT,INA,LS,0,0,0,17,NA,NA
2023,PIT,INA,OL,1.0588235294117647,1,2,17,NA,NA
2023,PIT,INA,PK,0,0,0,17,NA,NA
2023,PIT,INA,PN,0.11764705882352941,0,1,17,NA,NA
2023,PIT,INA,QB,1,1,1,17,NA,NA
2023,PIT,INA,RB,0.5294117647058824,0,1,17,NA,NA
2023,PIT,INA,S,0.5882352941176471,0,2,17,NA,NA
2023,PIT,INA,TE,0.058823529411764705,0,1,17,NA,NA
2023,PIT,INA,UNMAPPED,0,0,0,17,NA,NA
2023,PIT,INA,WR,0.29411764705882354,0,2,17,NA,NA
2023,SEA,ACT,CB,5.470588235294118,5,7,17,NA,NA
2023,SEA,ACT,DE,4.588235294117647,3,5,17,NA,NA
2023,SEA,ACT,DT,4.352941176470588,4,6,17,NA,NA
2023,SEA,ACT,LB,4.176470588235294,4,5,17,NA,NA
2023,SEA,ACT,LS,1,1,1,17,NA,NA
2023,SEA,ACT,OL,8,8,8,17,NA,NA
2023,SEA,ACT,PK,1,1,1,17,NA,NA
2023,SEA,ACT,PN,1,1,1,17,NA,NA
2023,SEA,ACT,QB,2.1176470588235294,2,3,17,NA,NA
2023,SEA,ACT,RB,4.0588235294117645,3,5,17,NA,NA
2023,SEA,ACT,S,3.411764705882353,3,4,17,NA,NA
2023,SEA,ACT,TE,3.823529411764706,3,4,17,NA,NA
2023,SEA,ACT,UNMAPPED,0,0,0,17,NA,NA
2023,SEA,ACT,WR,5,5,5,17,NA,NA
2023,SEA,INA,CB,0.8823529411764706,0,3,17,NA,NA
2023,SEA,INA,DE,0.4117647058823529,0,1,17,NA,NA
2023,SEA,INA,DT,0.5294117647058824,0,1,17,NA,NA
2023,SEA,INA,LB,0.47058823529411764,0,1,17,NA,NA
2023,SEA,INA,LS,0,0,0,17,NA,NA
2023,SEA,INA,OL,2.588235294117647,2,3,17,NA,NA
2023,SEA,INA,PK,0,0,0,17,NA,NA
2023,SEA,INA,PN,0,0,0,17,NA,NA
2023,SEA,INA,QB,0.058823529411764705,0,1,17,NA,NA
2023,SEA,INA,RB,0.5294117647058824,0,1,17,NA,NA
2023,SEA,INA,S,0.4117647058823529,0,1,17,NA,NA
2023,SEA,INA,TE,0.058823529411764705,0,1,17,NA,NA
2023,SEA,INA,UNMAPPED,0,0,0,17,NA,NA
2023,SEA,INA,WR,0.5882352941176471,0,2,17,NA,NA
2023,SF,ACT,CB,5.588235294117647,5,6,17,NA,NA
2023,SF,ACT,DE,4.0588235294117645,3,5,17,NA,NA
2023,SF,ACT,DT,4.294117647058823,4,5,17,NA,NA
2023,SF,ACT,LB,5.117647058823529,5,6,17,NA,NA
2023,SF,ACT,LS,1,1,1,17,NA,NA
2023,SF,ACT,OL,8.117647058823529,8,9,17,NA,NA
2023,SF,ACT,PK,1,1,1,17,NA,NA
2023,SF,ACT,PN,1,1,1,17,NA,NA
2023,SF,ACT,QB,2,2,2,17,NA,NA
2023,SF,ACT,RB,4,4,4,17,NA,NA
2023,SF,ACT,S,3.588235294117647,2,4,17,NA,NA
2023,SF,ACT,TE,3.176470588235294,3,4,17,NA,NA
2023,SF,ACT,UNMAPPED,0,0,0,17,NA,NA
2023,SF,ACT,WR,5.0588235294117645,5,6,17,NA,NA
2023,SF,INA,CB,0.35294117647058826,0,1,17,NA,NA
2023,SF,INA,DE,0.17647058823529413,0,1,17,NA,NA
2023,SF,INA,DT,1,0,2,17,NA,NA
2023,SF,INA,LB,1.0588235294117647,0,2,17,NA,NA
2023,SF,INA,LS,0,0,0,17,NA,NA
2023,SF,INA,OL,0.9411764705882353,0,2,17,NA,NA
2023,SF,INA,PK,0,0,0,17,NA,NA
2023,SF,INA,PN,0,0,0,17,NA,NA
2023,SF,INA,QB,1,1,1,17,NA,NA
2023,SF,INA,RB,0.9411764705882353,0,1,17,NA,NA
2023,SF,INA,S,0.17647058823529413,0,2,17,NA,NA
2023,SF,INA,TE,0.7647058823529411,0,1,17,NA,NA
2023,SF,INA,UNMAPPED,0,0,0,17,NA,NA
2023,SF,INA,WR,0.47058823529411764,0,1,17,NA,NA
2023,TB,ACT,CB,5.823529411764706,5,6,17,NA,NA
2023,TB,ACT,DE,5.235294117647059,5,6,17,NA,NA
2023,TB,ACT,DT,6,6,6,17,NA,NA
2023,TB,ACT,LB,3.8823529411764706,2,4,17,NA,NA
2023,TB,ACT,LS,1,1,1,17,NA,NA
2023,TB,ACT,OL,8,8,8,17,NA,NA
2023,TB,ACT,PK,1,1,1,17,NA,NA
2023,TB,ACT,PN,1,1,1,17,NA,NA
2023,TB,ACT,QB,2,2,2,17,NA,NA
2023,TB,ACT,RB,3,3,3,17,NA,NA
2023,TB,ACT,S,3,3,3,17,NA,NA
2023,TB,ACT,TE,3,3,3,17,NA,NA
2023,TB,ACT,UNMAPPED,0,0,0,17,NA,NA
2023,TB,ACT,WR,5.0588235294117645,5,6,17,NA,NA
2023,TB,INA,CB,0.9411764705882353,0,2,17,NA,NA
2023,TB,INA,DE,0.7647058823529411,0,1,17,NA,NA
2023,TB,INA,DT,0.8235294117647058,0,2,17,NA,NA
2023,TB,INA,LB,0.7058823529411765,0,3,17,NA,NA
2023,TB,INA,LS,0,0,0,17,NA,NA
2023,TB,INA,OL,1,1,1,17,NA,NA
2023,TB,INA,PK,0,0,0,17,NA,NA
2023,TB,INA,PN,0,0,0,17,NA,NA
2023,TB,INA,QB,0.5882352941176471,0,1,17,NA,NA
2023,TB,INA,RB,0.5294117647058824,0,1,17,NA,NA
2023,TB,INA,S,0.17647058823529413,0,1,17,NA,NA
2023,TB,INA,TE,0.6470588235294118,0,1,17,NA,NA
2023,TB,INA,UNMAPPED,0,0,0,17,NA,NA
2023,TB,INA,WR,0.058823529411764705,0,1,17,NA,NA
2023,TEN,ACT,CB,6.176470588235294,5,7,17,NA,NA
2023,TEN,ACT,DE,4.764705882352941,4,5,17,NA,NA
2023,TEN,ACT,DT,4.294117647058823,4,5,17,NA,NA
2023,TEN,ACT,LB,4.882352941176471,4,6,17,NA,NA
2023,TEN,ACT,LS,1,1,1,17,NA,NA
2023,TEN,ACT,OL,8.117647058823529,8,9,17,NA,NA
2023,TEN,ACT,PK,1,1,1,17,NA,NA
2023,TEN,ACT,PN,1,1,1,17,NA,NA
2023,TEN,ACT,QB,2,2,2,17,NA,NA
2023,TEN,ACT,RB,2.6470588235294117,2,3,17,NA,NA
2023,TEN,ACT,S,3.6470588235294117,3,5,17,NA,NA
2023,TEN,ACT,TE,3.411764705882353,2,4,17,NA,NA
2023,TEN,ACT,UNMAPPED,0,0,0,17,NA,NA
2023,TEN,ACT,WR,5.0588235294117645,4,6,17,NA,NA
2023,TEN,INA,CB,0.7647058823529411,0,1,17,NA,NA
2023,TEN,INA,DE,0.7647058823529411,0,2,17,NA,NA
2023,TEN,INA,DT,0.4117647058823529,0,1,17,NA,NA
2023,TEN,INA,LB,1,0,2,17,NA,NA
2023,TEN,INA,LS,0,0,0,17,NA,NA
2023,TEN,INA,OL,1.0588235294117647,0,2,17,NA,NA
2023,TEN,INA,PK,0.058823529411764705,0,1,17,NA,NA
2023,TEN,INA,PN,0,0,0,17,NA,NA
2023,TEN,INA,QB,1,1,1,17,NA,NA
2023,TEN,INA,RB,0,0,0,17,NA,NA
2023,TEN,INA,S,0.35294117647058826,0,1,17,NA,NA
2023,TEN,INA,TE,0.29411764705882354,0,1,17,NA,NA
2023,TEN,INA,UNMAPPED,0,0,0,17,NA,NA
2023,TEN,INA,WR,0.9411764705882353,0,2,17,NA,NA
2023,WAS,ACT,CB,5,5,5,17,NA,NA
2023,WAS,ACT,DE,4.588235294117647,3,6,17,NA,NA
2023,WAS,ACT,DT,4.411764705882353,3,6,17,NA,NA
2023,WAS,ACT,LB,4.588235294117647,4,5,17,NA,NA
2023,WAS,ACT,LS,1,1,1,17,NA,NA
2023,WAS,ACT,OL,8.058823529411764,8,9,17,NA,NA
2023,WAS,ACT,PK,1,1,1,17,NA,NA
2023,WAS,ACT,PN,1,1,1,17,NA,NA
2023,WAS,ACT,QB,2,2,2,17,NA,NA
2023,WAS,ACT,RB,3.4705882352941178,3,4,17,NA,NA
2023,WAS,ACT,S,4.176470588235294,3,5,17,NA,NA
2023,WAS,ACT,TE,2.6470588235294117,2,3,17,NA,NA
2023,WAS,ACT,UNMAPPED,0,0,0,17,NA,NA
2023,WAS,ACT,WR,6.0588235294117645,5,7,17,NA,NA
2023,WAS,INA,CB,0.7058823529411765,0,2,17,NA,NA
2023,WAS,INA,DE,1.1764705882352942,0,2,17,NA,NA
2023,WAS,INA,DT,0.058823529411764705,0,1,17,NA,NA
2023,WAS,INA,LB,0,0,0,17,NA,NA
2023,WAS,INA,LS,0,0,0,17,NA,NA
2023,WAS,INA,OL,1.6470588235294117,1,3,17,NA,NA
2023,WAS,INA,PK,0,0,0,17,NA,NA
2023,WAS,INA,PN,0,0,0,17,NA,NA
2023,WAS,INA,QB,0.11764705882352941,0,1,17,NA,NA
2023,WAS,INA,RB,0.5294117647058824,0,2,17,NA,NA
2023,WAS,INA,S,0.11764705882352941,0,1,17,NA,NA
2023,WAS,INA,TE,1.1176470588235294,0,2,17,NA,NA
2023,WAS,INA,UNMAPPED,0,0,0,17,NA,NA
2023,WAS,INA,WR,0.9411764705882353,0,2,17,NA,NA
2024,ARI,ACT,CB,4.823529411764706,4,6,17,NA,NA
2024,ARI,ACT,DE,4.764705882352941,4,6,17,NA,NA
2024,ARI,ACT,DT,5.470588235294118,5,6,17,NA,NA
2024,ARI,ACT,LB,4,3,5,17,NA,NA
2024,ARI,ACT,LS,1,1,1,17,NA,NA
2024,ARI,ACT,OL,8,8,8,17,NA,NA
2024,ARI,ACT,PK,1,1,1,17,NA,NA
2024,ARI,ACT,PN,1,1,1,17,NA,NA
2024,ARI,ACT,QB,2,2,2,17,NA,NA
2024,ARI,ACT,RB,3.764705882352941,3,4,17,NA,NA
2024,ARI,ACT,S,4.176470588235294,3,5,17,NA,NA
2024,ARI,ACT,TE,3,3,3,17,NA,NA
2024,ARI,ACT,UNMAPPED,0,0,0,17,NA,NA
2024,ARI,ACT,WR,5,5,5,17,NA,NA
2024,ARI,INA,CB,0.29411764705882354,0,2,17,NA,NA
2024,ARI,INA,DE,1.1176470588235294,0,2,17,NA,NA
2024,ARI,INA,DT,0.6470588235294118,0,2,17,NA,NA
2024,ARI,INA,LB,0.17647058823529413,0,1,17,NA,NA
2024,ARI,INA,LS,0,0,0,17,NA,NA
2024,ARI,INA,OL,0.9411764705882353,0,2,17,NA,NA
2024,ARI,INA,PK,0.11764705882352941,0,1,17,NA,NA
2024,ARI,INA,PN,0,0,0,17,NA,NA
2024,ARI,INA,QB,0,0,0,17,NA,NA
2024,ARI,INA,RB,0.11764705882352941,0,1,17,NA,NA
2024,ARI,INA,S,0.6470588235294118,0,2,17,NA,NA
2024,ARI,INA,TE,1,1,1,17,NA,NA
2024,ARI,INA,UNMAPPED,0,0,0,17,NA,NA
2024,ARI,INA,WR,0.9411764705882353,0,1,17,NA,NA
2024,ATL,ACT,CB,6,4,7,17,NA,NA
2024,ATL,ACT,DE,6,6,6,17,NA,NA
2024,ATL,ACT,DT,5,5,5,17,NA,NA
2024,ATL,ACT,LB,3.2941176470588234,3,4,17,NA,NA
2024,ATL,ACT,LS,1,1,1,17,NA,NA
2024,ATL,ACT,OL,8.176470588235293,8,10,17,NA,NA
2024,ATL,ACT,PK,1,1,1,17,NA,NA
2024,ATL,ACT,PN,1,1,1,17,NA,NA
2024,ATL,ACT,QB,2,2,2,17,NA,NA
2024,ATL,ACT,RB,3.176470588235294,3,4,17,NA,NA
2024,ATL,ACT,S,3.411764705882353,2,5,17,NA,NA
2024,ATL,ACT,TE,2.9411764705882355,2,3,17,NA,NA
2024,ATL,ACT,UNMAPPED,0,0,0,17,NA,NA
2024,ATL,ACT,WR,5,4,6,17,NA,NA
2024,ATL,INA,CB,0.5882352941176471,0,3,17,NA,NA
2024,ATL,INA,DE,0,0,0,17,NA,NA
2024,ATL,INA,DT,1.2941176470588236,0,2,17,NA,NA
2024,ATL,INA,LB,0.8823529411764706,0,2,17,NA,NA
2024,ATL,INA,LS,0,0,0,17,NA,NA
2024,ATL,INA,OL,2.2941176470588234,1,3,17,NA,NA
2024,ATL,INA,PK,0.058823529411764705,0,1,17,NA,NA
2024,ATL,INA,PN,0,0,0,17,NA,NA
2024,ATL,INA,QB,0,0,0,17,NA,NA
2024,ATL,INA,RB,0.8235294117647058,0,1,17,NA,NA
2024,ATL,INA,S,0.058823529411764705,0,1,17,NA,NA
2024,ATL,INA,TE,0.058823529411764705,0,1,17,NA,NA
2024,ATL,INA,UNMAPPED,0,0,0,17,NA,NA
2024,ATL,INA,WR,0.4117647058823529,0,2,17,NA,NA
2024,BAL,ACT,CB,4.647058823529412,4,6,17,NA,NA
2024,BAL,ACT,DE,4.235294117647059,4,5,17,NA,NA
2024,BAL,ACT,DT,4.588235294117647,4,5,17,NA,NA
2024,BAL,ACT,LB,4.882352941176471,4,6,17,NA,NA
2024,BAL,ACT,LS,1,1,1,17,NA,NA
2024,BAL,ACT,OL,8,8,8,17,NA,NA
2024,BAL,ACT,PK,1,1,1,17,NA,NA
2024,BAL,ACT,PN,1,1,1,17,NA,NA
2024,BAL,ACT,QB,2,2,2,17,NA,NA
2024,BAL,ACT,RB,4,4,4,17,NA,NA
2024,BAL,ACT,S,4.764705882352941,3,6,17,NA,NA
2024,BAL,ACT,TE,2.7058823529411766,2,3,17,NA,NA
2024,BAL,ACT,UNMAPPED,0,0,0,17,NA,NA
2024,BAL,ACT,WR,5.176470588235294,4,6,17,NA,NA
2024,BAL,INA,CB,0.7647058823529411,0,2,17,NA,NA
2024,BAL,INA,DE,1.1176470588235294,0,2,17,NA,NA
2024,BAL,INA,DT,0.47058823529411764,0,1,17,NA,NA
2024,BAL,INA,LB,0.17647058823529413,0,1,17,NA,NA
2024,BAL,INA,LS,0,0,0,17,NA,NA
2024,BAL,INA,OL,1.3529411764705883,1,2,17,NA,NA
2024,BAL,INA,PK,0,0,0,17,NA,NA
2024,BAL,INA,PN,0,0,0,17,NA,NA
2024,BAL,INA,QB,0,0,0,17,NA,NA
2024,BAL,INA,RB,0.6470588235294118,0,1,17,NA,NA
2024,BAL,INA,S,0.8823529411764706,0,2,17,NA,NA
2024,BAL,INA,TE,0.058823529411764705,0,1,17,NA,NA
2024,BAL,INA,UNMAPPED,0,0,0,17,NA,NA
2024,BAL,INA,WR,0.7647058823529411,0,2,17,NA,NA
2024,BUF,ACT,CB,5.235294117647059,4,6,17,NA,NA
2024,BUF,ACT,DE,5.117647058823529,4,6,17,NA,NA
2024,BUF,ACT,DT,4.411764705882353,4,5,17,NA,NA
2024,BUF,ACT,LB,4.352941176470588,4,5,17,NA,NA
2024,BUF,ACT,LS,1,1,1,17,NA,NA
2024,BUF,ACT,OL,8.058823529411764,8,9,17,NA,NA
2024,BUF,ACT,PK,1,1,1,17,NA,NA
2024,BUF,ACT,PN,1,1,1,17,NA,NA
2024,BUF,ACT,QB,2.0588235294117645,2,3,17,NA,NA
2024,BUF,ACT,RB,3.8823529411764706,3,4,17,NA,NA
2024,BUF,ACT,S,3.9411764705882355,3,5,17,NA,NA
2024,BUF,ACT,TE,2.9411764705882355,2,3,17,NA,NA
2024,BUF,ACT,UNMAPPED,0,0,0,17,NA,NA
2024,BUF,ACT,WR,4.9411764705882355,4,5,17,NA,NA
2024,BUF,INA,CB,0.7647058823529411,0,2,17,NA,NA
2024,BUF,INA,DE,0.4117647058823529,0,2,17,NA,NA
2024,BUF,INA,DT,0.7058823529411765,0,2,17,NA,NA
2024,BUF,INA,LB,1.411764705882353,1,2,17,NA,NA
2024,BUF,INA,LS,0,0,0,17,NA,NA
2024,BUF,INA,OL,1.0588235294117647,0,2,17,NA,NA
2024,BUF,INA,PK,0,0,0,17,NA,NA
2024,BUF,INA,PN,0,0,0,17,NA,NA
2024,BUF,INA,QB,0.11764705882352941,0,1,17,NA,NA
2024,BUF,INA,RB,0.17647058823529413,0,1,17,NA,NA
2024,BUF,INA,S,0.8235294117647058,0,2,17,NA,NA
2024,BUF,INA,TE,0.23529411764705882,0,2,17,NA,NA
2024,BUF,INA,UNMAPPED,0,0,0,17,NA,NA
2024,BUF,INA,WR,0.7058823529411765,0,3,17,NA,NA
2024,CAR,ACT,CB,4.705882352941177,4,5,17,NA,NA
2024,CAR,ACT,DE,4.529411764705882,4,5,17,NA,NA
2024,CAR,ACT,DT,5.352941176470588,5,6,17,NA,NA
2024,CAR,ACT,LB,4.352941176470588,3,5,17,NA,NA
2024,CAR,ACT,LS,1,1,1,17,NA,NA
2024,CAR,ACT,OL,8,8,8,17,NA,NA
2024,CAR,ACT,PK,1,1,1,17,NA,NA
2024,CAR,ACT,PN,1,1,1,17,NA,NA
2024,CAR,ACT,QB,2,2,2,17,NA,NA
2024,CAR,ACT,RB,3,2,4,17,NA,NA
2024,CAR,ACT,S,4.882352941176471,4,5,17,NA,NA
2024,CAR,ACT,TE,3.176470588235294,3,4,17,NA,NA
2024,CAR,ACT,UNMAPPED,0,0,0,17,NA,NA
2024,CAR,ACT,WR,5,4,6,17,NA,NA
2024,CAR,INA,CB,1.3529411764705883,0,3,17,NA,NA
2024,CAR,INA,DE,0.47058823529411764,0,2,17,NA,NA
2024,CAR,INA,DT,0.5882352941176471,0,1,17,NA,NA
2024,CAR,INA,LB,0.47058823529411764,0,3,17,NA,NA
2024,CAR,INA,LS,0,0,0,17,NA,NA
2024,CAR,INA,OL,1.4705882352941178,1,3,17,NA,NA
2024,CAR,INA,PK,0,0,0,17,NA,NA
2024,CAR,INA,PN,0,0,0,17,NA,NA
2024,CAR,INA,QB,0.17647058823529413,0,1,17,NA,NA
2024,CAR,INA,RB,0.29411764705882354,0,1,17,NA,NA
2024,CAR,INA,S,0.7647058823529411,0,1,17,NA,NA
2024,CAR,INA,TE,0.5882352941176471,0,2,17,NA,NA
2024,CAR,INA,UNMAPPED,0,0,0,17,NA,NA
2024,CAR,INA,WR,0.5294117647058824,0,2,17,NA,NA
2024,CHI,ACT,CB,5.294117647058823,5,6,17,NA,NA
2024,CHI,ACT,DE,5.882352941176471,5,7,17,NA,NA
2024,CHI,ACT,DT,4,4,4,17,NA,NA
2024,CHI,ACT,LB,4.588235294117647,4,5,17,NA,NA
2024,CHI,ACT,LS,1,1,1,17,NA,NA
2024,CHI,ACT,OL,8.058823529411764,7,9,17,NA,NA
2024,CHI,ACT,PK,1,1,1,17,NA,NA
2024,CHI,ACT,PN,1,1,1,17,NA,NA
2024,CHI,ACT,QB,2,2,2,17,NA,NA
2024,CHI,ACT,RB,3.235294117647059,3,4,17,NA,NA
2024,CHI,ACT,S,3.9411764705882355,3,5,17,NA,NA
2024,CHI,ACT,TE,3,3,3,17,NA,NA
2024,CHI,ACT,UNMAPPED,0,0,0,17,NA,NA
2024,CHI,ACT,WR,5,5,5,17,NA,NA
2024,CHI,INA,CB,0.8235294117647058,0,2,17,NA,NA
2024,CHI,INA,DE,0.7647058823529411,0,1,17,NA,NA
2024,CHI,INA,DT,0.6470588235294118,0,1,17,NA,NA
2024,CHI,INA,LB,0.47058823529411764,0,1,17,NA,NA
2024,CHI,INA,LS,0,0,0,17,NA,NA
2024,CHI,INA,OL,1.5294117647058822,0,4,17,NA,NA
2024,CHI,INA,PK,0,0,0,17,NA,NA
2024,CHI,INA,PN,0,0,0,17,NA,NA
2024,CHI,INA,QB,0,0,0,17,NA,NA
2024,CHI,INA,RB,0.7058823529411765,0,1,17,NA,NA
2024,CHI,INA,S,0.5882352941176471,0,2,17,NA,NA
2024,CHI,INA,TE,0,0,0,17,NA,NA
2024,CHI,INA,UNMAPPED,0,0,0,17,NA,NA
2024,CHI,INA,WR,0.6470588235294118,0,2,17,NA,NA
2024,CIN,ACT,CB,5,5,5,17,NA,NA
2024,CIN,ACT,DE,4.411764705882353,4,5,17,NA,NA
2024,CIN,ACT,DT,4.294117647058823,4,5,17,NA,NA
2024,CIN,ACT,LB,4.705882352941177,4,5,17,NA,NA
2024,CIN,ACT,LS,1,1,1,17,NA,NA
2024,CIN,ACT,OL,8,8,8,17,NA,NA
2024,CIN,ACT,PK,1,1,1,17,NA,NA
2024,CIN,ACT,PN,1,1,1,17,NA,NA
2024,CIN,ACT,QB,2,2,2,17,NA,NA
2024,CIN,ACT,RB,3,3,3,17,NA,NA
2024,CIN,ACT,S,4.823529411764706,4,5,17,NA,NA
2024,CIN,ACT,TE,3.823529411764706,3,4,17,NA,NA
2024,CIN,ACT,UNMAPPED,0,0,0,17,NA,NA
2024,CIN,ACT,WR,4.9411764705882355,4,6,17,NA,NA
2024,CIN,INA,CB,0.058823529411764705,0,1,17,NA,NA
2024,CIN,INA,DE,0.6470588235294118,0,2,17,NA,NA
2024,CIN,INA,DT,1.1176470588235294,0,2,17,NA,NA
2024,CIN,INA,LB,0.11764705882352941,0,1,17,NA,NA
2024,CIN,INA,LS,0,0,0,17,NA,NA
2024,CIN,INA,OL,0.8235294117647058,0,2,17,NA,NA
2024,CIN,INA,PK,0,0,0,17,NA,NA
2024,CIN,INA,PN,0,0,0,17,NA,NA
2024,CIN,INA,QB,0.11764705882352941,0,1,17,NA,NA
2024,CIN,INA,RB,0.17647058823529413,0,1,17,NA,NA
2024,CIN,INA,S,0.17647058823529413,0,1,17,NA,NA
2024,CIN,INA,TE,1.1764705882352942,1,2,17,NA,NA
2024,CIN,INA,UNMAPPED,0,0,0,17,NA,NA
2024,CIN,INA,WR,1.3529411764705883,0,3,17,NA,NA
2024,CLE,ACT,CB,5.411764705882353,5,7,17,NA,NA
2024,CLE,ACT,DE,4.235294117647059,4,5,17,NA,NA
2024,CLE,ACT,DT,4.117647058823529,4,5,17,NA,NA
2024,CLE,ACT,LB,5.647058823529412,4,6,17,NA,NA
2024,CLE,ACT,LS,1,1,1,17,NA,NA
2024,CLE,ACT,OL,8,8,8,17,NA,NA
2024,CLE,ACT,PK,1,1,1,17,NA,NA
2024,CLE,ACT,PN,1,1,1,17,NA,NA
2024,CLE,ACT,QB,2.0588235294117645,2,3,17,NA,NA
2024,CLE,ACT,RB,3,3,3,17,NA,NA
2024,CLE,ACT,S,4.529411764705882,3,6,17,NA,NA
2024,CLE,ACT,TE,2.8823529411764706,2,4,17,NA,NA
2024,CLE,ACT,UNMAPPED,0,0,0,17,NA,NA
2024,CLE,ACT,WR,5.176470588235294,5,6,17,NA,NA
2024,CLE,INA,CB,1,0,2,17,NA,NA
2024,CLE,INA,DE,0.35294117647058826,0,1,17,NA,NA
2024,CLE,INA,DT,0.47058823529411764,0,1,17,NA,NA
2024,CLE,INA,LB,0.4117647058823529,0,2,17,NA,NA
2024,CLE,INA,LS,0,0,0,17,NA,NA
2024,CLE,INA,OL,1.1176470588235294,0,3,17,NA,NA
2024,CLE,INA,PK,0.058823529411764705,0,1,17,NA,NA
2024,CLE,INA,PN,0,0,0,17,NA,NA
2024,CLE,INA,QB,0.8823529411764706,0,1,17,NA,NA
2024,CLE,INA,RB,0.5882352941176471,0,1,17,NA,NA
2024,CLE,INA,S,0.29411764705882354,0,2,17,NA,NA
2024,CLE,INA,TE,0.4117647058823529,0,1,17,NA,NA
2024,CLE,INA,UNMAPPED,0,0,0,17,NA,NA
2024,CLE,INA,WR,0.7647058823529411,0,2,17,NA,NA
2024,DAL,ACT,CB,5.9411764705882355,5,7,17,NA,NA
2024,DAL,ACT,DE,3.176470588235294,2,4,17,NA,NA
2024,DAL,ACT,DT,5,5,5,17,NA,NA
2024,DAL,ACT,LB,5.470588235294118,5,6,17,NA,NA
2024,DAL,ACT,LS,1,1,1,17,NA,NA
2024,DAL,ACT,OL,8,8,8,17,NA,NA
2024,DAL,ACT,PK,1,1,1,17,NA,NA
2024,DAL,ACT,PN,1,1,1,17,NA,NA
2024,DAL,ACT,QB,2,2,2,17,NA,NA
2024,DAL,ACT,RB,3.3529411764705883,3,4,17,NA,NA
2024,DAL,ACT,S,3.2941176470588234,2,4,17,NA,NA
2024,DAL,ACT,TE,3.2941176470588234,3,4,17,NA,NA
2024,DAL,ACT,UNMAPPED,0,0,0,17,NA,NA
2024,DAL,ACT,WR,5.470588235294118,5,6,17,NA,NA
2024,DAL,INA,CB,1.1764705882352942,0,2,17,NA,NA
2024,DAL,INA,DE,1,0,2,17,NA,NA
2024,DAL,INA,DT,0.23529411764705882,0,2,17,NA,NA
2024,DAL,INA,LB,0.47058823529411764,0,1,17,NA,NA
2024,DAL,INA,LS,0,0,0,17,NA,NA
2024,DAL,INA,OL,1.0588235294117647,0,2,17,NA,NA
2024,DAL,INA,PK,0,0,0,17,NA,NA
2024,DAL,INA,PN,0,0,0,17,NA,NA
2024,DAL,INA,QB,0.5882352941176471,0,1,17,NA,NA
2024,DAL,INA,RB,0.7058823529411765,0,1,17,NA,NA
2024,DAL,INA,S,0.29411764705882354,0,1,17,NA,NA
2024,DAL,INA,TE,0.5882352941176471,0,2,17,NA,NA
2024,DAL,INA,UNMAPPED,0,0,0,17,NA,NA
2024,DAL,INA,WR,0.5882352941176471,0,1,17,NA,NA
2024,DEN,ACT,CB,5.470588235294118,5,6,17,NA,NA
2024,DEN,ACT,DE,3.2941176470588234,3,4,17,NA,NA
2024,DEN,ACT,DT,5.176470588235294,5,6,17,NA,NA
2024,DEN,ACT,LB,4.705882352941177,4,5,17,NA,NA
2024,DEN,ACT,LS,1,1,1,17,NA,NA
2024,DEN,ACT,OL,8,8,8,17,NA,NA
2024,DEN,ACT,PK,1,1,1,17,NA,NA
2024,DEN,ACT,PN,1,1,1,17,NA,NA
2024,DEN,ACT,QB,2,2,2,17,NA,NA
2024,DEN,ACT,RB,4,4,4,17,NA,NA
2024,DEN,ACT,S,4.352941176470588,4,5,17,NA,NA
2024,DEN,ACT,TE,3.0588235294117645,3,4,17,NA,NA
2024,DEN,ACT,UNMAPPED,0,0,0,17,NA,NA
2024,DEN,ACT,WR,5,5,5,17,NA,NA
2024,DEN,INA,CB,1.1176470588235294,0,2,17,NA,NA
2024,DEN,INA,DE,0,0,0,17,NA,NA
2024,DEN,INA,DT,1,0,2,17,NA,NA
2024,DEN,INA,LB,0.47058823529411764,0,1,17,NA,NA
2024,DEN,INA,LS,0,0,0,17,NA,NA
2024,DEN,INA,OL,1.1764705882352942,0,3,17,NA,NA
2024,DEN,INA,PK,0,0,0,17,NA,NA
2024,DEN,INA,PN,0,0,0,17,NA,NA
2024,DEN,INA,QB,1,1,1,17,NA,NA
2024,DEN,INA,RB,0.47058823529411764,0,1,17,NA,NA
2024,DEN,INA,S,0.47058823529411764,0,2,17,NA,NA
2024,DEN,INA,TE,0.7058823529411765,0,1,17,NA,NA
2024,DEN,INA,UNMAPPED,0,0,0,17,NA,NA
2024,DEN,INA,WR,0.35294117647058826,0,1,17,NA,NA
2024,DET,ACT,CB,6.294117647058823,5,7,17,NA,NA
2024,DET,ACT,DE,2.9411764705882355,2,3,17,NA,NA
2024,DET,ACT,DT,5.0588235294117645,5,6,17,NA,NA
2024,DET,ACT,LB,6.294117647058823,6,8,17,NA,NA
2024,DET,ACT,LS,1,1,1,17,NA,NA
2024,DET,ACT,OL,8,8,8,17,NA,NA
2024,DET,ACT,PK,1,1,1,17,NA,NA
2024,DET,ACT,PN,1,1,1,17,NA,NA
2024,DET,ACT,QB,2,2,2,17,NA,NA
2024,DET,ACT,RB,3.8823529411764706,3,4,17,NA,NA
2024,DET,ACT,S,2.5294117647058822,2,3,17,NA,NA
2024,DET,ACT,TE,3,3,3,17,NA,NA
2024,DET,ACT,UNMAPPED,0,0,0,17,NA,NA
2024,DET,ACT,WR,5,5,5,17,NA,NA
2024,DET,INA,CB,0.5294117647058824,0,2,17,NA,NA
2024,DET,INA,DE,0.6470588235294118,0,1,17,NA,NA
2024,DET,INA,DT,0.7647058823529411,0,2,17,NA,NA
2024,DET,INA,LB,0.4117647058823529,0,1,17,NA,NA
2024,DET,INA,LS,0,0,0,17,NA,NA
2024,DET,INA,OL,2.7058823529411766,2,4,17,NA,NA
2024,DET,INA,PK,0,0,0,17,NA,NA
2024,DET,INA,PN,0,0,0,17,NA,NA
2024,DET,INA,QB,0.11764705882352941,0,1,17,NA,NA
2024,DET,INA,RB,0.23529411764705882,0,1,17,NA,NA
2024,DET,INA,S,0.47058823529411764,0,1,17,NA,NA
2024,DET,INA,TE,0.17647058823529413,0,1,17,NA,NA
2024,DET,INA,UNMAPPED,0,0,0,17,NA,NA
2024,DET,INA,WR,0.29411764705882354,0,1,17,NA,NA
2024,GB,ACT,CB,5,5,5,17,NA,NA
2024,GB,ACT,DE,4.882352941176471,4,5,17,NA,NA
2024,GB,ACT,DT,4.588235294117647,4,5,17,NA,NA
2024,GB,ACT,LB,4.647058823529412,4,5,17,NA,NA
2024,GB,ACT,LS,1,1,1,17,NA,NA
2024,GB,ACT,OL,8,8,8,17,NA,NA
2024,GB,ACT,PK,1,1,1,17,NA,NA
2024,GB,ACT,PN,1,1,1,17,NA,NA
2024,GB,ACT,QB,2,2,2,17,NA,NA
2024,GB,ACT,RB,3.176470588235294,3,4,17,NA,NA
2024,GB,ACT,S,4.235294117647059,4,5,17,NA,NA
2024,GB,ACT,TE,3.0588235294117645,2,4,17,NA,NA
2024,GB,ACT,UNMAPPED,0,0,0,17,NA,NA
2024,GB,ACT,WR,5.411764705882353,4,6,17,NA,NA
2024,GB,INA,CB,0.8235294117647058,0,2,17,NA,NA
2024,GB,INA,DE,0.6470588235294118,0,2,17,NA,NA
2024,GB,INA,DT,0.4117647058823529,0,1,17,NA,NA
2024,GB,INA,LB,0.4117647058823529,0,1,17,NA,NA
2024,GB,INA,LS,0,0,0,17,NA,NA
2024,GB,INA,OL,1.5294117647058822,1,2,17,NA,NA
2024,GB,INA,PK,0.058823529411764705,0,1,17,NA,NA
2024,GB,INA,PN,0,0,0,17,NA,NA
2024,GB,INA,QB,0.17647058823529413,0,1,17,NA,NA
2024,GB,INA,RB,0.058823529411764705,0,1,17,NA,NA
2024,GB,INA,S,0.9411764705882353,0,2,17,NA,NA
2024,GB,INA,TE,0.11764705882352941,0,1,17,NA,NA
2024,GB,INA,UNMAPPED,0,0,0,17,NA,NA
2024,GB,INA,WR,0.5294117647058824,0,1,17,NA,NA
2024,HOU,ACT,CB,4.882352941176471,4,6,17,NA,NA
2024,HOU,ACT,DE,4.176470588235294,4,5,17,NA,NA
2024,HOU,ACT,DT,4.588235294117647,4,5,17,NA,NA
2024,HOU,ACT,LB,5.647058823529412,4,7,17,NA,NA
2024,HOU,ACT,LS,1,1,1,17,NA,NA
2024,HOU,ACT,OL,8,8,8,17,NA,NA
2024,HOU,ACT,PK,1,1,1,17,NA,NA
2024,HOU,ACT,PN,1,1,1,17,NA,NA
2024,HOU,ACT,QB,2,2,2,17,NA,NA
2024,HOU,ACT,RB,3.5294117647058822,3,4,17,NA,NA
2024,HOU,ACT,S,4.235294117647059,3,5,17,NA,NA
2024,HOU,ACT,TE,2.7058823529411766,2,3,17,NA,NA
2024,HOU,ACT,UNMAPPED,0,0,0,17,NA,NA
2024,HOU,ACT,WR,5.235294117647059,4,6,17,NA,NA
2024,HOU,INA,CB,0.5294117647058824,0,1,17,NA,NA
2024,HOU,INA,DE,0.7058823529411765,0,1,17,NA,NA
2024,HOU,INA,DT,0.47058823529411764,0,2,17,NA,NA
2024,HOU,INA,LB,1,0,2,17,NA,NA
2024,HOU,INA,LS,0,0,0,17,NA,NA
2024,HOU,INA,OL,1.1764705882352942,1,2,17,NA,NA
2024,HOU,INA,PK,0,0,0,17,NA,NA
2024,HOU,INA,PN,0,0,0,17,NA,NA
2024,HOU,INA,QB,0,0,0,17,NA,NA
2024,HOU,INA,RB,0.5882352941176471,0,2,17,NA,NA
2024,HOU,INA,S,0.47058823529411764,0,1,17,NA,NA
2024,HOU,INA,TE,0.11764705882352941,0,1,17,NA,NA
2024,HOU,INA,UNMAPPED,0,0,0,17,NA,NA
2024,HOU,INA,WR,1,0,2,17,NA,NA
2024,IND,ACT,CB,5,5,5,17,NA,NA
2024,IND,ACT,DE,4.117647058823529,3,5,17,NA,NA
2024,IND,ACT,DT,4.9411764705882355,4,6,17,NA,NA
2024,IND,ACT,LB,5.176470588235294,5,6,17,NA,NA
2024,IND,ACT,LS,1,1,1,17,NA,NA
2024,IND,ACT,OL,8.058823529411764,8,9,17,NA,NA
2024,IND,ACT,PK,1,1,1,17,NA,NA
2024,IND,ACT,PN,1,1,1,17,NA,NA
2024,IND,ACT,QB,2,2,2,17,NA,NA
2024,IND,ACT,RB,3,3,3,17,NA,NA
2024,IND,ACT,S,4,4,4,17,NA,NA
2024,IND,ACT,TE,3.588235294117647,3,4,17,NA,NA
2024,IND,ACT,UNMAPPED,0,0,0,17,NA,NA
2024,IND,ACT,WR,5.176470588235294,5,6,17,NA,NA
2024,IND,INA,CB,0.35294117647058826,0,1,17,NA,NA
2024,IND,INA,DE,1.0588235294117647,0,2,17,NA,NA
2024,IND,INA,DT,0.17647058823529413,0,1,17,NA,NA
2024,IND,INA,LB,0.17647058823529413,0,1,17,NA,NA
2024,IND,INA,LS,0,0,0,17,NA,NA
2024,IND,INA,OL,1.3529411764705883,0,2,17,NA,NA
2024,IND,INA,PK,0.058823529411764705,0,1,17,NA,NA
2024,IND,INA,PN,0,0,0,17,NA,NA
2024,IND,INA,QB,1,1,1,17,NA,NA
2024,IND,INA,RB,0.17647058823529413,0,1,17,NA,NA
2024,IND,INA,S,0.35294117647058826,0,1,17,NA,NA
2024,IND,INA,TE,0.4117647058823529,0,1,17,NA,NA
2024,IND,INA,UNMAPPED,0,0,0,17,NA,NA
2024,IND,INA,WR,0.9411764705882353,0,2,17,NA,NA
2024,JAX,ACT,CB,5.0588235294117645,4,6,17,NA,NA
2024,JAX,ACT,DE,3.4705882352941178,2,4,17,NA,NA
2024,JAX,ACT,DT,5.411764705882353,5,7,17,NA,NA
2024,JAX,ACT,LB,4.9411764705882355,4,6,17,NA,NA
2024,JAX,ACT,LS,1,1,1,17,NA,NA
2024,JAX,ACT,OL,8,8,8,17,NA,NA
2024,JAX,ACT,PK,1,1,1,17,NA,NA
2024,JAX,ACT,PN,1,1,1,17,NA,NA
2024,JAX,ACT,QB,2,2,2,17,NA,NA
2024,JAX,ACT,RB,3.1176470588235294,2,4,17,NA,NA
2024,JAX,ACT,S,4.235294117647059,3,5,17,NA,NA
2024,JAX,ACT,TE,3.4705882352941178,2,4,17,NA,NA
2024,JAX,ACT,UNMAPPED,0,0,0,17,NA,NA
2024,JAX,ACT,WR,5.352941176470588,5,6,17,NA,NA
2024,JAX,INA,CB,0.17647058823529413,0,1,17,NA,NA
2024,JAX,INA,DE,0.7647058823529411,0,2,17,NA,NA
2024,JAX,INA,DT,2,1,3,17,NA,NA
2024,JAX,INA,LB,0.17647058823529413,0,1,17,NA,NA
2024,JAX,INA,LS,0,0,0,17,NA,NA
2024,JAX,INA,OL,1.5294117647058822,1,2,17,NA,NA
2024,JAX,INA,PK,0,0,0,17,NA,NA
2024,JAX,INA,PN,0,0,0,17,NA,NA
2024,JAX,INA,QB,0.17647058823529413,0,1,17,NA,NA
2024,JAX,INA,RB,0.35294117647058826,0,1,17,NA,NA
2024,JAX,INA,S,0.35294117647058826,0,1,17,NA,NA
2024,JAX,INA,TE,0.23529411764705882,0,1,17,NA,NA
2024,JAX,INA,UNMAPPED,0,0,0,17,NA,NA
2024,JAX,INA,WR,0.11764705882352941,0,1,17,NA,NA
2024,KC,ACT,CB,4.9411764705882355,4,5,17,NA,NA
2024,KC,ACT,DE,4.411764705882353,4,5,17,NA,NA
2024,KC,ACT,DT,4,4,4,17,NA,NA
2024,KC,ACT,LB,5.647058823529412,5,6,17,NA,NA
2024,KC,ACT,LS,1,1,1,17,NA,NA
2024,KC,ACT,OL,8.117647058823529,8,10,17,NA,NA
2024,KC,ACT,PK,1,1,1,17,NA,NA
2024,KC,ACT,PN,1,1,1,17,NA,NA
2024,KC,ACT,QB,2,2,2,17,NA,NA
2024,KC,ACT,RB,3.2941176470588234,3,4,17,NA,NA
2024,KC,ACT,S,4,4,4,17,NA,NA
2024,KC,ACT,TE,3.176470588235294,2,4,17,NA,NA
2024,KC,ACT,UNMAPPED,0,0,0,17,NA,NA
2024,KC,ACT,WR,5.411764705882353,5,6,17,NA,NA
2024,KC,INA,CB,0.11764705882352941,0,1,17,NA,NA
2024,KC,INA,DE,1.1764705882352942,0,2,17,NA,NA
2024,KC,INA,DT,1,1,1,17,NA,NA
2024,KC,INA,LB,0,0,0,17,NA,NA
2024,KC,INA,LS,0,0,0,17,NA,NA
2024,KC,INA,OL,2.235294117647059,1,3,17,NA,NA
2024,KC,INA,PK,0.058823529411764705,0,1,17,NA,NA
2024,KC,INA,PN,0,0,0,17,NA,NA
2024,KC,INA,QB,0.058823529411764705,0,1,17,NA,NA
2024,KC,INA,RB,0.5882352941176471,0,1,17,NA,NA
2024,KC,INA,S,0.11764705882352941,0,1,17,NA,NA
2024,KC,INA,TE,0.11764705882352941,0,1,17,NA,NA
2024,KC,INA,UNMAPPED,0,0,0,17,NA,NA
2024,KC,INA,WR,0.23529411764705882,0,1,17,NA,NA
2024,LA,ACT,CB,5.9411764705882355,5,7,17,NA,NA
2024,LA,ACT,DE,4.294117647058823,4,5,17,NA,NA
2024,LA,ACT,DT,5.705882352941177,5,6,17,NA,NA
2024,LA,ACT,LB,3.7058823529411766,3,5,17,NA,NA
2024,LA,ACT,LS,1,1,1,17,NA,NA
2024,LA,ACT,OL,8,8,8,17,NA,NA
2024,LA,ACT,PK,1,1,1,17,NA,NA
2024,LA,ACT,PN,1,1,1,17,NA,NA
2024,LA,ACT,QB,2,2,2,17,NA,NA
2024,LA,ACT,RB,3,3,3,17,NA,NA
2024,LA,ACT,S,3.176470588235294,3,5,17,NA,NA
2024,LA,ACT,TE,3.176470588235294,3,4,17,NA,NA
2024,LA,ACT,UNMAPPED,0,0,0,17,NA,NA
2024,LA,ACT,WR,6,5,7,17,NA,NA
2024,LA,INA,CB,0.5294117647058824,0,1,17,NA,NA
2024,LA,INA,DE,0.5882352941176471,0,1,17,NA,NA
2024,LA,INA,DT,0.7058823529411765,0,2,17,NA,NA
2024,LA,INA,LB,0.058823529411764705,0,1,17,NA,NA
2024,LA,INA,LS,0,0,0,17,NA,NA
2024,LA,INA,OL,1.4705882352941178,0,3,17,NA,NA
2024,LA,INA,PK,0,0,0,17,NA,NA
2024,LA,INA,PN,0.058823529411764705,0,1,17,NA,NA
2024,LA,INA,QB,0.8823529411764706,0,1,17,NA,NA
2024,LA,INA,RB,1,1,1,17,NA,NA
2024,LA,INA,S,0,0,0,17,NA,NA
2024,LA,INA,TE,0.11764705882352941,0,1,17,NA,NA
2024,LA,INA,UNMAPPED,0,0,0,17,NA,NA
2024,LA,INA,WR,0.5882352941176471,0,2,17,NA,NA
2024,LAC,ACT,CB,5,4,6,17,NA,NA
2024,LAC,ACT,DE,3.9411764705882355,3,5,17,NA,NA
2024,LAC,ACT,DT,5.411764705882353,5,6,17,NA,NA
2024,LAC,ACT,LB,4.705882352941177,4,5,17,NA,NA
2024,LAC,ACT,LS,1,1,1,17,NA,NA
2024,LAC,ACT,OL,8,8,8,17,NA,NA
2024,LAC,ACT,PK,1,1,1,17,NA,NA
2024,LAC,ACT,PN,1,1,1,17,NA,NA
2024,LAC,ACT,QB,2.1176470588235294,2,3,17,NA,NA
2024,LAC,ACT,RB,3.0588235294117645,3,4,17,NA,NA
2024,LAC,ACT,S,4.0588235294117645,4,5,17,NA,NA
2024,LAC,ACT,TE,3.3529411764705883,3,4,17,NA,NA
2024,LAC,ACT,UNMAPPED,0,0,0,17,NA,NA
2024,LAC,ACT,WR,5.352941176470588,5,6,17,NA,NA
2024,LAC,INA,CB,0.6470588235294118,0,2,17,NA,NA
2024,LAC,INA,DE,0.23529411764705882,0,1,17,NA,NA
2024,LAC,INA,DT,0.5882352941176471,0,1,17,NA,NA
2024,LAC,INA,LB,0.5882352941176471,0,2,17,NA,NA
2024,LAC,INA,LS,0,0,0,17,NA,NA
2024,LAC,INA,OL,1.7058823529411764,1,2,17,NA,NA
2024,LAC,INA,PK,0,0,0,17,NA,NA
2024,LAC,INA,PN,0,0,0,17,NA,NA
2024,LAC,INA,QB,0.8823529411764706,0,1,17,NA,NA
2024,LAC,INA,RB,0.5294117647058824,0,1,17,NA,NA
2024,LAC,INA,S,0.23529411764705882,0,1,17,NA,NA
2024,LAC,INA,TE,0.47058823529411764,0,1,17,NA,NA
2024,LAC,INA,UNMAPPED,0,0,0,17,NA,NA
2024,LAC,INA,WR,0.7647058823529411,0,2,17,NA,NA
2024,LV,ACT,CB,4.823529411764706,4,5,17,NA,NA
2024,LV,ACT,DE,4.235294117647059,3,5,17,NA,NA
2024,LV,ACT,DT,4.588235294117647,4,5,17,NA,NA
2024,LV,ACT,LB,5.588235294117647,4,7,17,NA,NA
2024,LV,ACT,LS,1,1,1,17,NA,NA
2024,LV,ACT,OL,8,8,8,17,NA,NA
2024,LV,ACT,PK,1,1,1,17,NA,NA
2024,LV,ACT,PN,1,1,1,17,NA,NA
2024,LV,ACT,QB,2.0588235294117645,2,3,17,NA,NA
2024,LV,ACT,RB,3.2941176470588234,3,4,17,NA,NA
2024,LV,ACT,S,4.529411764705882,4,5,17,NA,NA
2024,LV,ACT,TE,2.8823529411764706,2,4,17,NA,NA
2024,LV,ACT,UNMAPPED,0,0,0,17,NA,NA
2024,LV,ACT,WR,5,4,6,17,NA,NA
2024,LV,INA,CB,1.1176470588235294,1,2,17,NA,NA
2024,LV,INA,DE,0.47058823529411764,0,2,17,NA,NA
2024,LV,INA,DT,0.4117647058823529,0,1,17,NA,NA
2024,LV,INA,LB,0.6470588235294118,0,2,17,NA,NA
2024,LV,INA,LS,0,0,0,17,NA,NA
2024,LV,INA,OL,1.0588235294117647,1,2,17,NA,NA
2024,LV,INA,PK,0,0,0,17,NA,NA
2024,LV,INA,PN,0,0,0,17,NA,NA
2024,LV,INA,QB,0.23529411764705882,0,1,17,NA,NA
2024,LV,INA,RB,0.9411764705882353,0,2,17,NA,NA
2024,LV,INA,S,0.35294117647058826,0,1,17,NA,NA
2024,LV,INA,TE,0.35294117647058826,0,1,17,NA,NA
2024,LV,INA,UNMAPPED,0,0,0,17,NA,NA
2024,LV,INA,WR,0.8235294117647058,0,2,17,NA,NA
2024,MIA,ACT,CB,5.117647058823529,5,6,17,NA,NA
2024,MIA,ACT,DE,4.0588235294117645,4,5,17,NA,NA
2024,MIA,ACT,DT,5.0588235294117645,5,6,17,NA,NA
2024,MIA,ACT,LB,4.411764705882353,4,5,17,NA,NA
2024,MIA,ACT,LS,1,1,1,17,NA,NA
2024,MIA,ACT,OL,8.058823529411764,8,9,17,NA,NA
2024,MIA,ACT,PK,1,1,1,17,NA,NA
2024,MIA,ACT,PN,1,1,1,17,NA,NA
2024,MIA,ACT,QB,2.1176470588235294,2,3,17,NA,NA
2024,MIA,ACT,RB,4.117647058823529,3,5,17,NA,NA
2024,MIA,ACT,S,3.823529411764706,3,4,17,NA,NA
2024,MIA,ACT,TE,3.6470588235294117,3,4,17,NA,NA
2024,MIA,ACT,UNMAPPED,0,0,0,17,NA,NA
2024,MIA,ACT,WR,4.882352941176471,4,6,17,NA,NA
2024,MIA,INA,CB,1.2941176470588236,0,2,17,NA,NA
2024,MIA,INA,DE,0.7647058823529411,0,1,17,NA,NA
2024,MIA,INA,DT,0.17647058823529413,0,1,17,NA,NA
2024,MIA,INA,LB,0.5882352941176471,0,1,17,NA,NA
2024,MIA,INA,LS,0,0,0,17,NA,NA
2024,MIA,INA,OL,1.0588235294117647,0,2,17,NA,NA
2024,MIA,INA,PK,0,0,0,17,NA,NA
2024,MIA,INA,PN,0,0,0,17,NA,NA
2024,MIA,INA,QB,0.47058823529411764,0,1,17,NA,NA
2024,MIA,INA,RB,0.8823529411764706,0,2,17,NA,NA
2024,MIA,INA,S,0.17647058823529413,0,1,17,NA,NA
2024,MIA,INA,TE,0.35294117647058826,0,1,17,NA,NA
2024,MIA,INA,UNMAPPED,0,0,0,17,NA,NA
2024,MIA,INA,WR,0.8823529411764706,0,2,17,NA,NA
2024,MIN,ACT,CB,4.117647058823529,4,5,17,NA,NA
2024,MIN,ACT,DE,5.176470588235294,4,6,17,NA,NA
2024,MIN,ACT,DT,4.352941176470588,4,5,17,NA,NA
2024,MIN,ACT,LB,4.294117647058823,4,5,17,NA,NA
2024,MIN,ACT,LS,1,1,1,17,NA,NA
2024,MIN,ACT,OL,8,8,8,17,NA,NA
2024,MIN,ACT,PK,1,1,1,17,NA,NA
2024,MIN,ACT,PN,1,1,1,17,NA,NA
2024,MIN,ACT,QB,2,2,2,17,NA,NA
2024,MIN,ACT,RB,4,4,4,17,NA,NA
2024,MIN,ACT,S,5.0588235294117645,4,6,17,NA,NA
2024,MIN,ACT,TE,3,3,3,17,NA,NA
2024,MIN,ACT,UNMAPPED,0,0,0,17,NA,NA
2024,MIN,ACT,WR,5,5,5,17,NA,NA
2024,MIN,INA,CB,1.5294117647058822,1,2,17,NA,NA
2024,MIN,INA,DE,0.17647058823529413,0,1,17,NA,NA
2024,MIN,INA,DT,1.1176470588235294,0,2,17,NA,NA
2024,MIN,INA,LB,0.35294117647058826,0,1,17,NA,NA
2024,MIN,INA,LS,0,0,0,17,NA,NA
2024,MIN,INA,OL,1.588235294117647,1,2,17,NA,NA
2024,MIN,INA,PK,0,0,0,17,NA,NA
2024,MIN,INA,PN,0,0,0,17,NA,NA
2024,MIN,INA,QB,1,1,1,17,NA,NA
2024,MIN,INA,RB,0.11764705882352941,0,1,17,NA,NA
2024,MIN,INA,S,0.11764705882352941,0,1,17,NA,NA
2024,MIN,INA,TE,0.17647058823529413,0,1,17,NA,NA
2024,MIN,INA,UNMAPPED,0,0,0,17,NA,NA
2024,MIN,INA,WR,0.29411764705882354,0,1,17,NA,NA
2024,NE,ACT,CB,5.764705882352941,5,6,17,NA,NA
2024,NE,ACT,DE,4.470588235294118,3,5,17,NA,NA
2024,NE,ACT,DT,4.352941176470588,4,5,17,NA,NA
2024,NE,ACT,LB,4.117647058823529,3,5,17,NA,NA
2024,NE,ACT,LS,1,1,1,17,NA,NA
2024,NE,ACT,OL,8.117647058823529,8,9,17,NA,NA
2024,NE,ACT,PK,1,1,1,17,NA,NA
2024,NE,ACT,PN,1,1,1,17,NA,NA
2024,NE,ACT,QB,2.0588235294117645,2,3,17,NA,NA
2024,NE,ACT,RB,3,3,3,17,NA,NA
2024,NE,ACT,S,4.705882352941177,4,5,17,NA,NA
2024,NE,ACT,TE,3.1176470588235294,2,4,17,NA,NA
2024,NE,ACT,UNMAPPED,0,0,0,17,NA,NA
2024,NE,ACT,WR,5.294117647058823,4,6,17,NA,NA
2024,NE,INA,CB,0.17647058823529413,0,1,17,NA,NA
2024,NE,INA,DE,0.5882352941176471,0,2,17,NA,NA
2024,NE,INA,DT,0.5294117647058824,0,1,17,NA,NA
2024,NE,INA,LB,0.35294117647058826,0,2,17,NA,NA
2024,NE,INA,LS,0.058823529411764705,0,1,17,NA,NA
2024,NE,INA,OL,1.5294117647058822,0,3,17,NA,NA
2024,NE,INA,PK,0,0,0,17,NA,NA
2024,NE,INA,PN,0,0,0,17,NA,NA
2024,NE,INA,QB,0.9411764705882353,0,1,17,NA,NA
2024,NE,INA,RB,0.23529411764705882,0,1,17,NA,NA
2024,NE,INA,S,0.5882352941176471,0,2,17,NA,NA
2024,NE,INA,TE,0.23529411764705882,0,2,17,NA,NA
2024,NE,INA,UNMAPPED,0,0,0,17,NA,NA
2024,NE,INA,WR,0.9411764705882353,0,2,17,NA,NA
2024,NO,ACT,CB,4.882352941176471,4,5,17,NA,NA
2024,NO,ACT,DE,5.117647058823529,4,6,17,NA,NA
2024,NO,ACT,DT,3.8823529411764706,3,4,17,NA,NA
2024,NO,ACT,LB,5.352941176470588,4,6,17,NA,NA
2024,NO,ACT,LS,1,1,1,17,NA,NA
2024,NO,ACT,OL,8,8,8,17,NA,NA
2024,NO,ACT,PK,1,1,1,17,NA,NA
2024,NO,ACT,PN,1,1,1,17,NA,NA
2024,NO,ACT,QB,2,2,2,17,NA,NA
2024,NO,ACT,RB,3.764705882352941,3,4,17,NA,NA
2024,NO,ACT,S,4.235294117647059,4,5,17,NA,NA
2024,NO,ACT,TE,3.235294117647059,3,4,17,NA,NA
2024,NO,ACT,UNMAPPED,0,0,0,17,NA,NA
2024,NO,ACT,WR,4.529411764705882,4,5,17,NA,NA
2024,NO,INA,CB,0.29411764705882354,0,3,17,NA,NA
2024,NO,INA,DE,0.11764705882352941,0,1,17,NA,NA
2024,NO,INA,DT,1.1764705882352942,1,2,17,NA,NA
2024,NO,INA,LB,1.1176470588235294,0,2,17,NA,NA
2024,NO,INA,LS,0,0,0,17,NA,NA
2024,NO,INA,OL,0.6470588235294118,0,2,17,NA,NA
2024,NO,INA,PK,0,0,0,17,NA,NA
2024,NO,INA,PN,0,0,0,17,NA,NA
2024,NO,INA,QB,1,1,1,17,NA,NA
2024,NO,INA,RB,0.7647058823529411,0,2,17,NA,NA
2024,NO,INA,S,0.058823529411764705,0,1,17,NA,NA
2024,NO,INA,TE,0.47058823529411764,0,1,17,NA,NA
2024,NO,INA,UNMAPPED,0,0,0,17,NA,NA
2024,NO,INA,WR,0.9411764705882353,0,2,17,NA,NA
2024,NYG,ACT,CB,5.176470588235294,5,6,17,NA,NA
2024,NYG,ACT,DE,4.0588235294117645,4,5,17,NA,NA
2024,NYG,ACT,DT,5,5,5,17,NA,NA
2024,NYG,ACT,LB,4.411764705882353,3,5,17,NA,NA
2024,NYG,ACT,LS,1,1,1,17,NA,NA
2024,NYG,ACT,OL,8,8,8,17,NA,NA
2024,NYG,ACT,PK,1,1,1,17,NA,NA
2024,NYG,ACT,PN,1,1,1,17,NA,NA
2024,NYG,ACT,QB,2,2,2,17,NA,NA
2024,NYG,ACT,RB,3.176470588235294,3,4,17,NA,NA
2024,NYG,ACT,S,4.352941176470588,4,5,17,NA,NA
2024,NYG,ACT,TE,3,3,3,17,NA,NA
2024,NYG,ACT,UNMAPPED,0,0,0,17,NA,NA
2024,NYG,ACT,WR,5.823529411764706,5,6,17,NA,NA
2024,NYG,INA,CB,1.7058823529411764,0,3,17,NA,NA
2024,NYG,INA,DE,0.47058823529411764,0,2,17,NA,NA
2024,NYG,INA,DT,0.47058823529411764,0,1,17,NA,NA
2024,NYG,INA,LB,0.4117647058823529,0,1,17,NA,NA
2024,NYG,INA,LS,0,0,0,17,NA,NA
2024,NYG,INA,OL,1.1176470588235294,0,2,17,NA,NA
2024,NYG,INA,PK,0,0,0,17,NA,NA
2024,NYG,INA,PN,0.23529411764705882,0,1,17,NA,NA
2024,NYG,INA,QB,0.9411764705882353,0,1,17,NA,NA
2024,NYG,INA,RB,0.17647058823529413,0,1,17,NA,NA
2024,NYG,INA,S,0.5294117647058824,0,1,17,NA,NA
2024,NYG,INA,TE,0.058823529411764705,0,1,17,NA,NA
2024,NYG,INA,UNMAPPED,0,0,0,17,NA,NA
2024,NYG,INA,WR,0.35294117647058826,0,2,17,NA,NA
2024,NYJ,ACT,CB,4.647058823529412,4,5,17,NA,NA
2024,NYJ,ACT,DE,4.705882352941177,4,6,17,NA,NA
2024,NYJ,ACT,DT,4.176470588235294,3,5,17,NA,NA
2024,NYJ,ACT,LB,5,5,5,17,NA,NA
2024,NYJ,ACT,LS,1,1,1,17,NA,NA
2024,NYJ,ACT,OL,8.235294117647058,8,9,17,NA,NA
2024,NYJ,ACT,PK,1,1,1,17,NA,NA
2024,NYJ,ACT,PN,1,1,1,17,NA,NA
2024,NYJ,ACT,QB,2.0588235294117645,2,3,17,NA,NA
2024,NYJ,ACT,RB,3.0588235294117645,3,4,17,NA,NA
2024,NYJ,ACT,S,4.705882352941177,4,6,17,NA,NA
2024,NYJ,ACT,TE,3.0588235294117645,3,4,17,NA,NA
2024,NYJ,ACT,UNMAPPED,0,0,0,17,NA,NA
2024,NYJ,ACT,WR,5.411764705882353,5,6,17,NA,NA
2024,NYJ,INA,CB,1,0,3,17,NA,NA
2024,NYJ,INA,DE,0.8823529411764706,0,2,17,NA,NA
2024,NYJ,INA,DT,0.4117647058823529,0,1,17,NA,NA
2024,NYJ,INA,LB,0.4117647058823529,0,1,17,NA,NA
2024,NYJ,INA,LS,0,0,0,17,NA,NA
2024,NYJ,INA,OL,1.7058823529411764,0,2,17,NA,NA
2024,NYJ,INA,PK,0.058823529411764705,0,1,17,NA,NA
2024,NYJ,INA,PN,0,0,0,17,NA,NA
2024,NYJ,INA,QB,0,0,0,17,NA,NA
2024,NYJ,INA,RB,0.7647058823529411,0,1,17,NA,NA
2024,NYJ,INA,S,0.8235294117647058,0,2,17,NA,NA
2024,NYJ,INA,TE,0.11764705882352941,0,1,17,NA,NA
2024,NYJ,INA,UNMAPPED,0,0,0,17,NA,NA
2024,NYJ,INA,WR,0.35294117647058826,0,1,17,NA,NA
2024,PHI,ACT,CB,6.176470588235294,6,7,17,NA,NA
2024,PHI,ACT,DE,4.705882352941177,4,5,17,NA,NA
2024,PHI,ACT,DT,4.9411764705882355,4,5,17,NA,NA
2024,PHI,ACT,LB,4.588235294117647,3,5,17,NA,NA
2024,PHI,ACT,LS,1,1,1,17,NA,NA
2024,PHI,ACT,OL,8,8,8,17,NA,NA
2024,PHI,ACT,PK,1,1,1,17,NA,NA
2024,PHI,ACT,PN,1,1,1,17,NA,NA
2024,PHI,ACT,QB,2.0588235294117645,2,3,17,NA,NA
2024,PHI,ACT,RB,3.1176470588235294,2,4,17,NA,NA
2024,PHI,ACT,S,3.4705882352941178,3,4,17,NA,NA
2024,PHI,ACT,TE,2.8823529411764706,2,3,17,NA,NA
2024,PHI,ACT,UNMAPPED,0,0,0,17,NA,NA
2024,PHI,ACT,WR,4.823529411764706,3,5,17,NA,NA
2024,PHI,INA,CB,0.8235294117647058,0,1,17,NA,NA
2024,PHI,INA,DE,0.058823529411764705,0,1,17,NA,NA
2024,PHI,INA,DT,0.4117647058823529,0,1,17,NA,NA
2024,PHI,INA,LB,0.4117647058823529,0,2,17,NA,NA
2024,PHI,INA,LS,0,0,0,17,NA,NA
2024,PHI,INA,OL,2.5294117647058822,2,3,17,NA,NA
2024,PHI,INA,PK,0,0,0,17,NA,NA
2024,PHI,INA,PN,0,0,0,17,NA,NA
2024,PHI,INA,QB,1.0588235294117647,1,2,17,NA,NA
2024,PHI,INA,RB,0.11764705882352941,0,1,17,NA,NA
2024,PHI,INA,S,0.29411764705882354,0,2,17,NA,NA
2024,PHI,INA,TE,0.17647058823529413,0,1,17,NA,NA
2024,PHI,INA,UNMAPPED,0,0,0,17,NA,NA
2024,PHI,INA,WR,0.7058823529411765,0,2,17,NA,NA
2024,PIT,ACT,CB,4.764705882352941,4,5,17,NA,NA
2024,PIT,ACT,DE,4.176470588235294,3,5,17,NA,NA
2024,PIT,ACT,DT,5.176470588235294,4,6,17,NA,NA
2024,PIT,ACT,LB,4.647058823529412,4,5,17,NA,NA
2024,PIT,ACT,LS,1,1,1,17,NA,NA
2024,PIT,ACT,OL,8.058823529411764,8,9,17,NA,NA
2024,PIT,ACT,PK,1,1,1,17,NA,NA
2024,PIT,ACT,PN,1,1,1,17,NA,NA
2024,PIT,ACT,QB,2,2,2,17,NA,NA
2024,PIT,ACT,RB,3.0588235294117645,3,4,17,NA,NA
2024,PIT,ACT,S,4.176470588235294,3,6,17,NA,NA
2024,PIT,ACT,TE,4.0588235294117645,3,5,17,NA,NA
2024,PIT,ACT,UNMAPPED,0,0,0,17,NA,NA
2024,PIT,ACT,WR,4.9411764705882355,4,6,17,NA,NA
2024,PIT,INA,CB,0.5294117647058824,0,1,17,NA,NA
2024,PIT,INA,DE,0.6470588235294118,0,2,17,NA,NA
2024,PIT,INA,DT,0.47058823529411764,0,2,17,NA,NA
2024,PIT,INA,LB,0,0,0,17,NA,NA
2024,PIT,INA,LS,0,0,0,17,NA,NA
2024,PIT,INA,OL,0.7058823529411765,0,1,17,NA,NA
2024,PIT,INA,PK,0,0,0,17,NA,NA
2024,PIT,INA,PN,0,0,0,17,NA,NA
2024,PIT,INA,QB,1,1,1,17,NA,NA
2024,PIT,INA,RB,0.6470588235294118,0,2,17,NA,NA
2024,PIT,INA,S,0.47058823529411764,0,2,17,NA,NA
2024,PIT,INA,TE,0.29411764705882354,0,1,17,NA,NA
2024,PIT,INA,UNMAPPED,0,0,0,17,NA,NA
2024,PIT,INA,WR,0.8823529411764706,0,1,17,NA,NA
2024,SEA,ACT,CB,5,4,6,17,NA,NA
2024,SEA,ACT,DE,2.764705882352941,2,4,17,NA,NA
2024,SEA,ACT,DT,6.588235294117647,6,7,17,NA,NA
2024,SEA,ACT,LB,4.294117647058823,3,5,17,NA,NA
2024,SEA,ACT,LS,1,1,1,17,NA,NA
2024,SEA,ACT,OL,8.117647058823529,8,9,17,NA,NA
2024,SEA,ACT,PK,1,1,1,17,NA,NA
2024,SEA,ACT,PN,1,1,1,17,NA,NA
2024,SEA,ACT,QB,2,2,2,17,NA,NA
2024,SEA,ACT,RB,3,2,4,17,NA,NA
2024,SEA,ACT,S,4.117647058823529,4,5,17,NA,NA
2024,SEA,ACT,TE,3.4705882352941178,3,4,17,NA,NA
2024,SEA,ACT,UNMAPPED,0,0,0,17,NA,NA
2024,SEA,ACT,WR,5.882352941176471,5,6,17,NA,NA
2024,SEA,INA,CB,0.8235294117647058,0,2,17,NA,NA
2024,SEA,INA,DE,0.8823529411764706,0,2,17,NA,NA
2024,SEA,INA,DT,1.0588235294117647,0,3,17,NA,NA
2024,SEA,INA,LB,0.35294117647058826,0,1,17,NA,NA
2024,SEA,INA,LS,0,0,0,17,NA,NA
2024,SEA,INA,OL,1.5294117647058822,0,4,17,NA,NA
2024,SEA,INA,PK,0,0,0,17,NA,NA
2024,SEA,INA,PN,0.058823529411764705,0,1,17,NA,NA
2024,SEA,INA,QB,0.29411764705882354,0,1,17,NA,NA
2024,SEA,INA,RB,0.23529411764705882,0,1,17,NA,NA
2024,SEA,INA,S,0.17647058823529413,0,2,17,NA,NA
2024,SEA,INA,TE,0.6470588235294118,0,2,17,NA,NA
2024,SEA,INA,UNMAPPED,0,0,0,17,NA,NA
2024,SEA,INA,WR,0.7058823529411765,0,2,17,NA,NA
2024,SF,ACT,CB,5,5,5,17,NA,NA
2024,SF,ACT,DE,4.411764705882353,4,5,17,NA,NA
2024,SF,ACT,DT,4.235294117647059,4,5,17,NA,NA
2024,SF,ACT,LB,4.882352941176471,4,5,17,NA,NA
2024,SF,ACT,LS,1,1,1,17,NA,NA
2024,SF,ACT,OL,8,8,8,17,NA,NA
2024,SF,ACT,PK,1,1,1,17,NA,NA
2024,SF,ACT,PN,1,1,1,17,NA,NA
2024,SF,ACT,QB,2,2,2,17,NA,NA
2024,SF,ACT,RB,3.8823529411764706,3,4,17,NA,NA
2024,SF,ACT,S,3.9411764705882355,3,4,17,NA,NA
2024,SF,ACT,TE,3.411764705882353,3,4,17,NA,NA
2024,SF,ACT,UNMAPPED,0,0,0,17,NA,NA
2024,SF,ACT,WR,5.235294117647059,5,6,17,NA,NA
2024,SF,INA,CB,1.0588235294117647,1,2,17,NA,NA
2024,SF,INA,DE,0.4117647058823529,0,1,17,NA,NA
2024,SF,INA,DT,0.7058823529411765,0,2,17,NA,NA
2024,SF,INA,LB,0.5882352941176471,0,1,17,NA,NA
2024,SF,INA,LS,0,0,0,17,NA,NA
2024,SF,INA,OL,1.0588235294117647,0,2,17,NA,NA
2024,SF,INA,PK,0.17647058823529413,0,1,17,NA,NA
2024,SF,INA,PN,0,0,0,17,NA,NA
2024,SF,INA,QB,1,1,1,17,NA,NA
2024,SF,INA,RB,0.35294117647058826,0,1,17,NA,NA
2024,SF,INA,S,0.23529411764705882,0,1,17,NA,NA
2024,SF,INA,TE,0.35294117647058826,0,1,17,NA,NA
2024,SF,INA,UNMAPPED,0,0,0,17,NA,NA
2024,SF,INA,WR,0.5882352941176471,0,2,17,NA,NA
2024,TB,ACT,CB,6.588235294117647,6,7,17,NA,NA
2024,TB,ACT,DE,4.470588235294118,4,6,17,NA,NA
2024,TB,ACT,DT,5.882352941176471,5,6,17,NA,NA
2024,TB,ACT,LB,3.9411764705882355,3,4,17,NA,NA
2024,TB,ACT,LS,1,1,1,17,NA,NA
2024,TB,ACT,OL,8.117647058823529,8,9,17,NA,NA
2024,TB,ACT,PK,1,1,1,17,NA,NA
2024,TB,ACT,PN,1,1,1,17,NA,NA
2024,TB,ACT,QB,2,2,2,17,NA,NA
2024,TB,ACT,RB,3,3,3,17,NA,NA
2024,TB,ACT,S,2.4705882352941178,2,3,17,NA,NA
2024,TB,ACT,TE,3.0588235294117645,3,4,17,NA,NA
2024,TB,ACT,UNMAPPED,0,0,0,17,NA,NA
2024,TB,ACT,WR,5.470588235294118,5,6,17,NA,NA
2024,TB,INA,CB,0.6470588235294118,0,2,17,NA,NA
2024,TB,INA,DE,0.9411764705882353,0,2,17,NA,NA
2024,TB,INA,DT,1.0588235294117647,0,2,17,NA,NA
2024,TB,INA,LB,0.35294117647058826,0,2,17,NA,NA
2024,TB,INA,LS,0,0,0,17,NA,NA
2024,TB,INA,OL,0.8823529411764706,0,1,17,NA,NA
2024,TB,INA,PK,0,0,0,17,NA,NA
2024,TB,INA,PN,0.17647058823529413,0,1,17,NA,NA
2024,TB,INA,QB,0.17647058823529413,0,1,17,NA,NA
2024,TB,INA,RB,0.058823529411764705,0,1,17,NA,NA
2024,TB,INA,S,0.6470588235294118,0,2,17,NA,NA
2024,TB,INA,TE,0.9411764705882353,0,1,17,NA,NA
2024,TB,INA,UNMAPPED,0,0,0,17,NA,NA
2024,TB,INA,WR,0.7058823529411765,0,2,17,NA,NA
2024,TEN,ACT,CB,5,5,5,17,NA,NA
2024,TEN,ACT,DE,3.0588235294117645,2,4,17,NA,NA
2024,TEN,ACT,DT,5.0588235294117645,5,6,17,NA,NA
2024,TEN,ACT,LB,6.176470588235294,5,7,17,NA,NA
2024,TEN,ACT,LS,1,1,1,17,NA,NA
2024,TEN,ACT,OL,8,8,8,17,NA,NA
2024,TEN,ACT,PK,1,1,1,17,NA,NA
2024,TEN,ACT,PN,1,1,1,17,NA,NA
2024,TEN,ACT,QB,2,2,2,17,NA,NA
2024,TEN,ACT,RB,2.9411764705882355,2,3,17,NA,NA
2024,TEN,ACT,S,3.9411764705882355,3,4,17,NA,NA
2024,TEN,ACT,TE,3.4705882352941178,3,5,17,NA,NA
2024,TEN,ACT,UNMAPPED,0,0,0,17,NA,NA
2024,TEN,ACT,WR,5.294117647058823,5,6,17,NA,NA
2024,TEN,INA,CB,0.9411764705882353,0,2,17,NA,NA
2024,TEN,INA,DE,0.29411764705882354,0,1,17,NA,NA
2024,TEN,INA,DT,0.17647058823529413,0,1,17,NA,NA
2024,TEN,INA,LB,1.0588235294117647,0,2,17,NA,NA
2024,TEN,INA,LS,0,0,0,17,NA,NA
2024,TEN,INA,OL,0.9411764705882353,0,2,17,NA,NA
2024,TEN,INA,PK,0.17647058823529413,0,1,17,NA,NA
2024,TEN,INA,PN,0,0,0,17,NA,NA
2024,TEN,INA,QB,0.17647058823529413,0,1,17,NA,NA
2024,TEN,INA,RB,0.7647058823529411,0,1,17,NA,NA
2024,TEN,INA,S,0.5294117647058824,0,1,17,NA,NA
2024,TEN,INA,TE,1.0588235294117647,0,2,17,NA,NA
2024,TEN,INA,UNMAPPED,0,0,0,17,NA,NA
2024,TEN,INA,WR,0.35294117647058826,0,2,17,NA,NA
2024,WAS,ACT,CB,4.823529411764706,4,6,17,NA,NA
2024,WAS,ACT,DE,4.882352941176471,4,5,17,NA,NA
2024,WAS,ACT,DT,4.0588235294117645,4,5,17,NA,NA
2024,WAS,ACT,LB,3.4705882352941178,3,4,17,NA,NA
2024,WAS,ACT,LS,1,1,1,17,NA,NA
2024,WAS,ACT,OL,8,8,8,17,NA,NA
2024,WAS,ACT,PK,1,1,1,17,NA,NA
2024,WAS,ACT,PN,1,1,1,17,NA,NA
2024,WAS,ACT,QB,2,2,2,17,NA,NA
2024,WAS,ACT,RB,4,3,5,17,NA,NA
2024,WAS,ACT,S,5.294117647058823,5,6,17,NA,NA
2024,WAS,ACT,TE,3.3529411764705883,3,4,17,NA,NA
2024,WAS,ACT,UNMAPPED,0,0,0,17,NA,NA
2024,WAS,ACT,WR,5.117647058823529,5,6,17,NA,NA
2024,WAS,INA,CB,0.7058823529411765,0,2,17,NA,NA
2024,WAS,INA,DE,0.35294117647058826,0,1,17,NA,NA
2024,WAS,INA,DT,0.23529411764705882,0,1,17,NA,NA
2024,WAS,INA,LB,0.11764705882352941,0,1,17,NA,NA
2024,WAS,INA,LS,0,0,0,17,NA,NA
2024,WAS,INA,OL,1.0588235294117647,1,2,17,NA,NA
2024,WAS,INA,PK,0.17647058823529413,0,1,17,NA,NA
2024,WAS,INA,PN,0,0,0,17,NA,NA
2024,WAS,INA,QB,1.0588235294117647,1,2,17,NA,NA
2024,WAS,INA,RB,0.35294117647058826,0,2,17,NA,NA
2024,WAS,INA,S,1.6470588235294117,1,2,17,NA,NA
2024,WAS,INA,TE,0.17647058823529413,0,1,17,NA,NA
2024,WAS,INA,UNMAPPED,0,0,0,17,NA,NA
2024,WAS,INA,WR,0.47058823529411764,0,1,17,NA,NA
2025,ARI,ACT,CB,4.470588235294118,4,5,17,NA,NA
2025,ARI,ACT,DE,4.764705882352941,4,6,17,NA,NA
2025,ARI,ACT,DT,5.823529411764706,5,6,17,NA,NA
2025,ARI,ACT,LB,3.9411764705882355,3,4,17,NA,NA
2025,ARI,ACT,LS,1,1,1,17,NA,NA
2025,ARI,ACT,OL,8.058823529411764,8,9,17,NA,NA
2025,ARI,ACT,PK,1,1,1,17,NA,NA
2025,ARI,ACT,PN,1,1,1,17,NA,NA
2025,ARI,ACT,QB,2,2,2,17,NA,NA
2025,ARI,ACT,RB,3.176470588235294,3,4,17,NA,NA
2025,ARI,ACT,S,4.235294117647059,3,5,17,NA,NA
2025,ARI,ACT,TE,3.6470588235294117,3,4,17,NA,NA
2025,ARI,ACT,UNMAPPED,0,0,0,17,NA,NA
2025,ARI,ACT,WR,4.882352941176471,4,6,17,NA,NA
2025,ARI,INA,CB,1.3529411764705883,1,2,17,NA,NA
2025,ARI,INA,DE,0.5294117647058824,0,2,17,NA,NA
2025,ARI,INA,DT,0.6470588235294118,0,2,17,NA,NA
2025,ARI,INA,LB,0.17647058823529413,0,1,17,NA,NA
2025,ARI,INA,LS,0,0,0,17,NA,NA
2025,ARI,INA,OL,1.588235294117647,0,3,17,NA,NA
2025,ARI,INA,PK,0.11764705882352941,0,1,17,NA,NA
2025,ARI,INA,PN,0,0,0,17,NA,NA
2025,ARI,INA,QB,0.17647058823529413,0,1,17,NA,NA
2025,ARI,INA,RB,0.35294117647058826,0,1,17,NA,NA
2025,ARI,INA,S,0.5882352941176471,0,2,17,NA,NA
2025,ARI,INA,TE,0.23529411764705882,0,1,17,NA,NA
2025,ARI,INA,UNMAPPED,0,0,0,17,NA,NA
2025,ARI,INA,WR,0.7058823529411765,0,2,17,NA,NA
2025,ATL,ACT,CB,5.411764705882353,4,6,17,NA,NA
2025,ATL,ACT,DE,4.529411764705882,4,5,17,NA,NA
2025,ATL,ACT,DT,5.0588235294117645,5,6,17,NA,NA
2025,ATL,ACT,LB,3.3529411764705883,2,4,17,NA,NA
2025,ATL,ACT,LS,1,1,1,17,NA,NA
2025,ATL,ACT,OL,8,8,8,17,NA,NA
2025,ATL,ACT,PK,1,1,1,17,NA,NA
2025,ATL,ACT,PN,1,1,1,17,NA,NA
2025,ATL,ACT,QB,2,2,2,17,NA,NA
2025,ATL,ACT,RB,2.588235294117647,2,3,17,NA,NA
2025,ATL,ACT,S,4.352941176470588,3,7,17,NA,NA
2025,ATL,ACT,TE,4,4,4,17,NA,NA
2025,ATL,ACT,UNMAPPED,0,0,0,17,NA,NA
2025,ATL,ACT,WR,5.705882352941177,5,6,17,NA,NA
2025,ATL,INA,CB,0.6470588235294118,0,2,17,NA,NA
2025,ATL,INA,DE,0.29411764705882354,0,1,17,NA,NA
2025,ATL,INA,DT,1.1764705882352942,1,2,17,NA,NA
2025,ATL,INA,LB,0.4117647058823529,0,1,17,NA,NA
2025,ATL,INA,LS,0,0,0,17,NA,NA
2025,ATL,INA,OL,1.1176470588235294,1,3,17,NA,NA
2025,ATL,INA,PK,0.058823529411764705,0,1,17,NA,NA
2025,ATL,INA,PN,0.058823529411764705,0,1,17,NA,NA
2025,ATL,INA,QB,0.058823529411764705,0,1,17,NA,NA
2025,ATL,INA,RB,0.47058823529411764,0,1,17,NA,NA
2025,ATL,INA,S,0.4117647058823529,0,1,17,NA,NA
2025,ATL,INA,TE,0,0,0,17,NA,NA
2025,ATL,INA,UNMAPPED,0,0,0,17,NA,NA
2025,ATL,INA,WR,1.6470588235294117,0,4,17,NA,NA
2025,BAL,ACT,CB,4.764705882352941,4,6,17,NA,NA
2025,BAL,ACT,DE,4.176470588235294,3,5,17,NA,NA
2025,BAL,ACT,DT,4.705882352941177,4,5,17,NA,NA
2025,BAL,ACT,LB,4.823529411764706,4,5,17,NA,NA
2025,BAL,ACT,LS,1,1,1,17,NA,NA
2025,BAL,ACT,OL,8,8,8,17,NA,NA
2025,BAL,ACT,PK,1,1,1,17,NA,NA
2025,BAL,ACT,PN,1,1,1,17,NA,NA
2025,BAL,ACT,QB,2,2,2,17,NA,NA
2025,BAL,ACT,RB,3.8823529411764706,3,5,17,NA,NA
2025,BAL,ACT,S,4.176470588235294,3,5,17,NA,NA
2025,BAL,ACT,TE,3.176470588235294,3,4,17,NA,NA
2025,BAL,ACT,UNMAPPED,0,0,0,17,NA,NA
2025,BAL,ACT,WR,5.294117647058823,5,6,17,NA,NA
2025,BAL,INA,CB,0.8823529411764706,0,2,17,NA,NA
2025,BAL,INA,DE,0.29411764705882354,0,1,17,NA,NA
2025,BAL,INA,DT,0.8235294117647058,0,2,17,NA,NA
2025,BAL,INA,LB,0.11764705882352941,0,1,17,NA,NA
2025,BAL,INA,LS,0,0,0,17,NA,NA
2025,BAL,INA,OL,1.411764705882353,1,2,17,NA,NA
2025,BAL,INA,PK,0,0,0,17,NA,NA
2025,BAL,INA,PN,0,0,0,17,NA,NA
2025,BAL,INA,QB,0.7647058823529411,0,1,17,NA,NA
2025,BAL,INA,RB,0.7647058823529411,0,2,17,NA,NA
2025,BAL,INA,S,0.29411764705882354,0,1,17,NA,NA
2025,BAL,INA,TE,0.17647058823529413,0,1,17,NA,NA
2025,BAL,INA,UNMAPPED,0,0,0,17,NA,NA
2025,BAL,INA,WR,0.7647058823529411,0,2,17,NA,NA
2025,BUF,ACT,CB,4.352941176470588,4,5,17,NA,NA
2025,BUF,ACT,DE,4.294117647058823,3,5,17,NA,NA
2025,BUF,ACT,DT,4.470588235294118,4,6,17,NA,NA
2025,BUF,ACT,LB,4.470588235294118,4,5,17,NA,NA
2025,BUF,ACT,LS,1,1,1,17,NA,NA
2025,BUF,ACT,OL,8,8,8,17,NA,NA
2025,BUF,ACT,PK,1,1,1,17,NA,NA
2025,BUF,ACT,PN,1,1,1,17,NA,NA
2025,BUF,ACT,QB,2,2,2,17,NA,NA
2025,BUF,ACT,RB,4,4,4,17,NA,NA
2025,BUF,ACT,S,5.294117647058823,5,6,17,NA,NA
2025,BUF,ACT,TE,3,2,4,17,NA,NA
2025,BUF,ACT,UNMAPPED,0,0,0,17,NA,NA
2025,BUF,ACT,WR,5.117647058823529,5,6,17,NA,NA
2025,BUF,INA,CB,0.9411764705882353,0,3,17,NA,NA
2025,BUF,INA,DE,0.5882352941176471,0,2,17,NA,NA
2025,BUF,INA,DT,1,0,2,17,NA,NA
2025,BUF,INA,LB,0.8235294117647058,0,2,17,NA,NA
2025,BUF,INA,LS,0,0,0,17,NA,NA
2025,BUF,INA,OL,1.2352941176470589,1,2,17,NA,NA
2025,BUF,INA,PK,0.11764705882352941,0,1,17,NA,NA
2025,BUF,INA,PN,0,0,0,17,NA,NA
2025,BUF,INA,QB,0,0,0,17,NA,NA
2025,BUF,INA,RB,0,0,0,17,NA,NA
2025,BUF,INA,S,0.5294117647058824,0,1,17,NA,NA
2025,BUF,INA,TE,0.29411764705882354,0,1,17,NA,NA
2025,BUF,INA,UNMAPPED,0,0,0,17,NA,NA
2025,BUF,INA,WR,1.1176470588235294,0,2,17,NA,NA
2025,CAR,ACT,CB,4.9411764705882355,4,5,17,NA,NA
2025,CAR,ACT,DE,5.117647058823529,5,6,17,NA,NA
2025,CAR,ACT,DT,5,5,5,17,NA,NA
2025,CAR,ACT,LB,5.0588235294117645,4,6,17,NA,NA
2025,CAR,ACT,LS,1,1,1,17,NA,NA
2025,CAR,ACT,OL,8,8,8,17,NA,NA
2025,CAR,ACT,PK,1,1,1,17,NA,NA
2025,CAR,ACT,PN,1,1,1,17,NA,NA
2025,CAR,ACT,QB,2,2,2,17,NA,NA
2025,CAR,ACT,RB,3.0588235294117645,3,4,17,NA,NA
2025,CAR,ACT,S,3.764705882352941,3,5,17,NA,NA
2025,CAR,ACT,TE,3.0588235294117645,3,4,17,NA,NA
2025,CAR,ACT,UNMAPPED,0,0,0,17,NA,NA
2025,CAR,ACT,WR,5,5,5,17,NA,NA
2025,CAR,INA,CB,0.23529411764705882,0,1,17,NA,NA
2025,CAR,INA,DE,0.23529411764705882,0,2,17,NA,NA
2025,CAR,INA,DT,1.7058823529411764,1,2,17,NA,NA
2025,CAR,INA,LB,0.5294117647058824,0,2,17,NA,NA
2025,CAR,INA,LS,0,0,0,17,NA,NA
2025,CAR,INA,OL,0.7647058823529411,0,1,17,NA,NA
2025,CAR,INA,PK,0,0,0,17,NA,NA
2025,CAR,INA,PN,0,0,0,17,NA,NA
2025,CAR,INA,QB,0.11764705882352941,0,1,17,NA,NA
2025,CAR,INA,RB,0.23529411764705882,0,1,17,NA,NA
2025,CAR,INA,S,0.4117647058823529,0,2,17,NA,NA
2025,CAR,INA,TE,0.8823529411764706,0,1,17,NA,NA
2025,CAR,INA,UNMAPPED,0,0,0,17,NA,NA
2025,CAR,INA,WR,1.1764705882352942,0,2,17,NA,NA
2025,CHI,ACT,CB,5.294117647058823,4,6,17,NA,NA
2025,CHI,ACT,DE,4.470588235294118,4,5,17,NA,NA
2025,CHI,ACT,DT,4.411764705882353,4,5,17,NA,NA
2025,CHI,ACT,LB,4.705882352941177,4,5,17,NA,NA
2025,CHI,ACT,LS,1,1,1,17,NA,NA
2025,CHI,ACT,OL,8.058823529411764,8,9,17,NA,NA
2025,CHI,ACT,PK,1,1,1,17,NA,NA
2025,CHI,ACT,PN,1,1,1,17,NA,NA
2025,CHI,ACT,QB,2,2,2,17,NA,NA
2025,CHI,ACT,RB,3.1176470588235294,2,4,17,NA,NA
2025,CHI,ACT,S,4.588235294117647,4,5,17,NA,NA
2025,CHI,ACT,TE,3.1176470588235294,3,4,17,NA,NA
2025,CHI,ACT,UNMAPPED,0,0,0,17,NA,NA
2025,CHI,ACT,WR,5.235294117647059,5,6,17,NA,NA
2025,CHI,INA,CB,0.8235294117647058,0,2,17,NA,NA
2025,CHI,INA,DE,0.4117647058823529,0,1,17,NA,NA
2025,CHI,INA,DT,0.7058823529411765,0,2,17,NA,NA
2025,CHI,INA,LB,1.2941176470588236,0,3,17,NA,NA
2025,CHI,INA,LS,0,0,0,17,NA,NA
2025,CHI,INA,OL,0.5882352941176471,0,2,17,NA,NA
2025,CHI,INA,PK,0.11764705882352941,0,1,17,NA,NA
2025,CHI,INA,PN,0,0,0,17,NA,NA
2025,CHI,INA,QB,1,1,1,17,NA,NA
2025,CHI,INA,RB,0.35294117647058826,0,2,17,NA,NA
2025,CHI,INA,S,0,0,0,17,NA,NA
2025,CHI,INA,TE,0.17647058823529413,0,1,17,NA,NA
2025,CHI,INA,UNMAPPED,0,0,0,17,NA,NA
2025,CHI,INA,WR,0.8823529411764706,0,2,17,NA,NA
2025,CIN,ACT,CB,5.117647058823529,5,6,17,NA,NA
2025,CIN,ACT,DE,4.588235294117647,4,5,17,NA,NA
2025,CIN,ACT,DT,4.529411764705882,4,5,17,NA,NA
2025,CIN,ACT,LB,5,4,6,17,NA,NA
2025,CIN,ACT,LS,1,1,1,17,NA,NA
2025,CIN,ACT,OL,8,8,8,17,NA,NA
2025,CIN,ACT,PK,1,1,1,17,NA,NA
2025,CIN,ACT,PN,1,1,1,17,NA,NA
2025,CIN,ACT,QB,2,2,2,17,NA,NA
2025,CIN,ACT,RB,3,3,3,17,NA,NA
2025,CIN,ACT,S,4.117647058823529,4,5,17,NA,NA
2025,CIN,ACT,TE,3.823529411764706,3,5,17,NA,NA
2025,CIN,ACT,UNMAPPED,0,0,0,17,NA,NA
2025,CIN,ACT,WR,4.823529411764706,4,5,17,NA,NA
2025,CIN,INA,CB,0.7058823529411765,0,1,17,NA,NA
2025,CIN,INA,DE,0.9411764705882353,0,2,17,NA,NA
2025,CIN,INA,DT,0.8823529411764706,0,2,17,NA,NA
2025,CIN,INA,LB,0.058823529411764705,0,1,17,NA,NA
2025,CIN,INA,LS,0,0,0,17,NA,NA
2025,CIN,INA,OL,0.29411764705882354,0,1,17,NA,NA
2025,CIN,INA,PK,0,0,0,17,NA,NA
2025,CIN,INA,PN,0,0,0,17,NA,NA
2025,CIN,INA,QB,0.5294117647058824,0,1,17,NA,NA
2025,CIN,INA,RB,0.17647058823529413,0,1,17,NA,NA
2025,CIN,INA,S,0.23529411764705882,0,1,17,NA,NA
2025,CIN,INA,TE,0.9411764705882353,0,1,17,NA,NA
2025,CIN,INA,UNMAPPED,0,0,0,17,NA,NA
2025,CIN,INA,WR,1.0588235294117647,1,2,17,NA,NA
2025,CLE,ACT,CB,5.117647058823529,4,6,17,NA,NA
2025,CLE,ACT,DE,5.117647058823529,3,6,17,NA,NA
2025,CLE,ACT,DT,3.6470588235294117,3,5,17,NA,NA
2025,CLE,ACT,LB,5,5,5,17,NA,NA
2025,CLE,ACT,LS,1,1,1,17,NA,NA
2025,CLE,ACT,OL,8.058823529411764,8,9,17,NA,NA
2025,CLE,ACT,PK,1,1,1,17,NA,NA
2025,CLE,ACT,PN,1,1,1,17,NA,NA
2025,CLE,ACT,QB,2,2,2,17,NA,NA
2025,CLE,ACT,RB,3.0588235294117645,3,4,17,NA,NA
2025,CLE,ACT,S,4.764705882352941,4,5,17,NA,NA
2025,CLE,ACT,TE,3.1176470588235294,2,4,17,NA,NA
2025,CLE,ACT,UNMAPPED,0,0,0,17,NA,NA
2025,CLE,ACT,WR,5.117647058823529,5,6,17,NA,NA
2025,CLE,INA,CB,0.47058823529411764,0,1,17,NA,NA
2025,CLE,INA,DE,0.4117647058823529,0,2,17,NA,NA
2025,CLE,INA,DT,0.7058823529411765,0,2,17,NA,NA
2025,CLE,INA,LB,0.058823529411764705,0,1,17,NA,NA
2025,CLE,INA,LS,0,0,0,17,NA,NA
2025,CLE,INA,OL,2.0588235294117645,1,3,17,NA,NA
2025,CLE,INA,PK,0,0,0,17,NA,NA
2025,CLE,INA,PN,0,0,0,17,NA,NA
2025,CLE,INA,QB,0.47058823529411764,0,1,17,NA,NA
2025,CLE,INA,RB,0.7647058823529411,0,1,17,NA,NA
2025,CLE,INA,S,0.23529411764705882,0,1,17,NA,NA
2025,CLE,INA,TE,0.5294117647058824,0,2,17,NA,NA
2025,CLE,INA,UNMAPPED,0,0,0,17,NA,NA
2025,CLE,INA,WR,0.5294117647058824,0,1,17,NA,NA
2025,DAL,ACT,CB,5.294117647058823,5,6,17,NA,NA
2025,DAL,ACT,DE,5.235294117647059,5,6,17,NA,NA
2025,DAL,ACT,DT,4,4,4,17,NA,NA
2025,DAL,ACT,LB,4.705882352941177,4,5,17,NA,NA
2025,DAL,ACT,LS,1,1,1,17,NA,NA
2025,DAL,ACT,OL,8,8,8,17,NA,NA
2025,DAL,ACT,PK,1,1,1,17,NA,NA
2025,DAL,ACT,PN,1,1,1,17,NA,NA
2025,DAL,ACT,QB,2,2,2,17,NA,NA
2025,DAL,ACT,RB,3.1176470588235294,3,4,17,NA,NA
2025,DAL,ACT,S,4.588235294117647,3,5,17,NA,NA
2025,DAL,ACT,TE,3.0588235294117645,3,4,17,NA,NA
2025,DAL,ACT,UNMAPPED,0,0,0,17,NA,NA
2025,DAL,ACT,WR,5.0588235294117645,5,6,17,NA,NA
2025,DAL,INA,CB,0.4117647058823529,0,1,17,NA,NA
2025,DAL,INA,DE,0.23529411764705882,0,1,17,NA,NA
2025,DAL,INA,DT,1.4705882352941178,1,2,17,NA,NA
2025,DAL,INA,LB,0.5294117647058824,0,1,17,NA,NA
2025,DAL,INA,LS,0,0,0,17,NA,NA
2025,DAL,INA,OL,1.4705882352941178,0,3,17,NA,NA
2025,DAL,INA,PK,0,0,0,17,NA,NA
2025,DAL,INA,PN,0,0,0,17,NA,NA
2025,DAL,INA,QB,0,0,0,17,NA,NA
2025,DAL,INA,RB,0.7647058823529411,0,1,17,NA,NA
2025,DAL,INA,S,0.4117647058823529,0,2,17,NA,NA
2025,DAL,INA,TE,0,0,0,17,NA,NA
2025,DAL,INA,UNMAPPED,0,0,0,17,NA,NA
2025,DAL,INA,WR,0.8235294117647058,0,2,17,NA,NA
2025,DEN,ACT,CB,5.0588235294117645,4,6,17,NA,NA
2025,DEN,ACT,DE,4.294117647058823,4,5,17,NA,NA
2025,DEN,ACT,DT,4.882352941176471,4,5,17,NA,NA
2025,DEN,ACT,LB,3.9411764705882355,3,4,17,NA,NA
2025,DEN,ACT,LS,1,1,1,17,NA,NA
2025,DEN,ACT,OL,8,8,8,17,NA,NA
2025,DEN,ACT,PK,1,1,1,17,NA,NA
2025,DEN,ACT,PN,1,1,1,17,NA,NA
2025,DEN,ACT,QB,2.0588235294117645,2,3,17,NA,NA
2025,DEN,ACT,RB,4,4,4,17,NA,NA
2025,DEN,ACT,S,4.882352941176471,4,5,17,NA,NA
2025,DEN,ACT,TE,2.9411764705882355,2,3,17,NA,NA
2025,DEN,ACT,UNMAPPED,0,0,0,17,NA,NA
2025,DEN,ACT,WR,5,5,5,17,NA,NA
2025,DEN,INA,CB,0.4117647058823529,0,1,17,NA,NA
2025,DEN,INA,DE,1.7058823529411764,1,2,17,NA,NA
2025,DEN,INA,DT,0.8235294117647058,0,2,17,NA,NA
2025,DEN,INA,LB,0.35294117647058826,0,1,17,NA,NA
2025,DEN,INA,LS,0,0,0,17,NA,NA
2025,DEN,INA,OL,0.7647058823529411,0,1,17,NA,NA
2025,DEN,INA,PK,0,0,0,17,NA,NA
2025,DEN,INA,PN,0,0,0,17,NA,NA
2025,DEN,INA,QB,0.47058823529411764,0,1,17,NA,NA
2025,DEN,INA,RB,0.6470588235294118,0,1,17,NA,NA
2025,DEN,INA,S,0.17647058823529413,0,1,17,NA,NA
2025,DEN,INA,TE,0.6470588235294118,0,1,17,NA,NA
2025,DEN,INA,UNMAPPED,0,0,0,17,NA,NA
2025,DEN,INA,WR,0.23529411764705882,0,1,17,NA,NA
2025,DET,ACT,CB,5.823529411764706,4,7,17,NA,NA
2025,DET,ACT,DE,4.235294117647059,3,5,17,NA,NA
2025,DET,ACT,DT,4.882352941176471,4,6,17,NA,NA
2025,DET,ACT,LB,5,4,6,17,NA,NA
2025,DET,ACT,LS,1,1,1,17,NA,NA
2025,DET,ACT,OL,8,8,8,17,NA,NA
2025,DET,ACT,PK,1,1,1,17,NA,NA
2025,DET,ACT,PN,1,1,1,17,NA,NA
2025,DET,ACT,QB,2,2,2,17,NA,NA
2025,DET,ACT,RB,4,4,4,17,NA,NA
2025,DET,ACT,S,3,2,4,17,NA,NA
2025,DET,ACT,TE,2.8823529411764706,2,3,17,NA,NA
2025,DET,ACT,UNMAPPED,0,0,0,17,NA,NA
2025,DET,ACT,WR,5.176470588235294,5,6,17,NA,NA
2025,DET,INA,CB,0.5882352941176471,0,2,17,NA,NA
2025,DET,INA,DE,0.23529411764705882,0,2,17,NA,NA
2025,DET,INA,DT,1.9411764705882353,1,3,17,NA,NA
2025,DET,INA,LB,0.23529411764705882,0,1,17,NA,NA
2025,DET,INA,LS,0,0,0,17,NA,NA
2025,DET,INA,OL,1,0,3,17,NA,NA
2025,DET,INA,PK,0,0,0,17,NA,NA
2025,DET,INA,PN,0,0,0,17,NA,NA
2025,DET,INA,QB,0,0,0,17,NA,NA
2025,DET,INA,RB,0.6470588235294118,0,1,17,NA,NA
2025,DET,INA,S,1.1176470588235294,0,3,17,NA,NA
2025,DET,INA,TE,0.11764705882352941,0,1,17,NA,NA
2025,DET,INA,UNMAPPED,0,0,0,17,NA,NA
2025,DET,INA,WR,0.4117647058823529,0,1,17,NA,NA
2025,GB,ACT,CB,4.705882352941177,4,6,17,NA,NA
2025,GB,ACT,DE,5.235294117647059,5,7,17,NA,NA
2025,GB,ACT,DT,4.294117647058823,4,5,17,NA,NA
2025,GB,ACT,LB,4.764705882352941,3,5,17,NA,NA
2025,GB,ACT,LS,1,1,1,17,NA,NA
2025,GB,ACT,OL,8,8,8,17,NA,NA
2025,GB,ACT,PK,1,1,1,17,NA,NA
2025,GB,ACT,PN,1,1,1,17,NA,NA
2025,GB,ACT,QB,2,2,2,17,NA,NA
2025,GB,ACT,RB,2.9411764705882355,2,3,17,NA,NA
2025,GB,ACT,S,4.764705882352941,4,5,17,NA,NA
2025,GB,ACT,TE,3.1176470588235294,2,4,17,NA,NA
2025,GB,ACT,UNMAPPED,0,0,0,17,NA,NA
2025,GB,ACT,WR,5.176470588235294,5,6,17,NA,NA
2025,GB,INA,CB,0.5294117647058824,0,1,17,NA,NA
2025,GB,INA,DE,0.6470588235294118,0,2,17,NA,NA
2025,GB,INA,DT,0.9411764705882353,0,2,17,NA,NA
2025,GB,INA,LB,0.29411764705882354,0,2,17,NA,NA
2025,GB,INA,LS,0,0,0,17,NA,NA
2025,GB,INA,OL,1.411764705882353,1,3,17,NA,NA
2025,GB,INA,PK,0.4117647058823529,0,1,17,NA,NA
2025,GB,INA,PN,0,0,0,17,NA,NA
2025,GB,INA,QB,0.11764705882352941,0,1,17,NA,NA
2025,GB,INA,RB,0.23529411764705882,0,1,17,NA,NA
2025,GB,INA,S,0.23529411764705882,0,1,17,NA,NA
2025,GB,INA,TE,0.23529411764705882,0,1,17,NA,NA
2025,GB,INA,UNMAPPED,0,0,0,17,NA,NA
2025,GB,INA,WR,0.6470588235294118,0,2,17,NA,NA
2025,HOU,ACT,CB,4.705882352941177,4,6,17,NA,NA
2025,HOU,ACT,DE,4.882352941176471,4,5,17,NA,NA
2025,HOU,ACT,DT,4.117647058823529,4,5,17,NA,NA
2025,HOU,ACT,LB,5.764705882352941,5,6,17,NA,NA
2025,HOU,ACT,LS,1,1,1,17,NA,NA
2025,HOU,ACT,OL,8,8,8,17,NA,NA
2025,HOU,ACT,PK,1,1,1,17,NA,NA
2025,HOU,ACT,PN,1,1,1,17,NA,NA
2025,HOU,ACT,QB,2.0588235294117645,2,3,17,NA,NA
2025,HOU,ACT,RB,4.588235294117647,4,5,17,NA,NA
2025,HOU,ACT,S,3.411764705882353,2,4,17,NA,NA
2025,HOU,ACT,TE,2.411764705882353,2,3,17,NA,NA
2025,HOU,ACT,UNMAPPED,0,0,0,17,NA,NA
2025,HOU,ACT,WR,5.117647058823529,5,6,17,NA,NA
2025,HOU,INA,CB,0.47058823529411764,0,2,17,NA,NA
2025,HOU,INA,DE,0.5294117647058824,0,1,17,NA,NA
2025,HOU,INA,DT,0.11764705882352941,0,1,17,NA,NA
2025,HOU,INA,LB,0.5882352941176471,0,2,17,NA,NA
2025,HOU,INA,LS,0,0,0,17,NA,NA
2025,HOU,INA,OL,1.588235294117647,1,3,17,NA,NA
2025,HOU,INA,PK,0.11764705882352941,0,1,17,NA,NA
2025,HOU,INA,PN,0,0,0,17,NA,NA
2025,HOU,INA,QB,0.9411764705882353,0,1,17,NA,NA
2025,HOU,INA,RB,0.6470588235294118,0,2,17,NA,NA
2025,HOU,INA,S,0.17647058823529413,0,1,17,NA,NA
2025,HOU,INA,TE,0.058823529411764705,0,1,17,NA,NA
2025,HOU,INA,UNMAPPED,0,0,0,17,NA,NA
2025,HOU,INA,WR,1.1176470588235294,0,2,17,NA,NA
2025,IND,ACT,CB,5.411764705882353,5,7,17,NA,NA
2025,IND,ACT,DE,4.294117647058823,3,5,17,NA,NA
2025,IND,ACT,DT,4.647058823529412,4,5,17,NA,NA
2025,IND,ACT,LB,5.529411764705882,5,6,17,NA,NA
2025,IND,ACT,LS,1,1,1,17,NA,NA
2025,IND,ACT,OL,8,8,8,17,NA,NA
2025,IND,ACT,PK,1,1,1,17,NA,NA
2025,IND,ACT,PN,1,1,1,17,NA,NA
2025,IND,ACT,QB,2,2,2,17,NA,NA
2025,IND,ACT,RB,3.0588235294117645,3,4,17,NA,NA
2025,IND,ACT,S,3.6470588235294117,3,4,17,NA,NA
2025,IND,ACT,TE,3.0588235294117645,3,4,17,NA,NA
2025,IND,ACT,UNMAPPED,0,0,0,17,NA,NA
2025,IND,ACT,WR,5.352941176470588,5,6,17,NA,NA
2025,IND,INA,CB,0.6470588235294118,0,1,17,NA,NA
2025,IND,INA,DE,0.7058823529411765,0,2,17,NA,NA
2025,IND,INA,DT,0.29411764705882354,0,1,17,NA,NA
2025,IND,INA,LB,0.35294117647058826,0,1,17,NA,NA
2025,IND,INA,LS,0,0,0,17,NA,NA
2025,IND,INA,OL,1,0,2,17,NA,NA
2025,IND,INA,PK,0,0,0,17,NA,NA
2025,IND,INA,PN,0,0,0,17,NA,NA
2025,IND,INA,QB,0.47058823529411764,0,1,17,NA,NA
2025,IND,INA,RB,0.8235294117647058,0,1,17,NA,NA
2025,IND,INA,S,0.8235294117647058,0,2,17,NA,NA
2025,IND,INA,TE,0.8823529411764706,0,1,17,NA,NA
2025,IND,INA,UNMAPPED,0,0,0,17,NA,NA
2025,IND,INA,WR,0.5294117647058824,0,2,17,NA,NA
2025,JAX,ACT,CB,4.823529411764706,4,6,17,NA,NA
2025,JAX,ACT,DE,6,5,7,17,NA,NA
2025,JAX,ACT,DT,4.117647058823529,4,5,17,NA,NA
2025,JAX,ACT,LB,4.882352941176471,4,6,17,NA,NA
2025,JAX,ACT,LS,1,1,1,17,NA,NA
2025,JAX,ACT,OL,7.9411764705882355,7,8,17,NA,NA
2025,JAX,ACT,PK,1,1,1,17,NA,NA
2025,JAX,ACT,PN,1,1,1,17,NA,NA
2025,JAX,ACT,QB,2,2,2,17,NA,NA
2025,JAX,ACT,RB,3.1176470588235294,3,4,17,NA,NA
2025,JAX,ACT,S,4,3,5,17,NA,NA
2025,JAX,ACT,TE,3,2,4,17,NA,NA
2025,JAX,ACT,UNMAPPED,0,0,0,17,NA,NA
2025,JAX,ACT,WR,5.0588235294117645,5,6,17,NA,NA
2025,JAX,INA,CB,0.6470588235294118,0,1,17,NA,NA
2025,JAX,INA,DE,1,0,2,17,NA,NA
2025,JAX,INA,DT,0.8823529411764706,0,1,17,NA,NA
2025,JAX,INA,LB,0.5294117647058824,0,1,17,NA,NA
2025,JAX,INA,LS,0,0,0,17,NA,NA
2025,JAX,INA,OL,1.1764705882352942,1,2,17,NA,NA
2025,JAX,INA,PK,0,0,0,17,NA,NA
2025,JAX,INA,PN,0,0,0,17,NA,NA
2025,JAX,INA,QB,0,0,0,17,NA,NA
2025,JAX,INA,RB,0.7058823529411765,0,1,17,NA,NA
2025,JAX,INA,S,0.058823529411764705,0,1,17,NA,NA
2025,JAX,INA,TE,0.7058823529411765,0,2,17,NA,NA
2025,JAX,INA,UNMAPPED,0,0,0,17,NA,NA
2025,JAX,INA,WR,0.4117647058823529,0,1,17,NA,NA
2025,KC,ACT,CB,6.529411764705882,6,8,17,NA,NA
2025,KC,ACT,DE,4,4,4,17,NA,NA
2025,KC,ACT,DT,4,4,4,17,NA,NA
2025,KC,ACT,LB,6,6,6,17,NA,NA
2025,KC,ACT,LS,1,1,1,17,NA,NA
2025,KC,ACT,OL,8,8,8,17,NA,NA
2025,KC,ACT,PK,1,1,1,17,NA,NA
2025,KC,ACT,PN,1,1,1,17,NA,NA
2025,KC,ACT,QB,2,2,2,17,NA,NA
2025,KC,ACT,RB,3,3,3,17,NA,NA
2025,KC,ACT,S,2.3529411764705883,2,3,17,NA,NA
2025,KC,ACT,TE,3.235294117647059,3,4,17,NA,NA
2025,KC,ACT,UNMAPPED,0,0,0,17,NA,NA
2025,KC,ACT,WR,5.882352941176471,5,7,17,NA,NA
2025,KC,INA,CB,0.9411764705882353,0,2,17,NA,NA
2025,KC,INA,DE,0.7058823529411765,0,2,17,NA,NA
2025,KC,INA,DT,0.4117647058823529,0,1,17,NA,NA
2025,KC,INA,LB,0,0,0,17,NA,NA
2025,KC,INA,LS,0,0,0,17,NA,NA
2025,KC,INA,OL,1.411764705882353,1,2,17,NA,NA
2025,KC,INA,PK,0,0,0,17,NA,NA
2025,KC,INA,PN,0,0,0,17,NA,NA
2025,KC,INA,QB,0,0,0,17,NA,NA
2025,KC,INA,RB,1.1176470588235294,1,2,17,NA,NA
2025,KC,INA,S,0,0,0,17,NA,NA
2025,KC,INA,TE,0.7647058823529411,0,1,17,NA,NA
2025,KC,INA,UNMAPPED,0,0,0,17,NA,NA
2025,KC,INA,WR,0.9411764705882353,0,2,17,NA,NA
2025,LA,ACT,CB,5.0588235294117645,5,6,17,NA,NA
2025,LA,ACT,DE,3.7058823529411766,3,4,17,NA,NA
2025,LA,ACT,DT,6.176470588235294,5,7,17,NA,NA
2025,LA,ACT,LB,4.0588235294117645,4,5,17,NA,NA
2025,LA,ACT,LS,1,1,1,17,NA,NA
2025,LA,ACT,OL,8,8,8,17,NA,NA
2025,LA,ACT,PK,1,1,1,17,NA,NA
2025,LA,ACT,PN,1,1,1,17,NA,NA
2025,LA,ACT,QB,2,2,2,17,NA,NA
2025,LA,ACT,RB,3,3,3,17,NA,NA
2025,LA,ACT,S,4,4,4,17,NA,NA
2025,LA,ACT,TE,3.6470588235294117,3,4,17,NA,NA
2025,LA,ACT,UNMAPPED,0,0,0,17,NA,NA
2025,LA,ACT,WR,5.352941176470588,5,6,17,NA,NA
2025,LA,INA,CB,0.5294117647058824,0,2,17,NA,NA
2025,LA,INA,DE,0.11764705882352941,0,1,17,NA,NA
2025,LA,INA,DT,0.8235294117647058,0,2,17,NA,NA
2025,LA,INA,LB,0.058823529411764705,0,1,17,NA,NA
2025,LA,INA,LS,0.058823529411764705,0,1,17,NA,NA
2025,LA,INA,OL,1.6470588235294117,1,2,17,NA,NA
2025,LA,INA,PK,0.17647058823529413,0,1,17,NA,NA
2025,LA,INA,PN,0,0,0,17,NA,NA
2025,LA,INA,QB,1,1,1,17,NA,NA
2025,LA,INA,RB,0.7058823529411765,0,1,17,NA,NA
2025,LA,INA,S,0.11764705882352941,0,1,17,NA,NA
2025,LA,INA,TE,0.35294117647058826,0,1,17,NA,NA
2025,LA,INA,UNMAPPED,0,0,0,17,NA,NA
2025,LA,INA,WR,0.35294117647058826,0,1,17,NA,NA
2025,LAC,ACT,CB,5.0588235294117645,5,6,17,NA,NA
2025,LAC,ACT,DE,4.0588235294117645,4,5,17,NA,NA
2025,LAC,ACT,DT,4.764705882352941,4,5,17,NA,NA
2025,LAC,ACT,LB,4.529411764705882,4,5,17,NA,NA
2025,LAC,ACT,LS,1,1,1,17,NA,NA
2025,LAC,ACT,OL,8.058823529411764,8,9,17,NA,NA
2025,LAC,ACT,PK,1,1,1,17,NA,NA
2025,LAC,ACT,PN,1,1,1,17,NA,NA
2025,LAC,ACT,QB,2,2,2,17,NA,NA
2025,LAC,ACT,RB,3.9411764705882355,3,4,17,NA,NA
2025,LAC,ACT,S,4.647058823529412,4,5,17,NA,NA
2025,LAC,ACT,TE,2.823529411764706,2,4,17,NA,NA
2025,LAC,ACT,UNMAPPED,0,0,0,17,NA,NA
2025,LAC,ACT,WR,5.117647058823529,4,6,17,NA,NA
2025,LAC,INA,CB,0.8823529411764706,0,1,17,NA,NA
2025,LAC,INA,DE,0.8235294117647058,0,1,17,NA,NA
2025,LAC,INA,DT,0.4117647058823529,0,1,17,NA,NA
2025,LAC,INA,LB,0.11764705882352941,0,1,17,NA,NA
2025,LAC,INA,LS,0,0,0,17,NA,NA
2025,LAC,INA,OL,1.411764705882353,0,3,17,NA,NA
2025,LAC,INA,PK,0,0,0,17,NA,NA
2025,LAC,INA,PN,0,0,0,17,NA,NA
2025,LAC,INA,QB,0.058823529411764705,0,1,17,NA,NA
2025,LAC,INA,RB,0.23529411764705882,0,1,17,NA,NA
2025,LAC,INA,S,0.8823529411764706,0,2,17,NA,NA
2025,LAC,INA,TE,0.8823529411764706,0,2,17,NA,NA
2025,LAC,INA,UNMAPPED,0,0,0,17,NA,NA
2025,LAC,INA,WR,1,0,3,17,NA,NA
2025,LV,ACT,CB,4.9411764705882355,4,6,17,NA,NA
2025,LV,ACT,DE,4.0588235294117645,4,5,17,NA,NA
2025,LV,ACT,DT,4.352941176470588,4,5,17,NA,NA
2025,LV,ACT,LB,6.0588235294117645,5,7,17,NA,NA
2025,LV,ACT,LS,1,1,1,17,NA,NA
2025,LV,ACT,OL,8,8,8,17,NA,NA
2025,LV,ACT,PK,1,1,1,17,NA,NA
2025,LV,ACT,PN,1,1,1,17,NA,NA
2025,LV,ACT,QB,2,2,2,17,NA,NA
2025,LV,ACT,RB,3.0588235294117645,3,4,17,NA,NA
2025,LV,ACT,S,3.9411764705882355,3,5,17,NA,NA
2025,LV,ACT,TE,3.6470588235294117,3,5,17,NA,NA
2025,LV,ACT,UNMAPPED,0,0,0,17,NA,NA
2025,LV,ACT,WR,4.9411764705882355,4,6,17,NA,NA
2025,LV,INA,CB,0.5294117647058824,0,1,17,NA,NA
2025,LV,INA,DE,0.17647058823529413,0,1,17,NA,NA
2025,LV,INA,DT,1.6470588235294117,1,2,17,NA,NA
2025,LV,INA,LB,0.17647058823529413,0,1,17,NA,NA
2025,LV,INA,LS,0,0,0,17,NA,NA
2025,LV,INA,OL,1,0,2,17,NA,NA
2025,LV,INA,PK,0,0,0,17,NA,NA
2025,LV,INA,PN,0,0,0,17,NA,NA
2025,LV,INA,QB,0.4117647058823529,0,1,17,NA,NA
2025,LV,INA,RB,1,0,2,17,NA,NA
2025,LV,INA,S,0.23529411764705882,0,1,17,NA,NA
2025,LV,INA,TE,0.5882352941176471,0,2,17,NA,NA
2025,LV,INA,UNMAPPED,0,0,0,17,NA,NA
2025,LV,INA,WR,0.47058823529411764,0,2,17,NA,NA
2025,MIA,ACT,CB,4.9411764705882355,4,6,17,NA,NA
2025,MIA,ACT,DE,3.6470588235294117,3,5,17,NA,NA
2025,MIA,ACT,DT,5.0588235294117645,5,6,17,NA,NA
2025,MIA,ACT,LB,5.235294117647059,4,6,17,NA,NA
2025,MIA,ACT,LS,1,1,1,17,NA,NA
2025,MIA,ACT,OL,8,8,8,17,NA,NA
2025,MIA,ACT,PK,1,1,1,17,NA,NA
2025,MIA,ACT,PN,1,1,1,17,NA,NA
2025,MIA,ACT,QB,2,2,2,17,NA,NA
2025,MIA,ACT,RB,3.8823529411764706,3,5,17,NA,NA
2025,MIA,ACT,S,4.529411764705882,3,6,17,NA,NA
2025,MIA,ACT,TE,2.7058823529411766,2,3,17,NA,NA
2025,MIA,ACT,UNMAPPED,0,0,0,17,NA,NA
2025,MIA,ACT,WR,5,4,6,17,NA,NA
2025,MIA,INA,CB,1.0588235294117647,0,2,17,NA,NA
2025,MIA,INA,DE,0.47058823529411764,0,2,17,NA,NA
2025,MIA,INA,DT,0.8235294117647058,0,1,17,NA,NA
2025,MIA,INA,LB,0.058823529411764705,0,1,17,NA,NA
2025,MIA,INA,LS,0,0,0,17,NA,NA
2025,MIA,INA,OL,0.4117647058823529,0,2,17,NA,NA
2025,MIA,INA,PK,0,0,0,17,NA,NA
2025,MIA,INA,PN,0,0,0,17,NA,NA
2025,MIA,INA,QB,1.0588235294117647,1,2,17,NA,NA
2025,MIA,INA,RB,0.35294117647058826,0,1,17,NA,NA
2025,MIA,INA,S,0.7647058823529411,0,3,17,NA,NA
2025,MIA,INA,TE,0.35294117647058826,0,1,17,NA,NA
2025,MIA,INA,UNMAPPED,0,0,0,17,NA,NA
2025,MIA,INA,WR,1.0588235294117647,0,2,17,NA,NA
2025,MIN,ACT,CB,4.9411764705882355,4,5,17,NA,NA
2025,MIN,ACT,DE,4.705882352941177,4,6,17,NA,NA
2025,MIN,ACT,DT,4,3,5,17,NA,NA
2025,MIN,ACT,LB,5.294117647058823,4,6,17,NA,NA
2025,MIN,ACT,LS,1,1,1,17,NA,NA
2025,MIN,ACT,OL,8.176470588235293,8,9,17,NA,NA
2025,MIN,ACT,PK,1,1,1,17,NA,NA
2025,MIN,ACT,PN,1,1,1,17,NA,NA
2025,MIN,ACT,QB,2,2,2,17,NA,NA
2025,MIN,ACT,RB,3.588235294117647,3,4,17,NA,NA
2025,MIN,ACT,S,3.5294117647058822,3,4,17,NA,NA
2025,MIN,ACT,TE,3.176470588235294,3,4,17,NA,NA
2025,MIN,ACT,UNMAPPED,0,0,0,17,NA,NA
2025,MIN,ACT,WR,5.588235294117647,5,6,17,NA,NA
2025,MIN,INA,CB,0.17647058823529413,0,1,17,NA,NA
2025,MIN,INA,DE,1.1176470588235294,0,2,17,NA,NA
2025,MIN,INA,DT,0.11764705882352941,0,1,17,NA,NA
2025,MIN,INA,LB,0.7058823529411765,0,2,17,NA,NA
2025,MIN,INA,LS,0,0,0,17,NA,NA
2025,MIN,INA,OL,1.5294117647058822,0,3,17,NA,NA
2025,MIN,INA,PK,0,0,0,17,NA,NA
2025,MIN,INA,PN,0,0,0,17,NA,NA
2025,MIN,INA,QB,1,0,2,17,NA,NA
2025,MIN,INA,RB,0.35294117647058826,0,1,17,NA,NA
2025,MIN,INA,S,0.29411764705882354,0,1,17,NA,NA
2025,MIN,INA,TE,0.7058823529411765,0,2,17,NA,NA
2025,MIN,INA,UNMAPPED,0,0,0,17,NA,NA
2025,MIN,INA,WR,0.17647058823529413,0,1,17,NA,NA
2025,NE,ACT,CB,5.0588235294117645,5,6,17,NA,NA
2025,NE,ACT,DE,3.5294117647058822,3,5,17,NA,NA
2025,NE,ACT,DT,4.9411764705882355,4,5,17,NA,NA
2025,NE,ACT,LB,5.823529411764706,5,6,17,NA,NA
2025,NE,ACT,LS,1,1,1,17,NA,NA
2025,NE,ACT,OL,8,8,8,17,NA,NA
2025,NE,ACT,PK,1,1,1,17,NA,NA
2025,NE,ACT,PN,1,1,1,17,NA,NA
2025,NE,ACT,QB,2.0588235294117645,2,3,17,NA,NA
2025,NE,ACT,RB,3,3,3,17,NA,NA
2025,NE,ACT,S,4.352941176470588,3,5,17,NA,NA
2025,NE,ACT,TE,3.0588235294117645,2,4,17,NA,NA
2025,NE,ACT,UNMAPPED,0,0,0,17,NA,NA
2025,NE,ACT,WR,5.176470588235294,4,6,17,NA,NA
2025,NE,INA,CB,0.29411764705882354,0,2,17,NA,NA
2025,NE,INA,DE,0.7647058823529411,0,2,17,NA,NA
2025,NE,INA,DT,0.9411764705882353,0,1,17,NA,NA
2025,NE,INA,LB,0.47058823529411764,0,1,17,NA,NA
2025,NE,INA,LS,0,0,0,17,NA,NA
2025,NE,INA,OL,1.2941176470588236,1,3,17,NA,NA
2025,NE,INA,PK,0,0,0,17,NA,NA
2025,NE,INA,PN,0,0,0,17,NA,NA
2025,NE,INA,QB,0.9411764705882353,0,1,17,NA,NA
2025,NE,INA,RB,0.17647058823529413,0,1,17,NA,NA
2025,NE,INA,S,0.29411764705882354,0,1,17,NA,NA
2025,NE,INA,TE,0.29411764705882354,0,1,17,NA,NA
2025,NE,INA,UNMAPPED,0,0,0,17,NA,NA
2025,NE,INA,WR,0.7058823529411765,0,1,17,NA,NA
2025,NO,ACT,CB,5.117647058823529,4,6,17,NA,NA
2025,NO,ACT,DE,4.176470588235294,4,5,17,NA,NA
2025,NO,ACT,DT,5.117647058823529,5,6,17,NA,NA
2025,NO,ACT,LB,5.176470588235294,5,6,17,NA,NA
2025,NO,ACT,LS,1,1,1,17,NA,NA
2025,NO,ACT,OL,8,8,8,17,NA,NA
2025,NO,ACT,PK,1,1,1,17,NA,NA
2025,NO,ACT,PN,1,1,1,17,NA,NA
2025,NO,ACT,QB,2,2,2,17,NA,NA
2025,NO,ACT,RB,2.823529411764706,2,4,17,NA,NA
2025,NO,ACT,S,3.823529411764706,3,4,17,NA,NA
2025,NO,ACT,TE,3.9411764705882355,3,5,17,NA,NA
2025,NO,ACT,UNMAPPED,0,0,0,17,NA,NA
2025,NO,ACT,WR,4.823529411764706,4,5,17,NA,NA
2025,NO,INA,CB,1.5294117647058822,0,3,17,NA,NA
2025,NO,INA,DE,0.29411764705882354,0,1,17,NA,NA
2025,NO,INA,DT,1.588235294117647,1,2,17,NA,NA
2025,NO,INA,LB,0,0,0,17,NA,NA
2025,NO,INA,LS,0,0,0,17,NA,NA
2025,NO,INA,OL,1.4705882352941178,1,2,17,NA,NA
2025,NO,INA,PK,0,0,0,17,NA,NA
2025,NO,INA,PN,0,0,0,17,NA,NA
2025,NO,INA,QB,0.058823529411764705,0,1,17,NA,NA
2025,NO,INA,RB,0.5882352941176471,0,1,17,NA,NA
2025,NO,INA,S,0.17647058823529413,0,1,17,NA,NA
2025,NO,INA,TE,0.47058823529411764,0,1,17,NA,NA
2025,NO,INA,UNMAPPED,0,0,0,17,NA,NA
2025,NO,INA,WR,0.4117647058823529,0,2,17,NA,NA
2025,NYG,ACT,CB,6.352941176470588,6,8,17,NA,NA
2025,NYG,ACT,DE,4,4,4,17,NA,NA
2025,NYG,ACT,DT,5,4,6,17,NA,NA
2025,NYG,ACT,LB,4.352941176470588,3,5,17,NA,NA
2025,NYG,ACT,LS,1,1,1,17,NA,NA
2025,NYG,ACT,OL,8.352941176470589,8,10,17,NA,NA
2025,NYG,ACT,PK,1,1,1,17,NA,NA
2025,NYG,ACT,PN,1,1,1,17,NA,NA
2025,NYG,ACT,QB,2.0588235294117645,2,3,17,NA,NA
2025,NYG,ACT,RB,2.7058823529411766,2,3,17,NA,NA
2025,NYG,ACT,S,3.7058823529411766,3,4,17,NA,NA
2025,NYG,ACT,TE,3.411764705882353,3,4,17,NA,NA
2025,NYG,ACT,UNMAPPED,0,0,0,17,NA,NA
2025,NYG,ACT,WR,5.411764705882353,5,6,17,NA,NA
2025,NYG,INA,CB,0.47058823529411764,0,2,17,NA,NA
2025,NYG,INA,DE,0.9411764705882353,0,2,17,NA,NA
2025,NYG,INA,DT,0.5294117647058824,0,1,17,NA,NA
2025,NYG,INA,LB,0.5882352941176471,0,2,17,NA,NA
2025,NYG,INA,LS,0,0,0,17,NA,NA
2025,NYG,INA,OL,1.1176470588235294,0,2,17,NA,NA
2025,NYG,INA,PK,0.058823529411764705,0,1,17,NA,NA
2025,NYG,INA,PN,0.058823529411764705,0,1,17,NA,NA
2025,NYG,INA,QB,0.9411764705882353,0,1,17,NA,NA
2025,NYG,INA,RB,0.23529411764705882,0,1,17,NA,NA
2025,NYG,INA,S,0.35294117647058826,0,1,17,NA,NA
2025,NYG,INA,TE,0.35294117647058826,0,1,17,NA,NA
2025,NYG,INA,UNMAPPED,0,0,0,17,NA,NA
2025,NYG,INA,WR,0.7058823529411765,0,2,17,NA,NA
2025,NYJ,ACT,CB,5,4,6,17,NA,NA
2025,NYJ,ACT,DE,4.0588235294117645,4,5,17,NA,NA
2025,NYJ,ACT,DT,4.117647058823529,4,5,17,NA,NA
2025,NYJ,ACT,LB,5.117647058823529,5,6,17,NA,NA
2025,NYJ,ACT,LS,1,1,1,17,NA,NA
2025,NYJ,ACT,OL,8.058823529411764,8,9,17,NA,NA
2025,NYJ,ACT,PK,1,1,1,17,NA,NA
2025,NYJ,ACT,PN,1,1,1,17,NA,NA
2025,NYJ,ACT,QB,2,2,2,17,NA,NA
2025,NYJ,ACT,RB,4.411764705882353,4,5,17,NA,NA
2025,NYJ,ACT,S,4.176470588235294,3,5,17,NA,NA
2025,NYJ,ACT,TE,2.9411764705882355,2,4,17,NA,NA
2025,NYJ,ACT,UNMAPPED,0,0,0,17,NA,NA
2025,NYJ,ACT,WR,5.117647058823529,5,6,17,NA,NA
2025,NYJ,INA,CB,0.6470588235294118,0,2,17,NA,NA
2025,NYJ,INA,DE,0.9411764705882353,0,2,17,NA,NA
2025,NYJ,INA,DT,0.8235294117647058,0,2,17,NA,NA
2025,NYJ,INA,LB,0.29411764705882354,0,1,17,NA,NA
2025,NYJ,INA,LS,0,0,0,17,NA,NA
2025,NYJ,INA,OL,0.5294117647058824,0,1,17,NA,NA
2025,NYJ,INA,PK,0,0,0,17,NA,NA
2025,NYJ,INA,PN,0,0,0,17,NA,NA
2025,NYJ,INA,QB,0.47058823529411764,0,2,17,NA,NA
2025,NYJ,INA,RB,0.6470588235294118,0,1,17,NA,NA
2025,NYJ,INA,S,0.17647058823529413,0,1,17,NA,NA
2025,NYJ,INA,TE,1,0,2,17,NA,NA
2025,NYJ,INA,UNMAPPED,0,0,0,17,NA,NA
2025,NYJ,INA,WR,0.8823529411764706,0,2,17,NA,NA
2025,PHI,ACT,CB,5.882352941176471,5,8,17,NA,NA
2025,PHI,ACT,DE,4.470588235294118,3,6,17,NA,NA
2025,PHI,ACT,DT,4.529411764705882,4,5,17,NA,NA
2025,PHI,ACT,LB,4.588235294117647,4,5,17,NA,NA
2025,PHI,ACT,LS,1,1,1,17,NA,NA
2025,PHI,ACT,OL,8,8,8,17,NA,NA
2025,PHI,ACT,PK,1,1,1,17,NA,NA
2025,PHI,ACT,PN,1,1,1,17,NA,NA
2025,PHI,ACT,QB,2.1176470588235294,2,3,17,NA,NA
2025,PHI,ACT,RB,3.3529411764705883,3,4,17,NA,NA
2025,PHI,ACT,S,3.5294117647058822,2,4,17,NA,NA
2025,PHI,ACT,TE,3.764705882352941,3,4,17,NA,NA
2025,PHI,ACT,UNMAPPED,0,0,0,17,NA,NA
2025,PHI,ACT,WR,4.823529411764706,4,5,17,NA,NA
2025,PHI,INA,CB,0.8235294117647058,0,2,17,NA,NA
2025,PHI,INA,DE,0.8823529411764706,0,3,17,NA,NA
2025,PHI,INA,DT,0.5882352941176471,0,1,17,NA,NA
2025,PHI,INA,LB,0.11764705882352941,0,1,17,NA,NA
2025,PHI,INA,LS,0,0,0,17,NA,NA
2025,PHI,INA,OL,1.2352941176470589,1,3,17,NA,NA
2025,PHI,INA,PK,0,0,0,17,NA,NA
2025,PHI,INA,PN,0,0,0,17,NA,NA
2025,PHI,INA,QB,0.8823529411764706,0,1,17,NA,NA
2025,PHI,INA,RB,0.6470588235294118,0,1,17,NA,NA
2025,PHI,INA,S,0.058823529411764705,0,1,17,NA,NA
2025,PHI,INA,TE,0.29411764705882354,0,1,17,NA,NA
2025,PHI,INA,UNMAPPED,0,0,0,17,NA,NA
2025,PHI,INA,WR,0.29411764705882354,0,1,17,NA,NA
2025,PIT,ACT,CB,4.823529411764706,4,6,17,NA,NA
2025,PIT,ACT,DE,3.823529411764706,3,5,17,NA,NA
2025,PIT,ACT,DT,5.588235294117647,5,6,17,NA,NA
2025,PIT,ACT,LB,4.647058823529412,4,5,17,NA,NA
2025,PIT,ACT,LS,1,1,1,17,NA,NA
2025,PIT,ACT,OL,8,8,8,17,NA,NA
2025,PIT,ACT,PK,1,1,1,17,NA,NA
2025,PIT,ACT,PN,1,1,1,17,NA,NA
2025,PIT,ACT,QB,2,2,2,17,NA,NA
2025,PIT,ACT,RB,3.0588235294117645,2,5,17,NA,NA
2025,PIT,ACT,S,3.823529411764706,2,5,17,NA,NA
2025,PIT,ACT,TE,3.9411764705882355,3,4,17,NA,NA
2025,PIT,ACT,UNMAPPED,0,0,0,17,NA,NA
2025,PIT,ACT,WR,5.294117647058823,5,6,17,NA,NA
2025,PIT,INA,CB,0.5882352941176471,0,2,17,NA,NA
2025,PIT,INA,DE,0.7647058823529411,0,2,17,NA,NA
2025,PIT,INA,DT,1.2941176470588236,0,2,17,NA,NA
2025,PIT,INA,LB,0.17647058823529413,0,1,17,NA,NA
2025,PIT,INA,LS,0,0,0,17,NA,NA
2025,PIT,INA,OL,1.0588235294117647,0,2,17,NA,NA
2025,PIT,INA,PK,0,0,0,17,NA,NA
2025,PIT,INA,PN,0,0,0,17,NA,NA
2025,PIT,INA,QB,0.5294117647058824,0,1,17,NA,NA
2025,PIT,INA,RB,0.23529411764705882,0,1,17,NA,NA
2025,PIT,INA,S,0.4117647058823529,0,2,17,NA,NA
2025,PIT,INA,TE,0,0,0,17,NA,NA
2025,PIT,INA,UNMAPPED,0,0,0,17,NA,NA
2025,PIT,INA,WR,0.7058823529411765,0,2,17,NA,NA
2025,SEA,ACT,CB,4.470588235294118,4,6,17,NA,NA
2025,SEA,ACT,DE,3.764705882352941,3,5,17,NA,NA
2025,SEA,ACT,DT,5.0588235294117645,4,6,17,NA,NA
2025,SEA,ACT,LB,4.588235294117647,3,6,17,NA,NA
2025,SEA,ACT,LS,1,1,1,17,NA,NA
2025,SEA,ACT,OL,8,8,8,17,NA,NA
2025,SEA,ACT,PK,1,1,1,17,NA,NA
2025,SEA,ACT,PN,1,1,1,17,NA,NA
2025,SEA,ACT,QB,2.235294117647059,2,3,17,NA,NA
2025,SEA,ACT,RB,4.764705882352941,4,6,17,NA,NA
2025,SEA,ACT,S,4.352941176470588,3,5,17,NA,NA
2025,SEA,ACT,TE,2.9411764705882355,2,3,17,NA,NA
2025,SEA,ACT,UNMAPPED,0,0,0,17,NA,NA
2025,SEA,ACT,WR,4.882352941176471,4,6,17,NA,NA
2025,SEA,INA,CB,0.5882352941176471,0,2,17,NA,NA
2025,SEA,INA,DE,0.23529411764705882,0,1,17,NA,NA
2025,SEA,INA,DT,0.11764705882352941,0,1,17,NA,NA
2025,SEA,INA,LB,1.588235294117647,0,4,17,NA,NA
2025,SEA,INA,LS,0,0,0,17,NA,NA
2025,SEA,INA,OL,1.4705882352941178,1,3,17,NA,NA
2025,SEA,INA,PK,0,0,0,17,NA,NA
2025,SEA,INA,PN,0,0,0,17,NA,NA
2025,SEA,INA,QB,0.7647058823529411,0,1,17,NA,NA
2025,SEA,INA,RB,0.23529411764705882,0,1,17,NA,NA
2025,SEA,INA,S,0.5294117647058824,0,2,17,NA,NA
2025,SEA,INA,TE,0.47058823529411764,0,1,17,NA,NA
2025,SEA,INA,UNMAPPED,0,0,0,17,NA,NA
2025,SEA,INA,WR,0.7058823529411765,0,3,17,NA,NA
2025,SF,ACT,CB,5.764705882352941,5,6,17,NA,NA
2025,SF,ACT,DE,4.588235294117647,4,5,17,NA,NA
2025,SF,ACT,DT,4.0588235294117645,4,5,17,NA,NA
2025,SF,ACT,LB,5,5,5,17,NA,NA
2025,SF,ACT,LS,1,1,1,17,NA,NA
2025,SF,ACT,OL,8,8,8,17,NA,NA
2025,SF,ACT,PK,1,1,1,17,NA,NA
2025,SF,ACT,PN,1,1,1,17,NA,NA
2025,SF,ACT,QB,2,2,2,17,NA,NA
2025,SF,ACT,RB,4,4,4,17,NA,NA
2025,SF,ACT,S,3.588235294117647,3,4,17,NA,NA
2025,SF,ACT,TE,3,3,3,17,NA,NA
2025,SF,ACT,UNMAPPED,0,0,0,17,NA,NA
2025,SF,ACT,WR,5,5,5,17,NA,NA
2025,SF,INA,CB,0.4117647058823529,0,2,17,NA,NA
2025,SF,INA,DE,0.8235294117647058,0,2,17,NA,NA
2025,SF,INA,DT,1,0,2,17,NA,NA
2025,SF,INA,LB,0.7647058823529411,0,2,17,NA,NA
2025,SF,INA,LS,0,0,0,17,NA,NA
2025,SF,INA,OL,0.7058823529411765,0,2,17,NA,NA
2025,SF,INA,PK,0.11764705882352941,0,1,17,NA,NA
2025,SF,INA,PN,0,0,0,17,NA,NA
2025,SF,INA,QB,0.47058823529411764,0,1,17,NA,NA
2025,SF,INA,RB,1,1,1,17,NA,NA
2025,SF,INA,S,0.11764705882352941,0,1,17,NA,NA
2025,SF,INA,TE,0.058823529411764705,0,1,17,NA,NA
2025,SF,INA,UNMAPPED,0,0,0,17,NA,NA
2025,SF,INA,WR,1.3529411764705883,1,3,17,NA,NA
2025,TB,ACT,CB,5.823529411764706,5,7,17,NA,NA
2025,TB,ACT,DE,6.0588235294117645,5,8,17,NA,NA
2025,TB,ACT,DT,4,3,5,17,NA,NA
2025,TB,ACT,LB,4.117647058823529,4,5,17,NA,NA
2025,TB,ACT,LS,1,1,1,17,NA,NA
2025,TB,ACT,OL,8.058823529411764,8,9,17,NA,NA
2025,TB,ACT,PK,1,1,1,17,NA,NA
2025,TB,ACT,PN,1,1,1,17,NA,NA
2025,TB,ACT,QB,2.0588235294117645,2,3,17,NA,NA
2025,TB,ACT,RB,3,3,3,17,NA,NA
2025,TB,ACT,S,3.235294117647059,3,4,17,NA,NA
2025,TB,ACT,TE,2.8823529411764706,2,3,17,NA,NA
2025,TB,ACT,UNMAPPED,0,0,0,17,NA,NA
2025,TB,ACT,WR,5.764705882352941,5,7,17,NA,NA
2025,TB,INA,CB,1,0,2,17,NA,NA
2025,TB,INA,DE,0.47058823529411764,0,2,17,NA,NA
2025,TB,INA,DT,0.6470588235294118,0,1,17,NA,NA
2025,TB,INA,LB,0.17647058823529413,0,1,17,NA,NA
2025,TB,INA,LS,0,0,0,17,NA,NA
2025,TB,INA,OL,1.0588235294117647,0,2,17,NA,NA
2025,TB,INA,PK,0,0,0,17,NA,NA
2025,TB,INA,PN,0,0,0,17,NA,NA
2025,TB,INA,QB,0.35294117647058826,0,1,17,NA,NA
2025,TB,INA,RB,0.8235294117647058,0,2,17,NA,NA
2025,TB,INA,S,0.6470588235294118,0,1,17,NA,NA
2025,TB,INA,TE,0.29411764705882354,0,1,17,NA,NA
2025,TB,INA,UNMAPPED,0,0,0,17,NA,NA
2025,TB,INA,WR,0.9411764705882353,0,2,17,NA,NA
2025,TEN,ACT,CB,4.882352941176471,4,6,17,NA,NA
2025,TEN,ACT,DE,4.117647058823529,3,5,17,NA,NA
2025,TEN,ACT,DT,5.411764705882353,5,6,17,NA,NA
2025,TEN,ACT,LB,4.705882352941177,4,5,17,NA,NA
2025,TEN,ACT,LS,1,1,1,17,NA,NA
2025,TEN,ACT,OL,8,8,8,17,NA,NA
2025,TEN,ACT,PK,1,1,1,17,NA,NA
2025,TEN,ACT,PN,1,1,1,17,NA,NA
2025,TEN,ACT,QB,2,2,2,17,NA,NA
2025,TEN,ACT,RB,3.411764705882353,3,4,17,NA,NA
2025,TEN,ACT,S,4.352941176470588,4,5,17,NA,NA
2025,TEN,ACT,TE,3,3,3,17,NA,NA
2025,TEN,ACT,UNMAPPED,0,0,0,17,NA,NA
2025,TEN,ACT,WR,5.117647058823529,5,6,17,NA,NA
2025,TEN,INA,CB,0.7647058823529411,0,2,17,NA,NA
2025,TEN,INA,DE,0.47058823529411764,0,2,17,NA,NA
2025,TEN,INA,DT,0.5294117647058824,0,1,17,NA,NA
2025,TEN,INA,LB,0.11764705882352941,0,1,17,NA,NA
2025,TEN,INA,LS,0,0,0,17,NA,NA
2025,TEN,INA,OL,2.411764705882353,2,4,17,NA,NA
2025,TEN,INA,PK,0.058823529411764705,0,1,17,NA,NA
2025,TEN,INA,PN,0,0,0,17,NA,NA
2025,TEN,INA,QB,0,0,0,17,NA,NA
2025,TEN,INA,RB,0.058823529411764705,0,1,17,NA,NA
2025,TEN,INA,S,0.9411764705882353,0,2,17,NA,NA
2025,TEN,INA,TE,0.11764705882352941,0,1,17,NA,NA
2025,TEN,INA,UNMAPPED,0,0,0,17,NA,NA
2025,TEN,INA,WR,0.7647058823529411,0,2,17,NA,NA
2025,WAS,ACT,CB,4.705882352941177,4,6,17,NA,NA
2025,WAS,ACT,DE,4.411764705882353,3,5,17,NA,NA
2025,WAS,ACT,DT,4.470588235294118,3,5,17,NA,NA
2025,WAS,ACT,LB,5.0588235294117645,4,6,17,NA,NA
2025,WAS,ACT,LS,1,1,1,17,NA,NA
2025,WAS,ACT,OL,8.117647058823529,8,10,17,NA,NA
2025,WAS,ACT,PK,1,1,1,17,NA,NA
2025,WAS,ACT,PN,1,1,1,17,NA,NA
2025,WAS,ACT,QB,2.0588235294117645,2,3,17,NA,NA
2025,WAS,ACT,RB,3.1176470588235294,3,4,17,NA,NA
2025,WAS,ACT,S,4.9411764705882355,4,5,17,NA,NA
2025,WAS,ACT,TE,3.4705882352941178,3,4,17,NA,NA
2025,WAS,ACT,UNMAPPED,0,0,0,17,NA,NA
2025,WAS,ACT,WR,5.0588235294117645,4,6,17,NA,NA
2025,WAS,INA,CB,0.17647058823529413,0,1,17,NA,NA
2025,WAS,INA,DE,0.47058823529411764,0,2,17,NA,NA
2025,WAS,INA,DT,0.23529411764705882,0,1,17,NA,NA
2025,WAS,INA,LB,0.9411764705882353,0,2,17,NA,NA
2025,WAS,INA,LS,0.058823529411764705,0,1,17,NA,NA
2025,WAS,INA,OL,1.5294117647058822,0,2,17,NA,NA
2025,WAS,INA,PK,0.058823529411764705,0,1,17,NA,NA
2025,WAS,INA,PN,0.058823529411764705,0,1,17,NA,NA
2025,WAS,INA,QB,1.1764705882352942,0,3,17,NA,NA
2025,WAS,INA,RB,0.29411764705882354,0,1,17,NA,NA
2025,WAS,INA,S,0.11764705882352941,0,1,17,NA,NA
2025,WAS,INA,TE,0.35294117647058826,0,1,17,NA,NA
2025,WAS,INA,UNMAPPED,0,0,0,17,NA,NA
2025,WAS,INA,WR,0.7647058823529411,0,2,17,NA,NA
2021,NFL,ACT,CB,5.1213235294117645,NA,NA,NA,32,NA
2021,NFL,ACT,DE,4.301470588235294,NA,NA,NA,32,NA
2021,NFL,ACT,DT,4.599264705882353,NA,NA,NA,32,NA
2021,NFL,ACT,LB,4.913602941176471,NA,NA,NA,32,NA
2021,NFL,ACT,LS,0.9981617647058824,NA,NA,NA,32,NA
2021,NFL,ACT,OL,7.994485294117647,NA,NA,NA,32,NA
2021,NFL,ACT,PK,1,NA,NA,NA,32,NA
2021,NFL,ACT,PN,1,NA,NA,NA,32,NA
2021,NFL,ACT,QB,2.0661764705882355,NA,NA,NA,32,NA
2021,NFL,ACT,RB,3.5698529411764706,NA,NA,NA,32,NA
2021,NFL,ACT,S,4.047794117647059,NA,NA,NA,32,NA
2021,NFL,ACT,TE,3.1158088235294117,NA,NA,NA,32,NA
2021,NFL,ACT,UNMAPPED,0,NA,NA,NA,32,NA
2021,NFL,ACT,WR,5.2536764705882355,NA,NA,NA,32,NA
2021,NFL,INA,CB,0.8345588235294118,NA,NA,NA,32,NA
2021,NFL,INA,DE,0.5643382352941176,NA,NA,NA,32,NA
2021,NFL,INA,DT,0.6911764705882353,NA,NA,NA,32,NA
2021,NFL,INA,LB,0.37683823529411764,NA,NA,NA,32,NA
2021,NFL,INA,LS,0.003676470588235294,NA,NA,NA,32,NA
2021,NFL,INA,OL,0.9448529411764706,NA,NA,NA,32,NA
2021,NFL,INA,PK,0.01838235294117647,NA,NA,NA,32,NA
2021,NFL,INA,PN,0.012867647058823529,NA,NA,NA,32,NA
2021,NFL,INA,QB,0.5275735294117647,NA,NA,NA,32,NA
2021,NFL,INA,RB,0.5091911764705882,NA,NA,NA,32,NA
2021,NFL,INA,S,0.3584558823529412,NA,NA,NA,32,NA
2021,NFL,INA,TE,0.33639705882352944,NA,NA,NA,32,NA
2021,NFL,INA,UNMAPPED,0,NA,NA,NA,32,NA
2021,NFL,INA,WR,0.6194852941176471,NA,NA,NA,32,NA
2022,NFL,ACT,CB,5.041819852941177,NA,NA,NA,32,NA
2022,NFL,ACT,DE,4.1599264705882355,NA,NA,NA,32,NA
2022,NFL,ACT,DT,4.645680147058823,NA,NA,NA,32,NA
2022,NFL,ACT,LB,5.079273897058823,NA,NA,NA,32,NA
2022,NFL,ACT,LS,1.0018382352941178,NA,NA,NA,32,NA
2022,NFL,ACT,OL,8.012867647058824,NA,NA,NA,32,NA
2022,NFL,ACT,PK,1.0091911764705883,NA,NA,NA,32,NA
2022,NFL,ACT,PN,1,NA,NA,NA,32,NA
2022,NFL,ACT,QB,2.0183823529411766,NA,NA,NA,32,NA
2022,NFL,ACT,RB,3.705997242647059,NA,NA,NA,32,NA
2022,NFL,ACT,S,4.137982536764706,NA,NA,NA,32,NA
2022,NFL,ACT,TE,3.104549632352941,NA,NA,NA,32,NA
2022,NFL,ACT,UNMAPPED,0,NA,NA,NA,32,NA
2022,NFL,ACT,WR,5.082490808823529,NA,NA,NA,32,NA
2022,NFL,INA,CB,0.8430606617647058,NA,NA,NA,32,NA
2022,NFL,INA,DE,0.6173023897058824,NA,NA,NA,32,NA
2022,NFL,INA,DT,0.6162683823529412,NA,NA,NA,32,NA
2022,NFL,INA,LB,0.439453125,NA,NA,NA,32,NA
2022,NFL,INA,LS,0.001838235294117647,NA,NA,NA,32,NA
2022,NFL,INA,OL,1.1122472426470589,NA,NA,NA,32,NA
2022,NFL,INA,PK,0.03676470588235294,NA,NA,NA,32,NA
2022,NFL,INA,PN,0.0076976102941176475,NA,NA,NA,32,NA
2022,NFL,INA,QB,0.46886488970588236,NA,NA,NA,32,NA
2022,NFL,INA,RB,0.49816176470588236,NA,NA,NA,32,NA
2022,NFL,INA,S,0.48092830882352944,NA,NA,NA,32,NA
2022,NFL,INA,TE,0.4032628676470588,NA,NA,NA,32,NA
2022,NFL,INA,UNMAPPED,0,NA,NA,NA,32,NA
2022,NFL,INA,WR,0.7571231617647058,NA,NA,NA,32,NA
2023,NFL,ACT,CB,5.270220588235294,NA,NA,NA,32,NA
2023,NFL,ACT,DE,4.428308823529411,NA,NA,NA,32,NA
2023,NFL,ACT,DT,4.676470588235294,NA,NA,NA,32,NA
2023,NFL,ACT,LB,4.803308823529412,NA,NA,NA,32,NA
2023,NFL,ACT,LS,1,NA,NA,NA,32,NA
2023,NFL,ACT,OL,8.025735294117647,NA,NA,NA,32,NA
2023,NFL,ACT,PK,1,NA,NA,NA,32,NA
2023,NFL,ACT,PN,1,NA,NA,NA,32,NA
2023,NFL,ACT,QB,2.014705882352941,NA,NA,NA,32,NA
2023,NFL,ACT,RB,3.452205882352941,NA,NA,NA,32,NA
2023,NFL,ACT,S,3.972426470588235,NA,NA,NA,32,NA
2023,NFL,ACT,TE,3.0955882352941178,NA,NA,NA,32,NA
2023,NFL,ACT,UNMAPPED,0,NA,NA,NA,32,NA
2023,NFL,ACT,WR,5.261029411764706,NA,NA,NA,32,NA
2023,NFL,INA,CB,0.7886029411764706,NA,NA,NA,32,NA
2023,NFL,INA,DE,0.5386029411764706,NA,NA,NA,32,NA
2023,NFL,INA,DT,0.6360294117647058,NA,NA,NA,32,NA
2023,NFL,INA,LB,0.5018382352941176,NA,NA,NA,32,NA
2023,NFL,INA,LS,0,NA,NA,NA,32,NA
2023,NFL,INA,OL,1.2849264705882353,NA,NA,NA,32,NA
2023,NFL,INA,PK,0.02022058823529412,NA,NA,NA,32,NA
2023,NFL,INA,PN,0.009191176470588236,NA,NA,NA,32,NA
2023,NFL,INA,QB,0.5147058823529411,NA,NA,NA,32,NA
2023,NFL,INA,RB,0.4742647058823529,NA,NA,NA,32,NA
2023,NFL,INA,S,0.4522058823529412,NA,NA,NA,32,NA
2023,NFL,INA,TE,0.3823529411764706,NA,NA,NA,32,NA
2023,NFL,INA,UNMAPPED,0,NA,NA,NA,32,NA
2023,NFL,INA,WR,0.6378676470588235,NA,NA,NA,32,NA
2024,NFL,ACT,CB,5.204044117647059,NA,NA,NA,32,NA
2024,NFL,ACT,DE,4.318014705882353,NA,NA,NA,32,NA
2024,NFL,ACT,DT,4.827205882352941,NA,NA,NA,32,NA
2024,NFL,ACT,LB,4.748161764705882,NA,NA,NA,32,NA
2024,NFL,ACT,LS,1,NA,NA,NA,32,NA
2024,NFL,ACT,OL,8.036764705882353,NA,NA,NA,32,NA
2024,NFL,ACT,PK,1,NA,NA,NA,32,NA
2024,NFL,ACT,PN,1,NA,NA,NA,32,NA
2024,NFL,ACT,QB,2.0183823529411766,NA,NA,NA,32,NA
2024,NFL,ACT,RB,3.3713235294117645,NA,NA,NA,32,NA
2024,NFL,ACT,S,4.106617647058823,NA,NA,NA,32,NA
2024,NFL,ACT,TE,3.1875,NA,NA,NA,32,NA
2024,NFL,ACT,UNMAPPED,0,NA,NA,NA,32,NA
2024,NFL,ACT,WR,5.198529411764706,NA,NA,NA,32,NA
2024,NFL,INA,CB,0.7591911764705882,NA,NA,NA,32,NA
2024,NFL,INA,DE,0.5863970588235294,NA,NA,NA,32,NA
2024,NFL,INA,DT,0.6783088235294118,NA,NA,NA,32,NA
2024,NFL,INA,LB,0.4577205882352941,NA,NA,NA,32,NA
2024,NFL,INA,LS,0.001838235294117647,NA,NA,NA,32,NA
2024,NFL,INA,OL,1.3731617647058822,NA,NA,NA,32,NA
2024,NFL,INA,PK,0.03125,NA,NA,NA,32,NA
2024,NFL,INA,PN,0.016544117647058824,NA,NA,NA,32,NA
2024,NFL,INA,QB,0.4852941176470588,NA,NA,NA,32,NA
2024,NFL,INA,RB,0.4577205882352941,NA,NA,NA,32,NA
2024,NFL,INA,S,0.45588235294117646,NA,NA,NA,32,NA
2024,NFL,INA,TE,0.375,NA,NA,NA,32,NA
2024,NFL,INA,UNMAPPED,0,NA,NA,NA,32,NA
2024,NFL,INA,WR,0.6415441176470589,NA,NA,NA,32,NA
2025,NFL,ACT,CB,5.145220588235294,NA,NA,NA,32,NA
2025,NFL,ACT,DE,4.450367647058823,NA,NA,NA,32,NA
2025,NFL,ACT,DT,4.66360294117647,NA,NA,NA,32,NA
2025,NFL,ACT,LB,4.852941176470588,NA,NA,NA,32,NA
2025,NFL,ACT,LS,1,NA,NA,NA,32,NA
2025,NFL,ACT,OL,8.029411764705882,NA,NA,NA,32,NA
2025,NFL,ACT,PK,1,NA,NA,NA,32,NA
2025,NFL,ACT,PN,1,NA,NA,NA,32,NA
2025,NFL,ACT,QB,2.0220588235294117,NA,NA,NA,32,NA
2025,NFL,ACT,RB,3.400735294117647,NA,NA,NA,32,NA
2025,NFL,ACT,S,4.077205882352941,NA,NA,NA,32,NA
2025,NFL,ACT,TE,3.21875,NA,NA,NA,32,NA
2025,NFL,ACT,UNMAPPED,0,NA,NA,NA,32,NA
2025,NFL,ACT,WR,5.170955882352941,NA,NA,NA,32,NA
2025,NFL,INA,CB,0.6617647058823529,NA,NA,NA,32,NA
2025,NFL,INA,DE,0.6011029411764706,NA,NA,NA,32,NA
2025,NFL,INA,DT,0.8327205882352942,NA,NA,NA,32,NA
2025,NFL,INA,LB,0.39705882352941174,NA,NA,NA,32,NA
2025,NFL,INA,LS,0.003676470588235294,NA,NA,NA,32,NA
2025,NFL,INA,OL,1.2113970588235294,NA,NA,NA,32,NA
2025,NFL,INA,PK,0.044117647058823525,NA,NA,NA,32,NA
2025,NFL,INA,PN,0.005514705882352941,NA,NA,NA,32,NA
2025,NFL,INA,QB,0.47610294117647056,NA,NA,NA,32,NA
2025,NFL,INA,RB,0.5091911764705882,NA,NA,NA,32,NA
2025,NFL,INA,S,0.3694852941176471,NA,NA,NA,32,NA
2025,NFL,INA,TE,0.4136029411764706,NA,NA,NA,32,NA
2025,NFL,INA,UNMAPPED,0,NA,NA,NA,32,NA
2025,NFL,INA,WR,0.7591911764705882,NA,NA,NA,32,NA
ALL,NFL,ACT,CB,5.156525735294117,NA,NA,NA,NA,5
ALL,NFL,ACT,DE,4.331617647058824,NA,NA,NA,NA,5
ALL,NFL,ACT,DT,4.682444852941177,NA,NA,NA,NA,5
ALL,NFL,ACT,LB,4.879457720588236,NA,NA,NA,NA,5
ALL,NFL,ACT,LS,1,NA,NA,NA,NA,5
ALL,NFL,ACT,OL,8.01985294117647,NA,NA,NA,NA,5
ALL,NFL,ACT,PK,1.0018382352941178,NA,NA,NA,NA,5
ALL,NFL,ACT,PN,1,NA,NA,NA,NA,5
ALL,NFL,ACT,QB,2.027941176470588,NA,NA,NA,NA,5
ALL,NFL,ACT,RB,3.5000229779411764,NA,NA,NA,NA,5
ALL,NFL,ACT,S,4.068405330882353,NA,NA,NA,NA,5
ALL,NFL,ACT,TE,3.144439338235294,NA,NA,NA,NA,5
ALL,NFL,ACT,UNMAPPED,0,NA,NA,NA,NA,5
ALL,NFL,ACT,WR,5.1933363970588236,NA,NA,NA,NA,5
ALL,NFL,INA,CB,0.7774356617647059,NA,NA,NA,NA,5
ALL,NFL,INA,DE,0.5815487132352941,NA,NA,NA,NA,5
ALL,NFL,INA,DT,0.6909007352941177,NA,NA,NA,NA,5
ALL,NFL,INA,LB,0.4345818014705882,NA,NA,NA,NA,5
ALL,NFL,INA,LS,0.0022058823529411764,NA,NA,NA,NA,5
ALL,NFL,INA,OL,1.1853170955882353,NA,NA,NA,NA,5
ALL,NFL,INA,PK,0.030147058823529412,NA,NA,NA,NA,5
ALL,NFL,INA,PN,0.010363051470588235,NA,NA,NA,NA,5
ALL,NFL,INA,QB,0.49450827205882353,NA,NA,NA,NA,5
ALL,NFL,INA,RB,0.48970588235294116,NA,NA,NA,NA,5
ALL,NFL,INA,S,0.42339154411764707,NA,NA,NA,NA,5
ALL,NFL,INA,TE,0.3821231617647059,NA,NA,NA,NA,5
ALL,NFL,INA,UNMAPPED,0,NA,NA,NA,NA,5
ALL,NFL,INA,WR,0.6830422794117647,NA,NA,NA,NA,5
