season,week,league,team,side,slots,included,boundary_tie
2021,1,NFL,TEN,OFF,7,True,False
2021,1,NFL,TEN,DEF,12,True,False
2021,1,NFL,ARI,OFF,7,True,False
2021,1,NFL,ARI,DEF,12,True,False
2021,1,NFL,LV,OFF,7,True,False
2021,1,NFL,LV,DEF,12,True,False
2021,1,NFL,BAL,OFF,7,True,False
2021,1,NFL,BAL,DEF,12,True,False
2021,1,NFL,LA,OFF,7,True,False
2021,1,NFL,LA,DEF,12,True,False
2021,1,NFL,CHI,OFF,7,True,False
2021,1,NFL,CHI,DEF,12,True,False
2021,1,NFL,KC,OFF,7,True,False
2021,1,NFL,KC,DEF,12,True,False
2021,1,NFL,CLE,OFF,7,True,False
2021,1,NFL,CLE,DEF,12,True,False
2021,1,NFL,TB,OFF,7,True,False
2021,1,NFL,TB,DEF,12,True,False
2021,1,NFL,DAL,OFF,7,True,False
2021,1,NFL,DAL,DEF,12,True,False
2021,1,NFL,NYG,OFF,7,True,False
2021,1,NFL,NYG,DEF,12,True,False
2021,1,NFL,DEN,OFF,7,True,False
2021,1,NFL,DEN,DEF,12,True,False
2021,1,NFL,NO,OFF,7,True,False
2021,1,NFL,NO,DEF,12,True,False
2021,1,NFL,GB,OFF,7,True,False
2021,1,NFL,GB,DEF,12,True,False
2021,1,NFL,HOU,OFF,7,True,False
2021,1,NFL,HOU,DEF,12,True,False
2021,1,NFL,JAX,OFF,7,True,False
2021,1,NFL,JAX,DEF,12,True,False
2021,1,NFL,WAS,OFF,7,True,False
2021,1,NFL,WAS,DEF,12,True,False
2021,1,NFL,LAC,OFF,7,True,False
2021,1,NFL,LAC,DEF,12,True,False
2021,1,NFL,NE,OFF,7,True,False
2021,1,NFL,NE,DEF,12,True,True
2021,1,NFL,MIA,OFF,7,True,False
2021,1,NFL,MIA,DEF,12,True,False
2021,1,NFL,CIN,OFF,7,True,False
2021,1,NFL,CIN,DEF,12,True,False
2021,1,NFL,MIN,OFF,7,True,False
2021,1,NFL,MIN,DEF,12,True,False
2021,1,NFL,CAR,OFF,7,True,False
2021,1,NFL,CAR,DEF,12,True,False
2021,1,NFL,NYJ,OFF,7,True,False
2021,1,NFL,NYJ,DEF,12,True,False
2021,1,NFL,ATL,OFF,7,True,False
2021,1,NFL,ATL,DEF,12,True,False
2021,1,NFL,PHI,OFF,7,True,False
2021,1,NFL,PHI,DEF,12,True,False
2021,1,NFL,BUF,OFF,7,True,False
2021,1,NFL,BUF,DEF,12,True,False
2021,1,NFL,PIT,OFF,7,True,False
2021,1,NFL,PIT,DEF,12,True,False
2021,1,NFL,IND,OFF,7,True,False
2021,1,NFL,IND,DEF,12,True,False
2021,1,NFL,SEA,OFF,7,True,False
2021,1,NFL,SEA,DEF,12,True,False
2021,1,NFL,DET,OFF,7,True,False
2021,1,NFL,DET,DEF,12,True,False
2021,1,NFL,SF,OFF,7,True,True
2021,1,NFL,SF,DEF,12,True,False
2021,2,NFL,TB,OFF,7,True,False
2021,2,NFL,TB,DEF,12,True,False
2021,2,NFL,ATL,OFF,7,True,False
2021,2,NFL,ATL,DEF,12,True,False
2021,2,NFL,MIA,OFF,7,True,False
2021,2,NFL,MIA,DEF,12,True,False
2021,2,NFL,BUF,OFF,7,True,False
2021,2,NFL,BUF,DEF,12,True,False
2021,2,NFL,CHI,OFF,7,True,False
2021,2,NFL,CHI,DEF,12,True,False
2021,2,NFL,CIN,OFF,7,True,False
2021,2,NFL,CIN,DEF,12,True,False
2021,2,NFL,LAC,OFF,7,True,False
2021,2,NFL,LAC,DEF,12,True,False
2021,2,NFL,DAL,OFF,7,True,False
2021,2,NFL,DAL,DEF,12,True,False
2021,2,NFL,JAX,OFF,7,True,False
2021,2,NFL,JAX,DEF,12,True,False
2021,2,NFL,DEN,OFF,7,True,False
2021,2,NFL,DEN,DEF,12,True,True
2021,2,NFL,GB,OFF,7,True,False
2021,2,NFL,GB,DEF,12,True,False
2021,2,NFL,DET,OFF,7,True,False
2021,2,NFL,DET,DEF,12,True,False
2021,2,NFL,CLE,OFF,7,True,False
2021,2,NFL,CLE,DEF,12,True,False
2021,2,NFL,HOU,OFF,7,True,False
2021,2,NFL,HOU,DEF,12,True,False
2021,2,NFL,BAL,OFF,7,True,False
2021,2,NFL,BAL,DEF,12,True,False
2021,2,NFL,KC,OFF,7,True,False
2021,2,NFL,KC,DEF,12,True,False
2021,2,NFL,IND,OFF,7,True,False
2021,2,NFL,IND,DEF,12,True,False
2021,2,NFL,LA,OFF,7,True,False
2021,2,NFL,LA,DEF,12,True,False
2021,2,NFL,PIT,OFF,7,True,False
2021,2,NFL,PIT,DEF,12,True,False
2021,2,NFL,LV,OFF,7,True,False
2021,2,NFL,LV,DEF,12,True,False
2021,2,NFL,ARI,OFF,7,True,False
2021,2,NFL,ARI,DEF,12,True,False
2021,2,NFL,MIN,OFF,7,True,False
2021,2,NFL,MIN,DEF,12,True,False
2021,2,NFL,NYJ,OFF,7,True,True
2021,2,NFL,NYJ,DEF,12,True,True
2021,2,NFL,NE,OFF,7,True,False
2021,2,NFL,NE,DEF,12,True,False
2021,2,NFL,CAR,OFF,7,True,False
2021,2,NFL,CAR,DEF,12,True,False
2021,2,NFL,NO,OFF,7,True,False
2021,2,NFL,NO,DEF,12,True,False
2021,2,NFL,WAS,OFF,7,True,False
2021,2,NFL,WAS,DEF,12,True,False
2021,2,NFL,NYG,OFF,7,True,False
2021,2,NFL,NYG,DEF,12,True,False
2021,2,NFL,PHI,OFF,7,True,False
2021,2,NFL,PHI,DEF,12,True,False
2021,2,NFL,SF,OFF,7,True,False
2021,2,NFL,SF,DEF,12,True,False
2021,2,NFL,SEA,OFF,7,True,False
2021,2,NFL,SEA,DEF,12,True,False
2021,2,NFL,TEN,OFF,7,True,False
2021,2,NFL,TEN,DEF,12,True,False
2021,3,NFL,JAX,OFF,7,True,False
2021,3,NFL,JAX,DEF,12,True,False
2021,3,NFL,ARI,OFF,7,True,False
2021,3,NFL,ARI,DEF,12,True,False
2021,3,NFL,NYG,OFF,7,True,False
2021,3,NFL,NYG,DEF,12,True,False
2021,3,NFL,ATL,OFF,7,True,False
2021,3,NFL,ATL,DEF,12,True,False
2021,3,NFL,DET,OFF,7,True,False
2021,3,NFL,DET,DEF,12,True,False
2021,3,NFL,BAL,OFF,7,True,False
2021,3,NFL,BAL,DEF,12,True,False
2021,3,NFL,HOU,OFF,7,True,False
2021,3,NFL,HOU,DEF,12,True,False
2021,3,NFL,CAR,OFF,7,True,False
2021,3,NFL,CAR,DEF,12,True,False
2021,3,NFL,CLE,OFF,7,True,False
2021,3,NFL,CLE,DEF,12,True,False
2021,3,NFL,CHI,OFF,7,True,False
2021,3,NFL,CHI,DEF,12,True,False
2021,3,NFL,PIT,OFF,7,True,False
2021,3,NFL,PIT,DEF,12,True,False
2021,3,NFL,CIN,OFF,7,True,False
2021,3,NFL,CIN,DEF,12,True,False
2021,3,NFL,SF,OFF,7,True,False
2021,3,NFL,SF,DEF,12,True,False
2021,3,NFL,GB,OFF,7,True,False
2021,3,NFL,GB,DEF,12,True,False
2021,3,NFL,TEN,OFF,7,True,False
2021,3,NFL,TEN,DEF,12,True,False
2021,3,NFL,IND,OFF,7,True,False
2021,3,NFL,IND,DEF,12,True,False
2021,3,NFL,KC,OFF,7,True,False
2021,3,NFL,KC,DEF,12,True,False
2021,3,NFL,LAC,OFF,7,True,False
2021,3,NFL,LAC,DEF,12,True,False
2021,3,NFL,LV,OFF,7,True,False
2021,3,NFL,LV,DEF,12,True,False
2021,3,NFL,MIA,OFF,7,True,True
2021,3,NFL,MIA,DEF,12,True,False
2021,3,NFL,NE,OFF,7,True,False
2021,3,NFL,NE,DEF,12,True,False
2021,3,NFL,NO,OFF,7,True,False
2021,3,NFL,NO,DEF,12,True,False
2021,3,NFL,DEN,OFF,7,True,False
2021,3,NFL,DEN,DEF,12,True,False
2021,3,NFL,NYJ,OFF,7,True,False
2021,3,NFL,NYJ,DEF,12,True,False
2021,3,NFL,DAL,OFF,7,True,True
2021,3,NFL,DAL,DEF,12,True,False
2021,3,NFL,PHI,OFF,7,True,False
2021,3,NFL,PHI,DEF,12,True,False
2021,3,NFL,MIN,OFF,7,True,False
2021,3,NFL,MIN,DEF,12,True,False
2021,3,NFL,SEA,OFF,7,True,False
2021,3,NFL,SEA,DEF,12,True,False
2021,3,NFL,LA,OFF,7,True,False
2021,3,NFL,LA,DEF,12,True,False
2021,3,NFL,TB,OFF,7,True,False
2021,3,NFL,TB,DEF,12,True,False
2021,3,NFL,BUF,OFF,7,True,False
2021,3,NFL,BUF,DEF,12,True,False
2021,3,NFL,WAS,OFF,7,True,False
2021,3,NFL,WAS,DEF,12,True,False
2021,4,NFL,LA,OFF,7,True,False
2021,4,NFL,LA,DEF,12,True,False
2021,4,NFL,ARI,OFF,7,True,True
2021,4,NFL,ARI,DEF,12,True,False
2021,4,NFL,DEN,OFF,7,True,False
2021,4,NFL,DEN,DEF,12,True,False
2021,4,NFL,BAL,OFF,7,True,False
2021,4,NFL,BAL,DEF,12,True,True
2021,4,NFL,DAL,OFF,7,True,False
2021,4,NFL,DAL,DEF,12,True,False
2021,4,NFL,CAR,OFF,7,True,False
2021,4,NFL,CAR,DEF,12,True,False
2021,4,NFL,MIN,OFF,7,True,False
2021,4,NFL,MIN,DEF,12,True,False
2021,4,NFL,CLE,OFF,7,True,False
2021,4,NFL,CLE,DEF,12,True,False
2021,4,NFL,CHI,OFF,7,True,False
2021,4,NFL,CHI,DEF,12,True,True
2021,4,NFL,DET,OFF,7,True,False
2021,4,NFL,DET,DEF,12,True,False
2021,4,NFL,BUF,OFF,7,True,False
2021,4,NFL,BUF,DEF,12,True,False
2021,4,NFL,HOU,OFF,7,True,False
2021,4,NFL,HOU,DEF,12,True,False
2021,4,NFL,MIA,OFF,7,True,False
2021,4,NFL,MIA,DEF,12,True,False
2021,4,NFL,IND,OFF,7,True,False
2021,4,NFL,IND,DEF,12,True,False
2021,4,NFL,CIN,OFF,7,True,False
2021,4,NFL,CIN,DEF,12,True,False
2021,4,NFL,JAX,OFF,7,True,False
2021,4,NFL,JAX,DEF,12,True,False
2021,4,NFL,PHI,OFF,7,True,False
2021,4,NFL,PHI,DEF,12,True,False
2021,4,NFL,KC,OFF,7,True,False
2021,4,NFL,KC,DEF,12,True,False
2021,4,NFL,LAC,OFF,7,True,False
2021,4,NFL,LAC,DEF,12,True,False
2021,4,NFL,LV,OFF,7,True,False
2021,4,NFL,LV,DEF,12,True,False
2021,4,NFL,NO,OFF,7,True,True
2021,4,NFL,NO,DEF,12,True,False
2021,4,NFL,NYG,OFF,7,True,False
2021,4,NFL,NYG,DEF,12,True,False
2021,4,NFL,GB,OFF,7,True,False
2021,4,NFL,GB,DEF,12,True,False
2021,4,NFL,PIT,OFF,7,True,False
2021,4,NFL,PIT,DEF,12,True,False
2021,4,NFL,SF,OFF,7,True,False
2021,4,NFL,SF,DEF,12,True,False
2021,4,NFL,SEA,OFF,7,True,False
2021,4,NFL,SEA,DEF,12,True,False
2021,4,NFL,NE,OFF,7,True,False
2021,4,NFL,NE,DEF,12,True,False
2021,4,NFL,TB,OFF,7,True,False
2021,4,NFL,TB,DEF,12,True,False
2021,4,NFL,NYJ,OFF,7,True,False
2021,4,NFL,NYJ,DEF,12,True,False
2021,4,NFL,TEN,OFF,7,True,False
2021,4,NFL,TEN,DEF,12,True,False
2021,4,NFL,ATL,OFF,7,True,False
2021,4,NFL,ATL,DEF,12,True,False
2021,4,NFL,WAS,OFF,7,True,False
2021,4,NFL,WAS,DEF,12,True,True
2021,5,NFL,KC,OFF,7,True,False
2021,5,NFL,KC,DEF,12,True,False
2021,5,NFL,BUF,OFF,7,True,False
2021,5,NFL,BUF,DEF,12,True,False
2021,5,NFL,LV,OFF,7,True,False
2021,5,NFL,LV,DEF,12,True,False
2021,5,NFL,CHI,OFF,7,True,False
2021,5,NFL,CHI,DEF,12,True,False
2021,5,NFL,LAC,OFF,7,True,False
2021,5,NFL,LAC,DEF,12,True,False
2021,5,NFL,CLE,OFF,7,True,False
2021,5,NFL,CLE,DEF,12,True,False
2021,5,NFL,PIT,OFF,7,True,True
2021,5,NFL,PIT,DEF,12,True,False
2021,5,NFL,DEN,OFF,7,True,False
2021,5,NFL,DEN,DEF,12,True,False
2021,5,NFL,MIN,OFF,7,True,False
2021,5,NFL,MIN,DEF,12,True,True
2021,5,NFL,DET,OFF,7,True,True
2021,5,NFL,DET,DEF,12,True,False
2021,5,NFL,CIN,OFF,7,True,False
2021,5,NFL,CIN,DEF,12,True,False
2021,5,NFL,GB,OFF,7,True,False
2021,5,NFL,GB,DEF,12,True,False
2021,5,NFL,BAL,OFF,7,True,True
2021,5,NFL,BAL,DEF,12,True,False
2021,5,NFL,IND,OFF,7,True,False
2021,5,NFL,IND,DEF,12,True,False
2021,5,NFL,SEA,OFF,7,True,False
2021,5,NFL,SEA,DEF,12,True,False
2021,5,NFL,LA,OFF,7,True,False
2021,5,NFL,LA,DEF,12,True,False
2021,5,NFL,TB,OFF,7,True,False
2021,5,NFL,TB,DEF,12,True,False
2021,5,NFL,MIA,OFF,7,True,False
2021,5,NFL,MIA,DEF,12,True,False
2021,5,NFL,HOU,OFF,7,True,False
2021,5,NFL,HOU,DEF,12,True,True
2021,5,NFL,NE,OFF,7,True,False
2021,5,NFL,NE,DEF,12,True,True
2021,5,NFL,WAS,OFF,7,True,True
2021,5,NFL,WAS,DEF,12,True,False
2021,5,NFL,NO,OFF,7,True,False
2021,5,NFL,NO,DEF,12,True,False
2021,5,NFL,DAL,OFF,7,True,True
2021,5,NFL,DAL,DEF,12,True,False
2021,5,NFL,NYG,OFF,7,True,False
2021,5,NFL,NYG,DEF,12,True,False
2021,5,NFL,ATL,OFF,7,True,False
2021,5,NFL,ATL,DEF,12,True,False
2021,5,NFL,NYJ,OFF,7,True,False
2021,5,NFL,NYJ,DEF,12,True,False
2021,5,NFL,CAR,OFF,7,True,False
2021,5,NFL,CAR,DEF,12,True,False
2021,5,NFL,PHI,OFF,7,True,False
2021,5,NFL,PHI,DEF,12,True,False
2021,5,NFL,ARI,OFF,7,True,True
2021,5,NFL,ARI,DEF,12,True,False
2021,5,NFL,SF,OFF,7,True,False
2021,5,NFL,SF,DEF,12,True,False
2021,5,NFL,JAX,OFF,7,True,False
2021,5,NFL,JAX,DEF,12,True,True
2021,5,NFL,TEN,OFF,7,True,False
2021,5,NFL,TEN,DEF,12,True,False
2021,6,NFL,CLE,OFF,7,True,True
2021,6,NFL,CLE,DEF,12,True,False
2021,6,NFL,ARI,OFF,7,True,False
2021,6,NFL,ARI,DEF,12,True,False
2021,6,NFL,TEN,OFF,7,True,False
2021,6,NFL,TEN,DEF,12,True,False
2021,6,NFL,BUF,OFF,7,True,False
2021,6,NFL,BUF,DEF,12,True,False
2021,6,NFL,DET,OFF,7,True,False
2021,6,NFL,DET,DEF,12,True,True
2021,6,NFL,CIN,OFF,7,True,False
2021,6,NFL,CIN,DEF,12,True,True
2021,6,NFL,NE,OFF,7,True,False
2021,6,NFL,NE,DEF,12,True,False
2021,6,NFL,DAL,OFF,7,True,False
2021,6,NFL,DAL,DEF,12,True,True
2021,6,NFL,CHI,OFF,7,True,False
2021,6,NFL,CHI,DEF,12,True,False
2021,6,NFL,GB,OFF,7,True,False
2021,6,NFL,GB,DEF,12,True,False
2021,6,NFL,IND,OFF,7,True,False
2021,6,NFL,IND,DEF,12,True,False
2021,6,NFL,HOU,OFF,7,True,True
2021,6,NFL,HOU,DEF,12,True,False
2021,6,NFL,WAS,OFF,7,True,False
2021,6,NFL,WAS,DEF,12,True,False
2021,6,NFL,KC,OFF,7,True,False
2021,6,NFL,KC,DEF,12,True,False
2021,6,NFL,BAL,OFF,7,True,False
2021,6,NFL,BAL,DEF,12,True,False
2021,6,NFL,LAC,OFF,7,True,False
2021,6,NFL,LAC,DEF,12,True,False
2021,6,NFL,NYG,OFF,7,True,False
2021,6,NFL,NYG,DEF,12,True,False
2021,6,NFL,LA,OFF,7,True,False
2021,6,NFL,LA,DEF,12,True,True
2021,6,NFL,DEN,OFF,7,True,False
2021,6,NFL,DEN,DEF,12,True,False
2021,6,NFL,LV,OFF,7,True,False
2021,6,NFL,LV,DEF,12,True,False
2021,6,NFL,JAX,OFF,7,True,False
2021,6,NFL,JAX,DEF,12,True,False
2021,6,NFL,MIA,OFF,7,True,False
2021,6,NFL,MIA,DEF,12,True,False
2021,6,NFL,CAR,OFF,7,True,False
2021,6,NFL,CAR,DEF,12,True,False
2021,6,NFL,MIN,OFF,7,True,False
2021,6,NFL,MIN,DEF,12,True,False
2021,6,NFL,PIT,OFF,7,True,False
2021,6,NFL,PIT,DEF,12,True,False
2021,6,NFL,SEA,OFF,7,True,False
2021,6,NFL,SEA,DEF,12,True,False
2021,6,NFL,PHI,OFF,7,True,False
2021,6,NFL,PHI,DEF,12,True,False
2021,6,NFL,TB,OFF,7,True,False
2021,6,NFL,TB,DEF,12,True,False
2021,7,NFL,MIA,OFF,7,True,False
2021,7,NFL,MIA,DEF,12,True,False
2021,7,NFL,ATL,OFF,7,True,False
2021,7,NFL,ATL,DEF,12,True,False
2021,7,NFL,NYG,OFF,7,True,False
2021,7,NFL,NYG,DEF,12,True,True
2021,7,NFL,CAR,OFF,7,True,True
2021,7,NFL,CAR,DEF,12,True,False
2021,7,NFL,TB,OFF,7,True,False
2021,7,NFL,TB,DEF,12,True,False
2021,7,NFL,CHI,OFF,7,True,False
2021,7,NFL,CHI,DEF,12,True,False
2021,7,NFL,BAL,OFF,7,True,False
2021,7,NFL,BAL,DEF,12,True,False
2021,7,NFL,CIN,OFF,7,True,False
2021,7,NFL,CIN,DEF,12,True,False
2021,7,NFL,CLE,OFF,7,True,False
2021,7,NFL,CLE,DEF,12,True,False
2021,7,NFL,DEN,OFF,7,True,False
2021,7,NFL,DEN,DEF,12,True,False
2021,7,NFL,LA,OFF,7,True,False
2021,7,NFL,LA,DEF,12,True,False
2021,7,NFL,DET,OFF,7,True,False
2021,7,NFL,DET,DEF,12,True,False
2021,7,NFL,ARI,OFF,7,True,False
2021,7,NFL,ARI,DEF,12,True,False
2021,7,NFL,HOU,OFF,7,True,False
2021,7,NFL,HOU,DEF,12,True,True
2021,7,NFL,SF,OFF,7,True,False
2021,7,NFL,SF,DEF,12,True,False
2021,7,NFL,IND,OFF,7,True,False
2021,7,NFL,IND,DEF,12,True,False
2021,7,NFL,TEN,OFF,7,True,True
2021,7,NFL,TEN,DEF,12,True,True
2021,7,NFL,KC,OFF,7,True,False
2021,7,NFL,KC,DEF,12,True,False
2021,7,NFL,SEA,OFF,7,True,False
2021,7,NFL,SEA,DEF,12,True,False
2021,7,NFL,NO,OFF,7,True,False
2021,7,NFL,NO,DEF,12,True,False
2021,7,NFL,NE,OFF,7,True,False
2021,7,NFL,NE,DEF,12,True,False
2021,7,NFL,NYJ,OFF,7,True,False
2021,7,NFL,NYJ,DEF,12,True,False
2021,7,NFL,LV,OFF,7,True,False
2021,7,NFL,LV,DEF,12,True,False
2021,7,NFL,PHI,OFF,7,True,False
2021,7,NFL,PHI,DEF,12,True,False
2021,7,NFL,GB,OFF,7,True,False
2021,7,NFL,GB,DEF,12,True,False
2021,7,NFL,WAS,OFF,7,True,False
2021,7,NFL,WAS,DEF,12,True,False
2021,8,NFL,ATL,OFF,7,True,False
2021,8,NFL,ATL,DEF,12,True,False
2021,8,NFL,CAR,OFF,7,True,False
2021,8,NFL,CAR,DEF,12,True,False
2021,8,NFL,NYJ,OFF,7,True,False
2021,8,NFL,NYJ,DEF,12,True,False
2021,8,NFL,CIN,OFF,7,True,False
2021,8,NFL,CIN,DEF,12,True,True
2021,8,NFL,MIN,OFF,7,True,False
2021,8,NFL,MIN,DEF,12,True,True
2021,8,NFL,DAL,OFF,7,True,False
2021,8,NFL,DAL,DEF,12,True,False
2021,8,NFL,ARI,OFF,7,True,False
2021,8,NFL,ARI,DEF,12,True,False
2021,8,NFL,GB,OFF,7,True,False
2021,8,NFL,GB,DEF,12,True,False
2021,8,NFL,SEA,OFF,7,True,False
2021,8,NFL,SEA,DEF,12,True,False
2021,8,NFL,JAX,OFF,7,True,False
2021,8,NFL,JAX,DEF,12,True,False
2021,8,NFL,HOU,OFF,7,True,False
2021,8,NFL,HOU,DEF,12,True,False
2021,8,NFL,LA,OFF,7,True,False
2021,8,NFL,LA,DEF,12,True,False
2021,8,NFL,BUF,OFF,7,True,False
2021,8,NFL,BUF,DEF,12,True,False
2021,8,NFL,MIA,OFF,7,True,False
2021,8,NFL,MIA,DEF,12,True,True
2021,8,NFL,LAC,OFF,7,True,False
2021,8,NFL,LAC,DEF,12,True,False
2021,8,NFL,NE,OFF,7,True,False
2021,8,NFL,NE,DEF,12,True,False
2021,8,NFL,KC,OFF,7,True,False
2021,8,NFL,KC,DEF,12,True,False
2021,8,NFL,NYG,OFF,7,True,False
2021,8,NFL,NYG,DEF,12,True,False
2021,8,NFL,DET,OFF,7,True,True
2021,8,NFL,DET,DEF,12,True,False
2021,8,NFL,PHI,OFF,7,True,False
2021,8,NFL,PHI,DEF,12,True,True
2021,8,NFL,CLE,OFF,7,True,False
2021,8,NFL,CLE,DEF,12,True,False
2021,8,NFL,PIT,OFF,7,True,False
2021,8,NFL,PIT,DEF,12,True,False
2021,8,NFL,CHI,OFF,7,True,False
2021,8,NFL,CHI,DEF,12,True,False
2021,8,NFL,SF,OFF,7,True,False
2021,8,NFL,SF,DEF,12,True,True
2021,8,NFL,NO,OFF,7,True,False
2021,8,NFL,NO,DEF,12,True,True
2021,8,NFL,TB,OFF,7,True,False
2021,8,NFL,TB,DEF,12,True,False
2021,8,NFL,IND,OFF,7,True,False
2021,8,NFL,IND,DEF,12,True,True
2021,8,NFL,TEN,OFF,7,True,False
2021,8,NFL,TEN,DEF,12,True,False
2021,8,NFL,DEN,OFF,7,True,False
2021,8,NFL,DEN,DEF,12,True,False
2021,8,NFL,WAS,OFF,7,True,False
2021,8,NFL,WAS,DEF,12,True,False
2021,9,NFL,SF,OFF,7,True,False
2021,9,NFL,SF,DEF,12,True,False
2021,9,NFL,ARI,OFF,7,True,False
2021,9,NFL,ARI,DEF,12,True,False
2021,9,NFL,NO,OFF,7,True,False
2021,9,NFL,NO,DEF,12,True,False
2021,9,NFL,ATL,OFF,7,True,False
2021,9,NFL,ATL,DEF,12,True,False
2021,9,NFL,JAX,OFF,7,True,False
2021,9,NFL,JAX,DEF,12,True,False
2021,9,NFL,BUF,OFF,7,True,True
2021,9,NFL,BUF,DEF,12,True,False
2021,9,NFL,PIT,OFF,7,True,False
2021,9,NFL,PIT,DEF,12,True,False
2021,9,NFL,CHI,OFF,7,True,False
2021,9,NFL,CHI,DEF,12,True,False
2021,9,NFL,CIN,OFF,7,True,False
2021,9,NFL,CIN,DEF,12,True,False
2021,9,NFL,CLE,OFF,7,True,False
2021,9,NFL,CLE,DEF,12,True,False
2021,9,NFL,DAL,OFF,7,True,False
2021,9,NFL,DAL,DEF,12,True,False
2021,9,NFL,DEN,OFF,7,True,False
2021,9,NFL,DEN,DEF,12,True,False
2021,9,NFL,KC,OFF,7,True,False
2021,9,NFL,KC,DEF,12,True,False
2021,9,NFL,GB,OFF,7,True,False
2021,9,NFL,GB,DEF,12,True,False
2021,9,NFL,MIA,OFF,7,True,False
2021,9,NFL,MIA,DEF,12,True,False
2021,9,NFL,HOU,OFF,7,True,False
2021,9,NFL,HOU,DEF,12,True,False
2021,9,NFL,PHI,OFF,7,True,False
2021,9,NFL,PHI,DEF,12,True,False
2021,9,NFL,LAC,OFF,7,True,False
2021,9,NFL,LAC,DEF,12,True,False
2021,9,NFL,NYG,OFF,7,True,False
2021,9,NFL,NYG,DEF,12,True,False
2021,9,NFL,LV,OFF,7,True,False
2021,9,NFL,LV,DEF,12,True,False
2021,9,NFL,BAL,OFF,7,True,False
2021,9,NFL,BAL,DEF,12,True,False
2021,9,NFL,MIN,OFF,7,True,False
2021,9,NFL,MIN,DEF,12,True,False
2021,9,NFL,CAR,OFF,7,True,True
2021,9,NFL,CAR,DEF,12,True,False
2021,9,NFL,NE,OFF,7,True,False
2021,9,NFL,NE,DEF,12,True,False
2021,9,NFL,IND,OFF,7,True,False
2021,9,NFL,IND,DEF,12,True,False
2021,9,NFL,NYJ,OFF,7,True,False
2021,9,NFL,NYJ,DEF,12,True,False
2021,9,NFL,LA,OFF,7,True,False
2021,9,NFL,LA,DEF,12,True,False
2021,9,NFL,TEN,OFF,7,True,False
2021,9,NFL,TEN,DEF,12,True,False
2021,10,NFL,DAL,OFF,7,True,True
2021,10,NFL,DAL,DEF,12,True,False
2021,10,NFL,ATL,OFF,7,True,False
2021,10,NFL,ATL,DEF,12,True,False
2021,10,NFL,MIA,OFF,7,True,False
2021,10,NFL,MIA,DEF,12,True,False
2021,10,NFL,BAL,OFF,7,True,False
2021,10,NFL,BAL,DEF,12,True,False
2021,10,NFL,NYJ,OFF,7,True,False
2021,10,NFL,NYJ,DEF,12,True,False
2021,10,NFL,BUF,OFF,7,True,True
2021,10,NFL,BUF,DEF,12,True,False
2021,10,NFL,ARI,OFF,7,True,False
2021,10,NFL,ARI,DEF,12,True,False
2021,10,NFL,CAR,OFF,7,True,False
2021,10,NFL,CAR,DEF,12,True,False
2021,10,NFL,NE,OFF,7,True,False
2021,10,NFL,NE,DEF,12,True,False
2021,10,NFL,CLE,OFF,7,True,False
2021,10,NFL,CLE,DEF,12,True,False
2021,10,NFL,PIT,OFF,7,True,False
2021,10,NFL,PIT,DEF,12,True,False
2021,10,NFL,DET,OFF,7,True,False
2021,10,NFL,DET,DEF,12,True,False
2021,10,NFL,IND,OFF,7,True,False
2021,10,NFL,IND,DEF,12,True,False
2021,10,NFL,JAX,OFF,7,True,False
2021,10,NFL,JAX,DEF,12,True,False
2021,10,NFL,LV,OFF,7,True,False
2021,10,NFL,LV,DEF,12,True,False
2021,10,NFL,KC,OFF,7,True,False
2021,10,NFL,KC,DEF,12,True,False
2021,10,NFL,SF,OFF,7,True,False
2021,10,NFL,SF,DEF,12,True,False
2021,10,NFL,LA,OFF,7,True,False
2021,10,NFL,LA,DEF,12,True,False
2021,10,NFL,LAC,OFF,7,True,False
2021,10,NFL,LAC,DEF,12,True,False
2021,10,NFL,MIN,OFF,7,True,False
2021,10,NFL,MIN,DEF,12,True,False
2021,10,NFL,TEN,OFF,7,True,False
2021,10,NFL,TEN,DEF,12,True,False
2021,10,NFL,NO,OFF,7,True,False
2021,10,NFL,NO,DEF,12,True,False
2021,10,NFL,DEN,OFF,7,True,False
2021,10,NFL,DEN,DEF,12,True,False
2021,10,NFL,PHI,OFF,7,True,False
2021,10,NFL,PHI,DEF,12,True,False
2021,10,NFL,GB,OFF,7,True,False
2021,10,NFL,GB,DEF,12,True,False
2021,10,NFL,SEA,OFF,7,True,False
2021,10,NFL,SEA,DEF,12,True,True
2021,10,NFL,WAS,OFF,7,True,False
2021,10,NFL,WAS,DEF,12,True,False
2021,10,NFL,TB,OFF,7,True,False
2021,10,NFL,TB,DEF,12,True,False
2021,11,NFL,SEA,OFF,7,True,True
2021,11,NFL,SEA,DEF,12,True,False
2021,11,NFL,ARI,OFF,7,True,False
2021,11,NFL,ARI,DEF,12,True,False
2021,11,NFL,CHI,OFF,7,True,False
2021,11,NFL,CHI,DEF,12,True,False
2021,11,NFL,BAL,OFF,7,True,False
2021,11,NFL,BAL,DEF,12,True,False
2021,11,NFL,LV,OFF,7,True,False
2021,11,NFL,LV,DEF,12,True,False
2021,11,NFL,CIN,OFF,7,True,False
2021,11,NFL,CIN,DEF,12,True,False
2021,11,NFL,KC,OFF,7,True,False
2021,11,NFL,KC,DEF,12,True,False
2021,11,NFL,DAL,OFF,7,True,False
2021,11,NFL,DAL,DEF,12,True,False
2021,11,NFL,CLE,OFF,7,True,False
2021,11,NFL,CLE,DEF,12,True,False
2021,11,NFL,DET,OFF,7,True,True
2021,11,NFL,DET,DEF,12,True,False
2021,11,NFL,MIN,OFF,7,True,False
2021,11,NFL,MIN,DEF,12,True,False
2021,11,NFL,GB,OFF,7,True,False
2021,11,NFL,GB,DEF,12,True,False
2021,11,NFL,TEN,OFF,7,True,False
2021,11,NFL,TEN,DEF,12,True,False
2021,11,NFL,HOU,OFF,7,True,False
2021,11,NFL,HOU,DEF,12,True,False
2021,11,NFL,BUF,OFF,7,True,False
2021,11,NFL,BUF,DEF,12,True,False
2021,11,NFL,IND,OFF,7,True,False
2021,11,NFL,IND,DEF,12,True,False
2021,11,NFL,NYJ,OFF,7,True,True
2021,11,NFL,NYJ,DEF,12,True,False
2021,11,NFL,MIA,OFF,7,True,False
2021,11,NFL,MIA,DEF,12,True,False
2021,11,NFL,ATL,OFF,7,True,False
2021,11,NFL,ATL,DEF,12,True,False
2021,11,NFL,NE,OFF,7,True,True
2021,11,NFL,NE,DEF,12,True,False
2021,11,NFL,PHI,OFF,7,True,False
2021,11,NFL,PHI,DEF,12,True,False
2021,11,NFL,NO,OFF,7,True,False
2021,11,NFL,NO,DEF,12,True,False
2021,11,NFL,TB,OFF,7,True,False
2021,11,NFL,TB,DEF,12,True,False
2021,11,NFL,NYG,OFF,7,True,False
2021,11,NFL,NYG,DEF,12,True,False
2021,11,NFL,LAC,OFF,7,True,False
2021,11,NFL,LAC,DEF,12,True,False
2021,11,NFL,PIT,OFF,7,True,False
2021,11,NFL,PIT,DEF,12,True,False
2021,11,NFL,JAX,OFF,7,True,False
2021,11,NFL,JAX,DEF,12,True,True
2021,11,NFL,SF,OFF,7,True,False
2021,11,NFL,SF,DEF,12,True,True
2021,11,NFL,CAR,OFF,7,True,False
2021,11,NFL,CAR,DEF,12,True,False
2021,11,NFL,WAS,OFF,7,True,False
2021,11,NFL,WAS,DEF,12,True,False
2021,12,NFL,JAX,OFF,7,True,False
2021,12,NFL,JAX,DEF,12,True,False
2021,12,NFL,ATL,OFF,7,True,True
2021,12,NFL,ATL,DEF,12,True,False
2021,12,NFL,NO,OFF,7,True,False
2021,12,NFL,NO,DEF,12,True,False
2021,12,NFL,BUF,OFF,7,True,False
2021,12,NFL,BUF,DEF,12,True,True
2021,12,NFL,MIA,OFF,7,True,False
2021,12,NFL,MIA,DEF,12,True,False
2021,12,NFL,CAR,OFF,7,True,False
2021,12,NFL,CAR,DEF,12,True,False
2021,12,NFL,DET,OFF,7,True,False
2021,12,NFL,DET,DEF,12,True,False
2021,12,NFL,CHI,OFF,7,True,False
2021,12,NFL,CHI,DEF,12,True,False
2021,12,NFL,BAL,OFF,7,True,False
2021,12,NFL,BAL,DEF,12,True,False
2021,12,NFL,CLE,OFF,7,True,False
2021,12,NFL,CLE,DEF,12,True,False
2021,12,NFL,DEN,OFF,7,True,False
2021,12,NFL,DEN,DEF,12,True,False
2021,12,NFL,LAC,OFF,7,True,False
2021,12,NFL,LAC,DEF,12,True,True
2021,12,NFL,GB,OFF,7,True,False
2021,12,NFL,GB,DEF,12,True,False
2021,12,NFL,LA,OFF,7,True,False
2021,12,NFL,LA,DEF,12,True,False
2021,12,NFL,DAL,OFF,7,True,False
2021,12,NFL,DAL,DEF,12,True,False
2021,12,NFL,LV,OFF,7,True,False
2021,12,NFL,LV,DEF,12,True,False
2021,12,NFL,SF,OFF,7,True,False
2021,12,NFL,SF,DEF,12,True,False
2021,12,NFL,MIN,OFF,7,True,False
2021,12,NFL,MIN,DEF,12,True,False
2021,12,NFL,HOU,OFF,7,True,False
2021,12,NFL,HOU,DEF,12,True,False
2021,12,NFL,NYJ,OFF,7,True,False
2021,12,NFL,NYJ,DEF,12,True,False
2021,12,NFL,NYG,OFF,7,True,False
2021,12,NFL,NYG,DEF,12,True,False
2021,12,NFL,PHI,OFF,7,True,False
2021,12,NFL,PHI,DEF,12,True,False
2021,12,NFL,CIN,OFF,7,True,False
2021,12,NFL,CIN,DEF,12,True,False
2021,12,NFL,PIT,OFF,7,True,False
2021,12,NFL,PIT,DEF,12,True,False
2021,12,NFL,WAS,OFF,7,True,False
2021,12,NFL,WAS,DEF,12,True,False
2021,12,NFL,SEA,OFF,7,True,False
2021,12,NFL,SEA,DEF,12,True,False
2021,12,NFL,IND,OFF,7,True,False
2021,12,NFL,IND,DEF,12,True,False
2021,12,NFL,TB,OFF,7,True,False
2021,12,NFL,TB,DEF,12,True,False
2021,12,NFL,NE,OFF,7,True,False
2021,12,NFL,NE,DEF,12,True,False
2021,12,NFL,TEN,OFF,7,True,False
2021,12,NFL,TEN,DEF,12,True,False
2021,13,NFL,CHI,OFF,7,True,False
2021,13,NFL,CHI,DEF,12,True,True
2021,13,NFL,ARI,OFF,7,True,False
2021,13,NFL,ARI,DEF,12,True,False
2021,13,NFL,PIT,OFF,7,True,False
2021,13,NFL,PIT,DEF,12,True,False
2021,13,NFL,BAL,OFF,7,True,False
2021,13,NFL,BAL,DEF,12,True,False
2021,13,NFL,NO,OFF,7,True,True
2021,13,NFL,NO,DEF,12,True,False
2021,13,NFL,DAL,OFF,7,True,False
2021,13,NFL,DAL,DEF,12,True,False
2021,13,NFL,KC,OFF,7,True,False
2021,13,NFL,KC,DEF,12,True,False
2021,13,NFL,DEN,OFF,7,True,False
2021,13,NFL,DEN,DEF,12,True,False
2021,13,NFL,HOU,OFF,7,True,True
2021,13,NFL,HOU,DEF,12,True,False
2021,13,NFL,IND,OFF,7,True,False
2021,13,NFL,IND,DEF,12,True,False
2021,13,NFL,LA,OFF,7,True,False
2021,13,NFL,LA,DEF,12,True,False
2021,13,NFL,JAX,OFF,7,True,False
2021,13,NFL,JAX,DEF,12,True,False
2021,13,NFL,CIN,OFF,7,True,True
2021,13,NFL,CIN,DEF,12,True,False
2021,13,NFL,LAC,OFF,7,True,True
2021,13,NFL,LAC,DEF,12,True,False
2021,13,NFL,DET,OFF,7,True,False
2021,13,NFL,DET,DEF,12,True,False
2021,13,NFL,MIN,OFF,7,True,False
2021,13,NFL,MIN,DEF,12,True,False
2021,13,NFL,BUF,OFF,7,True,False
2021,13,NFL,BUF,DEF,12,True,False
2021,13,NFL,NE,OFF,7,True,False
2021,13,NFL,NE,DEF,12,True,True
2021,13,NFL,MIA,OFF,7,True,False
2021,13,NFL,MIA,DEF,12,True,True
2021,13,NFL,NYG,OFF,7,True,False
2021,13,NFL,NYG,DEF,12,True,False
2021,13,NFL,NYJ,OFF,7,True,False
2021,13,NFL,NYJ,DEF,12,True,False
2021,13,NFL,PHI,OFF,7,True,False
2021,13,NFL,PHI,DEF,12,True,False
2021,13,NFL,SEA,OFF,7,True,False
2021,13,NFL,SEA,DEF,12,True,False
2021,13,NFL,SF,OFF,7,True,False
2021,13,NFL,SF,DEF,12,True,False
2021,13,NFL,ATL,OFF,7,True,False
2021,13,NFL,ATL,DEF,12,True,False
2021,13,NFL,TB,OFF,7,True,False
2021,13,NFL,TB,DEF,12,True,False
2021,13,NFL,LV,OFF,7,True,False
2021,13,NFL,LV,DEF,12,True,False
2021,13,NFL,WAS,OFF,7,True,False
2021,13,NFL,WAS,DEF,12,True,False
2021,14,NFL,CAR,OFF,7,True,False
2021,14,NFL,CAR,DEF,12,True,False
2021,14,NFL,ATL,OFF,7,True,True
2021,14,NFL,ATL,DEF,12,True,False
2021,14,NFL,CLE,OFF,7,True,False
2021,14,NFL,CLE,DEF,12,True,False
2021,14,NFL,BAL,OFF,7,True,False
2021,14,NFL,BAL,DEF,12,True,False
2021,14,NFL,TB,OFF,7,True,False
2021,14,NFL,TB,DEF,12,True,False
2021,14,NFL,BUF,OFF,7,True,False
2021,14,NFL,BUF,DEF,12,True,False
2021,14,NFL,GB,OFF,7,True,False
2021,14,NFL,GB,DEF,12,True,False
2021,14,NFL,CHI,OFF,7,True,False
2021,14,NFL,CHI,DEF,12,True,False
2021,14,NFL,WAS,OFF,7,True,False
2021,14,NFL,WAS,DEF,12,True,False
2021,14,NFL,DAL,OFF,7,True,False
2021,14,NFL,DAL,DEF,12,True,False
2021,14,NFL,DEN,OFF,7,True,False
2021,14,NFL,DEN,DEF,12,True,False
2021,14,NFL,DET,OFF,7,True,False
2021,14,NFL,DET,DEF,12,True,False
2021,14,NFL,TEN,OFF,7,True,False
2021,14,NFL,TEN,DEF,12,True,False
2021,14,NFL,JAX,OFF,7,True,False
2021,14,NFL,JAX,DEF,12,True,False
2021,14,NFL,ARI,OFF,7,True,False
2021,14,NFL,ARI,DEF,12,True,False
2021,14,NFL,LA,OFF,7,True,False
2021,14,NFL,LA,DEF,12,True,False
2021,14,NFL,KC,OFF,7,True,True
2021,14,NFL,KC,DEF,12,True,False
2021,14,NFL,LV,OFF,7,True,False
2021,14,NFL,LV,DEF,12,True,False
2021,14,NFL,NYJ,OFF,7,True,False
2021,14,NFL,NYJ,DEF,12,True,True
2021,14,NFL,NO,OFF,7,True,False
2021,14,NFL,NO,DEF,12,True,True
2021,14,NFL,LAC,OFF,7,True,False
2021,14,NFL,LAC,DEF,12,True,True
2021,14,NFL,NYG,OFF,7,True,False
2021,14,NFL,NYG,DEF,12,True,False
2021,14,NFL,MIN,OFF,7,True,False
2021,14,NFL,MIN,DEF,12,True,False
2021,14,NFL,PIT,OFF,7,True,False
2021,14,NFL,PIT,DEF,12,True,False
2021,14,NFL,HOU,OFF,7,True,False
2021,14,NFL,HOU,DEF,12,True,False
2021,14,NFL,SEA,OFF,7,True,False
2021,14,NFL,SEA,DEF,12,True,False
2021,14,NFL,CIN,OFF,7,True,False
2021,14,NFL,CIN,DEF,12,True,False
2021,14,NFL,SF,OFF,7,True,False
2021,14,NFL,SF,DEF,12,True,False
2021,15,NFL,DET,OFF,7,True,False
2021,15,NFL,DET,DEF,12,True,False
2021,15,NFL,ARI,OFF,7,True,False
2021,15,NFL,ARI,DEF,12,True,False
2021,15,NFL,SF,OFF,7,True,False
2021,15,NFL,SF,DEF,12,True,False
2021,15,NFL,ATL,OFF,7,True,False
2021,15,NFL,ATL,DEF,12,True,False
2021,15,NFL,BUF,OFF,7,True,False
2021,15,NFL,BUF,DEF,12,True,False
2021,15,NFL,CAR,OFF,7,True,False
2021,15,NFL,CAR,DEF,12,True,False
2021,15,NFL,DEN,OFF,7,True,False
2021,15,NFL,DEN,DEF,12,True,False
2021,15,NFL,CIN,OFF,7,True,True
2021,15,NFL,CIN,DEF,12,True,False
2021,15,NFL,NYG,OFF,7,True,False
2021,15,NFL,NYG,DEF,12,True,False
2021,15,NFL,DAL,OFF,7,True,False
2021,15,NFL,DAL,DEF,12,True,False
2021,15,NFL,BAL,OFF,7,True,True
2021,15,NFL,BAL,DEF,12,True,False
2021,15,NFL,GB,OFF,7,True,False
2021,15,NFL,GB,DEF,12,True,True
2021,15,NFL,JAX,OFF,7,True,False
2021,15,NFL,JAX,DEF,12,True,False
2021,15,NFL,HOU,OFF,7,True,False
2021,15,NFL,HOU,DEF,12,True,True
2021,15,NFL,LAC,OFF,7,True,False
2021,15,NFL,LAC,DEF,12,True,False
2021,15,NFL,KC,OFF,7,True,False
2021,15,NFL,KC,DEF,12,True,False
2021,15,NFL,CLE,OFF,7,True,False
2021,15,NFL,CLE,DEF,12,True,False
2021,15,NFL,LV,OFF,7,True,False
2021,15,NFL,LV,DEF,12,True,False
2021,15,NFL,CHI,OFF,7,True,False
2021,15,NFL,CHI,DEF,12,True,True
2021,15,NFL,MIN,OFF,7,True,False
2021,15,NFL,MIN,DEF,12,True,False
2021,15,NFL,IND,OFF,7,True,False
2021,15,NFL,IND,DEF,12,True,False
2021,15,NFL,NE,OFF,7,True,False
2021,15,NFL,NE,DEF,12,True,False
2021,15,NFL,TB,OFF,7,True,False
2021,15,NFL,TB,DEF,12,True,False
2021,15,NFL,NO,OFF,7,True,False
2021,15,NFL,NO,DEF,12,True,False
2021,15,NFL,MIA,OFF,7,True,False
2021,15,NFL,MIA,DEF,12,True,False
2021,15,NFL,NYJ,OFF,7,True,False
2021,15,NFL,NYJ,DEF,12,True,False
2021,15,NFL,LA,OFF,7,True,False
2021,15,NFL,LA,DEF,12,True,False
2021,15,NFL,SEA,OFF,7,True,False
2021,15,NFL,SEA,DEF,12,True,False
2021,15,NFL,PIT,OFF,7,True,False
2021,15,NFL,PIT,DEF,12,True,False
2021,15,NFL,TEN,OFF,7,True,False
2021,15,NFL,TEN,DEF,12,True,False
2021,15,NFL,PHI,OFF,7,True,False
2021,15,NFL,PHI,DEF,12,True,False
2021,15,NFL,WAS,OFF,7,True,False
2021,15,NFL,WAS,DEF,12,True,False
2021,16,NFL,CIN,OFF,7,True,False
2021,16,NFL,CIN,DEF,12,True,False
2021,16,NFL,BAL,OFF,7,True,False
2021,16,NFL,BAL,DEF,12,True,False
2021,16,NFL,NE,OFF,7,True,False
2021,16,NFL,NE,DEF,12,True,True
2021,16,NFL,BUF,OFF,7,True,False
2021,16,NFL,BUF,DEF,12,True,False
2021,16,NFL,SEA,OFF,7,True,True
2021,16,NFL,SEA,DEF,12,True,False
2021,16,NFL,CHI,OFF,7,True,False
2021,16,NFL,CHI,DEF,12,True,False
2021,16,NFL,GB,OFF,7,True,False
2021,16,NFL,GB,DEF,12,True,False
2021,16,NFL,CLE,OFF,7,True,False
2021,16,NFL,CLE,DEF,12,True,False
2021,16,NFL,LV,OFF,7,True,False
2021,16,NFL,LV,DEF,12,True,False
2021,16,NFL,DEN,OFF,7,True,False
2021,16,NFL,DEN,DEF,12,True,False
2021,16,NFL,ATL,OFF,7,True,False
2021,16,NFL,ATL,DEF,12,True,False
2021,16,NFL,DET,OFF,7,True,False
2021,16,NFL,DET,DEF,12,True,False
2021,16,NFL,ARI,OFF,7,True,False
2021,16,NFL,ARI,DEF,12,True,False
2021,16,NFL,IND,OFF,7,True,False
2021,16,NFL,IND,DEF,12,True,False
2021,16,NFL,NYJ,OFF,7,True,False
2021,16,NFL,NYJ,DEF,12,True,False
2021,16,NFL,JAX,OFF,7,True,False
2021,16,NFL,JAX,DEF,12,True,True
2021,16,NFL,HOU,OFF,7,True,False
2021,16,NFL,HOU,DEF,12,True,False
2021,16,NFL,LAC,OFF,7,True,False
2021,16,NFL,LAC,DEF,12,True,False
2021,16,NFL,MIN,OFF,7,True,False
2021,16,NFL,MIN,DEF,12,True,False
2021,16,NFL,LA,OFF,7,True,False
2021,16,NFL,LA,DEF,12,True,False
2021,16,NFL,NO,OFF,7,True,False
2021,16,NFL,NO,DEF,12,True,False
2021,16,NFL,MIA,OFF,7,True,True
2021,16,NFL,MIA,DEF,12,True,True
2021,16,NFL,PHI,OFF,7,True,False
2021,16,NFL,PHI,DEF,12,True,False
2021,16,NFL,NYG,OFF,7,True,False
2021,16,NFL,NYG,DEF,12,True,False
2021,16,NFL,KC,OFF,7,True,False
2021,16,NFL,KC,DEF,12,True,False
2021,16,NFL,PIT,OFF,7,True,False
2021,16,NFL,PIT,DEF,12,True,True
2021,16,NFL,TEN,OFF,7,True,False
2021,16,NFL,TEN,DEF,12,True,False
2021,16,NFL,SF,OFF,7,True,False
2021,16,NFL,SF,DEF,12,True,False
2021,16,NFL,CAR,OFF,7,True,False
2021,16,NFL,CAR,DEF,12,True,False
2021,16,NFL,TB,OFF,7,True,False
2021,16,NFL,TB,DEF,12,True,False
2021,16,NFL,DAL,OFF,7,True,False
2021,16,NFL,DAL,DEF,12,True,False
2021,16,NFL,WAS,OFF,7,True,False
2021,16,NFL,WAS,DEF,12,True,False
2021,17,NFL,DAL,OFF,7,True,False
2021,17,NFL,DAL,DEF,12,True,False
2021,17,NFL,ARI,OFF,7,True,False
2021,17,NFL,ARI,DEF,12,True,False
2021,17,NFL,BUF,OFF,7,True,False
2021,17,NFL,BUF,DEF,12,True,False
2021,17,NFL,ATL,OFF,7,True,False
2021,17,NFL,ATL,DEF,12,True,False
2021,17,NFL,NO,OFF,7,True,False
2021,17,NFL,NO,DEF,12,True,False
2021,17,NFL,CAR,OFF,7,True,False
2021,17,NFL,CAR,DEF,12,True,False
2021,17,NFL,PIT,OFF,7,True,False
2021,17,NFL,PIT,DEF,12,True,False
2021,17,NFL,CLE,OFF,7,True,False
2021,17,NFL,CLE,DEF,12,True,True
2021,17,NFL,LAC,OFF,7,True,False
2021,17,NFL,LAC,DEF,12,True,False
2021,17,NFL,DEN,OFF,7,True,False
2021,17,NFL,DEN,DEF,12,True,False
2021,17,NFL,SEA,OFF,7,True,False
2021,17,NFL,SEA,DEF,12,True,False
2021,17,NFL,DET,OFF,7,True,False
2021,17,NFL,DET,DEF,12,True,False
2021,17,NFL,SF,OFF,7,True,False
2021,17,NFL,SF,DEF,12,True,False
2021,17,NFL,HOU,OFF,7,True,False
2021,17,NFL,HOU,DEF,12,True,False
2021,17,NFL,NE,OFF,7,True,False
2021,17,NFL,NE,DEF,12,True,False
2021,17,NFL,JAX,OFF,7,True,False
2021,17,NFL,JAX,DEF,12,True,True
2021,17,NFL,CIN,OFF,7,True,False
2021,17,NFL,CIN,DEF,12,True,False
2021,17,NFL,KC,OFF,7,True,False
2021,17,NFL,KC,DEF,12,True,False
2021,17,NFL,BAL,OFF,7,True,False
2021,17,NFL,BAL,DEF,12,True,False
2021,17,NFL,LA,OFF,7,True,False
2021,17,NFL,LA,DEF,12,True,False
2021,17,NFL,IND,OFF,7,True,False
2021,17,NFL,IND,DEF,12,True,False
2021,17,NFL,LV,OFF,7,True,False
2021,17,NFL,LV,DEF,12,True,False
2021,17,NFL,TEN,OFF,7,True,False
2021,17,NFL,TEN,DEF,12,True,False
2021,17,NFL,MIA,OFF,7,True,False
2021,17,NFL,MIA,DEF,12,True,False
2021,17,NFL,GB,OFF,7,True,False
2021,17,NFL,GB,DEF,12,True,False
2021,17,NFL,MIN,OFF,7,True,False
2021,17,NFL,MIN,DEF,12,True,False
2021,17,NFL,CHI,OFF,7,True,False
2021,17,NFL,CHI,DEF,12,True,False
2021,17,NFL,NYG,OFF,7,True,False
2021,17,NFL,NYG,DEF,12,True,False
2021,17,NFL,WAS,OFF,7,True,False
2021,17,NFL,WAS,DEF,12,True,False
2021,17,NFL,PHI,OFF,7,True,False
2021,17,NFL,PHI,DEF,12,True,False
2021,17,NFL,NYJ,OFF,7,True,False
2021,17,NFL,NYJ,DEF,12,True,False
2021,17,NFL,TB,OFF,7,True,False
2021,17,NFL,TB,DEF,12,True,False
2021,1,ADL,Dallas Cowboys,OFF,7,True,False
2021,1,ADL,Dallas Cowboys,DEF,12,True,False
2021,1,ADL,New York Giants,OFF,7,True,False
2021,1,ADL,New York Giants,DEF,12,True,False
2021,1,ADL,Philadelphia Eagles,OFF,7,True,False
2021,1,ADL,Philadelphia Eagles,DEF,12,True,False
2021,1,ADL,Washington Football Team,OFF,7,True,False
2021,1,ADL,Washington Football Team,DEF,12,True,False
2021,1,ADL,Chicago Bears,OFF,7,True,False
2021,1,ADL,Chicago Bears,DEF,12,True,False
2021,1,ADL,Detroit Lions,OFF,7,True,False
2021,1,ADL,Detroit Lions,DEF,12,True,False
2021,1,ADL,Green Bay Packers,OFF,7,True,False
2021,1,ADL,Green Bay Packers,DEF,12,True,False
2021,1,ADL,Minnesota Vikings,OFF,7,True,False
2021,1,ADL,Minnesota Vikings,DEF,12,True,False
2021,1,ADL,Atlanta Falcons,OFF,7,True,False
2021,1,ADL,Atlanta Falcons,DEF,12,True,False
2021,1,ADL,Carolina Panthers,OFF,7,True,False
2021,1,ADL,Carolina Panthers,DEF,12,True,False
2021,1,ADL,New Orleans Saints,OFF,7,True,False
2021,1,ADL,New Orleans Saints,DEF,12,True,False
2021,1,ADL,Tampa Bay Buccaneers,OFF,7,True,False
2021,1,ADL,Tampa Bay Buccaneers,DEF,12,True,False
2021,1,ADL,Arizona Cardinals,OFF,7,True,False
2021,1,ADL,Arizona Cardinals,DEF,12,True,False
2021,1,ADL,Los Angeles Rams,OFF,7,True,False
2021,1,ADL,Los Angeles Rams,DEF,12,True,False
2021,1,ADL,San Francisco 49ers,OFF,7,True,False
2021,1,ADL,San Francisco 49ers,DEF,12,True,False
2021,1,ADL,Seattle Seahawks,OFF,7,True,False
2021,1,ADL,Seattle Seahawks,DEF,12,True,False
2021,1,ADL,Buffalo Bills,OFF,7,True,False
2021,1,ADL,Buffalo Bills,DEF,12,True,False
2021,1,ADL,Miami Dolphins,OFF,7,True,False
2021,1,ADL,Miami Dolphins,DEF,12,True,False
2021,1,ADL,New England Patriots,OFF,7,True,False
2021,1,ADL,New England Patriots,DEF,12,True,False
2021,1,ADL,New York Jets,OFF,7,True,False
2021,1,ADL,New York Jets,DEF,12,True,False
2021,1,ADL,Baltimore Ravens,OFF,7,True,False
2021,1,ADL,Baltimore Ravens,DEF,12,True,False
2021,1,ADL,Cincinnati Bengals,OFF,7,True,False
2021,1,ADL,Cincinnati Bengals,DEF,12,True,False
2021,1,ADL,Cleveland Browns,OFF,7,True,False
2021,1,ADL,Cleveland Browns,DEF,12,True,False
2021,1,ADL,Pittsburgh Steelers,OFF,7,True,False
2021,1,ADL,Pittsburgh Steelers,DEF,12,True,False
2021,1,ADL,Houston Texans,OFF,7,True,False
2021,1,ADL,Houston Texans,DEF,12,True,False
2021,1,ADL,Indianapolis Colts,OFF,7,True,False
2021,1,ADL,Indianapolis Colts,DEF,12,True,False
2021,1,ADL,Jacksonville Jaguars,OFF,7,True,False
2021,1,ADL,Jacksonville Jaguars,DEF,12,True,False
2021,1,ADL,Tennessee Titans,OFF,7,True,False
2021,1,ADL,Tennessee Titans,DEF,12,True,False
2021,1,ADL,Denver Broncos,OFF,7,True,False
2021,1,ADL,Denver Broncos,DEF,12,True,False
2021,1,ADL,Kansas City Chiefs,OFF,7,True,False
2021,1,ADL,Kansas City Chiefs,DEF,12,True,False
2021,1,ADL,Las Vegas Raiders,OFF,7,True,False
2021,1,ADL,Las Vegas Raiders,DEF,12,True,False
2021,1,ADL,Los Angeles Chargers,OFF,7,True,False
2021,1,ADL,Los Angeles Chargers,DEF,12,True,False
2021,2,ADL,Dallas Cowboys,OFF,7,True,False
2021,2,ADL,Dallas Cowboys,DEF,12,True,False
2021,2,ADL,New York Giants,OFF,7,True,False
2021,2,ADL,New York Giants,DEF,12,True,False
2021,2,ADL,Philadelphia Eagles,OFF,7,True,False
2021,2,ADL,Philadelphia Eagles,DEF,12,True,False
2021,2,ADL,Washington Football Team,OFF,7,True,False
2021,2,ADL,Washington Football Team,DEF,12,True,False
2021,2,ADL,Chicago Bears,OFF,7,True,False
2021,2,ADL,Chicago Bears,DEF,12,True,False
2021,2,ADL,Detroit Lions,OFF,7,True,False
2021,2,ADL,Detroit Lions,DEF,12,True,False
2021,2,ADL,Green Bay Packers,OFF,7,True,False
2021,2,ADL,Green Bay Packers,DEF,12,True,False
2021,2,ADL,Minnesota Vikings,OFF,7,True,False
2021,2,ADL,Minnesota Vikings,DEF,12,True,False
2021,2,ADL,Atlanta Falcons,OFF,7,True,False
2021,2,ADL,Atlanta Falcons,DEF,12,True,False
2021,2,ADL,Carolina Panthers,OFF,7,True,False
2021,2,ADL,Carolina Panthers,DEF,12,True,False
2021,2,ADL,New Orleans Saints,OFF,7,True,False
2021,2,ADL,New Orleans Saints,DEF,12,True,False
2021,2,ADL,Tampa Bay Buccaneers,OFF,7,True,False
2021,2,ADL,Tampa Bay Buccaneers,DEF,12,True,False
2021,2,ADL,Arizona Cardinals,OFF,7,True,False
2021,2,ADL,Arizona Cardinals,DEF,12,True,False
2021,2,ADL,Los Angeles Rams,OFF,7,True,False
2021,2,ADL,Los Angeles Rams,DEF,12,True,False
2021,2,ADL,San Francisco 49ers,OFF,7,True,False
2021,2,ADL,San Francisco 49ers,DEF,12,True,False
2021,2,ADL,Seattle Seahawks,OFF,7,True,False
2021,2,ADL,Seattle Seahawks,DEF,12,True,False
2021,2,ADL,Buffalo Bills,OFF,7,True,False
2021,2,ADL,Buffalo Bills,DEF,12,True,False
2021,2,ADL,Miami Dolphins,OFF,7,True,False
2021,2,ADL,Miami Dolphins,DEF,12,True,False
2021,2,ADL,New England Patriots,OFF,7,True,False
2021,2,ADL,New England Patriots,DEF,12,True,False
2021,2,ADL,New York Jets,OFF,7,True,False
2021,2,ADL,New York Jets,DEF,12,True,False
2021,2,ADL,Baltimore Ravens,OFF,7,True,False
2021,2,ADL,Baltimore Ravens,DEF,12,True,False
2021,2,ADL,Cincinnati Bengals,OFF,7,True,False
2021,2,ADL,Cincinnati Bengals,DEF,12,True,False
2021,2,ADL,Cleveland Browns,OFF,7,True,False
2021,2,ADL,Cleveland Browns,DEF,12,True,False
2021,2,ADL,Pittsburgh Steelers,OFF,7,True,False
2021,2,ADL,Pittsburgh Steelers,DEF,12,True,False
2021,2,ADL,Houston Texans,OFF,7,True,False
2021,2,ADL,Houston Texans,DEF,12,True,False
2021,2,ADL,Indianapolis Colts,OFF,7,True,False
2021,2,ADL,Indianapolis Colts,DEF,12,True,False
2021,2,ADL,Jacksonville Jaguars,OFF,7,True,False
2021,2,ADL,Jacksonville Jaguars,DEF,12,True,False
2021,2,ADL,Tennessee Titans,OFF,7,True,False
2021,2,ADL,Tennessee Titans,DEF,12,True,False
2021,2,ADL,Denver Broncos,OFF,7,True,False
2021,2,ADL,Denver Broncos,DEF,12,True,False
2021,2,ADL,Kansas City Chiefs,OFF,7,True,False
2021,2,ADL,Kansas City Chiefs,DEF,12,True,False
2021,2,ADL,Las Vegas Raiders,OFF,7,True,False
2021,2,ADL,Las Vegas Raiders,DEF,12,True,False
2021,2,ADL,Los Angeles Chargers,OFF,7,True,False
2021,2,ADL,Los Angeles Chargers,DEF,12,True,False
2021,3,ADL,Dallas Cowboys,OFF,7,True,False
2021,3,ADL,Dallas Cowboys,DEF,12,True,False
2021,3,ADL,New York Giants,OFF,7,True,False
2021,3,ADL,New York Giants,DEF,12,True,False
2021,3,ADL,Philadelphia Eagles,OFF,7,True,False
2021,3,ADL,Philadelphia Eagles,DEF,12,True,False
2021,3,ADL,Washington Football Team,OFF,7,True,False
2021,3,ADL,Washington Football Team,DEF,12,True,False
2021,3,ADL,Chicago Bears,OFF,7,True,False
2021,3,ADL,Chicago Bears,DEF,12,True,False
2021,3,ADL,Detroit Lions,OFF,7,True,False
2021,3,ADL,Detroit Lions,DEF,12,True,False
2021,3,ADL,Green Bay Packers,OFF,7,True,False
2021,3,ADL,Green Bay Packers,DEF,12,True,False
2021,3,ADL,Minnesota Vikings,OFF,7,True,False
2021,3,ADL,Minnesota Vikings,DEF,12,True,False
2021,3,ADL,Atlanta Falcons,OFF,7,True,False
2021,3,ADL,Atlanta Falcons,DEF,12,True,False
2021,3,ADL,Carolina Panthers,OFF,7,True,False
2021,3,ADL,Carolina Panthers,DEF,12,True,False
2021,3,ADL,New Orleans Saints,OFF,7,True,False
2021,3,ADL,New Orleans Saints,DEF,12,True,False
2021,3,ADL,Tampa Bay Buccaneers,OFF,7,True,False
2021,3,ADL,Tampa Bay Buccaneers,DEF,12,True,False
2021,3,ADL,Arizona Cardinals,OFF,7,True,False
2021,3,ADL,Arizona Cardinals,DEF,12,True,False
2021,3,ADL,Los Angeles Rams,OFF,7,True,False
2021,3,ADL,Los Angeles Rams,DEF,12,True,False
2021,3,ADL,San Francisco 49ers,OFF,7,True,False
2021,3,ADL,San Francisco 49ers,DEF,12,True,False
2021,3,ADL,Seattle Seahawks,OFF,7,True,False
2021,3,ADL,Seattle Seahawks,DEF,12,True,False
2021,3,ADL,Buffalo Bills,OFF,7,True,False
2021,3,ADL,Buffalo Bills,DEF,12,True,False
2021,3,ADL,Miami Dolphins,OFF,7,True,False
2021,3,ADL,Miami Dolphins,DEF,12,True,False
2021,3,ADL,New England Patriots,OFF,7,True,False
2021,3,ADL,New England Patriots,DEF,12,True,False
2021,3,ADL,New York Jets,OFF,7,True,False
2021,3,ADL,New York Jets,DEF,12,True,False
2021,3,ADL,Baltimore Ravens,OFF,7,True,False
2021,3,ADL,Baltimore Ravens,DEF,12,True,False
2021,3,ADL,Cincinnati Bengals,OFF,7,True,False
2021,3,ADL,Cincinnati Bengals,DEF,12,True,False
2021,3,ADL,Cleveland Browns,OFF,7,True,False
2021,3,ADL,Cleveland Browns,DEF,12,True,False
2021,3,ADL,Pittsburgh Steelers,OFF,7,True,False
2021,3,ADL,Pittsburgh Steelers,DEF,12,True,False
2021,3,ADL,Houston Texans,OFF,7,True,False
2021,3,ADL,Houston Texans,DEF,12,True,False
2021,3,ADL,Indianapolis Colts,OFF,7,True,False
2021,3,ADL,Indianapolis Colts,DEF,12,True,False
2021,3,ADL,Jacksonville Jaguars,OFF,7,True,False
2021,3,ADL,Jacksonville Jaguars,DEF,12,True,False
2021,3,ADL,Tennessee Titans,OFF,7,True,False
2021,3,ADL,Tennessee Titans,DEF,12,True,False
2021,3,ADL,Denver Broncos,OFF,7,True,False
2021,3,ADL,Denver Broncos,DEF,12,True,False
2021,3,ADL,Kansas City Chiefs,OFF,7,True,False
2021,3,ADL,Kansas City Chiefs,DEF,12,True,False
2021,3,ADL,Las Vegas Raiders,OFF,7,True,False
2021,3,ADL,Las Vegas Raiders,DEF,12,True,False
2021,3,ADL,Los Angeles Chargers,OFF,7,True,False
2021,3,ADL,Los Angeles Chargers,DEF,12,True,False
2021,4,ADL,Dallas Cowboys,OFF,7,True,False
2021,4,ADL,Dallas Cowboys,DEF,12,True,False
2021,4,ADL,New York Giants,OFF,7,True,False
2021,4,ADL,New York Giants,DEF,12,True,False
2021,4,ADL,Philadelphia Eagles,OFF,7,True,False
2021,4,ADL,Philadelphia Eagles,DEF,12,True,False
2021,4,ADL,Washington Football Team,OFF,7,True,False
2021,4,ADL,Washington Football Team,DEF,12,True,False
2021,4,ADL,Chicago Bears,OFF,7,True,False
2021,4,ADL,Chicago Bears,DEF,12,True,False
2021,4,ADL,Detroit Lions,OFF,7,True,False
2021,4,ADL,Detroit Lions,DEF,12,True,False
2021,4,ADL,Green Bay Packers,OFF,7,True,False
2021,4,ADL,Green Bay Packers,DEF,12,True,False
2021,4,ADL,Minnesota Vikings,OFF,7,True,False
2021,4,ADL,Minnesota Vikings,DEF,12,True,False
2021,4,ADL,Atlanta Falcons,OFF,7,True,False
2021,4,ADL,Atlanta Falcons,DEF,12,True,False
2021,4,ADL,Carolina Panthers,OFF,7,True,False
2021,4,ADL,Carolina Panthers,DEF,12,True,False
2021,4,ADL,New Orleans Saints,OFF,7,True,False
2021,4,ADL,New Orleans Saints,DEF,12,True,False
2021,4,ADL,Tampa Bay Buccaneers,OFF,7,True,False
2021,4,ADL,Tampa Bay Buccaneers,DEF,12,True,False
2021,4,ADL,Arizona Cardinals,OFF,7,True,False
2021,4,ADL,Arizona Cardinals,DEF,12,True,False
2021,4,ADL,Los Angeles Rams,OFF,7,True,False
2021,4,ADL,Los Angeles Rams,DEF,12,True,False
2021,4,ADL,San Francisco 49ers,OFF,7,True,False
2021,4,ADL,San Francisco 49ers,DEF,12,True,False
2021,4,ADL,Seattle Seahawks,OFF,7,True,False
2021,4,ADL,Seattle Seahawks,DEF,12,True,False
2021,4,ADL,Buffalo Bills,OFF,7,True,False
2021,4,ADL,Buffalo Bills,DEF,12,True,False
2021,4,ADL,Miami Dolphins,OFF,7,True,False
2021,4,ADL,Miami Dolphins,DEF,12,True,False
2021,4,ADL,New England Patriots,OFF,7,True,False
2021,4,ADL,New England Patriots,DEF,12,True,False
2021,4,ADL,New York Jets,OFF,7,True,False
2021,4,ADL,New York Jets,DEF,12,True,False
2021,4,ADL,Baltimore Ravens,OFF,7,True,False
2021,4,ADL,Baltimore Ravens,DEF,12,True,False
2021,4,ADL,Cincinnati Bengals,OFF,7,True,False
2021,4,ADL,Cincinnati Bengals,DEF,12,True,False
2021,4,ADL,Cleveland Browns,OFF,7,True,False
2021,4,ADL,Cleveland Browns,DEF,12,True,False
2021,4,ADL,Pittsburgh Steelers,OFF,7,True,False
2021,4,ADL,Pittsburgh Steelers,DEF,12,True,False
2021,4,ADL,Houston Texans,OFF,7,True,False
2021,4,ADL,Houston Texans,DEF,12,True,False
2021,4,ADL,Indianapolis Colts,OFF,7,True,False
2021,4,ADL,Indianapolis Colts,DEF,12,True,False
2021,4,ADL,Jacksonville Jaguars,OFF,7,True,False
2021,4,ADL,Jacksonville Jaguars,DEF,12,True,False
2021,4,ADL,Tennessee Titans,OFF,7,True,False
2021,4,ADL,Tennessee Titans,DEF,12,True,False
2021,4,ADL,Denver Broncos,OFF,7,True,False
2021,4,ADL,Denver Broncos,DEF,12,True,False
2021,4,ADL,Kansas City Chiefs,OFF,7,True,False
2021,4,ADL,Kansas City Chiefs,DEF,12,True,False
2021,4,ADL,Las Vegas Raiders,OFF,7,True,False
2021,4,ADL,Las Vegas Raiders,DEF,12,True,False
2021,4,ADL,Los Angeles Chargers,OFF,7,True,False
2021,4,ADL,Los Angeles Chargers,DEF,12,True,False
2021,5,ADL,Dallas Cowboys,OFF,7,True,False
2021,5,ADL,Dallas Cowboys,DEF,12,True,False
2021,5,ADL,New York Giants,OFF,7,True,False
2021,5,ADL,New York Giants,DEF,12,True,False
2021,5,ADL,Philadelphia Eagles,OFF,7,True,False
2021,5,ADL,Philadelphia Eagles,DEF,12,True,False
2021,5,ADL,Washington Football Team,OFF,7,True,False
2021,5,ADL,Washington Football Team,DEF,12,True,False
2021,5,ADL,Chicago Bears,OFF,7,True,False
2021,5,ADL,Chicago Bears,DEF,12,True,False
2021,5,ADL,Detroit Lions,OFF,7,True,False
2021,5,ADL,Detroit Lions,DEF,12,True,False
2021,5,ADL,Green Bay Packers,OFF,7,True,False
2021,5,ADL,Green Bay Packers,DEF,12,True,False
2021,5,ADL,Minnesota Vikings,OFF,7,True,False
2021,5,ADL,Minnesota Vikings,DEF,12,True,False
2021,5,ADL,Atlanta Falcons,OFF,7,True,False
2021,5,ADL,Atlanta Falcons,DEF,12,True,False
2021,5,ADL,Carolina Panthers,OFF,7,True,False
2021,5,ADL,Carolina Panthers,DEF,12,True,False
2021,5,ADL,New Orleans Saints,OFF,7,True,False
2021,5,ADL,New Orleans Saints,DEF,12,True,False
2021,5,ADL,Tampa Bay Buccaneers,OFF,7,True,False
2021,5,ADL,Tampa Bay Buccaneers,DEF,12,True,False
2021,5,ADL,Arizona Cardinals,OFF,7,True,False
2021,5,ADL,Arizona Cardinals,DEF,12,True,False
2021,5,ADL,Los Angeles Rams,OFF,7,True,False
2021,5,ADL,Los Angeles Rams,DEF,12,True,False
2021,5,ADL,San Francisco 49ers,OFF,7,True,False
2021,5,ADL,San Francisco 49ers,DEF,12,True,False
2021,5,ADL,Seattle Seahawks,OFF,7,True,False
2021,5,ADL,Seattle Seahawks,DEF,12,True,False
2021,5,ADL,Buffalo Bills,OFF,7,True,False
2021,5,ADL,Buffalo Bills,DEF,12,True,False
2021,5,ADL,Miami Dolphins,OFF,7,True,False
2021,5,ADL,Miami Dolphins,DEF,12,True,False
2021,5,ADL,New England Patriots,OFF,7,True,False
2021,5,ADL,New England Patriots,DEF,12,True,False
2021,5,ADL,New York Jets,OFF,7,True,False
2021,5,ADL,New York Jets,DEF,12,True,False
2021,5,ADL,Baltimore Ravens,OFF,7,True,False
2021,5,ADL,Baltimore Ravens,DEF,12,True,False
2021,5,ADL,Cincinnati Bengals,OFF,7,True,False
2021,5,ADL,Cincinnati Bengals,DEF,12,True,False
2021,5,ADL,Cleveland Browns,OFF,7,True,False
2021,5,ADL,Cleveland Browns,DEF,12,True,False
2021,5,ADL,Pittsburgh Steelers,OFF,7,True,False
2021,5,ADL,Pittsburgh Steelers,DEF,12,True,False
2021,5,ADL,Houston Texans,OFF,7,True,False
2021,5,ADL,Houston Texans,DEF,12,True,False
2021,5,ADL,Indianapolis Colts,OFF,7,True,False
2021,5,ADL,Indianapolis Colts,DEF,12,True,False
2021,5,ADL,Jacksonville Jaguars,OFF,7,True,False
2021,5,ADL,Jacksonville Jaguars,DEF,12,True,False
2021,5,ADL,Tennessee Titans,OFF,7,True,False
2021,5,ADL,Tennessee Titans,DEF,12,True,False
2021,5,ADL,Denver Broncos,OFF,7,True,False
2021,5,ADL,Denver Broncos,DEF,12,True,False
2021,5,ADL,Kansas City Chiefs,OFF,7,True,False
2021,5,ADL,Kansas City Chiefs,DEF,12,True,False
2021,5,ADL,Las Vegas Raiders,OFF,7,True,False
2021,5,ADL,Las Vegas Raiders,DEF,12,True,False
2021,5,ADL,Los Angeles Chargers,OFF,7,True,False
2021,5,ADL,Los Angeles Chargers,DEF,12,True,False
2021,6,ADL,Dallas Cowboys,OFF,7,True,False
2021,6,ADL,Dallas Cowboys,DEF,12,True,False
2021,6,ADL,New York Giants,OFF,7,True,False
2021,6,ADL,New York Giants,DEF,12,True,False
2021,6,ADL,Philadelphia Eagles,OFF,7,True,False
2021,6,ADL,Philadelphia Eagles,DEF,12,True,False
2021,6,ADL,Washington Football Team,OFF,7,True,False
2021,6,ADL,Washington Football Team,DEF,12,True,False
2021,6,ADL,Chicago Bears,OFF,7,True,False
2021,6,ADL,Chicago Bears,DEF,12,True,False
2021,6,ADL,Detroit Lions,OFF,7,True,False
2021,6,ADL,Detroit Lions,DEF,12,True,False
2021,6,ADL,Green Bay Packers,OFF,7,True,False
2021,6,ADL,Green Bay Packers,DEF,12,True,False
2021,6,ADL,Minnesota Vikings,OFF,7,True,False
2021,6,ADL,Minnesota Vikings,DEF,12,True,False
2021,6,ADL,Atlanta Falcons,OFF,7,True,False
2021,6,ADL,Atlanta Falcons,DEF,12,True,False
2021,6,ADL,Carolina Panthers,OFF,7,True,False
2021,6,ADL,Carolina Panthers,DEF,12,True,False
2021,6,ADL,New Orleans Saints,OFF,7,True,False
2021,6,ADL,New Orleans Saints,DEF,12,True,False
2021,6,ADL,Tampa Bay Buccaneers,OFF,7,True,False
2021,6,ADL,Tampa Bay Buccaneers,DEF,12,True,False
2021,6,ADL,Arizona Cardinals,OFF,7,True,False
2021,6,ADL,Arizona Cardinals,DEF,12,True,False
2021,6,ADL,Los Angeles Rams,OFF,7,True,False
2021,6,ADL,Los Angeles Rams,DEF,12,True,False
2021,6,ADL,San Francisco 49ers,OFF,7,True,False
2021,6,ADL,San Francisco 49ers,DEF,12,True,False
2021,6,ADL,Seattle Seahawks,OFF,7,True,False
2021,6,ADL,Seattle Seahawks,DEF,12,True,False
2021,6,ADL,Buffalo Bills,OFF,7,True,False
2021,6,ADL,Buffalo Bills,DEF,12,True,False
2021,6,ADL,Miami Dolphins,OFF,7,True,False
2021,6,ADL,Miami Dolphins,DEF,11,False,False
2021,6,ADL,New England Patriots,OFF,7,True,False
2021,6,ADL,New England Patriots,DEF,12,True,False
2021,6,ADL,New York Jets,OFF,7,True,False
2021,6,ADL,New York Jets,DEF,12,True,False
2021,6,ADL,Baltimore Ravens,OFF,7,True,False
2021,6,ADL,Baltimore Ravens,DEF,12,True,False
2021,6,ADL,Cincinnati Bengals,OFF,7,True,False
2021,6,ADL,Cincinnati Bengals,DEF,12,True,False
2021,6,ADL,Cleveland Browns,OFF,7,True,False
2021,6,ADL,Cleveland Browns,DEF,12,True,False
2021,6,ADL,Pittsburgh Steelers,OFF,7,True,False
2021,6,ADL,Pittsburgh Steelers,DEF,12,True,False
2021,6,ADL,Houston Texans,OFF,7,True,False
2021,6,ADL,Houston Texans,DEF,12,True,False
2021,6,ADL,Indianapolis Colts,OFF,7,True,False
2021,6,ADL,Indianapolis Colts,DEF,12,True,False
2021,6,ADL,Jacksonville Jaguars,OFF,7,True,False
2021,6,ADL,Jacksonville Jaguars,DEF,12,True,False
2021,6,ADL,Tennessee Titans,OFF,7,True,False
2021,6,ADL,Tennessee Titans,DEF,12,True,False
2021,6,ADL,Denver Broncos,OFF,7,True,False
2021,6,ADL,Denver Broncos,DEF,12,True,False
2021,6,ADL,Kansas City Chiefs,OFF,7,True,False
2021,6,ADL,Kansas City Chiefs,DEF,12,True,False
2021,6,ADL,Las Vegas Raiders,OFF,7,True,False
2021,6,ADL,Las Vegas Raiders,DEF,12,True,False
2021,6,ADL,Los Angeles Chargers,OFF,7,True,False
2021,6,ADL,Los Angeles Chargers,DEF,12,True,False
2021,7,ADL,Dallas Cowboys,OFF,7,True,False
2021,7,ADL,Dallas Cowboys,DEF,12,True,False
2021,7,ADL,New York Giants,OFF,7,True,False
2021,7,ADL,New York Giants,DEF,12,True,False
2021,7,ADL,Philadelphia Eagles,OFF,7,True,False
2021,7,ADL,Philadelphia Eagles,DEF,12,True,False
2021,7,ADL,Washington Football Team,OFF,7,True,False
2021,7,ADL,Washington Football Team,DEF,12,True,False
2021,7,ADL,Chicago Bears,OFF,7,True,False
2021,7,ADL,Chicago Bears,DEF,12,True,False
2021,7,ADL,Detroit Lions,OFF,7,True,False
2021,7,ADL,Detroit Lions,DEF,12,True,False
2021,7,ADL,Green Bay Packers,OFF,7,True,False
2021,7,ADL,Green Bay Packers,DEF,10,False,False
2021,7,ADL,Minnesota Vikings,OFF,7,True,False
2021,7,ADL,Minnesota Vikings,DEF,12,True,False
2021,7,ADL,Atlanta Falcons,OFF,7,True,False
2021,7,ADL,Atlanta Falcons,DEF,12,True,False
2021,7,ADL,Carolina Panthers,OFF,7,True,False
2021,7,ADL,Carolina Panthers,DEF,12,True,False
2021,7,ADL,New Orleans Saints,OFF,7,True,False
2021,7,ADL,New Orleans Saints,DEF,12,True,False
2021,7,ADL,Tampa Bay Buccaneers,OFF,7,True,False
2021,7,ADL,Tampa Bay Buccaneers,DEF,12,True,False
2021,7,ADL,Arizona Cardinals,OFF,7,True,False
2021,7,ADL,Arizona Cardinals,DEF,12,True,False
2021,7,ADL,Los Angeles Rams,OFF,7,True,False
2021,7,ADL,Los Angeles Rams,DEF,12,True,False
2021,7,ADL,San Francisco 49ers,OFF,7,True,False
2021,7,ADL,San Francisco 49ers,DEF,12,True,False
2021,7,ADL,Seattle Seahawks,OFF,7,True,False
2021,7,ADL,Seattle Seahawks,DEF,12,True,False
2021,7,ADL,Buffalo Bills,OFF,7,True,False
2021,7,ADL,Buffalo Bills,DEF,12,True,False
2021,7,ADL,Miami Dolphins,OFF,7,True,False
2021,7,ADL,Miami Dolphins,DEF,12,True,False
2021,7,ADL,New England Patriots,OFF,7,True,False
2021,7,ADL,New England Patriots,DEF,12,True,False
2021,7,ADL,New York Jets,OFF,7,True,False
2021,7,ADL,New York Jets,DEF,12,True,False
2021,7,ADL,Baltimore Ravens,OFF,7,True,False
2021,7,ADL,Baltimore Ravens,DEF,12,True,False
2021,7,ADL,Cincinnati Bengals,OFF,7,True,False
2021,7,ADL,Cincinnati Bengals,DEF,12,True,False
2021,7,ADL,Cleveland Browns,OFF,7,True,False
2021,7,ADL,Cleveland Browns,DEF,12,True,False
2021,7,ADL,Pittsburgh Steelers,OFF,7,True,False
2021,7,ADL,Pittsburgh Steelers,DEF,12,True,False
2021,7,ADL,Houston Texans,OFF,7,True,False
2021,7,ADL,Houston Texans,DEF,12,True,False
2021,7,ADL,Indianapolis Colts,OFF,7,True,False
2021,7,ADL,Indianapolis Colts,DEF,12,True,False
2021,7,ADL,Jacksonville Jaguars,OFF,7,True,False
2021,7,ADL,Jacksonville Jaguars,DEF,12,True,False
2021,7,ADL,Tennessee Titans,OFF,7,True,False
2021,7,ADL,Tennessee Titans,DEF,12,True,False
2021,7,ADL,Denver Broncos,OFF,7,True,False
2021,7,ADL,Denver Broncos,DEF,12,True,False
2021,7,ADL,Kansas City Chiefs,OFF,7,True,False
2021,7,ADL,Kansas City Chiefs,DEF,12,True,False
2021,7,ADL,Las Vegas Raiders,OFF,7,True,False
2021,7,ADL,Las Vegas Raiders,DEF,12,True,False
2021,7,ADL,Los Angeles Chargers,OFF,7,True,False
2021,7,ADL,Los Angeles Chargers,DEF,12,True,False
2021,8,ADL,Dallas Cowboys,OFF,7,True,False
2021,8,ADL,Dallas Cowboys,DEF,12,True,False
2021,8,ADL,New York Giants,OFF,7,True,False
2021,8,ADL,New York Giants,DEF,12,True,False
2021,8,ADL,Philadelphia Eagles,OFF,7,True,False
2021,8,ADL,Philadelphia Eagles,DEF,12,True,False
2021,8,ADL,Washington Football Team,OFF,7,True,False
2021,8,ADL,Washington Football Team,DEF,12,True,False
2021,8,ADL,Chicago Bears,OFF,7,True,False
2021,8,ADL,Chicago Bears,DEF,12,True,False
2021,8,ADL,Detroit Lions,OFF,7,True,False
2021,8,ADL,Detroit Lions,DEF,12,True,False
2021,8,ADL,Green Bay Packers,OFF,7,True,False
2021,8,ADL,Green Bay Packers,DEF,12,True,False
2021,8,ADL,Minnesota Vikings,OFF,7,True,False
2021,8,ADL,Minnesota Vikings,DEF,12,True,False
2021,8,ADL,Atlanta Falcons,OFF,7,True,False
2021,8,ADL,Atlanta Falcons,DEF,12,True,False
2021,8,ADL,Carolina Panthers,OFF,7,True,False
2021,8,ADL,Carolina Panthers,DEF,12,True,False
2021,8,ADL,New Orleans Saints,OFF,7,True,False
2021,8,ADL,New Orleans Saints,DEF,12,True,False
2021,8,ADL,Tampa Bay Buccaneers,OFF,7,True,False
2021,8,ADL,Tampa Bay Buccaneers,DEF,12,True,False
2021,8,ADL,Arizona Cardinals,OFF,7,True,False
2021,8,ADL,Arizona Cardinals,DEF,12,True,False
2021,8,ADL,Los Angeles Rams,OFF,7,True,False
2021,8,ADL,Los Angeles Rams,DEF,12,True,False
2021,8,ADL,San Francisco 49ers,OFF,7,True,False
2021,8,ADL,San Francisco 49ers,DEF,12,True,False
2021,8,ADL,Seattle Seahawks,OFF,7,True,False
2021,8,ADL,Seattle Seahawks,DEF,12,True,False
2021,8,ADL,Buffalo Bills,OFF,7,True,False
2021,8,ADL,Buffalo Bills,DEF,12,True,False
2021,8,ADL,Miami Dolphins,OFF,7,True,False
2021,8,ADL,Miami Dolphins,DEF,12,True,False
2021,8,ADL,New England Patriots,OFF,7,True,False
2021,8,ADL,New England Patriots,DEF,12,True,False
2021,8,ADL,New York Jets,OFF,7,True,False
2021,8,ADL,New York Jets,DEF,12,True,False
2021,8,ADL,Baltimore Ravens,OFF,7,True,False
2021,8,ADL,Baltimore Ravens,DEF,12,True,False
2021,8,ADL,Cincinnati Bengals,OFF,7,True,False
2021,8,ADL,Cincinnati Bengals,DEF,12,True,False
2021,8,ADL,Cleveland Browns,OFF,7,True,False
2021,8,ADL,Cleveland Browns,DEF,12,True,False
2021,8,ADL,Pittsburgh Steelers,OFF,7,True,False
2021,8,ADL,Pittsburgh Steelers,DEF,12,True,False
2021,8,ADL,Houston Texans,OFF,7,True,False
2021,8,ADL,Houston Texans,DEF,12,True,False
2021,8,ADL,Indianapolis Colts,OFF,7,True,False
2021,8,ADL,Indianapolis Colts,DEF,12,True,False
2021,8,ADL,Jacksonville Jaguars,OFF,7,True,False
2021,8,ADL,Jacksonville Jaguars,DEF,12,True,False
2021,8,ADL,Tennessee Titans,OFF,7,True,False
2021,8,ADL,Tennessee Titans,DEF,12,True,False
2021,8,ADL,Denver Broncos,OFF,7,True,False
2021,8,ADL,Denver Broncos,DEF,12,True,False
2021,8,ADL,Kansas City Chiefs,OFF,7,True,False
2021,8,ADL,Kansas City Chiefs,DEF,12,True,False
2021,8,ADL,Las Vegas Raiders,OFF,7,True,False
2021,8,ADL,Las Vegas Raiders,DEF,12,True,False
2021,8,ADL,Los Angeles Chargers,OFF,7,True,False
2021,8,ADL,Los Angeles Chargers,DEF,12,True,False
2021,9,ADL,Dallas Cowboys,OFF,7,True,False
2021,9,ADL,Dallas Cowboys,DEF,12,True,False
2021,9,ADL,New York Giants,OFF,7,True,False
2021,9,ADL,New York Giants,DEF,12,True,False
2021,9,ADL,Philadelphia Eagles,OFF,7,True,False
2021,9,ADL,Philadelphia Eagles,DEF,12,True,False
2021,9,ADL,Washington Football Team,OFF,7,True,False
2021,9,ADL,Washington Football Team,DEF,12,True,False
2021,9,ADL,Chicago Bears,OFF,7,True,False
2021,9,ADL,Chicago Bears,DEF,12,True,False
2021,9,ADL,Detroit Lions,OFF,7,True,False
2021,9,ADL,Detroit Lions,DEF,12,True,False
2021,9,ADL,Green Bay Packers,OFF,7,True,False
2021,9,ADL,Green Bay Packers,DEF,12,True,False
2021,9,ADL,Minnesota Vikings,OFF,7,True,False
2021,9,ADL,Minnesota Vikings,DEF,12,True,False
2021,9,ADL,Atlanta Falcons,OFF,7,True,False
2021,9,ADL,Atlanta Falcons,DEF,12,True,False
2021,9,ADL,Carolina Panthers,OFF,7,True,False
2021,9,ADL,Carolina Panthers,DEF,12,True,False
2021,9,ADL,New Orleans Saints,OFF,7,True,False
2021,9,ADL,New Orleans Saints,DEF,12,True,False
2021,9,ADL,Tampa Bay Buccaneers,OFF,7,True,False
2021,9,ADL,Tampa Bay Buccaneers,DEF,12,True,False
2021,9,ADL,Arizona Cardinals,OFF,7,True,False
2021,9,ADL,Arizona Cardinals,DEF,12,True,False
2021,9,ADL,Los Angeles Rams,OFF,7,True,False
2021,9,ADL,Los Angeles Rams,DEF,12,True,False
2021,9,ADL,San Francisco 49ers,OFF,7,True,False
2021,9,ADL,San Francisco 49ers,DEF,12,True,False
2021,9,ADL,Seattle Seahawks,OFF,7,True,False
2021,9,ADL,Seattle Seahawks,DEF,12,True,False
2021,9,ADL,Buffalo Bills,OFF,7,True,False
2021,9,ADL,Buffalo Bills,DEF,12,True,False
2021,9,ADL,Miami Dolphins,OFF,7,True,False
2021,9,ADL,Miami Dolphins,DEF,12,True,False
2021,9,ADL,New England Patriots,OFF,7,True,False
2021,9,ADL,New England Patriots,DEF,12,True,False
2021,9,ADL,New York Jets,OFF,7,True,False
2021,9,ADL,New York Jets,DEF,12,True,False
2021,9,ADL,Baltimore Ravens,OFF,7,True,False
2021,9,ADL,Baltimore Ravens,DEF,12,True,False
2021,9,ADL,Cincinnati Bengals,OFF,7,True,False
2021,9,ADL,Cincinnati Bengals,DEF,12,True,False
2021,9,ADL,Cleveland Browns,OFF,7,True,False
2021,9,ADL,Cleveland Browns,DEF,12,True,False
2021,9,ADL,Pittsburgh Steelers,OFF,7,True,False
2021,9,ADL,Pittsburgh Steelers,DEF,12,True,False
2021,9,ADL,Houston Texans,OFF,7,True,False
2021,9,ADL,Houston Texans,DEF,12,True,False
2021,9,ADL,Indianapolis Colts,OFF,7,True,False
2021,9,ADL,Indianapolis Colts,DEF,12,True,False
2021,9,ADL,Jacksonville Jaguars,OFF,7,True,False
2021,9,ADL,Jacksonville Jaguars,DEF,12,True,False
2021,9,ADL,Tennessee Titans,OFF,7,True,False
2021,9,ADL,Tennessee Titans,DEF,12,True,False
2021,9,ADL,Denver Broncos,OFF,7,True,False
2021,9,ADL,Denver Broncos,DEF,12,True,False
2021,9,ADL,Kansas City Chiefs,OFF,7,True,False
2021,9,ADL,Kansas City Chiefs,DEF,12,True,False
2021,9,ADL,Las Vegas Raiders,OFF,7,True,False
2021,9,ADL,Las Vegas Raiders,DEF,12,True,False
2021,9,ADL,Los Angeles Chargers,OFF,7,True,False
2021,9,ADL,Los Angeles Chargers,DEF,12,True,False
2021,10,ADL,Dallas Cowboys,OFF,7,True,False
2021,10,ADL,Dallas Cowboys,DEF,12,True,False
2021,10,ADL,New York Giants,OFF,7,True,False
2021,10,ADL,New York Giants,DEF,12,True,False
2021,10,ADL,Philadelphia Eagles,OFF,7,True,False
2021,10,ADL,Philadelphia Eagles,DEF,12,True,False
2021,10,ADL,Washington Football Team,OFF,7,True,False
2021,10,ADL,Washington Football Team,DEF,12,True,False
2021,10,ADL,Chicago Bears,OFF,7,True,False
2021,10,ADL,Chicago Bears,DEF,12,True,False
2021,10,ADL,Detroit Lions,OFF,7,True,False
2021,10,ADL,Detroit Lions,DEF,12,True,False
2021,10,ADL,Green Bay Packers,OFF,7,True,False
2021,10,ADL,Green Bay Packers,DEF,12,True,False
2021,10,ADL,Minnesota Vikings,OFF,7,True,False
2021,10,ADL,Minnesota Vikings,DEF,12,True,False
2021,10,ADL,Atlanta Falcons,OFF,7,True,False
2021,10,ADL,Atlanta Falcons,DEF,12,True,False
2021,10,ADL,Carolina Panthers,OFF,7,True,False
2021,10,ADL,Carolina Panthers,DEF,12,True,False
2021,10,ADL,New Orleans Saints,OFF,7,True,False
2021,10,ADL,New Orleans Saints,DEF,12,True,False
2021,10,ADL,Tampa Bay Buccaneers,OFF,7,True,False
2021,10,ADL,Tampa Bay Buccaneers,DEF,12,True,False
2021,10,ADL,Arizona Cardinals,OFF,7,True,False
2021,10,ADL,Arizona Cardinals,DEF,12,True,False
2021,10,ADL,Los Angeles Rams,OFF,7,True,False
2021,10,ADL,Los Angeles Rams,DEF,12,True,False
2021,10,ADL,San Francisco 49ers,OFF,7,True,False
2021,10,ADL,San Francisco 49ers,DEF,12,True,False
2021,10,ADL,Seattle Seahawks,OFF,7,True,False
2021,10,ADL,Seattle Seahawks,DEF,12,True,False
2021,10,ADL,Buffalo Bills,OFF,7,True,False
2021,10,ADL,Buffalo Bills,DEF,12,True,False
2021,10,ADL,Miami Dolphins,OFF,7,True,False
2021,10,ADL,Miami Dolphins,DEF,12,True,False
2021,10,ADL,New England Patriots,OFF,7,True,False
2021,10,ADL,New England Patriots,DEF,12,True,False
2021,10,ADL,New York Jets,OFF,7,True,False
2021,10,ADL,New York Jets,DEF,12,True,False
2021,10,ADL,Baltimore Ravens,OFF,7,True,False
2021,10,ADL,Baltimore Ravens,DEF,12,True,False
2021,10,ADL,Cincinnati Bengals,OFF,7,True,False
2021,10,ADL,Cincinnati Bengals,DEF,12,True,False
2021,10,ADL,Cleveland Browns,OFF,7,True,False
2021,10,ADL,Cleveland Browns,DEF,12,True,False
2021,10,ADL,Pittsburgh Steelers,OFF,7,True,False
2021,10,ADL,Pittsburgh Steelers,DEF,12,True,False
2021,10,ADL,Houston Texans,OFF,7,True,False
2021,10,ADL,Houston Texans,DEF,12,True,False
2021,10,ADL,Indianapolis Colts,OFF,7,True,False
2021,10,ADL,Indianapolis Colts,DEF,12,True,False
2021,10,ADL,Jacksonville Jaguars,OFF,7,True,False
2021,10,ADL,Jacksonville Jaguars,DEF,12,True,False
2021,10,ADL,Tennessee Titans,OFF,7,True,False
2021,10,ADL,Tennessee Titans,DEF,12,True,False
2021,10,ADL,Denver Broncos,OFF,7,True,False
2021,10,ADL,Denver Broncos,DEF,12,True,False
2021,10,ADL,Kansas City Chiefs,OFF,7,True,False
2021,10,ADL,Kansas City Chiefs,DEF,12,True,False
2021,10,ADL,Las Vegas Raiders,OFF,7,True,False
2021,10,ADL,Las Vegas Raiders,DEF,12,True,False
2021,10,ADL,Los Angeles Chargers,OFF,7,True,False
2021,10,ADL,Los Angeles Chargers,DEF,12,True,False
2021,11,ADL,Dallas Cowboys,OFF,7,True,False
2021,11,ADL,Dallas Cowboys,DEF,12,True,False
2021,11,ADL,New York Giants,OFF,7,True,False
2021,11,ADL,New York Giants,DEF,12,True,False
2021,11,ADL,Philadelphia Eagles,OFF,7,True,False
2021,11,ADL,Philadelphia Eagles,DEF,12,True,False
2021,11,ADL,Washington Football Team,OFF,7,True,False
2021,11,ADL,Washington Football Team,DEF,12,True,False
2021,11,ADL,Chicago Bears,OFF,7,True,False
2021,11,ADL,Chicago Bears,DEF,12,True,False
2021,11,ADL,Detroit Lions,OFF,7,True,False
2021,11,ADL,Detroit Lions,DEF,12,True,False
2021,11,ADL,Green Bay Packers,OFF,7,True,False
2021,11,ADL,Green Bay Packers,DEF,12,True,False
2021,11,ADL,Minnesota Vikings,OFF,7,True,False
2021,11,ADL,Minnesota Vikings,DEF,12,True,False
2021,11,ADL,Atlanta Falcons,OFF,7,True,False
2021,11,ADL,Atlanta Falcons,DEF,12,True,False
2021,11,ADL,Carolina Panthers,OFF,7,True,False
2021,11,ADL,Carolina Panthers,DEF,12,True,False
2021,11,ADL,New Orleans Saints,OFF,7,True,False
2021,11,ADL,New Orleans Saints,DEF,12,True,False
2021,11,ADL,Tampa Bay Buccaneers,OFF,7,True,False
2021,11,ADL,Tampa Bay Buccaneers,DEF,12,True,False
2021,11,ADL,Arizona Cardinals,OFF,7,True,False
2021,11,ADL,Arizona Cardinals,DEF,12,True,False
2021,11,ADL,Los Angeles Rams,OFF,7,True,False
2021,11,ADL,Los Angeles Rams,DEF,12,True,False
2021,11,ADL,San Francisco 49ers,OFF,7,True,False
2021,11,ADL,San Francisco 49ers,DEF,12,True,False
2021,11,ADL,Seattle Seahawks,OFF,7,True,False
2021,11,ADL,Seattle Seahawks,DEF,12,True,False
2021,11,ADL,Buffalo Bills,OFF,7,True,False
2021,11,ADL,Buffalo Bills,DEF,12,True,False
2021,11,ADL,Miami Dolphins,OFF,7,True,False
2021,11,ADL,Miami Dolphins,DEF,12,True,False
2021,11,ADL,New England Patriots,OFF,7,True,False
2021,11,ADL,New England Patriots,DEF,12,True,False
2021,11,ADL,New York Jets,OFF,7,True,False
2021,11,ADL,New York Jets,DEF,12,True,False
2021,11,ADL,Baltimore Ravens,OFF,7,True,False
2021,11,ADL,Baltimore Ravens,DEF,12,True,False
2021,11,ADL,Cincinnati Bengals,OFF,7,True,False
2021,11,ADL,Cincinnati Bengals,DEF,12,True,False
2021,11,ADL,Cleveland Browns,OFF,7,True,False
2021,11,ADL,Cleveland Browns,DEF,11,False,False
2021,11,ADL,Pittsburgh Steelers,OFF,7,True,False
2021,11,ADL,Pittsburgh Steelers,DEF,12,True,False
2021,11,ADL,Houston Texans,OFF,7,True,False
2021,11,ADL,Houston Texans,DEF,12,True,False
2021,11,ADL,Indianapolis Colts,OFF,7,True,False
2021,11,ADL,Indianapolis Colts,DEF,12,True,False
2021,11,ADL,Jacksonville Jaguars,OFF,7,True,False
2021,11,ADL,Jacksonville Jaguars,DEF,12,True,False
2021,11,ADL,Tennessee Titans,OFF,7,True,False
2021,11,ADL,Tennessee Titans,DEF,12,True,False
2021,11,ADL,Denver Broncos,OFF,7,True,False
2021,11,ADL,Denver Broncos,DEF,12,True,False
2021,11,ADL,Kansas City Chiefs,OFF,7,True,False
2021,11,ADL,Kansas City Chiefs,DEF,12,True,False
2021,11,ADL,Las Vegas Raiders,OFF,7,True,False
2021,11,ADL,Las Vegas Raiders,DEF,12,True,False
2021,11,ADL,Los Angeles Chargers,OFF,7,True,False
2021,11,ADL,Los Angeles Chargers,DEF,12,True,False
2021,12,ADL,Dallas Cowboys,OFF,7,True,False
2021,12,ADL,Dallas Cowboys,DEF,11,False,False
2021,12,ADL,New York Giants,OFF,7,True,False
2021,12,ADL,New York Giants,DEF,12,True,False
2021,12,ADL,Philadelphia Eagles,OFF,7,True,False
2021,12,ADL,Philadelphia Eagles,DEF,12,True,False
2021,12,ADL,Washington Football Team,OFF,7,True,False
2021,12,ADL,Washington Football Team,DEF,12,True,False
2021,12,ADL,Chicago Bears,OFF,7,True,False
2021,12,ADL,Chicago Bears,DEF,12,True,False
2021,12,ADL,Detroit Lions,OFF,7,True,False
2021,12,ADL,Detroit Lions,DEF,12,True,False
2021,12,ADL,Green Bay Packers,OFF,7,True,False
2021,12,ADL,Green Bay Packers,DEF,12,True,False
2021,12,ADL,Minnesota Vikings,OFF,7,True,False
2021,12,ADL,Minnesota Vikings,DEF,12,True,False
2021,12,ADL,Atlanta Falcons,OFF,7,True,False
2021,12,ADL,Atlanta Falcons,DEF,12,True,False
2021,12,ADL,Carolina Panthers,OFF,7,True,False
2021,12,ADL,Carolina Panthers,DEF,12,True,False
2021,12,ADL,New Orleans Saints,OFF,7,True,False
2021,12,ADL,New Orleans Saints,DEF,12,True,False
2021,12,ADL,Tampa Bay Buccaneers,OFF,7,True,False
2021,12,ADL,Tampa Bay Buccaneers,DEF,12,True,False
2021,12,ADL,Arizona Cardinals,OFF,7,True,False
2021,12,ADL,Arizona Cardinals,DEF,12,True,False
2021,12,ADL,Los Angeles Rams,OFF,7,True,False
2021,12,ADL,Los Angeles Rams,DEF,12,True,False
2021,12,ADL,San Francisco 49ers,OFF,7,True,False
2021,12,ADL,San Francisco 49ers,DEF,12,True,False
2021,12,ADL,Seattle Seahawks,OFF,7,True,False
2021,12,ADL,Seattle Seahawks,DEF,12,True,False
2021,12,ADL,Buffalo Bills,OFF,7,True,False
2021,12,ADL,Buffalo Bills,DEF,12,True,False
2021,12,ADL,Miami Dolphins,OFF,7,True,False
2021,12,ADL,Miami Dolphins,DEF,12,True,False
2021,12,ADL,New England Patriots,OFF,7,True,False
2021,12,ADL,New England Patriots,DEF,12,True,False
2021,12,ADL,New York Jets,OFF,7,True,False
2021,12,ADL,New York Jets,DEF,12,True,False
2021,12,ADL,Baltimore Ravens,OFF,7,True,False
2021,12,ADL,Baltimore Ravens,DEF,12,True,False
2021,12,ADL,Cincinnati Bengals,OFF,7,True,False
2021,12,ADL,Cincinnati Bengals,DEF,12,True,False
2021,12,ADL,Cleveland Browns,OFF,7,True,False
2021,12,ADL,Cleveland Browns,DEF,12,True,False
2021,12,ADL,Pittsburgh Steelers,OFF,7,True,False
2021,12,ADL,Pittsburgh Steelers,DEF,12,True,False
2021,12,ADL,Houston Texans,OFF,7,True,False
2021,12,ADL,Houston Texans,DEF,12,True,False
2021,12,ADL,Indianapolis Colts,OFF,7,True,False
2021,12,ADL,Indianapolis Colts,DEF,12,True,False
2021,12,ADL,Jacksonville Jaguars,OFF,7,True,False
2021,12,ADL,Jacksonville Jaguars,DEF,12,True,False
2021,12,ADL,Tennessee Titans,OFF,7,True,False
2021,12,ADL,Tennessee Titans,DEF,12,True,False
2021,12,ADL,Denver Broncos,OFF,7,True,False
2021,12,ADL,Denver Broncos,DEF,12,True,False
2021,12,ADL,Kansas City Chiefs,OFF,7,True,False
2021,12,ADL,Kansas City Chiefs,DEF,12,True,False
2021,12,ADL,Las Vegas Raiders,OFF,7,True,False
2021,12,ADL,Las Vegas Raiders,DEF,12,True,False
2021,12,ADL,Los Angeles Chargers,OFF,7,True,False
2021,12,ADL,Los Angeles Chargers,DEF,12,True,False
2021,13,ADL,Dallas Cowboys,OFF,7,True,False
2021,13,ADL,Dallas Cowboys,DEF,12,True,False
2021,13,ADL,New York Giants,OFF,7,True,False
2021,13,ADL,New York Giants,DEF,12,True,False
2021,13,ADL,Philadelphia Eagles,OFF,7,True,False
2021,13,ADL,Philadelphia Eagles,DEF,12,True,False
2021,13,ADL,Washington Football Team,OFF,7,True,False
2021,13,ADL,Washington Football Team,DEF,12,True,False
2021,13,ADL,Chicago Bears,OFF,7,True,False
2021,13,ADL,Chicago Bears,DEF,12,True,False
2021,13,ADL,Detroit Lions,OFF,7,True,False
2021,13,ADL,Detroit Lions,DEF,12,True,False
2021,13,ADL,Green Bay Packers,OFF,7,True,False
2021,13,ADL,Green Bay Packers,DEF,12,True,False
2021,13,ADL,Minnesota Vikings,OFF,7,True,False
2021,13,ADL,Minnesota Vikings,DEF,12,True,False
2021,13,ADL,Atlanta Falcons,OFF,7,True,False
2021,13,ADL,Atlanta Falcons,DEF,12,True,False
2021,13,ADL,Carolina Panthers,OFF,7,True,False
2021,13,ADL,Carolina Panthers,DEF,12,True,False
2021,13,ADL,New Orleans Saints,OFF,7,True,False
2021,13,ADL,New Orleans Saints,DEF,12,True,False
2021,13,ADL,Tampa Bay Buccaneers,OFF,7,True,False
2021,13,ADL,Tampa Bay Buccaneers,DEF,12,True,False
2021,13,ADL,Arizona Cardinals,OFF,7,True,False
2021,13,ADL,Arizona Cardinals,DEF,12,True,False
2021,13,ADL,Los Angeles Rams,OFF,7,True,False
2021,13,ADL,Los Angeles Rams,DEF,12,True,False
2021,13,ADL,San Francisco 49ers,OFF,7,True,False
2021,13,ADL,San Francisco 49ers,DEF,12,True,False
2021,13,ADL,Seattle Seahawks,OFF,7,True,False
2021,13,ADL,Seattle Seahawks,DEF,12,True,False
2021,13,ADL,Buffalo Bills,OFF,7,True,False
2021,13,ADL,Buffalo Bills,DEF,12,True,False
2021,13,ADL,Miami Dolphins,OFF,7,True,False
2021,13,ADL,Miami Dolphins,DEF,12,True,False
2021,13,ADL,New England Patriots,OFF,7,True,False
2021,13,ADL,New England Patriots,DEF,12,True,False
2021,13,ADL,New York Jets,OFF,7,True,False
2021,13,ADL,New York Jets,DEF,12,True,False
2021,13,ADL,Baltimore Ravens,OFF,7,True,False
2021,13,ADL,Baltimore Ravens,DEF,12,True,False
2021,13,ADL,Cincinnati Bengals,OFF,7,True,False
2021,13,ADL,Cincinnati Bengals,DEF,12,True,False
2021,13,ADL,Cleveland Browns,OFF,7,True,False
2021,13,ADL,Cleveland Browns,DEF,12,True,False
2021,13,ADL,Pittsburgh Steelers,OFF,7,True,False
2021,13,ADL,Pittsburgh Steelers,DEF,12,True,False
2021,13,ADL,Houston Texans,OFF,7,True,False
2021,13,ADL,Houston Texans,DEF,12,True,False
2021,13,ADL,Indianapolis Colts,OFF,7,True,False
2021,13,ADL,Indianapolis Colts,DEF,12,True,False
2021,13,ADL,Jacksonville Jaguars,OFF,7,True,False
2021,13,ADL,Jacksonville Jaguars,DEF,12,True,False
2021,13,ADL,Tennessee Titans,OFF,7,True,False
2021,13,ADL,Tennessee Titans,DEF,12,True,False
2021,13,ADL,Denver Broncos,OFF,7,True,False
2021,13,ADL,Denver Broncos,DEF,12,True,False
2021,13,ADL,Kansas City Chiefs,OFF,7,True,False
2021,13,ADL,Kansas City Chiefs,DEF,12,True,False
2021,13,ADL,Las Vegas Raiders,OFF,7,True,False
2021,13,ADL,Las Vegas Raiders,DEF,11,False,False
2021,13,ADL,Los Angeles Chargers,OFF,7,True,False
2021,13,ADL,Los Angeles Chargers,DEF,12,True,False
2021,14,ADL,Dallas Cowboys,OFF,7,True,False
2021,14,ADL,Dallas Cowboys,DEF,12,True,False
2021,14,ADL,New York Giants,OFF,6,False,False
2021,14,ADL,New York Giants,DEF,12,True,False
2021,14,ADL,Philadelphia Eagles,OFF,7,True,False
2021,14,ADL,Philadelphia Eagles,DEF,12,True,False
2021,14,ADL,Washington Football Team,OFF,7,True,False
2021,14,ADL,Washington Football Team,DEF,12,True,False
2021,14,ADL,Chicago Bears,OFF,7,True,False
2021,14,ADL,Chicago Bears,DEF,12,True,False
2021,14,ADL,Detroit Lions,OFF,6,False,False
2021,14,ADL,Detroit Lions,DEF,10,False,False
2021,14,ADL,Green Bay Packers,OFF,7,True,False
2021,14,ADL,Green Bay Packers,DEF,12,True,False
2021,14,ADL,Minnesota Vikings,OFF,7,True,False
2021,14,ADL,Minnesota Vikings,DEF,12,True,False
2021,14,ADL,Atlanta Falcons,OFF,6,False,False
2021,14,ADL,Atlanta Falcons,DEF,12,True,False
2021,14,ADL,Carolina Panthers,OFF,7,True,False
2021,14,ADL,Carolina Panthers,DEF,12,True,False
2021,14,ADL,New Orleans Saints,OFF,7,True,False
2021,14,ADL,New Orleans Saints,DEF,12,True,False
2021,14,ADL,Tampa Bay Buccaneers,OFF,7,True,False
2021,14,ADL,Tampa Bay Buccaneers,DEF,12,True,False
2021,14,ADL,Arizona Cardinals,OFF,7,True,False
2021,14,ADL,Arizona Cardinals,DEF,12,True,False
2021,14,ADL,Los Angeles Rams,OFF,7,True,False
2021,14,ADL,Los Angeles Rams,DEF,12,True,False
2021,14,ADL,San Francisco 49ers,OFF,7,True,False
2021,14,ADL,San Francisco 49ers,DEF,12,True,False
2021,14,ADL,Seattle Seahawks,OFF,7,True,False
2021,14,ADL,Seattle Seahawks,DEF,12,True,False
2021,14,ADL,Buffalo Bills,OFF,7,True,False
2021,14,ADL,Buffalo Bills,DEF,12,True,False
2021,14,ADL,Miami Dolphins,OFF,7,True,False
2021,14,ADL,Miami Dolphins,DEF,12,True,False
2021,14,ADL,New England Patriots,OFF,7,True,False
2021,14,ADL,New England Patriots,DEF,12,True,False
2021,14,ADL,New York Jets,OFF,7,True,False
2021,14,ADL,New York Jets,DEF,12,True,False
2021,14,ADL,Baltimore Ravens,OFF,7,True,False
2021,14,ADL,Baltimore Ravens,DEF,12,True,False
2021,14,ADL,Cincinnati Bengals,OFF,7,True,False
2021,14,ADL,Cincinnati Bengals,DEF,12,True,False
2021,14,ADL,Cleveland Browns,OFF,7,True,False
2021,14,ADL,Cleveland Browns,DEF,12,True,False
2021,14,ADL,Pittsburgh Steelers,OFF,7,True,False
2021,14,ADL,Pittsburgh Steelers,DEF,12,True,False
2021,14,ADL,Houston Texans,OFF,7,True,False
2021,14,ADL,Houston Texans,DEF,12,True,False
2021,14,ADL,Indianapolis Colts,OFF,7,True,False
2021,14,ADL,Indianapolis Colts,DEF,12,True,False
2021,14,ADL,Jacksonville Jaguars,OFF,7,True,False
2021,14,ADL,Jacksonville Jaguars,DEF,12,True,False
2021,14,ADL,Tennessee Titans,OFF,7,True,False
2021,14,ADL,Tennessee Titans,DEF,12,True,False
2021,14,ADL,Denver Broncos,OFF,7,True,False
2021,14,ADL,Denver Broncos,DEF,12,True,False
2021,14,ADL,Kansas City Chiefs,OFF,7,True,False
2021,14,ADL,Kansas City Chiefs,DEF,12,True,False
2021,14,ADL,Las Vegas Raiders,OFF,6,False,False
2021,14,ADL,Las Vegas Raiders,DEF,12,True,False
2021,14,ADL,Los Angeles Chargers,OFF,7,True,False
2021,14,ADL,Los Angeles Chargers,DEF,12,True,False
2021,15,ADL,Dallas Cowboys,OFF,7,True,False
2021,15,ADL,Dallas Cowboys,DEF,12,True,False
2021,15,ADL,New York Giants,OFF,7,True,False
2021,15,ADL,New York Giants,DEF,12,True,False
2021,15,ADL,Philadelphia Eagles,OFF,7,True,False
2021,15,ADL,Philadelphia Eagles,DEF,12,True,False
2021,15,ADL,Washington Football Team,OFF,7,True,False
2021,15,ADL,Washington Football Team,DEF,12,True,False
2021,15,ADL,Chicago Bears,OFF,7,True,False
2021,15,ADL,Chicago Bears,DEF,12,True,False
2021,15,ADL,Detroit Lions,OFF,7,True,False
2021,15,ADL,Detroit Lions,DEF,12,True,False
2021,15,ADL,Green Bay Packers,OFF,7,True,False
2021,15,ADL,Green Bay Packers,DEF,12,True,False
2021,15,ADL,Minnesota Vikings,OFF,7,True,False
2021,15,ADL,Minnesota Vikings,DEF,12,True,False
2021,15,ADL,Atlanta Falcons,OFF,7,True,False
2021,15,ADL,Atlanta Falcons,DEF,12,True,False
2021,15,ADL,Carolina Panthers,OFF,7,True,False
2021,15,ADL,Carolina Panthers,DEF,12,True,False
2021,15,ADL,New Orleans Saints,OFF,7,True,False
2021,15,ADL,New Orleans Saints,DEF,12,True,False
2021,15,ADL,Tampa Bay Buccaneers,OFF,7,True,False
2021,15,ADL,Tampa Bay Buccaneers,DEF,12,True,False
2021,15,ADL,Arizona Cardinals,OFF,7,True,False
2021,15,ADL,Arizona Cardinals,DEF,12,True,False
2021,15,ADL,Los Angeles Rams,OFF,7,True,False
2021,15,ADL,Los Angeles Rams,DEF,12,True,False
2021,15,ADL,San Francisco 49ers,OFF,7,True,False
2021,15,ADL,San Francisco 49ers,DEF,12,True,False
2021,15,ADL,Seattle Seahawks,OFF,7,True,False
2021,15,ADL,Seattle Seahawks,DEF,12,True,False
2021,15,ADL,Buffalo Bills,OFF,7,True,False
2021,15,ADL,Buffalo Bills,DEF,12,True,False
2021,15,ADL,Miami Dolphins,OFF,5,False,False
2021,15,ADL,Miami Dolphins,DEF,9,False,False
2021,15,ADL,New England Patriots,OFF,7,True,False
2021,15,ADL,New England Patriots,DEF,12,True,False
2021,15,ADL,New York Jets,OFF,7,True,False
2021,15,ADL,New York Jets,DEF,12,True,False
2021,15,ADL,Baltimore Ravens,OFF,7,True,False
2021,15,ADL,Baltimore Ravens,DEF,12,True,False
2021,15,ADL,Cincinnati Bengals,OFF,7,True,False
2021,15,ADL,Cincinnati Bengals,DEF,12,True,False
2021,15,ADL,Cleveland Browns,OFF,7,True,False
2021,15,ADL,Cleveland Browns,DEF,12,True,False
2021,15,ADL,Pittsburgh Steelers,OFF,7,True,False
2021,15,ADL,Pittsburgh Steelers,DEF,12,True,False
2021,15,ADL,Houston Texans,OFF,7,True,False
2021,15,ADL,Houston Texans,DEF,12,True,False
2021,15,ADL,Indianapolis Colts,OFF,7,True,False
2021,15,ADL,Indianapolis Colts,DEF,12,True,False
2021,15,ADL,Jacksonville Jaguars,OFF,7,True,False
2021,15,ADL,Jacksonville Jaguars,DEF,12,True,False
2021,15,ADL,Tennessee Titans,OFF,7,True,False
2021,15,ADL,Tennessee Titans,DEF,12,True,False
2021,15,ADL,Denver Broncos,OFF,7,True,False
2021,15,ADL,Denver Broncos,DEF,12,True,False
2021,15,ADL,Kansas City Chiefs,OFF,7,True,False
2021,15,ADL,Kansas City Chiefs,DEF,12,True,False
2021,15,ADL,Las Vegas Raiders,OFF,7,True,False
2021,15,ADL,Las Vegas Raiders,DEF,12,True,False
2021,15,ADL,Los Angeles Chargers,OFF,7,True,False
2021,15,ADL,Los Angeles Chargers,DEF,12,True,False
2021,16,ADL,Dallas Cowboys,OFF,7,True,False
2021,16,ADL,Dallas Cowboys,DEF,12,True,False
2021,16,ADL,New York Giants,OFF,7,True,False
2021,16,ADL,New York Giants,DEF,12,True,False
2021,16,ADL,Philadelphia Eagles,OFF,7,True,False
2021,16,ADL,Philadelphia Eagles,DEF,12,True,False
2021,16,ADL,Washington Football Team,OFF,7,True,False
2021,16,ADL,Washington Football Team,DEF,12,True,False
2021,16,ADL,Chicago Bears,OFF,7,True,False
2021,16,ADL,Chicago Bears,DEF,12,True,False
2021,16,ADL,Detroit Lions,OFF,7,True,False
2021,16,ADL,Detroit Lions,DEF,12,True,False
2021,16,ADL,Green Bay Packers,OFF,7,True,False
2021,16,ADL,Green Bay Packers,DEF,12,True,False
2021,16,ADL,Minnesota Vikings,OFF,7,True,False
2021,16,ADL,Minnesota Vikings,DEF,12,True,False
2021,16,ADL,Atlanta Falcons,OFF,7,True,False
2021,16,ADL,Atlanta Falcons,DEF,12,True,False
2021,16,ADL,Carolina Panthers,OFF,7,True,False
2021,16,ADL,Carolina Panthers,DEF,12,True,False
2021,16,ADL,New Orleans Saints,OFF,6,False,False
2021,16,ADL,New Orleans Saints,DEF,12,True,False
2021,16,ADL,Tampa Bay Buccaneers,OFF,7,True,False
2021,16,ADL,Tampa Bay Buccaneers,DEF,12,True,False
2021,16,ADL,Arizona Cardinals,OFF,7,True,False
2021,16,ADL,Arizona Cardinals,DEF,12,True,False
2021,16,ADL,Los Angeles Rams,OFF,7,True,False
2021,16,ADL,Los Angeles Rams,DEF,12,True,False
2021,16,ADL,San Francisco 49ers,OFF,7,True,False
2021,16,ADL,San Francisco 49ers,DEF,12,True,False
2021,16,ADL,Seattle Seahawks,OFF,7,True,False
2021,16,ADL,Seattle Seahawks,DEF,12,True,False
2021,16,ADL,Buffalo Bills,OFF,7,True,False
2021,16,ADL,Buffalo Bills,DEF,12,True,False
2021,16,ADL,Miami Dolphins,OFF,5,False,False
2021,16,ADL,Miami Dolphins,DEF,9,False,False
2021,16,ADL,New England Patriots,OFF,7,True,False
2021,16,ADL,New England Patriots,DEF,12,True,False
2021,16,ADL,New York Jets,OFF,7,True,False
2021,16,ADL,New York Jets,DEF,12,True,False
2021,16,ADL,Baltimore Ravens,OFF,7,True,False
2021,16,ADL,Baltimore Ravens,DEF,12,True,False
2021,16,ADL,Cincinnati Bengals,OFF,7,True,False
2021,16,ADL,Cincinnati Bengals,DEF,12,True,False
2021,16,ADL,Cleveland Browns,OFF,7,True,False
2021,16,ADL,Cleveland Browns,DEF,9,False,False
2021,16,ADL,Pittsburgh Steelers,OFF,7,True,False
2021,16,ADL,Pittsburgh Steelers,DEF,12,True,False
2021,16,ADL,Houston Texans,OFF,7,True,False
2021,16,ADL,Houston Texans,DEF,12,True,False
2021,16,ADL,Indianapolis Colts,OFF,7,True,False
2021,16,ADL,Indianapolis Colts,DEF,12,True,False
2021,16,ADL,Jacksonville Jaguars,OFF,7,True,False
2021,16,ADL,Jacksonville Jaguars,DEF,12,True,False
2021,16,ADL,Tennessee Titans,OFF,7,True,False
2021,16,ADL,Tennessee Titans,DEF,12,True,False
2021,16,ADL,Denver Broncos,OFF,7,True,False
2021,16,ADL,Denver Broncos,DEF,12,True,False
2021,16,ADL,Kansas City Chiefs,OFF,7,True,False
2021,16,ADL,Kansas City Chiefs,DEF,12,True,False
2021,16,ADL,Las Vegas Raiders,OFF,7,True,False
2021,16,ADL,Las Vegas Raiders,DEF,12,True,False
2021,16,ADL,Los Angeles Chargers,OFF,7,True,False
2021,16,ADL,Los Angeles Chargers,DEF,12,True,False
2021,17,ADL,Dallas Cowboys,OFF,7,True,False
2021,17,ADL,Dallas Cowboys,DEF,12,True,False
2021,17,ADL,New York Giants,OFF,7,True,False
2021,17,ADL,New York Giants,DEF,12,True,False
2021,17,ADL,Philadelphia Eagles,OFF,7,True,False
2021,17,ADL,Philadelphia Eagles,DEF,12,True,False
2021,17,ADL,Washington Football Team,OFF,7,True,False
2021,17,ADL,Washington Football Team,DEF,12,True,False
2021,17,ADL,Chicago Bears,OFF,7,True,False
2021,17,ADL,Chicago Bears,DEF,12,True,False
2021,17,ADL,Detroit Lions,OFF,7,True,False
2021,17,ADL,Detroit Lions,DEF,12,True,False
2021,17,ADL,Green Bay Packers,OFF,7,True,False
2021,17,ADL,Green Bay Packers,DEF,12,True,False
2021,17,ADL,Minnesota Vikings,OFF,7,True,False
2021,17,ADL,Minnesota Vikings,DEF,12,True,False
2021,17,ADL,Atlanta Falcons,OFF,7,True,False
2021,17,ADL,Atlanta Falcons,DEF,12,True,False
2021,17,ADL,Carolina Panthers,OFF,7,True,False
2021,17,ADL,Carolina Panthers,DEF,12,True,False
2021,17,ADL,New Orleans Saints,OFF,6,False,False
2021,17,ADL,New Orleans Saints,DEF,8,False,False
2021,17,ADL,Tampa Bay Buccaneers,OFF,7,True,False
2021,17,ADL,Tampa Bay Buccaneers,DEF,12,True,False
2021,17,ADL,Arizona Cardinals,OFF,7,True,False
2021,17,ADL,Arizona Cardinals,DEF,12,True,False
2021,17,ADL,Los Angeles Rams,OFF,7,True,False
2021,17,ADL,Los Angeles Rams,DEF,12,True,False
2021,17,ADL,San Francisco 49ers,OFF,7,True,False
2021,17,ADL,San Francisco 49ers,DEF,12,True,False
2021,17,ADL,Seattle Seahawks,OFF,7,True,False
2021,17,ADL,Seattle Seahawks,DEF,12,True,False
2021,17,ADL,Buffalo Bills,OFF,7,True,False
2021,17,ADL,Buffalo Bills,DEF,12,True,False
2021,17,ADL,Miami Dolphins,OFF,5,False,False
2021,17,ADL,Miami Dolphins,DEF,9,False,False
2021,17,ADL,New England Patriots,OFF,7,True,False
2021,17,ADL,New England Patriots,DEF,12,True,False
2021,17,ADL,New York Jets,OFF,7,True,False
2021,17,ADL,New York Jets,DEF,12,True,False
2021,17,ADL,Baltimore Ravens,OFF,7,True,False
2021,17,ADL,Baltimore Ravens,DEF,12,True,False
2021,17,ADL,Cincinnati Bengals,OFF,7,True,False
2021,17,ADL,Cincinnati Bengals,DEF,12,True,False
2021,17,ADL,Cleveland Browns,OFF,7,True,False
2021,17,ADL,Cleveland Browns,DEF,12,True,False
2021,17,ADL,Pittsburgh Steelers,OFF,7,True,False
2021,17,ADL,Pittsburgh Steelers,DEF,12,True,False
2021,17,ADL,Houston Texans,OFF,7,True,False
2021,17,ADL,Houston Texans,DEF,12,True,False
2021,17,ADL,Indianapolis Colts,OFF,7,True,False
2021,17,ADL,Indianapolis Colts,DEF,12,True,False
2021,17,ADL,Jacksonville Jaguars,OFF,7,True,False
2021,17,ADL,Jacksonville Jaguars,DEF,12,True,False
2021,17,ADL,Tennessee Titans,OFF,7,True,False
2021,17,ADL,Tennessee Titans,DEF,12,True,False
2021,17,ADL,Denver Broncos,OFF,7,True,False
2021,17,ADL,Denver Broncos,DEF,12,True,False
2021,17,ADL,Kansas City Chiefs,OFF,7,True,False
2021,17,ADL,Kansas City Chiefs,DEF,12,True,False
2021,17,ADL,Las Vegas Raiders,OFF,7,True,False
2021,17,ADL,Las Vegas Raiders,DEF,12,True,False
2021,17,ADL,Los Angeles Chargers,OFF,7,True,False
2021,17,ADL,Los Angeles Chargers,DEF,12,True,False
2022,1,NFL,NYJ,OFF,7,True,False
2022,1,NFL,NYJ,DEF,12,True,False
2022,1,NFL,BAL,OFF,7,True,True
2022,1,NFL,BAL,DEF,12,True,False
2022,1,NFL,LA,OFF,7,True,False
2022,1,NFL,LA,DEF,12,True,False
2022,1,NFL,BUF,OFF,7,True,False
2022,1,NFL,BUF,DEF,12,True,False
2022,1,NFL,CAR,OFF,7,True,False
2022,1,NFL,CAR,DEF,12,True,False
2022,1,NFL,CLE,OFF,7,True,False
2022,1,NFL,CLE,DEF,12,True,False
2022,1,NFL,SEA,OFF,7,True,False
2022,1,NFL,SEA,DEF,12,True,False
2022,1,NFL,DEN,OFF,7,True,False
2022,1,NFL,DEN,DEF,12,True,True
2022,1,NFL,MIN,OFF,7,True,False
2022,1,NFL,MIN,DEF,12,True,False
2022,1,NFL,GB,OFF,7,True,False
2022,1,NFL,GB,DEF,12,True,False
2022,1,NFL,HOU,OFF,7,True,False
2022,1,NFL,HOU,DEF,12,True,False
2022,1,NFL,IND,OFF,7,True,False
2022,1,NFL,IND,DEF,12,True,True
2022,1,NFL,WAS,OFF,7,True,False
2022,1,NFL,WAS,DEF,12,True,True
2022,1,NFL,JAX,OFF,7,True,False
2022,1,NFL,JAX,DEF,12,True,False
2022,1,NFL,ARI,OFF,7,True,False
2022,1,NFL,ARI,DEF,12,True,False
2022,1,NFL,KC,OFF,7,True,True
2022,1,NFL,KC,DEF,12,True,False
2022,1,NFL,LAC,OFF,7,True,False
2022,1,NFL,LAC,DEF,12,True,True
2022,1,NFL,LV,OFF,7,True,False
2022,1,NFL,LV,DEF,12,True,False
2022,1,NFL,MIA,OFF,7,True,True
2022,1,NFL,MIA,DEF,12,True,False
2022,1,NFL,NE,OFF,7,True,False
2022,1,NFL,NE,DEF,12,True,False
2022,1,NFL,ATL,OFF,7,True,False
2022,1,NFL,ATL,DEF,12,True,False
2022,1,NFL,NO,OFF,7,True,False
2022,1,NFL,NO,DEF,12,True,False
2022,1,NFL,TEN,OFF,7,True,False
2022,1,NFL,TEN,DEF,12,True,False
2022,1,NFL,NYG,OFF,7,True,False
2022,1,NFL,NYG,DEF,12,True,False
2022,1,NFL,DET,OFF,7,True,True
2022,1,NFL,DET,DEF,12,True,False
2022,1,NFL,PHI,OFF,7,True,False
2022,1,NFL,PHI,DEF,12,True,False
2022,1,NFL,CIN,OFF,7,True,False
2022,1,NFL,CIN,DEF,12,True,False
2022,1,NFL,PIT,OFF,7,True,False
2022,1,NFL,PIT,DEF,12,True,False
2022,1,NFL,CHI,OFF,7,True,False
2022,1,NFL,CHI,DEF,12,True,False
2022,1,NFL,SF,OFF,7,True,False
2022,1,NFL,SF,DEF,12,True,False
2022,1,NFL,DAL,OFF,7,True,False
2022,1,NFL,DAL,DEF,12,True,False
2022,1,NFL,TB,OFF,7,True,True
2022,1,NFL,TB,DEF,12,True,False
2022,2,NFL,LV,OFF,7,True,False
2022,2,NFL,LV,DEF,12,True,False
2022,2,NFL,ARI,OFF,7,True,False
2022,2,NFL,ARI,DEF,12,True,False
2022,2,NFL,LA,OFF,7,True,False
2022,2,NFL,LA,DEF,12,True,True
2022,2,NFL,ATL,OFF,7,True,False
2022,2,NFL,ATL,DEF,12,True,False
2022,2,NFL,NYG,OFF,7,True,False
2022,2,NFL,NYG,DEF,12,True,False
2022,2,NFL,CAR,OFF,7,True,False
2022,2,NFL,CAR,DEF,12,True,False
2022,2,NFL,GB,OFF,7,True,False
2022,2,NFL,GB,DEF,12,True,False
2022,2,NFL,CHI,OFF,7,True,False
2022,2,NFL,CHI,DEF,12,True,False
2022,2,NFL,DAL,OFF,7,True,False
2022,2,NFL,DAL,DEF,12,True,False
2022,2,NFL,CIN,OFF,7,True,False
2022,2,NFL,CIN,DEF,12,True,False
2022,2,NFL,DEN,OFF,7,True,False
2022,2,NFL,DEN,DEF,12,True,False
2022,2,NFL,HOU,OFF,7,True,True
2022,2,NFL,HOU,DEF,12,True,False
2022,2,NFL,JAX,OFF,7,True,False
2022,2,NFL,JAX,DEF,12,True,False
2022,2,NFL,IND,OFF,7,True,False
2022,2,NFL,IND,DEF,12,True,False
2022,2,NFL,KC,OFF,7,True,False
2022,2,NFL,KC,DEF,12,True,False
2022,2,NFL,LAC,OFF,7,True,False
2022,2,NFL,LAC,DEF,12,True,False
2022,2,NFL,BAL,OFF,7,True,False
2022,2,NFL,BAL,DEF,12,True,False
2022,2,NFL,MIA,OFF,7,True,False
2022,2,NFL,MIA,DEF,12,True,False
2022,2,NFL,PHI,OFF,7,True,False
2022,2,NFL,PHI,DEF,12,True,False
2022,2,NFL,MIN,OFF,7,True,False
2022,2,NFL,MIN,DEF,12,True,False
2022,2,NFL,PIT,OFF,7,True,False
2022,2,NFL,PIT,DEF,12,True,False
2022,2,NFL,NE,OFF,7,True,False
2022,2,NFL,NE,DEF,12,True,False
2022,2,NFL,CLE,OFF,7,True,False
2022,2,NFL,CLE,DEF,12,True,False
2022,2,NFL,NYJ,OFF,7,True,False
2022,2,NFL,NYJ,DEF,12,True,False
2022,2,NFL,SF,OFF,7,True,False
2022,2,NFL,SF,DEF,12,True,False
2022,2,NFL,SEA,OFF,7,True,False
2022,2,NFL,SEA,DEF,12,True,False
2022,2,NFL,NO,OFF,7,True,False
2022,2,NFL,NO,DEF,12,True,False
2022,2,NFL,TB,OFF,7,True,False
2022,2,NFL,TB,DEF,12,True,True
2022,2,NFL,BUF,OFF,7,True,False
2022,2,NFL,BUF,DEF,12,True,False
2022,2,NFL,TEN,OFF,7,True,False
2022,2,NFL,TEN,DEF,12,True,False
2022,2,NFL,DET,OFF,7,True,False
2022,2,NFL,DET,DEF,12,True,False
2022,2,NFL,WAS,OFF,7,True,False
2022,2,NFL,WAS,DEF,12,True,False
2022,3,NFL,SEA,OFF,7,True,False
2022,3,NFL,SEA,DEF,12,True,False
2022,3,NFL,ATL,OFF,7,True,False
2022,3,NFL,ATL,DEF,12,True,False
2022,3,NFL,NE,OFF,7,True,False
2022,3,NFL,NE,DEF,12,True,False
2022,3,NFL,BAL,OFF,7,True,False
2022,3,NFL,BAL,DEF,12,True,False
2022,3,NFL,MIA,OFF,7,True,False
2022,3,NFL,MIA,DEF,12,True,False
2022,3,NFL,BUF,OFF,7,True,False
2022,3,NFL,BUF,DEF,12,True,False
2022,3,NFL,NYJ,OFF,7,True,False
2022,3,NFL,NYJ,DEF,12,True,False
2022,3,NFL,CIN,OFF,7,True,False
2022,3,NFL,CIN,DEF,12,True,False
2022,3,NFL,NYG,OFF,7,True,False
2022,3,NFL,NYG,DEF,12,True,True
2022,3,NFL,DAL,OFF,7,True,False
2022,3,NFL,DAL,DEF,12,True,True
2022,3,NFL,MIN,OFF,7,True,True
2022,3,NFL,MIN,DEF,12,True,True
2022,3,NFL,DET,OFF,7,True,False
2022,3,NFL,DET,DEF,12,True,False
2022,3,NFL,TB,OFF,7,True,False
2022,3,NFL,TB,DEF,12,True,False
2022,3,NFL,GB,OFF,7,True,False
2022,3,NFL,GB,DEF,12,True,False
2022,3,NFL,CHI,OFF,7,True,True
2022,3,NFL,CHI,DEF,12,True,False
2022,3,NFL,HOU,OFF,7,True,False
2022,3,NFL,HOU,DEF,12,True,False
2022,3,NFL,LAC,OFF,7,True,False
2022,3,NFL,LAC,DEF,12,True,False
2022,3,NFL,JAX,OFF,7,True,False
2022,3,NFL,JAX,DEF,12,True,False
2022,3,NFL,IND,OFF,7,True,False
2022,3,NFL,IND,DEF,12,True,False
2022,3,NFL,KC,OFF,7,True,False
2022,3,NFL,KC,DEF,12,True,False
2022,3,NFL,ARI,OFF,7,True,False
2022,3,NFL,ARI,DEF,12,True,False
2022,3,NFL,LA,OFF,7,True,False
2022,3,NFL,LA,DEF,12,True,False
2022,3,NFL,TEN,OFF,7,True,False
2022,3,NFL,TEN,DEF,12,True,False
2022,3,NFL,LV,OFF,7,True,False
2022,3,NFL,LV,DEF,12,True,False
2022,3,NFL,CAR,OFF,7,True,False
2022,3,NFL,CAR,DEF,12,True,False
2022,3,NFL,NO,OFF,7,True,False
2022,3,NFL,NO,DEF,12,True,False
2022,3,NFL,WAS,OFF,7,True,False
2022,3,NFL,WAS,DEF,12,True,False
2022,3,NFL,PHI,OFF,7,True,False
2022,3,NFL,PHI,DEF,12,True,False
2022,3,NFL,CLE,OFF,7,True,False
2022,3,NFL,CLE,DEF,12,True,False
2022,3,NFL,PIT,OFF,7,True,False
2022,3,NFL,PIT,DEF,12,True,False
2022,3,NFL,DEN,OFF,7,True,False
2022,3,NFL,DEN,DEF,12,True,False
2022,3,NFL,SF,OFF,7,True,False
2022,3,NFL,SF,DEF,12,True,False
2022,4,NFL,CAR,OFF,7,True,False
2022,4,NFL,CAR,DEF,12,True,False
2022,4,NFL,ARI,OFF,7,True,False
2022,4,NFL,ARI,DEF,12,True,False
2022,4,NFL,BAL,OFF,7,True,False
2022,4,NFL,BAL,DEF,12,True,False
2022,4,NFL,BUF,OFF,7,True,True
2022,4,NFL,BUF,DEF,12,True,False
2022,4,NFL,NYG,OFF,7,True,False
2022,4,NFL,NYG,DEF,12,True,True
2022,4,NFL,CHI,OFF,7,True,True
2022,4,NFL,CHI,DEF,12,True,True
2022,4,NFL,ATL,OFF,7,True,False
2022,4,NFL,ATL,DEF,12,True,False
2022,4,NFL,CLE,OFF,7,True,False
2022,4,NFL,CLE,DEF,12,True,False
2022,4,NFL,LV,OFF,7,True,False
2022,4,NFL,LV,DEF,12,True,False
2022,4,NFL,DEN,OFF,7,True,False
2022,4,NFL,DEN,DEF,12,True,False
2022,4,NFL,PHI,OFF,7,True,False
2022,4,NFL,PHI,DEF,12,True,False
2022,4,NFL,JAX,OFF,7,True,False
2022,4,NFL,JAX,DEF,12,True,False
2022,4,NFL,TB,OFF,7,True,False
2022,4,NFL,TB,DEF,12,True,False
2022,4,NFL,KC,OFF,7,True,False
2022,4,NFL,KC,DEF,12,True,False
2022,4,NFL,HOU,OFF,7,True,False
2022,4,NFL,HOU,DEF,12,True,False
2022,4,NFL,LAC,OFF,7,True,False
2022,4,NFL,LAC,DEF,12,True,False
2022,4,NFL,SF,OFF,7,True,False
2022,4,NFL,SF,DEF,12,True,False
2022,4,NFL,LA,OFF,7,True,False
2022,4,NFL,LA,DEF,12,True,False
2022,4,NFL,CIN,OFF,7,True,False
2022,4,NFL,CIN,DEF,12,True,False
2022,4,NFL,MIA,OFF,7,True,False
2022,4,NFL,MIA,DEF,12,True,False
2022,4,NFL,NO,OFF,7,True,False
2022,4,NFL,NO,DEF,12,True,False
2022,4,NFL,MIN,OFF,7,True,False
2022,4,NFL,MIN,DEF,12,True,False
2022,4,NFL,GB,OFF,7,True,False
2022,4,NFL,GB,DEF,12,True,False
2022,4,NFL,NE,OFF,7,True,True
2022,4,NFL,NE,DEF,12,True,False
2022,4,NFL,PIT,OFF,7,True,False
2022,4,NFL,PIT,DEF,12,True,True
2022,4,NFL,NYJ,OFF,7,True,True
2022,4,NFL,NYJ,DEF,12,True,False
2022,4,NFL,DET,OFF,7,True,False
2022,4,NFL,DET,DEF,12,True,False
2022,4,NFL,SEA,OFF,7,True,False
2022,4,NFL,SEA,DEF,12,True,False
2022,4,NFL,IND,OFF,7,True,False
2022,4,NFL,IND,DEF,12,True,False
2022,4,NFL,TEN,OFF,7,True,False
2022,4,NFL,TEN,DEF,12,True,False
2022,4,NFL,DAL,OFF,7,True,False
2022,4,NFL,DAL,DEF,12,True,False
2022,4,NFL,WAS,OFF,7,True,True
2022,4,NFL,WAS,DEF,12,True,True
2022,5,NFL,TB,OFF,7,True,False
2022,5,NFL,TB,DEF,12,True,False
2022,5,NFL,ATL,OFF,7,True,False
2022,5,NFL,ATL,DEF,12,True,False
2022,5,NFL,MIN,OFF,7,True,False
2022,5,NFL,MIN,DEF,12,True,False
2022,5,NFL,CHI,OFF,7,True,False
2022,5,NFL,CHI,DEF,12,True,False
2022,5,NFL,BAL,OFF,7,True,False
2022,5,NFL,BAL,DEF,12,True,False
2022,5,NFL,CIN,OFF,7,True,False
2022,5,NFL,CIN,DEF,12,True,False
2022,5,NFL,LA,OFF,7,True,False
2022,5,NFL,LA,DEF,12,True,False
2022,5,NFL,DAL,OFF,7,True,False
2022,5,NFL,DAL,DEF,12,True,False
2022,5,NFL,NE,OFF,7,True,False
2022,5,NFL,NE,DEF,12,True,False
2022,5,NFL,DET,OFF,7,True,False
2022,5,NFL,DET,DEF,12,True,False
2022,5,NFL,JAX,OFF,7,True,False
2022,5,NFL,JAX,DEF,12,True,False
2022,5,NFL,HOU,OFF,7,True,False
2022,5,NFL,HOU,DEF,12,True,False
2022,5,NFL,DEN,OFF,7,True,False
2022,5,NFL,DEN,DEF,12,True,False
2022,5,NFL,IND,OFF,7,True,False
2022,5,NFL,IND,DEF,12,True,False
2022,5,NFL,CLE,OFF,7,True,False
2022,5,NFL,CLE,DEF,12,True,False
2022,5,NFL,LAC,OFF,7,True,False
2022,5,NFL,LAC,DEF,12,True,False
2022,5,NFL,KC,OFF,7,True,True
2022,5,NFL,KC,DEF,12,True,False
2022,5,NFL,LV,OFF,7,True,False
2022,5,NFL,LV,DEF,12,True,False
2022,5,NFL,NYJ,OFF,7,True,False
2022,5,NFL,NYJ,DEF,12,True,False
2022,5,NFL,MIA,OFF,7,True,False
2022,5,NFL,MIA,DEF,12,True,False
2022,5,NFL,GB,OFF,7,True,False
2022,5,NFL,GB,DEF,12,True,False
2022,5,NFL,NYG,OFF,7,True,True
2022,5,NFL,NYG,DEF,12,True,True
2022,5,NFL,ARI,OFF,7,True,False
2022,5,NFL,ARI,DEF,12,True,False
2022,5,NFL,PHI,OFF,7,True,False
2022,5,NFL,PHI,DEF,12,True,False
2022,5,NFL,BUF,OFF,7,True,False
2022,5,NFL,BUF,DEF,12,True,False
2022,5,NFL,PIT,OFF,7,True,True
2022,5,NFL,PIT,DEF,12,True,False
2022,5,NFL,NO,OFF,7,True,False
2022,5,NFL,NO,DEF,12,True,False
2022,5,NFL,SEA,OFF,7,True,False
2022,5,NFL,SEA,DEF,12,True,False
2022,5,NFL,CAR,OFF,7,True,False
2022,5,NFL,CAR,DEF,12,True,False
2022,5,NFL,SF,OFF,7,True,False
2022,5,NFL,SF,DEF,12,True,False
2022,5,NFL,WAS,OFF,7,True,False
2022,5,NFL,WAS,DEF,12,True,False
2022,5,NFL,TEN,OFF,7,True,True
2022,5,NFL,TEN,DEF,12,True,False
2022,6,NFL,SEA,OFF,7,True,False
2022,6,NFL,SEA,DEF,12,True,True
2022,6,NFL,ARI,OFF,7,True,False
2022,6,NFL,ARI,DEF,12,True,True
2022,6,NFL,NYG,OFF,7,True,False
2022,6,NFL,NYG,DEF,12,True,False
2022,6,NFL,BAL,OFF,7,True,False
2022,6,NFL,BAL,DEF,12,True,False
2022,6,NFL,KC,OFF,7,True,True
2022,6,NFL,KC,DEF,12,True,True
2022,6,NFL,BUF,OFF,7,True,False
2022,6,NFL,BUF,DEF,12,True,True
2022,6,NFL,LA,OFF,7,True,False
2022,6,NFL,LA,DEF,12,True,True
2022,6,NFL,CAR,OFF,7,True,False
2022,6,NFL,CAR,DEF,12,True,False
2022,6,NFL,NO,OFF,7,True,False
2022,6,NFL,NO,DEF,12,True,False
2022,6,NFL,CIN,OFF,7,True,False
2022,6,NFL,CIN,DEF,12,True,False
2022,6,NFL,PHI,OFF,7,True,False
2022,6,NFL,PHI,DEF,12,True,False
2022,6,NFL,DAL,OFF,7,True,False
2022,6,NFL,DAL,DEF,12,True,False
2022,6,NFL,LAC,OFF,7,True,False
2022,6,NFL,LAC,DEF,12,True,False
2022,6,NFL,DEN,OFF,7,True,False
2022,6,NFL,DEN,DEF,12,True,False
2022,6,NFL,IND,OFF,7,True,False
2022,6,NFL,IND,DEF,12,True,False
2022,6,NFL,JAX,OFF,7,True,True
2022,6,NFL,JAX,DEF,12,True,False
2022,6,NFL,MIA,OFF,7,True,False
2022,6,NFL,MIA,DEF,12,True,False
2022,6,NFL,MIN,OFF,7,True,False
2022,6,NFL,MIN,DEF,12,True,False
2022,6,NFL,CLE,OFF,7,True,False
2022,6,NFL,CLE,DEF,12,True,False
2022,6,NFL,NE,OFF,7,True,False
2022,6,NFL,NE,DEF,12,True,False
2022,6,NFL,GB,OFF,7,True,False
2022,6,NFL,GB,DEF,12,True,False
2022,6,NFL,NYJ,OFF,7,True,False
2022,6,NFL,NYJ,DEF,12,True,False
2022,6,NFL,ATL,OFF,7,True,False
2022,6,NFL,ATL,DEF,12,True,False
2022,6,NFL,SF,OFF,7,True,False
2022,6,NFL,SF,DEF,12,True,False
2022,6,NFL,PIT,OFF,7,True,False
2022,6,NFL,PIT,DEF,12,True,False
2022,6,NFL,TB,OFF,7,True,False
2022,6,NFL,TB,DEF,12,True,False
2022,6,NFL,CHI,OFF,7,True,False
2022,6,NFL,CHI,DEF,12,True,False
2022,6,NFL,WAS,OFF,7,True,False
2022,6,NFL,WAS,DEF,12,True,False
2022,7,NFL,CIN,OFF,7,True,False
2022,7,NFL,CIN,DEF,12,True,True
2022,7,NFL,ATL,OFF,7,True,False
2022,7,NFL,ATL,DEF,12,True,False
2022,7,NFL,NE,OFF,7,True,False
2022,7,NFL,NE,DEF,12,True,False
2022,7,NFL,CHI,OFF,7,True,False
2022,7,NFL,CHI,DEF,12,True,False
2022,7,NFL,BAL,OFF,7,True,False
2022,7,NFL,BAL,DEF,12,True,False
2022,7,NFL,CLE,OFF,7,True,False
2022,7,NFL,CLE,DEF,12,True,False
2022,7,NFL,DAL,OFF,7,True,False
2022,7,NFL,DAL,DEF,12,True,False
2022,7,NFL,DET,OFF,7,True,False
2022,7,NFL,DET,DEF,12,True,True
2022,7,NFL,WAS,OFF,7,True,False
2022,7,NFL,WAS,DEF,12,True,False
2022,7,NFL,GB,OFF,7,True,False
2022,7,NFL,GB,DEF,12,True,False
2022,7,NFL,LV,OFF,7,True,False
2022,7,NFL,LV,DEF,12,True,False
2022,7,NFL,HOU,OFF,7,True,False
2022,7,NFL,HOU,DEF,12,True,False
2022,7,NFL,TEN,OFF,7,True,False
2022,7,NFL,TEN,DEF,12,True,False
2022,7,NFL,IND,OFF,7,True,False
2022,7,NFL,IND,DEF,12,True,False
2022,7,NFL,SF,OFF,7,True,False
2022,7,NFL,SF,DEF,12,True,False
2022,7,NFL,KC,OFF,7,True,False
2022,7,NFL,KC,DEF,12,True,False
2022,7,NFL,ARI,OFF,7,True,False
2022,7,NFL,ARI,DEF,12,True,False
2022,7,NFL,NO,OFF,7,True,False
2022,7,NFL,NO,DEF,12,True,False
2022,7,NFL,JAX,OFF,7,True,False
2022,7,NFL,JAX,DEF,12,True,False
2022,7,NFL,NYG,OFF,7,True,False
2022,7,NFL,NYG,DEF,12,True,False
2022,7,NFL,DEN,OFF,7,True,False
2022,7,NFL,DEN,DEF,12,True,False
2022,7,NFL,NYJ,OFF,7,True,False
2022,7,NFL,NYJ,DEF,12,True,False
2022,7,NFL,MIA,OFF,7,True,False
2022,7,NFL,MIA,DEF,12,True,False
2022,7,NFL,PIT,OFF,7,True,False
2022,7,NFL,PIT,DEF,12,True,True
2022,7,NFL,LAC,OFF,7,True,False
2022,7,NFL,LAC,DEF,12,True,False
2022,7,NFL,SEA,OFF,7,True,False
2022,7,NFL,SEA,DEF,12,True,False
2022,7,NFL,CAR,OFF,7,True,False
2022,7,NFL,CAR,DEF,12,True,False
2022,7,NFL,TB,OFF,7,True,False
2022,7,NFL,TB,DEF,12,True,False
2022,8,NFL,MIN,OFF,7,True,False
2022,8,NFL,MIN,DEF,12,True,False
2022,8,NFL,ARI,OFF,7,True,False
2022,8,NFL,ARI,DEF,12,True,False
2022,8,NFL,TB,OFF,7,True,False
2022,8,NFL,TB,DEF,12,True,False
2022,8,NFL,BAL,OFF,7,True,False
2022,8,NFL,BAL,DEF,12,True,False
2022,8,NFL,ATL,OFF,7,True,False
2022,8,NFL,ATL,DEF,12,True,False
2022,8,NFL,CAR,OFF,7,True,False
2022,8,NFL,CAR,DEF,12,True,False
2022,8,NFL,DAL,OFF,7,True,False
2022,8,NFL,DAL,DEF,12,True,False
2022,8,NFL,CHI,OFF,7,True,True
2022,8,NFL,CHI,DEF,12,True,False
2022,8,NFL,CLE,OFF,7,True,False
2022,8,NFL,CLE,DEF,12,True,False
2022,8,NFL,CIN,OFF,7,True,False
2022,8,NFL,CIN,DEF,12,True,False
2022,8,NFL,JAX,OFF,7,True,False
2022,8,NFL,JAX,DEF,12,True,False
2022,8,NFL,DEN,OFF,7,True,False
2022,8,NFL,DEN,DEF,12,True,False
2022,8,NFL,BUF,OFF,7,True,False
2022,8,NFL,BUF,DEF,12,True,False
2022,8,NFL,GB,OFF,7,True,True
2022,8,NFL,GB,DEF,12,True,True
2022,8,NFL,NO,OFF,7,True,False
2022,8,NFL,NO,DEF,12,True,False
2022,8,NFL,LV,OFF,7,True,False
2022,8,NFL,LV,DEF,12,True,False
2022,8,NFL,DET,OFF,7,True,False
2022,8,NFL,DET,DEF,12,True,False
2022,8,NFL,MIA,OFF,7,True,False
2022,8,NFL,MIA,DEF,12,True,False
2022,8,NFL,NYJ,OFF,7,True,False
2022,8,NFL,NYJ,DEF,12,True,False
2022,8,NFL,NE,OFF,7,True,False
2022,8,NFL,NE,DEF,12,True,False
2022,8,NFL,SEA,OFF,7,True,False
2022,8,NFL,SEA,DEF,12,True,False
2022,8,NFL,NYG,OFF,7,True,False
2022,8,NFL,NYG,DEF,12,True,True
2022,8,NFL,PHI,OFF,7,True,False
2022,8,NFL,PHI,DEF,12,True,False
2022,8,NFL,PIT,OFF,7,True,False
2022,8,NFL,PIT,DEF,12,True,False
2022,8,NFL,LA,OFF,7,True,False
2022,8,NFL,LA,DEF,12,True,True
2022,8,NFL,SF,OFF,7,True,True
2022,8,NFL,SF,DEF,12,True,False
2022,8,NFL,HOU,OFF,7,True,False
2022,8,NFL,HOU,DEF,12,True,True
2022,8,NFL,TEN,OFF,7,True,False
2022,8,NFL,TEN,DEF,12,True,False
2022,8,NFL,IND,OFF,7,True,False
2022,8,NFL,IND,DEF,12,True,False
2022,8,NFL,WAS,OFF,7,True,True
2022,8,NFL,WAS,DEF,12,True,False
2022,9,NFL,NO,OFF,7,True,True
2022,9,NFL,NO,DEF,12,True,False
2022,9,NFL,BAL,OFF,7,True,False
2022,9,NFL,BAL,DEF,12,True,False
2022,9,NFL,NYJ,OFF,7,True,False
2022,9,NFL,NYJ,DEF,12,True,True
2022,9,NFL,BUF,OFF,7,True,False
2022,9,NFL,BUF,DEF,12,True,False
2022,9,NFL,CIN,OFF,7,True,False
2022,9,NFL,CIN,DEF,12,True,False
2022,9,NFL,CAR,OFF,7,True,False
2022,9,NFL,CAR,DEF,12,True,False
2022,9,NFL,DET,OFF,7,True,False
2022,9,NFL,DET,DEF,12,True,False
2022,9,NFL,GB,OFF,7,True,False
2022,9,NFL,GB,DEF,12,True,False
2022,9,NFL,NE,OFF,7,True,False
2022,9,NFL,NE,DEF,12,True,False
2022,9,NFL,IND,OFF,7,True,False
2022,9,NFL,IND,DEF,12,True,False
2022,9,NFL,ATL,OFF,7,True,False
2022,9,NFL,ATL,DEF,12,True,False
2022,9,NFL,LAC,OFF,7,True,False
2022,9,NFL,LAC,DEF,12,True,False
2022,9,NFL,TB,OFF,7,True,False
2022,9,NFL,TB,DEF,12,True,False
2022,9,NFL,LA,OFF,7,True,False
2022,9,NFL,LA,DEF,12,True,False
2022,9,NFL,JAX,OFF,7,True,False
2022,9,NFL,JAX,DEF,12,True,False
2022,9,NFL,LV,OFF,7,True,False
2022,9,NFL,LV,DEF,12,True,False
2022,9,NFL,CHI,OFF,7,True,False
2022,9,NFL,CHI,DEF,12,True,False
2022,9,NFL,MIA,OFF,7,True,True
2022,9,NFL,MIA,DEF,12,True,False
2022,9,NFL,WAS,OFF,7,True,False
2022,9,NFL,WAS,DEF,12,True,False
2022,9,NFL,MIN,OFF,7,True,False
2022,9,NFL,MIN,DEF,12,True,False
2022,9,NFL,HOU,OFF,7,True,False
2022,9,NFL,HOU,DEF,12,True,False
2022,9,NFL,PHI,OFF,7,True,False
2022,9,NFL,PHI,DEF,12,True,False
2022,9,NFL,ARI,OFF,7,True,False
2022,9,NFL,ARI,DEF,12,True,False
2022,9,NFL,SEA,OFF,7,True,False
2022,9,NFL,SEA,DEF,12,True,False
2022,9,NFL,KC,OFF,7,True,False
2022,9,NFL,KC,DEF,12,True,True
2022,9,NFL,TEN,OFF,7,True,False
2022,9,NFL,TEN,DEF,12,True,True
2022,10,NFL,LA,OFF,7,True,False
2022,10,NFL,LA,DEF,12,True,False
2022,10,NFL,ARI,OFF,7,True,False
2022,10,NFL,ARI,DEF,12,True,False
2022,10,NFL,CAR,OFF,7,True,False
2022,10,NFL,CAR,DEF,12,True,False
2022,10,NFL,ATL,OFF,7,True,False
2022,10,NFL,ATL,DEF,12,True,False
2022,10,NFL,MIA,OFF,7,True,False
2022,10,NFL,MIA,DEF,12,True,False
2022,10,NFL,CLE,OFF,7,True,False
2022,10,NFL,CLE,DEF,12,True,False
2022,10,NFL,GB,OFF,7,True,False
2022,10,NFL,GB,DEF,12,True,False
2022,10,NFL,DAL,OFF,7,True,False
2022,10,NFL,DAL,DEF,12,True,True
2022,10,NFL,TEN,OFF,7,True,False
2022,10,NFL,TEN,DEF,12,True,False
2022,10,NFL,DEN,OFF,7,True,False
2022,10,NFL,DEN,DEF,12,True,False
2022,10,NFL,CHI,OFF,7,True,False
2022,10,NFL,CHI,DEF,12,True,False
2022,10,NFL,DET,OFF,7,True,False
2022,10,NFL,DET,DEF,12,True,False
2022,10,NFL,NYG,OFF,7,True,False
2022,10,NFL,NYG,DEF,12,True,False
2022,10,NFL,HOU,OFF,7,True,False
2022,10,NFL,HOU,DEF,12,True,False
2022,10,NFL,LV,OFF,7,True,False
2022,10,NFL,LV,DEF,12,True,False
2022,10,NFL,IND,OFF,7,True,False
2022,10,NFL,IND,DEF,12,True,False
2022,10,NFL,KC,OFF,7,True,False
2022,10,NFL,KC,DEF,12,True,False
2022,10,NFL,JAX,OFF,7,True,False
2022,10,NFL,JAX,DEF,12,True,False
2022,10,NFL,SF,OFF,7,True,False
2022,10,NFL,SF,DEF,12,True,False
2022,10,NFL,LAC,OFF,7,True,False
2022,10,NFL,LAC,DEF,12,True,False
2022,10,NFL,BUF,OFF,7,True,False
2022,10,NFL,BUF,DEF,12,True,False
2022,10,NFL,MIN,OFF,7,True,False
2022,10,NFL,MIN,DEF,12,True,False
2022,10,NFL,PIT,OFF,7,True,False
2022,10,NFL,PIT,DEF,12,True,False
2022,10,NFL,NO,OFF,7,True,True
2022,10,NFL,NO,DEF,12,True,False
2022,10,NFL,TB,OFF,7,True,False
2022,10,NFL,TB,DEF,12,True,False
2022,10,NFL,SEA,OFF,7,True,False
2022,10,NFL,SEA,DEF,12,True,False
2022,10,NFL,PHI,OFF,7,True,False
2022,10,NFL,PHI,DEF,12,True,False
2022,10,NFL,WAS,OFF,7,True,False
2022,10,NFL,WAS,DEF,12,True,False
2022,11,NFL,BAL,OFF,7,True,False
2022,11,NFL,BAL,DEF,12,True,False
2022,11,NFL,CAR,OFF,7,True,False
2022,11,NFL,CAR,DEF,12,True,False
2022,11,NFL,ATL,OFF,7,True,False
2022,11,NFL,ATL,DEF,12,True,False
2022,11,NFL,CHI,OFF,7,True,False
2022,11,NFL,CHI,DEF,12,True,False
2022,11,NFL,PIT,OFF,7,True,False
2022,11,NFL,PIT,DEF,12,True,False
2022,11,NFL,CIN,OFF,7,True,False
2022,11,NFL,CIN,DEF,12,True,False
2022,11,NFL,BUF,OFF,7,True,False
2022,11,NFL,BUF,DEF,12,True,False
2022,11,NFL,CLE,OFF,7,True,False
2022,11,NFL,CLE,DEF,12,True,False
2022,11,NFL,MIN,OFF,7,True,False
2022,11,NFL,MIN,DEF,12,True,False
2022,11,NFL,DAL,OFF,7,True,False
2022,11,NFL,DAL,DEF,12,True,False
2022,11,NFL,NYG,OFF,7,True,False
2022,11,NFL,NYG,DEF,12,True,False
2022,11,NFL,DET,OFF,7,True,False
2022,11,NFL,DET,DEF,12,True,False
2022,11,NFL,LAC,OFF,7,True,False
2022,11,NFL,LAC,DEF,12,True,False
2022,11,NFL,KC,OFF,7,True,False
2022,11,NFL,KC,DEF,12,True,True
2022,11,NFL,NO,OFF,7,True,False
2022,11,NFL,NO,DEF,12,True,False
2022,11,NFL,LA,OFF,7,True,False
2022,11,NFL,LA,DEF,12,True,False
2022,11,NFL,DEN,OFF,7,True,False
2022,11,NFL,DEN,DEF,12,True,False
2022,11,NFL,LV,OFF,7,True,False
2022,11,NFL,LV,DEF,12,True,False
2022,11,NFL,NE,OFF,7,True,False
2022,11,NFL,NE,DEF,12,True,False
2022,11,NFL,NYJ,OFF,7,True,False
2022,11,NFL,NYJ,DEF,12,True,False
2022,11,NFL,IND,OFF,7,True,False
2022,11,NFL,IND,DEF,12,True,False
2022,11,NFL,PHI,OFF,7,True,False
2022,11,NFL,PHI,DEF,12,True,False
2022,11,NFL,ARI,OFF,7,True,False
2022,11,NFL,ARI,DEF,12,True,False
2022,11,NFL,SF,OFF,7,True,False
2022,11,NFL,SF,DEF,12,True,False
2022,11,NFL,GB,OFF,7,True,False
2022,11,NFL,GB,DEF,12,True,False
2022,11,NFL,TEN,OFF,7,True,True
2022,11,NFL,TEN,DEF,12,True,False
2022,11,NFL,HOU,OFF,7,True,False
2022,11,NFL,HOU,DEF,12,True,False
2022,11,NFL,WAS,OFF,7,True,False
2022,11,NFL,WAS,DEF,12,True,False
2022,12,NFL,WAS,OFF,7,True,False
2022,12,NFL,WAS,DEF,12,True,False
2022,12,NFL,ATL,OFF,7,True,True
2022,12,NFL,ATL,DEF,12,True,False
2022,12,NFL,JAX,OFF,7,True,False
2022,12,NFL,JAX,DEF,12,True,False
2022,12,NFL,BAL,OFF,7,True,False
2022,12,NFL,BAL,DEF,12,True,True
2022,12,NFL,DET,OFF,7,True,False
2022,12,NFL,DET,DEF,12,True,False
2022,12,NFL,BUF,OFF,7,True,False
2022,12,NFL,BUF,DEF,12,True,False
2022,12,NFL,NYJ,OFF,7,True,False
2022,12,NFL,NYJ,DEF,12,True,False
2022,12,NFL,CHI,OFF,7,True,False
2022,12,NFL,CHI,DEF,12,True,False
2022,12,NFL,TEN,OFF,7,True,False
2022,12,NFL,TEN,DEF,12,True,False
2022,12,NFL,CIN,OFF,7,True,False
2022,12,NFL,CIN,DEF,12,True,False
2022,12,NFL,CAR,OFF,7,True,True
2022,12,NFL,CAR,DEF,12,True,False
2022,12,NFL,DEN,OFF,7,True,False
2022,12,NFL,DEN,DEF,12,True,True
2022,12,NFL,PHI,OFF,7,True,False
2022,12,NFL,PHI,DEF,12,True,False
2022,12,NFL,GB,OFF,7,True,False
2022,12,NFL,GB,DEF,12,True,False
2022,12,NFL,MIA,OFF,7,True,False
2022,12,NFL,MIA,DEF,12,True,False
2022,12,NFL,HOU,OFF,7,True,False
2022,12,NFL,HOU,DEF,12,True,False
2022,12,NFL,ARI,OFF,7,True,False
2022,12,NFL,ARI,DEF,12,True,False
2022,12,NFL,LAC,OFF,7,True,False
2022,12,NFL,LAC,DEF,12,True,False
2022,12,NFL,KC,OFF,7,True,False
2022,12,NFL,KC,DEF,12,True,False
2022,12,NFL,LA,OFF,7,True,True
2022,12,NFL,LA,DEF,12,True,False
2022,12,NFL,SEA,OFF,7,True,False
2022,12,NFL,SEA,DEF,12,True,False
2022,12,NFL,LV,OFF,7,True,False
2022,12,NFL,LV,DEF,12,True,False
2022,12,NFL,MIN,OFF,7,True,False
2022,12,NFL,MIN,DEF,12,True,False
2022,12,NFL,NE,OFF,7,True,False
2022,12,NFL,NE,DEF,12,True,False
2022,12,NFL,SF,OFF,7,True,False
2022,12,NFL,SF,DEF,12,True,False
2022,12,NFL,NO,OFF,7,True,False
2022,12,NFL,NO,DEF,12,True,True
2022,12,NFL,DAL,OFF,7,True,False
2022,12,NFL,DAL,DEF,12,True,False
2022,12,NFL,NYG,OFF,7,True,False
2022,12,NFL,NYG,DEF,12,True,False
2022,12,NFL,IND,OFF,7,True,True
2022,12,NFL,IND,DEF,12,True,False
2022,12,NFL,PIT,OFF,7,True,False
2022,12,NFL,PIT,DEF,12,True,False
2022,12,NFL,CLE,OFF,7,True,False
2022,12,NFL,CLE,DEF,12,True,True
2022,12,NFL,TB,OFF,7,True,False
2022,12,NFL,TB,DEF,12,True,False
2022,13,NFL,NE,OFF,7,True,False
2022,13,NFL,NE,DEF,12,True,True
2022,13,NFL,BUF,OFF,7,True,False
2022,13,NFL,BUF,DEF,12,True,False
2022,13,NFL,HOU,OFF,7,True,False
2022,13,NFL,HOU,DEF,12,True,False
2022,13,NFL,CLE,OFF,7,True,False
2022,13,NFL,CLE,DEF,12,True,False
2022,13,NFL,BAL,OFF,7,True,False
2022,13,NFL,BAL,DEF,12,True,True
2022,13,NFL,DEN,OFF,7,True,False
2022,13,NFL,DEN,DEF,12,True,False
2022,13,NFL,CHI,OFF,7,True,False
2022,13,NFL,CHI,DEF,12,True,False
2022,13,NFL,GB,OFF,7,True,False
2022,13,NFL,GB,DEF,12,True,False
2022,13,NFL,DAL,OFF,7,True,False
2022,13,NFL,DAL,DEF,12,True,False
2022,13,NFL,IND,OFF,7,True,False
2022,13,NFL,IND,DEF,12,True,False
2022,13,NFL,DET,OFF,7,True,True
2022,13,NFL,DET,DEF,12,True,True
2022,13,NFL,JAX,OFF,7,True,False
2022,13,NFL,JAX,DEF,12,True,False
2022,13,NFL,CIN,OFF,7,True,False
2022,13,NFL,CIN,DEF,12,True,False
2022,13,NFL,KC,OFF,7,True,False
2022,13,NFL,KC,DEF,12,True,True
2022,13,NFL,LV,OFF,7,True,False
2022,13,NFL,LV,DEF,12,True,False
2022,13,NFL,LAC,OFF,7,True,False
2022,13,NFL,LAC,DEF,12,True,False
2022,13,NFL,SF,OFF,7,True,False
2022,13,NFL,SF,DEF,12,True,False
2022,13,NFL,MIA,OFF,7,True,False
2022,13,NFL,MIA,DEF,12,True,False
2022,13,NFL,TB,OFF,7,True,False
2022,13,NFL,TB,DEF,12,True,False
2022,13,NFL,NO,OFF,7,True,False
2022,13,NFL,NO,DEF,12,True,True
2022,13,NFL,MIN,OFF,7,True,False
2022,13,NFL,MIN,DEF,12,True,False
2022,13,NFL,NYJ,OFF,7,True,False
2022,13,NFL,NYJ,DEF,12,True,False
2022,13,NFL,ATL,OFF,7,True,False
2022,13,NFL,ATL,DEF,12,True,False
2022,13,NFL,PIT,OFF,7,True,False
2022,13,NFL,PIT,DEF,12,True,False
2022,13,NFL,LA,OFF,7,True,False
2022,13,NFL,LA,DEF,12,True,False
2022,13,NFL,SEA,OFF,7,True,False
2022,13,NFL,SEA,DEF,12,True,False
2022,13,NFL,PHI,OFF,7,True,True
2022,13,NFL,PHI,DEF,12,True,True
2022,13,NFL,TEN,OFF,7,True,True
2022,13,NFL,TEN,DEF,12,True,True
2022,13,NFL,NYG,OFF,7,True,False
2022,13,NFL,NYG,DEF,12,True,False
2022,13,NFL,WAS,OFF,7,True,False
2022,13,NFL,WAS,DEF,12,True,False
2022,14,NFL,PIT,OFF,7,True,False
2022,14,NFL,PIT,DEF,12,True,False
2022,14,NFL,BAL,OFF,7,True,False
2022,14,NFL,BAL,DEF,12,True,False
2022,14,NFL,SEA,OFF,7,True,False
2022,14,NFL,SEA,DEF,12,True,False
2022,14,NFL,CAR,OFF,7,True,False
2022,14,NFL,CAR,DEF,12,True,False
2022,14,NFL,CIN,OFF,7,True,False
2022,14,NFL,CIN,DEF,12,True,False
2022,14,NFL,CLE,OFF,7,True,False
2022,14,NFL,CLE,DEF,12,True,False
2022,14,NFL,DAL,OFF,7,True,False
2022,14,NFL,DAL,DEF,12,True,False
2022,14,NFL,HOU,OFF,7,True,False
2022,14,NFL,HOU,DEF,12,True,False
2022,14,NFL,TEN,OFF,7,True,False
2022,14,NFL,TEN,DEF,12,True,False
2022,14,NFL,JAX,OFF,7,True,False
2022,14,NFL,JAX,DEF,12,True,False
2022,14,NFL,DEN,OFF,7,True,True
2022,14,NFL,DEN,DEF,12,True,False
2022,14,NFL,KC,OFF,7,True,False
2022,14,NFL,KC,DEF,12,True,False
2022,14,NFL,LA,OFF,7,True,False
2022,14,NFL,LA,DEF,12,True,False
2022,14,NFL,LV,OFF,7,True,False
2022,14,NFL,LV,DEF,12,True,False
2022,14,NFL,LAC,OFF,7,True,False
2022,14,NFL,LAC,DEF,12,True,False
2022,14,NFL,MIA,OFF,7,True,True
2022,14,NFL,MIA,DEF,12,True,False
2022,14,NFL,DET,OFF,7,True,False
2022,14,NFL,DET,DEF,12,True,False
2022,14,NFL,MIN,OFF,7,True,False
2022,14,NFL,MIN,DEF,12,True,False
2022,14,NFL,ARI,OFF,7,True,False
2022,14,NFL,ARI,DEF,12,True,False
2022,14,NFL,NE,OFF,7,True,False
2022,14,NFL,NE,DEF,12,True,True
2022,14,NFL,BUF,OFF,7,True,False
2022,14,NFL,BUF,DEF,12,True,False
2022,14,NFL,NYJ,OFF,7,True,False
2022,14,NFL,NYJ,DEF,12,True,False
2022,14,NFL,NYG,OFF,7,True,False
2022,14,NFL,NYG,DEF,12,True,False
2022,14,NFL,PHI,OFF,7,True,False
2022,14,NFL,PHI,DEF,12,True,True
2022,14,NFL,SF,OFF,7,True,False
2022,14,NFL,SF,DEF,12,True,False
2022,14,NFL,TB,OFF,7,True,False
2022,14,NFL,TB,DEF,12,True,False
2022,15,NFL,DEN,OFF,7,True,False
2022,15,NFL,DEN,DEF,12,True,False
2022,15,NFL,ARI,OFF,7,True,False
2022,15,NFL,ARI,DEF,12,True,False
2022,15,NFL,NO,OFF,7,True,False
2022,15,NFL,NO,DEF,12,True,False
2022,15,NFL,ATL,OFF,7,True,False
2022,15,NFL,ATL,DEF,12,True,False
2022,15,NFL,CLE,OFF,7,True,False
2022,15,NFL,CLE,DEF,12,True,False
2022,15,NFL,BAL,OFF,7,True,False
2022,15,NFL,BAL,DEF,12,True,False
2022,15,NFL,TB,OFF,7,True,True
2022,15,NFL,TB,DEF,12,True,False
2022,15,NFL,CIN,OFF,7,True,False
2022,15,NFL,CIN,DEF,12,True,False
2022,15,NFL,JAX,OFF,7,True,True
2022,15,NFL,JAX,DEF,12,True,False
2022,15,NFL,DAL,OFF,7,True,False
2022,15,NFL,DAL,DEF,12,True,False
2022,15,NFL,NYJ,OFF,7,True,False
2022,15,NFL,NYJ,DEF,12,True,False
2022,15,NFL,DET,OFF,7,True,False
2022,15,NFL,DET,DEF,12,True,False
2022,15,NFL,MIN,OFF,7,True,False
2022,15,NFL,MIN,DEF,12,True,False
2022,15,NFL,IND,OFF,7,True,False
2022,15,NFL,IND,DEF,12,True,False
2022,15,NFL,HOU,OFF,7,True,False
2022,15,NFL,HOU,DEF,12,True,False
2022,15,NFL,KC,OFF,7,True,False
2022,15,NFL,KC,DEF,12,True,False
2022,15,NFL,GB,OFF,7,True,False
2022,15,NFL,GB,DEF,12,True,False
2022,15,NFL,LA,OFF,7,True,False
2022,15,NFL,LA,DEF,12,True,False
2022,15,NFL,BUF,OFF,7,True,False
2022,15,NFL,BUF,DEF,12,True,False
2022,15,NFL,MIA,OFF,7,True,False
2022,15,NFL,MIA,DEF,12,True,True
2022,15,NFL,LV,OFF,7,True,False
2022,15,NFL,LV,DEF,12,True,False
2022,15,NFL,NE,OFF,7,True,False
2022,15,NFL,NE,DEF,12,True,False
2022,15,NFL,WAS,OFF,7,True,False
2022,15,NFL,WAS,DEF,12,True,False
2022,15,NFL,NYG,OFF,7,True,False
2022,15,NFL,NYG,DEF,12,True,False
2022,15,NFL,CHI,OFF,7,True,False
2022,15,NFL,CHI,DEF,12,True,False
2022,15,NFL,PHI,OFF,7,True,True
2022,15,NFL,PHI,DEF,12,True,False
2022,15,NFL,CAR,OFF,7,True,False
2022,15,NFL,CAR,DEF,12,True,False
2022,15,NFL,PIT,OFF,7,True,False
2022,15,NFL,PIT,DEF,12,True,False
2022,15,NFL,SEA,OFF,7,True,False
2022,15,NFL,SEA,DEF,12,True,False
2022,15,NFL,SF,OFF,7,True,False
2022,15,NFL,SF,DEF,12,True,False
2022,15,NFL,LAC,OFF,7,True,False
2022,15,NFL,LAC,DEF,12,True,False
2022,15,NFL,TEN,OFF,7,True,False
2022,15,NFL,TEN,DEF,12,True,False
2022,16,NFL,BAL,OFF,7,True,False
2022,16,NFL,BAL,DEF,12,True,False
2022,16,NFL,ATL,OFF,7,True,False
2022,16,NFL,ATL,DEF,12,True,False
2022,16,NFL,CHI,OFF,7,True,False
2022,16,NFL,CHI,DEF,12,True,False
2022,16,NFL,BUF,OFF,7,True,False
2022,16,NFL,BUF,DEF,12,True,False
2022,16,NFL,NE,OFF,7,True,False
2022,16,NFL,NE,DEF,12,True,False
2022,16,NFL,CIN,OFF,7,True,False
2022,16,NFL,CIN,DEF,12,True,False
2022,16,NFL,LA,OFF,7,True,False
2022,16,NFL,LA,DEF,12,True,False
2022,16,NFL,DEN,OFF,7,True,False
2022,16,NFL,DEN,DEF,12,True,True
2022,16,NFL,CAR,OFF,7,True,False
2022,16,NFL,CAR,DEF,12,True,False
2022,16,NFL,DET,OFF,7,True,False
2022,16,NFL,DET,DEF,12,True,False
2022,16,NFL,MIA,OFF,7,True,False
2022,16,NFL,MIA,DEF,12,True,False
2022,16,NFL,GB,OFF,7,True,False
2022,16,NFL,GB,DEF,12,True,False
2022,16,NFL,TEN,OFF,7,True,False
2022,16,NFL,TEN,DEF,12,True,False
2022,16,NFL,HOU,OFF,7,True,False
2022,16,NFL,HOU,DEF,12,True,False
2022,16,NFL,NYJ,OFF,7,True,False
2022,16,NFL,NYJ,DEF,12,True,False
2022,16,NFL,JAX,OFF,7,True,False
2022,16,NFL,JAX,DEF,12,True,False
2022,16,NFL,IND,OFF,7,True,False
2022,16,NFL,IND,DEF,12,True,False
2022,16,NFL,LAC,OFF,7,True,False
2022,16,NFL,LAC,DEF,12,True,False
2022,16,NFL,PIT,OFF,7,True,False
2022,16,NFL,PIT,DEF,12,True,True
2022,16,NFL,LV,OFF,7,True,False
2022,16,NFL,LV,DEF,12,True,False
2022,16,NFL,CLE,OFF,7,True,False
2022,16,NFL,CLE,DEF,12,True,False
2022,16,NFL,NO,OFF,7,True,False
2022,16,NFL,NO,DEF,12,True,False
2022,16,NFL,MIN,OFF,7,True,False
2022,16,NFL,MIN,DEF,12,True,False
2022,16,NFL,NYG,OFF,7,True,False
2022,16,NFL,NYG,DEF,12,True,False
2022,16,NFL,DAL,OFF,7,True,False
2022,16,NFL,DAL,DEF,12,True,False
2022,16,NFL,PHI,OFF,7,True,False
2022,16,NFL,PHI,DEF,12,True,False
2022,16,NFL,KC,OFF,7,True,False
2022,16,NFL,KC,DEF,12,True,True
2022,16,NFL,SEA,OFF,7,True,False
2022,16,NFL,SEA,DEF,12,True,True
2022,16,NFL,ARI,OFF,7,True,False
2022,16,NFL,ARI,DEF,12,True,False
2022,16,NFL,TB,OFF,7,True,False
2022,16,NFL,TB,DEF,12,True,False
2022,16,NFL,SF,OFF,7,True,False
2022,16,NFL,SF,DEF,12,True,False
2022,16,NFL,WAS,OFF,7,True,False
2022,16,NFL,WAS,DEF,12,True,False
2022,17,NFL,ATL,OFF,7,True,False
2022,17,NFL,ATL,DEF,12,True,True
2022,17,NFL,ARI,OFF,7,True,False
2022,17,NFL,ARI,DEF,12,True,False
2022,17,NFL,TB,OFF,7,True,False
2022,17,NFL,TB,DEF,12,True,False
2022,17,NFL,CAR,OFF,7,True,False
2022,17,NFL,CAR,DEF,12,True,False
2022,17,NFL,DET,OFF,7,True,False
2022,17,NFL,DET,DEF,12,True,True
2022,17,NFL,CHI,OFF,7,True,False
2022,17,NFL,CHI,DEF,12,True,False
2022,17,NFL,WAS,OFF,7,True,False
2022,17,NFL,WAS,DEF,12,True,False
2022,17,NFL,CLE,OFF,7,True,False
2022,17,NFL,CLE,DEF,12,True,False
2022,17,NFL,TEN,OFF,7,True,False
2022,17,NFL,TEN,DEF,12,True,False
2022,17,NFL,DAL,OFF,7,True,False
2022,17,NFL,DAL,DEF,12,True,False
2022,17,NFL,KC,OFF,7,True,False
2022,17,NFL,KC,DEF,12,True,False
2022,17,NFL,DEN,OFF,7,True,False
2022,17,NFL,DEN,DEF,12,True,False
2022,17,NFL,NYG,OFF,7,True,False
2022,17,NFL,NYG,DEF,12,True,True
2022,17,NFL,IND,OFF,7,True,False
2022,17,NFL,IND,DEF,12,True,False
2022,17,NFL,HOU,OFF,7,True,False
2022,17,NFL,HOU,DEF,12,True,False
2022,17,NFL,JAX,OFF,7,True,False
2022,17,NFL,JAX,DEF,12,True,False
2022,17,NFL,LAC,OFF,7,True,False
2022,17,NFL,LAC,DEF,12,True,False
2022,17,NFL,LA,OFF,7,True,False
2022,17,NFL,LA,DEF,12,True,False
2022,17,NFL,NE,OFF,7,True,False
2022,17,NFL,NE,DEF,12,True,False
2022,17,NFL,MIA,OFF,7,True,True
2022,17,NFL,MIA,DEF,12,True,False
2022,17,NFL,GB,OFF,7,True,False
2022,17,NFL,GB,DEF,12,True,False
2022,17,NFL,MIN,OFF,7,True,False
2022,17,NFL,MIN,DEF,12,True,False
2022,17,NFL,PHI,OFF,7,True,False
2022,17,NFL,PHI,DEF,12,True,False
2022,17,NFL,NO,OFF,7,True,False
2022,17,NFL,NO,DEF,12,True,False
2022,17,NFL,SEA,OFF,7,True,True
2022,17,NFL,SEA,DEF,12,True,False
2022,17,NFL,NYJ,OFF,7,True,False
2022,17,NFL,NYJ,DEF,12,True,False
2022,17,NFL,BAL,OFF,7,True,False
2022,17,NFL,BAL,DEF,12,True,False
2022,17,NFL,PIT,OFF,7,True,True
2022,17,NFL,PIT,DEF,12,True,False
2022,17,NFL,LV,OFF,7,True,False
2022,17,NFL,LV,DEF,12,True,False
2022,17,NFL,SF,OFF,7,True,False
2022,17,NFL,SF,DEF,12,True,False
2022,1,ADL,Dallas Cowboys,OFF,7,True,False
2022,1,ADL,Dallas Cowboys,DEF,12,True,False
2022,1,ADL,New York Giants,OFF,7,True,False
2022,1,ADL,New York Giants,DEF,12,True,False
2022,1,ADL,Philadelphia Eagles,OFF,7,True,False
2022,1,ADL,Philadelphia Eagles,DEF,12,True,False
2022,1,ADL,Washington Commanders,OFF,7,True,False
2022,1,ADL,Washington Commanders,DEF,12,True,False
2022,1,ADL,Chicago Bears,OFF,7,True,False
2022,1,ADL,Chicago Bears,DEF,12,True,False
2022,1,ADL,Detroit Lions,OFF,7,True,False
2022,1,ADL,Detroit Lions,DEF,12,True,False
2022,1,ADL,Green Bay Packers,OFF,7,True,False
2022,1,ADL,Green Bay Packers,DEF,12,True,False
2022,1,ADL,Minnesota Vikings,OFF,7,True,False
2022,1,ADL,Minnesota Vikings,DEF,12,True,False
2022,1,ADL,Atlanta Falcons,OFF,7,True,False
2022,1,ADL,Atlanta Falcons,DEF,12,True,False
2022,1,ADL,Carolina Panthers,OFF,7,True,False
2022,1,ADL,Carolina Panthers,DEF,12,True,False
2022,1,ADL,New Orleans Saints,OFF,7,True,False
2022,1,ADL,New Orleans Saints,DEF,12,True,False
2022,1,ADL,Tampa Bay Buccaneers,OFF,7,True,False
2022,1,ADL,Tampa Bay Buccaneers,DEF,12,True,False
2022,1,ADL,Arizona Cardinals,OFF,7,True,False
2022,1,ADL,Arizona Cardinals,DEF,12,True,False
2022,1,ADL,Los Angeles Rams,OFF,7,True,False
2022,1,ADL,Los Angeles Rams,DEF,12,True,False
2022,1,ADL,San Francisco 49ers,OFF,7,True,False
2022,1,ADL,San Francisco 49ers,DEF,12,True,False
2022,1,ADL,Seattle Seahawks,OFF,7,True,False
2022,1,ADL,Seattle Seahawks,DEF,12,True,False
2022,1,ADL,Buffalo Bills,OFF,7,True,False
2022,1,ADL,Buffalo Bills,DEF,12,True,False
2022,1,ADL,Miami Dolphins,OFF,7,True,False
2022,1,ADL,Miami Dolphins,DEF,12,True,False
2022,1,ADL,New England Patriots,OFF,7,True,False
2022,1,ADL,New England Patriots,DEF,12,True,False
2022,1,ADL,New York Jets,OFF,7,True,False
2022,1,ADL,New York Jets,DEF,12,True,False
2022,1,ADL,Baltimore Ravens,OFF,7,True,False
2022,1,ADL,Baltimore Ravens,DEF,12,True,False
2022,1,ADL,Cincinnati Bengals,OFF,7,True,False
2022,1,ADL,Cincinnati Bengals,DEF,12,True,False
2022,1,ADL,Cleveland Browns,OFF,7,True,False
2022,1,ADL,Cleveland Browns,DEF,12,True,False
2022,1,ADL,Pittsburgh Steelers,OFF,7,True,False
2022,1,ADL,Pittsburgh Steelers,DEF,12,True,False
2022,1,ADL,Houston Texans,OFF,7,True,False
2022,1,ADL,Houston Texans,DEF,12,True,False
2022,1,ADL,Indianapolis Colts,OFF,7,True,False
2022,1,ADL,Indianapolis Colts,DEF,12,True,False
2022,1,ADL,Jacksonville Jaguars,OFF,7,True,False
2022,1,ADL,Jacksonville Jaguars,DEF,12,True,False
2022,1,ADL,Tennessee Titans,OFF,7,True,False
2022,1,ADL,Tennessee Titans,DEF,12,True,False
2022,1,ADL,Denver Broncos,OFF,7,True,False
2022,1,ADL,Denver Broncos,DEF,12,True,False
2022,1,ADL,Kansas City Chiefs,OFF,7,True,False
2022,1,ADL,Kansas City Chiefs,DEF,12,True,False
2022,1,ADL,Las Vegas Raiders,OFF,7,True,False
2022,1,ADL,Las Vegas Raiders,DEF,12,True,False
2022,1,ADL,Los Angeles Chargers,OFF,7,True,False
2022,1,ADL,Los Angeles Chargers,DEF,12,True,False
2022,2,ADL,Dallas Cowboys,OFF,7,True,False
2022,2,ADL,Dallas Cowboys,DEF,12,True,False
2022,2,ADL,New York Giants,OFF,7,True,False
2022,2,ADL,New York Giants,DEF,12,True,False
2022,2,ADL,Philadelphia Eagles,OFF,7,True,False
2022,2,ADL,Philadelphia Eagles,DEF,12,True,False
2022,2,ADL,Washington Commanders,OFF,7,True,False
2022,2,ADL,Washington Commanders,DEF,12,True,False
2022,2,ADL,Chicago Bears,OFF,7,True,False
2022,2,ADL,Chicago Bears,DEF,12,True,False
2022,2,ADL,Detroit Lions,OFF,7,True,False
2022,2,ADL,Detroit Lions,DEF,12,True,False
2022,2,ADL,Green Bay Packers,OFF,7,True,False
2022,2,ADL,Green Bay Packers,DEF,12,True,False
2022,2,ADL,Minnesota Vikings,OFF,7,True,False
2022,2,ADL,Minnesota Vikings,DEF,12,True,False
2022,2,ADL,Atlanta Falcons,OFF,7,True,False
2022,2,ADL,Atlanta Falcons,DEF,12,True,False
2022,2,ADL,Carolina Panthers,OFF,7,True,False
2022,2,ADL,Carolina Panthers,DEF,12,True,False
2022,2,ADL,New Orleans Saints,OFF,7,True,False
2022,2,ADL,New Orleans Saints,DEF,12,True,False
2022,2,ADL,Tampa Bay Buccaneers,OFF,7,True,False
2022,2,ADL,Tampa Bay Buccaneers,DEF,12,True,False
2022,2,ADL,Arizona Cardinals,OFF,7,True,False
2022,2,ADL,Arizona Cardinals,DEF,12,True,False
2022,2,ADL,Los Angeles Rams,OFF,7,True,False
2022,2,ADL,Los Angeles Rams,DEF,12,True,False
2022,2,ADL,San Francisco 49ers,OFF,7,True,False
2022,2,ADL,San Francisco 49ers,DEF,12,True,False
2022,2,ADL,Seattle Seahawks,OFF,7,True,False
2022,2,ADL,Seattle Seahawks,DEF,12,True,False
2022,2,ADL,Buffalo Bills,OFF,7,True,False
2022,2,ADL,Buffalo Bills,DEF,12,True,False
2022,2,ADL,Miami Dolphins,OFF,7,True,False
2022,2,ADL,Miami Dolphins,DEF,12,True,False
2022,2,ADL,New England Patriots,OFF,7,True,False
2022,2,ADL,New England Patriots,DEF,12,True,False
2022,2,ADL,New York Jets,OFF,7,True,False
2022,2,ADL,New York Jets,DEF,12,True,False
2022,2,ADL,Baltimore Ravens,OFF,7,True,False
2022,2,ADL,Baltimore Ravens,DEF,12,True,False
2022,2,ADL,Cincinnati Bengals,OFF,7,True,False
2022,2,ADL,Cincinnati Bengals,DEF,12,True,False
2022,2,ADL,Cleveland Browns,OFF,7,True,False
2022,2,ADL,Cleveland Browns,DEF,12,True,False
2022,2,ADL,Pittsburgh Steelers,OFF,7,True,False
2022,2,ADL,Pittsburgh Steelers,DEF,12,True,False
2022,2,ADL,Houston Texans,OFF,7,True,False
2022,2,ADL,Houston Texans,DEF,12,True,False
2022,2,ADL,Indianapolis Colts,OFF,7,True,False
2022,2,ADL,Indianapolis Colts,DEF,12,True,False
2022,2,ADL,Jacksonville Jaguars,OFF,7,True,False
2022,2,ADL,Jacksonville Jaguars,DEF,12,True,False
2022,2,ADL,Tennessee Titans,OFF,7,True,False
2022,2,ADL,Tennessee Titans,DEF,12,True,False
2022,2,ADL,Denver Broncos,OFF,7,True,False
2022,2,ADL,Denver Broncos,DEF,12,True,False
2022,2,ADL,Kansas City Chiefs,OFF,7,True,False
2022,2,ADL,Kansas City Chiefs,DEF,12,True,False
2022,2,ADL,Las Vegas Raiders,OFF,7,True,False
2022,2,ADL,Las Vegas Raiders,DEF,12,True,False
2022,2,ADL,Los Angeles Chargers,OFF,7,True,False
2022,2,ADL,Los Angeles Chargers,DEF,12,True,False
2022,3,ADL,Dallas Cowboys,OFF,7,True,False
2022,3,ADL,Dallas Cowboys,DEF,12,True,False
2022,3,ADL,New York Giants,OFF,7,True,False
2022,3,ADL,New York Giants,DEF,12,True,False
2022,3,ADL,Philadelphia Eagles,OFF,7,True,False
2022,3,ADL,Philadelphia Eagles,DEF,12,True,False
2022,3,ADL,Washington Commanders,OFF,7,True,False
2022,3,ADL,Washington Commanders,DEF,12,True,False
2022,3,ADL,Chicago Bears,OFF,7,True,False
2022,3,ADL,Chicago Bears,DEF,12,True,False
2022,3,ADL,Detroit Lions,OFF,7,True,False
2022,3,ADL,Detroit Lions,DEF,12,True,False
2022,3,ADL,Green Bay Packers,OFF,7,True,False
2022,3,ADL,Green Bay Packers,DEF,12,True,False
2022,3,ADL,Minnesota Vikings,OFF,7,True,False
2022,3,ADL,Minnesota Vikings,DEF,12,True,False
2022,3,ADL,Atlanta Falcons,OFF,7,True,False
2022,3,ADL,Atlanta Falcons,DEF,12,True,False
2022,3,ADL,Carolina Panthers,OFF,7,True,False
2022,3,ADL,Carolina Panthers,DEF,12,True,False
2022,3,ADL,New Orleans Saints,OFF,7,True,False
2022,3,ADL,New Orleans Saints,DEF,12,True,False
2022,3,ADL,Tampa Bay Buccaneers,OFF,7,True,False
2022,3,ADL,Tampa Bay Buccaneers,DEF,12,True,False
2022,3,ADL,Arizona Cardinals,OFF,7,True,False
2022,3,ADL,Arizona Cardinals,DEF,12,True,False
2022,3,ADL,Los Angeles Rams,OFF,7,True,False
2022,3,ADL,Los Angeles Rams,DEF,12,True,False
2022,3,ADL,San Francisco 49ers,OFF,7,True,False
2022,3,ADL,San Francisco 49ers,DEF,12,True,False
2022,3,ADL,Seattle Seahawks,OFF,7,True,False
2022,3,ADL,Seattle Seahawks,DEF,12,True,False
2022,3,ADL,Buffalo Bills,OFF,7,True,False
2022,3,ADL,Buffalo Bills,DEF,12,True,False
2022,3,ADL,Miami Dolphins,OFF,7,True,False
2022,3,ADL,Miami Dolphins,DEF,12,True,False
2022,3,ADL,New England Patriots,OFF,7,True,False
2022,3,ADL,New England Patriots,DEF,12,True,False
2022,3,ADL,New York Jets,OFF,7,True,False
2022,3,ADL,New York Jets,DEF,12,True,False
2022,3,ADL,Baltimore Ravens,OFF,7,True,False
2022,3,ADL,Baltimore Ravens,DEF,12,True,False
2022,3,ADL,Cincinnati Bengals,OFF,7,True,False
2022,3,ADL,Cincinnati Bengals,DEF,12,True,False
2022,3,ADL,Cleveland Browns,OFF,7,True,False
2022,3,ADL,Cleveland Browns,DEF,12,True,False
2022,3,ADL,Pittsburgh Steelers,OFF,7,True,False
2022,3,ADL,Pittsburgh Steelers,DEF,12,True,False
2022,3,ADL,Houston Texans,OFF,7,True,False
2022,3,ADL,Houston Texans,DEF,12,True,False
2022,3,ADL,Indianapolis Colts,OFF,7,True,False
2022,3,ADL,Indianapolis Colts,DEF,12,True,False
2022,3,ADL,Jacksonville Jaguars,OFF,7,True,False
2022,3,ADL,Jacksonville Jaguars,DEF,12,True,False
2022,3,ADL,Tennessee Titans,OFF,7,True,False
2022,3,ADL,Tennessee Titans,DEF,12,True,False
2022,3,ADL,Denver Broncos,OFF,7,True,False
2022,3,ADL,Denver Broncos,DEF,12,True,False
2022,3,ADL,Kansas City Chiefs,OFF,7,True,False
2022,3,ADL,Kansas City Chiefs,DEF,12,True,False
2022,3,ADL,Las Vegas Raiders,OFF,7,True,False
2022,3,ADL,Las Vegas Raiders,DEF,12,True,False
2022,3,ADL,Los Angeles Chargers,OFF,7,True,False
2022,3,ADL,Los Angeles Chargers,DEF,12,True,False
2022,4,ADL,Dallas Cowboys,OFF,7,True,False
2022,4,ADL,Dallas Cowboys,DEF,12,True,False
2022,4,ADL,New York Giants,OFF,7,True,False
2022,4,ADL,New York Giants,DEF,12,True,False
2022,4,ADL,Philadelphia Eagles,OFF,7,True,False
2022,4,ADL,Philadelphia Eagles,DEF,12,True,False
2022,4,ADL,Washington Commanders,OFF,7,True,False
2022,4,ADL,Washington Commanders,DEF,12,True,False
2022,4,ADL,Chicago Bears,OFF,7,True,False
2022,4,ADL,Chicago Bears,DEF,12,True,False
2022,4,ADL,Detroit Lions,OFF,7,True,False
2022,4,ADL,Detroit Lions,DEF,12,True,False
2022,4,ADL,Green Bay Packers,OFF,7,True,False
2022,4,ADL,Green Bay Packers,DEF,12,True,False
2022,4,ADL,Minnesota Vikings,OFF,7,True,False
2022,4,ADL,Minnesota Vikings,DEF,12,True,False
2022,4,ADL,Atlanta Falcons,OFF,7,True,False
2022,4,ADL,Atlanta Falcons,DEF,12,True,False
2022,4,ADL,Carolina Panthers,OFF,7,True,False
2022,4,ADL,Carolina Panthers,DEF,12,True,False
2022,4,ADL,New Orleans Saints,OFF,7,True,False
2022,4,ADL,New Orleans Saints,DEF,12,True,False
2022,4,ADL,Tampa Bay Buccaneers,OFF,7,True,False
2022,4,ADL,Tampa Bay Buccaneers,DEF,12,True,False
2022,4,ADL,Arizona Cardinals,OFF,7,True,False
2022,4,ADL,Arizona Cardinals,DEF,12,True,False
2022,4,ADL,Los Angeles Rams,OFF,7,True,False
2022,4,ADL,Los Angeles Rams,DEF,12,True,False
2022,4,ADL,San Francisco 49ers,OFF,7,True,False
2022,4,ADL,San Francisco 49ers,DEF,12,True,False
2022,4,ADL,Seattle Seahawks,OFF,7,True,False
2022,4,ADL,Seattle Seahawks,DEF,12,True,False
2022,4,ADL,Buffalo Bills,OFF,7,True,False
2022,4,ADL,Buffalo Bills,DEF,12,True,False
2022,4,ADL,Miami Dolphins,OFF,7,True,False
2022,4,ADL,Miami Dolphins,DEF,12,True,False
2022,4,ADL,New England Patriots,OFF,7,True,False
2022,4,ADL,New England Patriots,DEF,12,True,False
2022,4,ADL,New York Jets,OFF,7,True,False
2022,4,ADL,New York Jets,DEF,12,True,False
2022,4,ADL,Baltimore Ravens,OFF,7,True,False
2022,4,ADL,Baltimore Ravens,DEF,12,True,False
2022,4,ADL,Cincinnati Bengals,OFF,7,True,False
2022,4,ADL,Cincinnati Bengals,DEF,12,True,False
2022,4,ADL,Cleveland Browns,OFF,7,True,False
2022,4,ADL,Cleveland Browns,DEF,12,True,False
2022,4,ADL,Pittsburgh Steelers,OFF,7,True,False
2022,4,ADL,Pittsburgh Steelers,DEF,12,True,False
2022,4,ADL,Houston Texans,OFF,7,True,False
2022,4,ADL,Houston Texans,DEF,12,True,False
2022,4,ADL,Indianapolis Colts,OFF,7,True,False
2022,4,ADL,Indianapolis Colts,DEF,12,True,False
2022,4,ADL,Jacksonville Jaguars,OFF,7,True,False
2022,4,ADL,Jacksonville Jaguars,DEF,12,True,False
2022,4,ADL,Tennessee Titans,OFF,7,True,False
2022,4,ADL,Tennessee Titans,DEF,12,True,False
2022,4,ADL,Denver Broncos,OFF,7,True,False
2022,4,ADL,Denver Broncos,DEF,12,True,False
2022,4,ADL,Kansas City Chiefs,OFF,7,True,False
2022,4,ADL,Kansas City Chiefs,DEF,12,True,False
2022,4,ADL,Las Vegas Raiders,OFF,7,True,False
2022,4,ADL,Las Vegas Raiders,DEF,12,True,False
2022,4,ADL,Los Angeles Chargers,OFF,7,True,False
2022,4,ADL,Los Angeles Chargers,DEF,12,True,False
2022,5,ADL,Dallas Cowboys,OFF,7,True,False
2022,5,ADL,Dallas Cowboys,DEF,12,True,False
2022,5,ADL,New York Giants,OFF,7,True,False
2022,5,ADL,New York Giants,DEF,12,True,False
2022,5,ADL,Philadelphia Eagles,OFF,7,True,False
2022,5,ADL,Philadelphia Eagles,DEF,12,True,False
2022,5,ADL,Washington Commanders,OFF,7,True,False
2022,5,ADL,Washington Commanders,DEF,12,True,False
2022,5,ADL,Chicago Bears,OFF,7,True,False
2022,5,ADL,Chicago Bears,DEF,12,True,False
2022,5,ADL,Detroit Lions,OFF,7,True,False
2022,5,ADL,Detroit Lions,DEF,12,True,False
2022,5,ADL,Green Bay Packers,OFF,7,True,False
2022,5,ADL,Green Bay Packers,DEF,12,True,False
2022,5,ADL,Minnesota Vikings,OFF,7,True,False
2022,5,ADL,Minnesota Vikings,DEF,12,True,False
2022,5,ADL,Atlanta Falcons,OFF,7,True,False
2022,5,ADL,Atlanta Falcons,DEF,12,True,False
2022,5,ADL,Carolina Panthers,OFF,7,True,False
2022,5,ADL,Carolina Panthers,DEF,12,True,False
2022,5,ADL,New Orleans Saints,OFF,7,True,False
2022,5,ADL,New Orleans Saints,DEF,12,True,False
2022,5,ADL,Tampa Bay Buccaneers,OFF,7,True,False
2022,5,ADL,Tampa Bay Buccaneers,DEF,12,True,False
2022,5,ADL,Arizona Cardinals,OFF,7,True,False
2022,5,ADL,Arizona Cardinals,DEF,12,True,False
2022,5,ADL,Los Angeles Rams,OFF,7,True,False
2022,5,ADL,Los Angeles Rams,DEF,12,True,False
2022,5,ADL,San Francisco 49ers,OFF,7,True,False
2022,5,ADL,San Francisco 49ers,DEF,12,True,False
2022,5,ADL,Seattle Seahawks,OFF,7,True,False
2022,5,ADL,Seattle Seahawks,DEF,12,True,False
2022,5,ADL,Buffalo Bills,OFF,7,True,False
2022,5,ADL,Buffalo Bills,DEF,12,True,False
2022,5,ADL,Miami Dolphins,OFF,7,True,False
2022,5,ADL,Miami Dolphins,DEF,12,True,False
2022,5,ADL,New England Patriots,OFF,7,True,False
2022,5,ADL,New England Patriots,DEF,12,True,False
2022,5,ADL,New York Jets,OFF,7,True,False
2022,5,ADL,New York Jets,DEF,12,True,False
2022,5,ADL,Baltimore Ravens,OFF,7,True,False
2022,5,ADL,Baltimore Ravens,DEF,12,True,False
2022,5,ADL,Cincinnati Bengals,OFF,7,True,False
2022,5,ADL,Cincinnati Bengals,DEF,12,True,False
2022,5,ADL,Cleveland Browns,OFF,7,True,False
2022,5,ADL,Cleveland Browns,DEF,12,True,False
2022,5,ADL,Pittsburgh Steelers,OFF,7,True,False
2022,5,ADL,Pittsburgh Steelers,DEF,12,True,False
2022,5,ADL,Houston Texans,OFF,7,True,False
2022,5,ADL,Houston Texans,DEF,12,True,False
2022,5,ADL,Indianapolis Colts,OFF,7,True,False
2022,5,ADL,Indianapolis Colts,DEF,12,True,False
2022,5,ADL,Jacksonville Jaguars,OFF,7,True,False
2022,5,ADL,Jacksonville Jaguars,DEF,12,True,False
2022,5,ADL,Tennessee Titans,OFF,7,True,False
2022,5,ADL,Tennessee Titans,DEF,12,True,False
2022,5,ADL,Denver Broncos,OFF,7,True,False
2022,5,ADL,Denver Broncos,DEF,12,True,False
2022,5,ADL,Kansas City Chiefs,OFF,7,True,False
2022,5,ADL,Kansas City Chiefs,DEF,12,True,False
2022,5,ADL,Las Vegas Raiders,OFF,7,True,False
2022,5,ADL,Las Vegas Raiders,DEF,12,True,False
2022,5,ADL,Los Angeles Chargers,OFF,7,True,False
2022,5,ADL,Los Angeles Chargers,DEF,12,True,False
2022,6,ADL,Dallas Cowboys,OFF,7,True,False
2022,6,ADL,Dallas Cowboys,DEF,12,True,False
2022,6,ADL,New York Giants,OFF,7,True,False
2022,6,ADL,New York Giants,DEF,12,True,False
2022,6,ADL,Philadelphia Eagles,OFF,7,True,False
2022,6,ADL,Philadelphia Eagles,DEF,12,True,False
2022,6,ADL,Washington Commanders,OFF,7,True,False
2022,6,ADL,Washington Commanders,DEF,12,True,False
2022,6,ADL,Chicago Bears,OFF,7,True,False
2022,6,ADL,Chicago Bears,DEF,12,True,False
2022,6,ADL,Detroit Lions,OFF,7,True,False
2022,6,ADL,Detroit Lions,DEF,12,True,False
2022,6,ADL,Green Bay Packers,OFF,7,True,False
2022,6,ADL,Green Bay Packers,DEF,12,True,False
2022,6,ADL,Minnesota Vikings,OFF,7,True,False
2022,6,ADL,Minnesota Vikings,DEF,12,True,False
2022,6,ADL,Atlanta Falcons,OFF,7,True,False
2022,6,ADL,Atlanta Falcons,DEF,12,True,False
2022,6,ADL,Carolina Panthers,OFF,7,True,False
2022,6,ADL,Carolina Panthers,DEF,12,True,False
2022,6,ADL,New Orleans Saints,OFF,7,True,False
2022,6,ADL,New Orleans Saints,DEF,12,True,False
2022,6,ADL,Tampa Bay Buccaneers,OFF,7,True,False
2022,6,ADL,Tampa Bay Buccaneers,DEF,12,True,False
2022,6,ADL,Arizona Cardinals,OFF,7,True,False
2022,6,ADL,Arizona Cardinals,DEF,12,True,False
2022,6,ADL,Los Angeles Rams,OFF,7,True,False
2022,6,ADL,Los Angeles Rams,DEF,12,True,False
2022,6,ADL,San Francisco 49ers,OFF,7,True,False
2022,6,ADL,San Francisco 49ers,DEF,12,True,False
2022,6,ADL,Seattle Seahawks,OFF,7,True,False
2022,6,ADL,Seattle Seahawks,DEF,12,True,False
2022,6,ADL,Buffalo Bills,OFF,7,True,False
2022,6,ADL,Buffalo Bills,DEF,12,True,False
2022,6,ADL,Miami Dolphins,OFF,7,True,False
2022,6,ADL,Miami Dolphins,DEF,12,True,False
2022,6,ADL,New England Patriots,OFF,7,True,False
2022,6,ADL,New England Patriots,DEF,12,True,False
2022,6,ADL,New York Jets,OFF,7,True,False
2022,6,ADL,New York Jets,DEF,12,True,False
2022,6,ADL,Baltimore Ravens,OFF,7,True,False
2022,6,ADL,Baltimore Ravens,DEF,12,True,False
2022,6,ADL,Cincinnati Bengals,OFF,7,True,False
2022,6,ADL,Cincinnati Bengals,DEF,12,True,False
2022,6,ADL,Cleveland Browns,OFF,7,True,False
2022,6,ADL,Cleveland Browns,DEF,12,True,False
2022,6,ADL,Pittsburgh Steelers,OFF,7,True,False
2022,6,ADL,Pittsburgh Steelers,DEF,12,True,False
2022,6,ADL,Houston Texans,OFF,7,True,False
2022,6,ADL,Houston Texans,DEF,12,True,False
2022,6,ADL,Indianapolis Colts,OFF,7,True,False
2022,6,ADL,Indianapolis Colts,DEF,12,True,False
2022,6,ADL,Jacksonville Jaguars,OFF,7,True,False
2022,6,ADL,Jacksonville Jaguars,DEF,12,True,False
2022,6,ADL,Tennessee Titans,OFF,7,True,False
2022,6,ADL,Tennessee Titans,DEF,12,True,False
2022,6,ADL,Denver Broncos,OFF,7,True,False
2022,6,ADL,Denver Broncos,DEF,12,True,False
2022,6,ADL,Kansas City Chiefs,OFF,7,True,False
2022,6,ADL,Kansas City Chiefs,DEF,12,True,False
2022,6,ADL,Las Vegas Raiders,OFF,7,True,False
2022,6,ADL,Las Vegas Raiders,DEF,12,True,False
2022,6,ADL,Los Angeles Chargers,OFF,7,True,False
2022,6,ADL,Los Angeles Chargers,DEF,12,True,False
2022,7,ADL,Dallas Cowboys,OFF,7,True,False
2022,7,ADL,Dallas Cowboys,DEF,12,True,False
2022,7,ADL,New York Giants,OFF,7,True,False
2022,7,ADL,New York Giants,DEF,12,True,False
2022,7,ADL,Philadelphia Eagles,OFF,7,True,False
2022,7,ADL,Philadelphia Eagles,DEF,12,True,False
2022,7,ADL,Washington Commanders,OFF,7,True,False
2022,7,ADL,Washington Commanders,DEF,12,True,False
2022,7,ADL,Chicago Bears,OFF,7,True,False
2022,7,ADL,Chicago Bears,DEF,12,True,False
2022,7,ADL,Detroit Lions,OFF,7,True,False
2022,7,ADL,Detroit Lions,DEF,12,True,False
2022,7,ADL,Green Bay Packers,OFF,7,True,False
2022,7,ADL,Green Bay Packers,DEF,12,True,False
2022,7,ADL,Minnesota Vikings,OFF,7,True,False
2022,7,ADL,Minnesota Vikings,DEF,12,True,False
2022,7,ADL,Atlanta Falcons,OFF,7,True,False
2022,7,ADL,Atlanta Falcons,DEF,12,True,False
2022,7,ADL,Carolina Panthers,OFF,7,True,False
2022,7,ADL,Carolina Panthers,DEF,12,True,False
2022,7,ADL,New Orleans Saints,OFF,7,True,False
2022,7,ADL,New Orleans Saints,DEF,12,True,False
2022,7,ADL,Tampa Bay Buccaneers,OFF,7,True,False
2022,7,ADL,Tampa Bay Buccaneers,DEF,12,True,False
2022,7,ADL,Arizona Cardinals,OFF,7,True,False
2022,7,ADL,Arizona Cardinals,DEF,12,True,False
2022,7,ADL,Los Angeles Rams,OFF,7,True,False
2022,7,ADL,Los Angeles Rams,DEF,12,True,False
2022,7,ADL,San Francisco 49ers,OFF,7,True,False
2022,7,ADL,San Francisco 49ers,DEF,12,True,False
2022,7,ADL,Seattle Seahawks,OFF,7,True,False
2022,7,ADL,Seattle Seahawks,DEF,12,True,False
2022,7,ADL,Buffalo Bills,OFF,7,True,False
2022,7,ADL,Buffalo Bills,DEF,12,True,False
2022,7,ADL,Miami Dolphins,OFF,7,True,False
2022,7,ADL,Miami Dolphins,DEF,12,True,False
2022,7,ADL,New England Patriots,OFF,7,True,False
2022,7,ADL,New England Patriots,DEF,12,True,False
2022,7,ADL,New York Jets,OFF,7,True,False
2022,7,ADL,New York Jets,DEF,12,True,False
2022,7,ADL,Baltimore Ravens,OFF,7,True,False
2022,7,ADL,Baltimore Ravens,DEF,12,True,False
2022,7,ADL,Cincinnati Bengals,OFF,7,True,False
2022,7,ADL,Cincinnati Bengals,DEF,12,True,False
2022,7,ADL,Cleveland Browns,OFF,7,True,False
2022,7,ADL,Cleveland Browns,DEF,12,True,False
2022,7,ADL,Pittsburgh Steelers,OFF,7,True,False
2022,7,ADL,Pittsburgh Steelers,DEF,12,True,False
2022,7,ADL,Houston Texans,OFF,7,True,False
2022,7,ADL,Houston Texans,DEF,12,True,False
2022,7,ADL,Indianapolis Colts,OFF,7,True,False
2022,7,ADL,Indianapolis Colts,DEF,12,True,False
2022,7,ADL,Jacksonville Jaguars,OFF,7,True,False
2022,7,ADL,Jacksonville Jaguars,DEF,12,True,False
2022,7,ADL,Tennessee Titans,OFF,7,True,False
2022,7,ADL,Tennessee Titans,DEF,12,True,False
2022,7,ADL,Denver Broncos,OFF,7,True,False
2022,7,ADL,Denver Broncos,DEF,12,True,False
2022,7,ADL,Kansas City Chiefs,OFF,7,True,False
2022,7,ADL,Kansas City Chiefs,DEF,12,True,False
2022,7,ADL,Las Vegas Raiders,OFF,7,True,False
2022,7,ADL,Las Vegas Raiders,DEF,11,False,False
2022,7,ADL,Los Angeles Chargers,OFF,7,True,False
2022,7,ADL,Los Angeles Chargers,DEF,12,True,False
2022,8,ADL,Dallas Cowboys,OFF,7,True,False
2022,8,ADL,Dallas Cowboys,DEF,12,True,False
2022,8,ADL,New York Giants,OFF,7,True,False
2022,8,ADL,New York Giants,DEF,12,True,False
2022,8,ADL,Philadelphia Eagles,OFF,7,True,False
2022,8,ADL,Philadelphia Eagles,DEF,12,True,False
2022,8,ADL,Washington Commanders,OFF,7,True,False
2022,8,ADL,Washington Commanders,DEF,12,True,False
2022,8,ADL,Chicago Bears,OFF,7,True,False
2022,8,ADL,Chicago Bears,DEF,12,True,False
2022,8,ADL,Detroit Lions,OFF,7,True,False
2022,8,ADL,Detroit Lions,DEF,12,True,False
2022,8,ADL,Green Bay Packers,OFF,7,True,False
2022,8,ADL,Green Bay Packers,DEF,12,True,False
2022,8,ADL,Minnesota Vikings,OFF,7,True,False
2022,8,ADL,Minnesota Vikings,DEF,12,True,False
2022,8,ADL,Atlanta Falcons,OFF,7,True,False
2022,8,ADL,Atlanta Falcons,DEF,12,True,False
2022,8,ADL,Carolina Panthers,OFF,7,True,False
2022,8,ADL,Carolina Panthers,DEF,12,True,False
2022,8,ADL,New Orleans Saints,OFF,7,True,False
2022,8,ADL,New Orleans Saints,DEF,12,True,False
2022,8,ADL,Tampa Bay Buccaneers,OFF,7,True,False
2022,8,ADL,Tampa Bay Buccaneers,DEF,12,True,False
2022,8,ADL,Arizona Cardinals,OFF,7,True,False
2022,8,ADL,Arizona Cardinals,DEF,12,True,False
2022,8,ADL,Los Angeles Rams,OFF,7,True,False
2022,8,ADL,Los Angeles Rams,DEF,12,True,False
2022,8,ADL,San Francisco 49ers,OFF,7,True,False
2022,8,ADL,San Francisco 49ers,DEF,12,True,False
2022,8,ADL,Seattle Seahawks,OFF,7,True,False
2022,8,ADL,Seattle Seahawks,DEF,12,True,False
2022,8,ADL,Buffalo Bills,OFF,7,True,False
2022,8,ADL,Buffalo Bills,DEF,12,True,False
2022,8,ADL,Miami Dolphins,OFF,7,True,False
2022,8,ADL,Miami Dolphins,DEF,12,True,False
2022,8,ADL,New England Patriots,OFF,7,True,False
2022,8,ADL,New England Patriots,DEF,12,True,False
2022,8,ADL,New York Jets,OFF,7,True,False
2022,8,ADL,New York Jets,DEF,12,True,False
2022,8,ADL,Baltimore Ravens,OFF,7,True,False
2022,8,ADL,Baltimore Ravens,DEF,12,True,False
2022,8,ADL,Cincinnati Bengals,OFF,7,True,False
2022,8,ADL,Cincinnati Bengals,DEF,12,True,False
2022,8,ADL,Cleveland Browns,OFF,7,True,False
2022,8,ADL,Cleveland Browns,DEF,12,True,False
2022,8,ADL,Pittsburgh Steelers,OFF,7,True,False
2022,8,ADL,Pittsburgh Steelers,DEF,12,True,False
2022,8,ADL,Houston Texans,OFF,7,True,False
2022,8,ADL,Houston Texans,DEF,12,True,False
2022,8,ADL,Indianapolis Colts,OFF,7,True,False
2022,8,ADL,Indianapolis Colts,DEF,12,True,False
2022,8,ADL,Jacksonville Jaguars,OFF,7,True,False
2022,8,ADL,Jacksonville Jaguars,DEF,12,True,False
2022,8,ADL,Tennessee Titans,OFF,7,True,False
2022,8,ADL,Tennessee Titans,DEF,12,True,False
2022,8,ADL,Denver Broncos,OFF,7,True,False
2022,8,ADL,Denver Broncos,DEF,12,True,False
2022,8,ADL,Kansas City Chiefs,OFF,7,True,False
2022,8,ADL,Kansas City Chiefs,DEF,12,True,False
2022,8,ADL,Las Vegas Raiders,OFF,7,True,False
2022,8,ADL,Las Vegas Raiders,DEF,12,True,False
2022,8,ADL,Los Angeles Chargers,OFF,7,True,False
2022,8,ADL,Los Angeles Chargers,DEF,12,True,False
2022,9,ADL,Dallas Cowboys,OFF,7,True,False
2022,9,ADL,Dallas Cowboys,DEF,12,True,False
2022,9,ADL,New York Giants,OFF,7,True,False
2022,9,ADL,New York Giants,DEF,12,True,False
2022,9,ADL,Philadelphia Eagles,OFF,7,True,False
2022,9,ADL,Philadelphia Eagles,DEF,12,True,False
2022,9,ADL,Washington Commanders,OFF,7,True,False
2022,9,ADL,Washington Commanders,DEF,12,True,False
2022,9,ADL,Chicago Bears,OFF,7,True,False
2022,9,ADL,Chicago Bears,DEF,12,True,False
2022,9,ADL,Detroit Lions,OFF,7,True,False
2022,9,ADL,Detroit Lions,DEF,12,True,False
2022,9,ADL,Green Bay Packers,OFF,7,True,False
2022,9,ADL,Green Bay Packers,DEF,12,True,False
2022,9,ADL,Minnesota Vikings,OFF,7,True,False
2022,9,ADL,Minnesota Vikings,DEF,12,True,False
2022,9,ADL,Atlanta Falcons,OFF,7,True,False
2022,9,ADL,Atlanta Falcons,DEF,12,True,False
2022,9,ADL,Carolina Panthers,OFF,7,True,False
2022,9,ADL,Carolina Panthers,DEF,12,True,False
2022,9,ADL,New Orleans Saints,OFF,7,True,False
2022,9,ADL,New Orleans Saints,DEF,12,True,False
2022,9,ADL,Tampa Bay Buccaneers,OFF,7,True,False
2022,9,ADL,Tampa Bay Buccaneers,DEF,12,True,False
2022,9,ADL,Arizona Cardinals,OFF,7,True,False
2022,9,ADL,Arizona Cardinals,DEF,12,True,False
2022,9,ADL,Los Angeles Rams,OFF,7,True,False
2022,9,ADL,Los Angeles Rams,DEF,12,True,False
2022,9,ADL,San Francisco 49ers,OFF,7,True,False
2022,9,ADL,San Francisco 49ers,DEF,12,True,False
2022,9,ADL,Seattle Seahawks,OFF,7,True,False
2022,9,ADL,Seattle Seahawks,DEF,12,True,False
2022,9,ADL,Buffalo Bills,OFF,7,True,False
2022,9,ADL,Buffalo Bills,DEF,12,True,False
2022,9,ADL,Miami Dolphins,OFF,7,True,False
2022,9,ADL,Miami Dolphins,DEF,12,True,False
2022,9,ADL,New England Patriots,OFF,7,True,False
2022,9,ADL,New England Patriots,DEF,12,True,False
2022,9,ADL,New York Jets,OFF,7,True,False
2022,9,ADL,New York Jets,DEF,12,True,False
2022,9,ADL,Baltimore Ravens,OFF,7,True,False
2022,9,ADL,Baltimore Ravens,DEF,12,True,False
2022,9,ADL,Cincinnati Bengals,OFF,7,True,False
2022,9,ADL,Cincinnati Bengals,DEF,12,True,False
2022,9,ADL,Cleveland Browns,OFF,7,True,False
2022,9,ADL,Cleveland Browns,DEF,12,True,False
2022,9,ADL,Pittsburgh Steelers,OFF,7,True,False
2022,9,ADL,Pittsburgh Steelers,DEF,12,True,False
2022,9,ADL,Houston Texans,OFF,7,True,False
2022,9,ADL,Houston Texans,DEF,12,True,False
2022,9,ADL,Indianapolis Colts,OFF,7,True,False
2022,9,ADL,Indianapolis Colts,DEF,12,True,False
2022,9,ADL,Jacksonville Jaguars,OFF,7,True,False
2022,9,ADL,Jacksonville Jaguars,DEF,12,True,False
2022,9,ADL,Tennessee Titans,OFF,7,True,False
2022,9,ADL,Tennessee Titans,DEF,12,True,False
2022,9,ADL,Denver Broncos,OFF,7,True,False
2022,9,ADL,Denver Broncos,DEF,12,True,False
2022,9,ADL,Kansas City Chiefs,OFF,7,True,False
2022,9,ADL,Kansas City Chiefs,DEF,12,True,False
2022,9,ADL,Las Vegas Raiders,OFF,7,True,False
2022,9,ADL,Las Vegas Raiders,DEF,12,True,False
2022,9,ADL,Los Angeles Chargers,OFF,7,True,False
2022,9,ADL,Los Angeles Chargers,DEF,12,True,False
2022,10,ADL,Dallas Cowboys,OFF,7,True,False
2022,10,ADL,Dallas Cowboys,DEF,12,True,False
2022,10,ADL,New York Giants,OFF,7,True,False
2022,10,ADL,New York Giants,DEF,12,True,False
2022,10,ADL,Philadelphia Eagles,OFF,7,True,False
2022,10,ADL,Philadelphia Eagles,DEF,12,True,False
2022,10,ADL,Washington Commanders,OFF,7,True,False
2022,10,ADL,Washington Commanders,DEF,12,True,False
2022,10,ADL,Chicago Bears,OFF,7,True,False
2022,10,ADL,Chicago Bears,DEF,12,True,False
2022,10,ADL,Detroit Lions,OFF,7,True,False
2022,10,ADL,Detroit Lions,DEF,12,True,False
2022,10,ADL,Green Bay Packers,OFF,7,True,False
2022,10,ADL,Green Bay Packers,DEF,12,True,False
2022,10,ADL,Minnesota Vikings,OFF,7,True,False
2022,10,ADL,Minnesota Vikings,DEF,12,True,False
2022,10,ADL,Atlanta Falcons,OFF,7,True,False
2022,10,ADL,Atlanta Falcons,DEF,12,True,False
2022,10,ADL,Carolina Panthers,OFF,7,True,False
2022,10,ADL,Carolina Panthers,DEF,12,True,False
2022,10,ADL,New Orleans Saints,OFF,7,True,False
2022,10,ADL,New Orleans Saints,DEF,12,True,False
2022,10,ADL,Tampa Bay Buccaneers,OFF,7,True,False
2022,10,ADL,Tampa Bay Buccaneers,DEF,12,True,False
2022,10,ADL,Arizona Cardinals,OFF,7,True,False
2022,10,ADL,Arizona Cardinals,DEF,12,True,False
2022,10,ADL,Los Angeles Rams,OFF,7,True,False
2022,10,ADL,Los Angeles Rams,DEF,12,True,False
2022,10,ADL,San Francisco 49ers,OFF,7,True,False
2022,10,ADL,San Francisco 49ers,DEF,12,True,False
2022,10,ADL,Seattle Seahawks,OFF,7,True,False
2022,10,ADL,Seattle Seahawks,DEF,12,True,False
2022,10,ADL,Buffalo Bills,OFF,7,True,False
2022,10,ADL,Buffalo Bills,DEF,12,True,False
2022,10,ADL,Miami Dolphins,OFF,7,True,False
2022,10,ADL,Miami Dolphins,DEF,12,True,False
2022,10,ADL,New England Patriots,OFF,7,True,False
2022,10,ADL,New England Patriots,DEF,12,True,False
2022,10,ADL,New York Jets,OFF,7,True,False
2022,10,ADL,New York Jets,DEF,12,True,False
2022,10,ADL,Baltimore Ravens,OFF,7,True,False
2022,10,ADL,Baltimore Ravens,DEF,12,True,False
2022,10,ADL,Cincinnati Bengals,OFF,7,True,False
2022,10,ADL,Cincinnati Bengals,DEF,12,True,False
2022,10,ADL,Cleveland Browns,OFF,7,True,False
2022,10,ADL,Cleveland Browns,DEF,12,True,False
2022,10,ADL,Pittsburgh Steelers,OFF,7,True,False
2022,10,ADL,Pittsburgh Steelers,DEF,12,True,False
2022,10,ADL,Houston Texans,OFF,7,True,False
2022,10,ADL,Houston Texans,DEF,12,True,False
2022,10,ADL,Indianapolis Colts,OFF,7,True,False
2022,10,ADL,Indianapolis Colts,DEF,12,True,False
2022,10,ADL,Jacksonville Jaguars,OFF,7,True,False
2022,10,ADL,Jacksonville Jaguars,DEF,12,True,False
2022,10,ADL,Tennessee Titans,OFF,7,True,False
2022,10,ADL,Tennessee Titans,DEF,12,True,False
2022,10,ADL,Denver Broncos,OFF,7,True,False
2022,10,ADL,Denver Broncos,DEF,12,True,False
2022,10,ADL,Kansas City Chiefs,OFF,7,True,False
2022,10,ADL,Kansas City Chiefs,DEF,12,True,False
2022,10,ADL,Las Vegas Raiders,OFF,7,True,False
2022,10,ADL,Las Vegas Raiders,DEF,12,True,False
2022,10,ADL,Los Angeles Chargers,OFF,7,True,False
2022,10,ADL,Los Angeles Chargers,DEF,12,True,False
2022,11,ADL,Dallas Cowboys,OFF,7,True,False
2022,11,ADL,Dallas Cowboys,DEF,12,True,False
2022,11,ADL,New York Giants,OFF,7,True,False
2022,11,ADL,New York Giants,DEF,12,True,False
2022,11,ADL,Philadelphia Eagles,OFF,7,True,False
2022,11,ADL,Philadelphia Eagles,DEF,11,False,False
2022,11,ADL,Washington Commanders,OFF,7,True,False
2022,11,ADL,Washington Commanders,DEF,12,True,False
2022,11,ADL,Chicago Bears,OFF,7,True,False
2022,11,ADL,Chicago Bears,DEF,12,True,False
2022,11,ADL,Detroit Lions,OFF,7,True,False
2022,11,ADL,Detroit Lions,DEF,12,True,False
2022,11,ADL,Green Bay Packers,OFF,7,True,False
2022,11,ADL,Green Bay Packers,DEF,12,True,False
2022,11,ADL,Minnesota Vikings,OFF,7,True,False
2022,11,ADL,Minnesota Vikings,DEF,12,True,False
2022,11,ADL,Atlanta Falcons,OFF,7,True,False
2022,11,ADL,Atlanta Falcons,DEF,12,True,False
2022,11,ADL,Carolina Panthers,OFF,7,True,False
2022,11,ADL,Carolina Panthers,DEF,12,True,False
2022,11,ADL,New Orleans Saints,OFF,7,True,False
2022,11,ADL,New Orleans Saints,DEF,12,True,False
2022,11,ADL,Tampa Bay Buccaneers,OFF,7,True,False
2022,11,ADL,Tampa Bay Buccaneers,DEF,12,True,False
2022,11,ADL,Arizona Cardinals,OFF,7,True,False
2022,11,ADL,Arizona Cardinals,DEF,12,True,False
2022,11,ADL,Los Angeles Rams,OFF,7,True,False
2022,11,ADL,Los Angeles Rams,DEF,12,True,False
2022,11,ADL,San Francisco 49ers,OFF,7,True,False
2022,11,ADL,San Francisco 49ers,DEF,12,True,False
2022,11,ADL,Seattle Seahawks,OFF,7,True,False
2022,11,ADL,Seattle Seahawks,DEF,12,True,False
2022,11,ADL,Buffalo Bills,OFF,7,True,False
2022,11,ADL,Buffalo Bills,DEF,12,True,False
2022,11,ADL,Miami Dolphins,OFF,7,True,False
2022,11,ADL,Miami Dolphins,DEF,12,True,False
2022,11,ADL,New England Patriots,OFF,7,True,False
2022,11,ADL,New England Patriots,DEF,12,True,False
2022,11,ADL,New York Jets,OFF,7,True,False
2022,11,ADL,New York Jets,DEF,12,True,False
2022,11,ADL,Baltimore Ravens,OFF,7,True,False
2022,11,ADL,Baltimore Ravens,DEF,12,True,False
2022,11,ADL,Cincinnati Bengals,OFF,7,True,False
2022,11,ADL,Cincinnati Bengals,DEF,12,True,False
2022,11,ADL,Cleveland Browns,OFF,7,True,False
2022,11,ADL,Cleveland Browns,DEF,12,True,False
2022,11,ADL,Pittsburgh Steelers,OFF,7,True,False
2022,11,ADL,Pittsburgh Steelers,DEF,12,True,False
2022,11,ADL,Houston Texans,OFF,7,True,False
2022,11,ADL,Houston Texans,DEF,12,True,False
2022,11,ADL,Indianapolis Colts,OFF,7,True,False
2022,11,ADL,Indianapolis Colts,DEF,12,True,False
2022,11,ADL,Jacksonville Jaguars,OFF,7,True,False
2022,11,ADL,Jacksonville Jaguars,DEF,12,True,False
2022,11,ADL,Tennessee Titans,OFF,7,True,False
2022,11,ADL,Tennessee Titans,DEF,12,True,False
2022,11,ADL,Denver Broncos,OFF,7,True,False
2022,11,ADL,Denver Broncos,DEF,12,True,False
2022,11,ADL,Kansas City Chiefs,OFF,7,True,False
2022,11,ADL,Kansas City Chiefs,DEF,12,True,False
2022,11,ADL,Las Vegas Raiders,OFF,7,True,False
2022,11,ADL,Las Vegas Raiders,DEF,12,True,False
2022,11,ADL,Los Angeles Chargers,OFF,7,True,False
2022,11,ADL,Los Angeles Chargers,DEF,12,True,False
2022,12,ADL,Dallas Cowboys,OFF,7,True,False
2022,12,ADL,Dallas Cowboys,DEF,12,True,False
2022,12,ADL,New York Giants,OFF,7,True,False
2022,12,ADL,New York Giants,DEF,12,True,False
2022,12,ADL,Philadelphia Eagles,OFF,7,True,False
2022,12,ADL,Philadelphia Eagles,DEF,12,True,False
2022,12,ADL,Washington Commanders,OFF,7,True,False
2022,12,ADL,Washington Commanders,DEF,12,True,False
2022,12,ADL,Chicago Bears,OFF,7,True,False
2022,12,ADL,Chicago Bears,DEF,12,True,False
2022,12,ADL,Detroit Lions,OFF,7,True,False
2022,12,ADL,Detroit Lions,DEF,12,True,False
2022,12,ADL,Green Bay Packers,OFF,7,True,False
2022,12,ADL,Green Bay Packers,DEF,12,True,False
2022,12,ADL,Minnesota Vikings,OFF,7,True,False
2022,12,ADL,Minnesota Vikings,DEF,12,True,False
2022,12,ADL,Atlanta Falcons,OFF,7,True,False
2022,12,ADL,Atlanta Falcons,DEF,12,True,False
2022,12,ADL,Carolina Panthers,OFF,7,True,False
2022,12,ADL,Carolina Panthers,DEF,12,True,False
2022,12,ADL,New Orleans Saints,OFF,7,True,False
2022,12,ADL,New Orleans Saints,DEF,12,True,False
2022,12,ADL,Tampa Bay Buccaneers,OFF,7,True,False
2022,12,ADL,Tampa Bay Buccaneers,DEF,12,True,False
2022,12,ADL,Arizona Cardinals,OFF,7,True,False
2022,12,ADL,Arizona Cardinals,DEF,12,True,False
2022,12,ADL,Los Angeles Rams,OFF,7,True,False
2022,12,ADL,Los Angeles Rams,DEF,12,True,False
2022,12,ADL,San Francisco 49ers,OFF,7,True,False
2022,12,ADL,San Francisco 49ers,DEF,12,True,False
2022,12,ADL,Seattle Seahawks,OFF,7,True,False
2022,12,ADL,Seattle Seahawks,DEF,12,True,False
2022,12,ADL,Buffalo Bills,OFF,7,True,False
2022,12,ADL,Buffalo Bills,DEF,12,True,False
2022,12,ADL,Miami Dolphins,OFF,7,True,False
2022,12,ADL,Miami Dolphins,DEF,12,True,False
2022,12,ADL,New England Patriots,OFF,7,True,False
2022,12,ADL,New England Patriots,DEF,12,True,False
2022,12,ADL,New York Jets,OFF,7,True,False
2022,12,ADL,New York Jets,DEF,12,True,False
2022,12,ADL,Baltimore Ravens,OFF,7,True,False
2022,12,ADL,Baltimore Ravens,DEF,12,True,False
2022,12,ADL,Cincinnati Bengals,OFF,7,True,False
2022,12,ADL,Cincinnati Bengals,DEF,12,True,False
2022,12,ADL,Cleveland Browns,OFF,7,True,False
2022,12,ADL,Cleveland Browns,DEF,12,True,False
2022,12,ADL,Pittsburgh Steelers,OFF,7,True,False
2022,12,ADL,Pittsburgh Steelers,DEF,12,True,False
2022,12,ADL,Houston Texans,OFF,7,True,False
2022,12,ADL,Houston Texans,DEF,12,True,False
2022,12,ADL,Indianapolis Colts,OFF,7,True,False
2022,12,ADL,Indianapolis Colts,DEF,12,True,False
2022,12,ADL,Jacksonville Jaguars,OFF,7,True,False
2022,12,ADL,Jacksonville Jaguars,DEF,12,True,False
2022,12,ADL,Tennessee Titans,OFF,7,True,False
2022,12,ADL,Tennessee Titans,DEF,12,True,False
2022,12,ADL,Denver Broncos,OFF,7,True,False
2022,12,ADL,Denver Broncos,DEF,12,True,False
2022,12,ADL,Kansas City Chiefs,OFF,7,True,False
2022,12,ADL,Kansas City Chiefs,DEF,12,True,False
2022,12,ADL,Las Vegas Raiders,OFF,7,True,False
2022,12,ADL,Las Vegas Raiders,DEF,12,True,False
2022,12,ADL,Los Angeles Chargers,OFF,7,True,False
2022,12,ADL,Los Angeles Chargers,DEF,12,True,False
2022,13,ADL,Dallas Cowboys,OFF,7,True,False
2022,13,ADL,Dallas Cowboys,DEF,12,True,False
2022,13,ADL,New York Giants,OFF,7,True,False
2022,13,ADL,New York Giants,DEF,12,True,False
2022,13,ADL,Philadelphia Eagles,OFF,7,True,False
2022,13,ADL,Philadelphia Eagles,DEF,12,True,False
2022,13,ADL,Washington Commanders,OFF,7,True,False
2022,13,ADL,Washington Commanders,DEF,12,True,False
2022,13,ADL,Chicago Bears,OFF,7,True,False
2022,13,ADL,Chicago Bears,DEF,12,True,False
2022,13,ADL,Detroit Lions,OFF,7,True,False
2022,13,ADL,Detroit Lions,DEF,12,True,False
2022,13,ADL,Green Bay Packers,OFF,7,True,False
2022,13,ADL,Green Bay Packers,DEF,12,True,False
2022,13,ADL,Minnesota Vikings,OFF,7,True,False
2022,13,ADL,Minnesota Vikings,DEF,12,True,False
2022,13,ADL,Atlanta Falcons,OFF,7,True,False
2022,13,ADL,Atlanta Falcons,DEF,12,True,False
2022,13,ADL,Carolina Panthers,OFF,7,True,False
2022,13,ADL,Carolina Panthers,DEF,12,True,False
2022,13,ADL,New Orleans Saints,OFF,7,True,False
2022,13,ADL,New Orleans Saints,DEF,12,True,False
2022,13,ADL,Tampa Bay Buccaneers,OFF,7,True,False
2022,13,ADL,Tampa Bay Buccaneers,DEF,12,True,False
2022,13,ADL,Arizona Cardinals,OFF,7,True,False
2022,13,ADL,Arizona Cardinals,DEF,12,True,False
2022,13,ADL,Los Angeles Rams,OFF,7,True,False
2022,13,ADL,Los Angeles Rams,DEF,12,True,False
2022,13,ADL,San Francisco 49ers,OFF,7,True,False
2022,13,ADL,San Francisco 49ers,DEF,12,True,False
2022,13,ADL,Seattle Seahawks,OFF,7,True,False
2022,13,ADL,Seattle Seahawks,DEF,12,True,False
2022,13,ADL,Buffalo Bills,OFF,7,True,False
2022,13,ADL,Buffalo Bills,DEF,12,True,False
2022,13,ADL,Miami Dolphins,OFF,7,True,False
2022,13,ADL,Miami Dolphins,DEF,12,True,False
2022,13,ADL,New England Patriots,OFF,7,True,False
2022,13,ADL,New England Patriots,DEF,12,True,False
2022,13,ADL,New York Jets,OFF,7,True,False
2022,13,ADL,New York Jets,DEF,12,True,False
2022,13,ADL,Baltimore Ravens,OFF,7,True,False
2022,13,ADL,Baltimore Ravens,DEF,12,True,False
2022,13,ADL,Cincinnati Bengals,OFF,7,True,False
2022,13,ADL,Cincinnati Bengals,DEF,11,False,False
2022,13,ADL,Cleveland Browns,OFF,7,True,False
2022,13,ADL,Cleveland Browns,DEF,12,True,False
2022,13,ADL,Pittsburgh Steelers,OFF,7,True,False
2022,13,ADL,Pittsburgh Steelers,DEF,12,True,False
2022,13,ADL,Houston Texans,OFF,7,True,False
2022,13,ADL,Houston Texans,DEF,12,True,False
2022,13,ADL,Indianapolis Colts,OFF,7,True,False
2022,13,ADL,Indianapolis Colts,DEF,12,True,False
2022,13,ADL,Jacksonville Jaguars,OFF,7,True,False
2022,13,ADL,Jacksonville Jaguars,DEF,12,True,False
2022,13,ADL,Tennessee Titans,OFF,7,True,False
2022,13,ADL,Tennessee Titans,DEF,12,True,False
2022,13,ADL,Denver Broncos,OFF,7,True,False
2022,13,ADL,Denver Broncos,DEF,12,True,False
2022,13,ADL,Kansas City Chiefs,OFF,7,True,False
2022,13,ADL,Kansas City Chiefs,DEF,12,True,False
2022,13,ADL,Las Vegas Raiders,OFF,7,True,False
2022,13,ADL,Las Vegas Raiders,DEF,12,True,False
2022,13,ADL,Los Angeles Chargers,OFF,7,True,False
2022,13,ADL,Los Angeles Chargers,DEF,12,True,False
2022,14,ADL,Dallas Cowboys,OFF,7,True,False
2022,14,ADL,Dallas Cowboys,DEF,12,True,False
2022,14,ADL,New York Giants,OFF,7,True,False
2022,14,ADL,New York Giants,DEF,12,True,False
2022,14,ADL,Philadelphia Eagles,OFF,7,True,False
2022,14,ADL,Philadelphia Eagles,DEF,12,True,False
2022,14,ADL,Washington Commanders,OFF,7,True,False
2022,14,ADL,Washington Commanders,DEF,12,True,False
2022,14,ADL,Chicago Bears,OFF,7,True,False
2022,14,ADL,Chicago Bears,DEF,12,True,False
2022,14,ADL,Detroit Lions,OFF,7,True,False
2022,14,ADL,Detroit Lions,DEF,12,True,False
2022,14,ADL,Green Bay Packers,OFF,7,True,False
2022,14,ADL,Green Bay Packers,DEF,12,True,False
2022,14,ADL,Minnesota Vikings,OFF,7,True,False
2022,14,ADL,Minnesota Vikings,DEF,12,True,False
2022,14,ADL,Atlanta Falcons,OFF,7,True,False
2022,14,ADL,Atlanta Falcons,DEF,12,True,False
2022,14,ADL,Carolina Panthers,OFF,7,True,False
2022,14,ADL,Carolina Panthers,DEF,12,True,False
2022,14,ADL,New Orleans Saints,OFF,7,True,False
2022,14,ADL,New Orleans Saints,DEF,11,False,False
2022,14,ADL,Tampa Bay Buccaneers,OFF,7,True,False
2022,14,ADL,Tampa Bay Buccaneers,DEF,12,True,False
2022,14,ADL,Arizona Cardinals,OFF,7,True,False
2022,14,ADL,Arizona Cardinals,DEF,12,True,False
2022,14,ADL,Los Angeles Rams,OFF,7,True,False
2022,14,ADL,Los Angeles Rams,DEF,12,True,False
2022,14,ADL,San Francisco 49ers,OFF,7,True,False
2022,14,ADL,San Francisco 49ers,DEF,12,True,False
2022,14,ADL,Seattle Seahawks,OFF,7,True,False
2022,14,ADL,Seattle Seahawks,DEF,12,True,False
2022,14,ADL,Buffalo Bills,OFF,7,True,False
2022,14,ADL,Buffalo Bills,DEF,12,True,False
2022,14,ADL,Miami Dolphins,OFF,7,True,False
2022,14,ADL,Miami Dolphins,DEF,12,True,False
2022,14,ADL,New England Patriots,OFF,7,True,False
2022,14,ADL,New England Patriots,DEF,12,True,False
2022,14,ADL,New York Jets,OFF,7,True,False
2022,14,ADL,New York Jets,DEF,12,True,False
2022,14,ADL,Baltimore Ravens,OFF,7,True,False
2022,14,ADL,Baltimore Ravens,DEF,12,True,False
2022,14,ADL,Cincinnati Bengals,OFF,7,True,False
2022,14,ADL,Cincinnati Bengals,DEF,12,True,False
2022,14,ADL,Cleveland Browns,OFF,7,True,False
2022,14,ADL,Cleveland Browns,DEF,12,True,False
2022,14,ADL,Pittsburgh Steelers,OFF,7,True,False
2022,14,ADL,Pittsburgh Steelers,DEF,12,True,False
2022,14,ADL,Houston Texans,OFF,7,True,False
2022,14,ADL,Houston Texans,DEF,12,True,False
2022,14,ADL,Indianapolis Colts,OFF,7,True,False
2022,14,ADL,Indianapolis Colts,DEF,12,True,False
2022,14,ADL,Jacksonville Jaguars,OFF,7,True,False
2022,14,ADL,Jacksonville Jaguars,DEF,12,True,False
2022,14,ADL,Tennessee Titans,OFF,7,True,False
2022,14,ADL,Tennessee Titans,DEF,12,True,False
2022,14,ADL,Denver Broncos,OFF,7,True,False
2022,14,ADL,Denver Broncos,DEF,12,True,False
2022,14,ADL,Kansas City Chiefs,OFF,7,True,False
2022,14,ADL,Kansas City Chiefs,DEF,12,True,False
2022,14,ADL,Las Vegas Raiders,OFF,7,True,False
2022,14,ADL,Las Vegas Raiders,DEF,12,True,False
2022,14,ADL,Los Angeles Chargers,OFF,7,True,False
2022,14,ADL,Los Angeles Chargers,DEF,12,True,False
2022,15,ADL,Dallas Cowboys,OFF,7,True,False
2022,15,ADL,Dallas Cowboys,DEF,12,True,False
2022,15,ADL,New York Giants,OFF,7,True,False
2022,15,ADL,New York Giants,DEF,12,True,False
2022,15,ADL,Philadelphia Eagles,OFF,7,True,False
2022,15,ADL,Philadelphia Eagles,DEF,12,True,False
2022,15,ADL,Washington Commanders,OFF,7,True,False
2022,15,ADL,Washington Commanders,DEF,12,True,False
2022,15,ADL,Chicago Bears,OFF,7,True,False
2022,15,ADL,Chicago Bears,DEF,12,True,False
2022,15,ADL,Detroit Lions,OFF,7,True,False
2022,15,ADL,Detroit Lions,DEF,12,True,False
2022,15,ADL,Green Bay Packers,OFF,7,True,False
2022,15,ADL,Green Bay Packers,DEF,12,True,False
2022,15,ADL,Minnesota Vikings,OFF,7,True,False
2022,15,ADL,Minnesota Vikings,DEF,12,True,False
2022,15,ADL,Atlanta Falcons,OFF,7,True,False
2022,15,ADL,Atlanta Falcons,DEF,12,True,False
2022,15,ADL,Carolina Panthers,OFF,7,True,False
2022,15,ADL,Carolina Panthers,DEF,12,True,False
2022,15,ADL,New Orleans Saints,OFF,7,True,False
2022,15,ADL,New Orleans Saints,DEF,11,False,False
2022,15,ADL,Tampa Bay Buccaneers,OFF,7,True,False
2022,15,ADL,Tampa Bay Buccaneers,DEF,12,True,False
2022,15,ADL,Arizona Cardinals,OFF,7,True,False
2022,15,ADL,Arizona Cardinals,DEF,12,True,False
2022,15,ADL,Los Angeles Rams,OFF,7,True,False
2022,15,ADL,Los Angeles Rams,DEF,12,True,False
2022,15,ADL,San Francisco 49ers,OFF,7,True,False
2022,15,ADL,San Francisco 49ers,DEF,12,True,False
2022,15,ADL,Seattle Seahawks,OFF,7,True,False
2022,15,ADL,Seattle Seahawks,DEF,12,True,False
2022,15,ADL,Buffalo Bills,OFF,7,True,False
2022,15,ADL,Buffalo Bills,DEF,12,True,False
2022,15,ADL,Miami Dolphins,OFF,7,True,False
2022,15,ADL,Miami Dolphins,DEF,12,True,False
2022,15,ADL,New England Patriots,OFF,7,True,False
2022,15,ADL,New England Patriots,DEF,12,True,False
2022,15,ADL,New York Jets,OFF,7,True,False
2022,15,ADL,New York Jets,DEF,12,True,False
2022,15,ADL,Baltimore Ravens,OFF,7,True,False
2022,15,ADL,Baltimore Ravens,DEF,12,True,False
2022,15,ADL,Cincinnati Bengals,OFF,7,True,False
2022,15,ADL,Cincinnati Bengals,DEF,12,True,False
2022,15,ADL,Cleveland Browns,OFF,7,True,False
2022,15,ADL,Cleveland Browns,DEF,12,True,False
2022,15,ADL,Pittsburgh Steelers,OFF,7,True,False
2022,15,ADL,Pittsburgh Steelers,DEF,12,True,False
2022,15,ADL,Houston Texans,OFF,7,True,False
2022,15,ADL,Houston Texans,DEF,12,True,False
2022,15,ADL,Indianapolis Colts,OFF,7,True,False
2022,15,ADL,Indianapolis Colts,DEF,12,True,False
2022,15,ADL,Jacksonville Jaguars,OFF,7,True,False
2022,15,ADL,Jacksonville Jaguars,DEF,12,True,False
2022,15,ADL,Tennessee Titans,OFF,7,True,False
2022,15,ADL,Tennessee Titans,DEF,12,True,False
2022,15,ADL,Denver Broncos,OFF,7,True,False
2022,15,ADL,Denver Broncos,DEF,12,True,False
2022,15,ADL,Kansas City Chiefs,OFF,7,True,False
2022,15,ADL,Kansas City Chiefs,DEF,12,True,False
2022,15,ADL,Las Vegas Raiders,OFF,7,True,False
2022,15,ADL,Las Vegas Raiders,DEF,12,True,False
2022,15,ADL,Los Angeles Chargers,OFF,7,True,False
2022,15,ADL,Los Angeles Chargers,DEF,12,True,False
2022,16,ADL,Dallas Cowboys,OFF,7,True,False
2022,16,ADL,Dallas Cowboys,DEF,12,True,False
2022,16,ADL,New York Giants,OFF,7,True,False
2022,16,ADL,New York Giants,DEF,12,True,False
2022,16,ADL,Philadelphia Eagles,OFF,7,True,False
2022,16,ADL,Philadelphia Eagles,DEF,12,True,False
2022,16,ADL,Washington Commanders,OFF,7,True,False
2022,16,ADL,Washington Commanders,DEF,12,True,False
2022,16,ADL,Chicago Bears,OFF,7,True,False
2022,16,ADL,Chicago Bears,DEF,12,True,False
2022,16,ADL,Detroit Lions,OFF,7,True,False
2022,16,ADL,Detroit Lions,DEF,12,True,False
2022,16,ADL,Green Bay Packers,OFF,7,True,False
2022,16,ADL,Green Bay Packers,DEF,12,True,False
2022,16,ADL,Minnesota Vikings,OFF,7,True,False
2022,16,ADL,Minnesota Vikings,DEF,12,True,False
2022,16,ADL,Atlanta Falcons,OFF,7,True,False
2022,16,ADL,Atlanta Falcons,DEF,12,True,False
2022,16,ADL,Carolina Panthers,OFF,7,True,False
2022,16,ADL,Carolina Panthers,DEF,12,True,False
2022,16,ADL,New Orleans Saints,OFF,7,True,False
2022,16,ADL,New Orleans Saints,DEF,10,False,False
2022,16,ADL,Tampa Bay Buccaneers,OFF,7,True,False
2022,16,ADL,Tampa Bay Buccaneers,DEF,12,True,False
2022,16,ADL,Arizona Cardinals,OFF,7,True,False
2022,16,ADL,Arizona Cardinals,DEF,12,True,False
2022,16,ADL,Los Angeles Rams,OFF,7,True,False
2022,16,ADL,Los Angeles Rams,DEF,12,True,False
2022,16,ADL,San Francisco 49ers,OFF,7,True,False
2022,16,ADL,San Francisco 49ers,DEF,12,True,False
2022,16,ADL,Seattle Seahawks,OFF,7,True,False
2022,16,ADL,Seattle Seahawks,DEF,12,True,False
2022,16,ADL,Buffalo Bills,OFF,7,True,False
2022,16,ADL,Buffalo Bills,DEF,12,True,False
2022,16,ADL,Miami Dolphins,OFF,7,True,False
2022,16,ADL,Miami Dolphins,DEF,12,True,False
2022,16,ADL,New England Patriots,OFF,7,True,False
2022,16,ADL,New England Patriots,DEF,12,True,False
2022,16,ADL,New York Jets,OFF,7,True,False
2022,16,ADL,New York Jets,DEF,12,True,False
2022,16,ADL,Baltimore Ravens,OFF,7,True,False
2022,16,ADL,Baltimore Ravens,DEF,12,True,False
2022,16,ADL,Cincinnati Bengals,OFF,7,True,False
2022,16,ADL,Cincinnati Bengals,DEF,12,True,False
2022,16,ADL,Cleveland Browns,OFF,7,True,False
2022,16,ADL,Cleveland Browns,DEF,12,True,False
2022,16,ADL,Pittsburgh Steelers,OFF,7,True,False
2022,16,ADL,Pittsburgh Steelers,DEF,12,True,False
2022,16,ADL,Houston Texans,OFF,7,True,False
2022,16,ADL,Houston Texans,DEF,12,True,False
2022,16,ADL,Indianapolis Colts,OFF,7,True,False
2022,16,ADL,Indianapolis Colts,DEF,12,True,False
2022,16,ADL,Jacksonville Jaguars,OFF,7,True,False
2022,16,ADL,Jacksonville Jaguars,DEF,12,True,False
2022,16,ADL,Tennessee Titans,OFF,7,True,False
2022,16,ADL,Tennessee Titans,DEF,12,True,False
2022,16,ADL,Denver Broncos,OFF,7,True,False
2022,16,ADL,Denver Broncos,DEF,12,True,False
2022,16,ADL,Kansas City Chiefs,OFF,7,True,False
2022,16,ADL,Kansas City Chiefs,DEF,12,True,False
2022,16,ADL,Las Vegas Raiders,OFF,7,True,False
2022,16,ADL,Las Vegas Raiders,DEF,12,True,False
2022,16,ADL,Los Angeles Chargers,OFF,7,True,False
2022,16,ADL,Los Angeles Chargers,DEF,12,True,False
2022,17,ADL,Dallas Cowboys,OFF,7,True,False
2022,17,ADL,Dallas Cowboys,DEF,12,True,False
2022,17,ADL,New York Giants,OFF,7,True,False
2022,17,ADL,New York Giants,DEF,12,True,False
2022,17,ADL,Philadelphia Eagles,OFF,7,True,False
2022,17,ADL,Philadelphia Eagles,DEF,12,True,False
2022,17,ADL,Washington Commanders,OFF,7,True,False
2022,17,ADL,Washington Commanders,DEF,12,True,False
2022,17,ADL,Chicago Bears,OFF,7,True,False
2022,17,ADL,Chicago Bears,DEF,12,True,False
2022,17,ADL,Detroit Lions,OFF,7,True,False
2022,17,ADL,Detroit Lions,DEF,12,True,False
2022,17,ADL,Green Bay Packers,OFF,7,True,False
2022,17,ADL,Green Bay Packers,DEF,12,True,False
2022,17,ADL,Minnesota Vikings,OFF,7,True,False
2022,17,ADL,Minnesota Vikings,DEF,12,True,False
2022,17,ADL,Atlanta Falcons,OFF,7,True,False
2022,17,ADL,Atlanta Falcons,DEF,12,True,False
2022,17,ADL,Carolina Panthers,OFF,7,True,False
2022,17,ADL,Carolina Panthers,DEF,12,True,False
2022,17,ADL,New Orleans Saints,OFF,7,True,False
2022,17,ADL,New Orleans Saints,DEF,10,False,False
2022,17,ADL,Tampa Bay Buccaneers,OFF,7,True,False
2022,17,ADL,Tampa Bay Buccaneers,DEF,12,True,False
2022,17,ADL,Arizona Cardinals,OFF,7,True,False
2022,17,ADL,Arizona Cardinals,DEF,12,True,False
2022,17,ADL,Los Angeles Rams,OFF,7,True,False
2022,17,ADL,Los Angeles Rams,DEF,12,True,False
2022,17,ADL,San Francisco 49ers,OFF,7,True,False
2022,17,ADL,San Francisco 49ers,DEF,12,True,False
2022,17,ADL,Seattle Seahawks,OFF,7,True,False
2022,17,ADL,Seattle Seahawks,DEF,12,True,False
2022,17,ADL,Buffalo Bills,OFF,7,True,False
2022,17,ADL,Buffalo Bills,DEF,12,True,False
2022,17,ADL,Miami Dolphins,OFF,7,True,False
2022,17,ADL,Miami Dolphins,DEF,12,True,False
2022,17,ADL,New England Patriots,OFF,7,True,False
2022,17,ADL,New England Patriots,DEF,12,True,False
2022,17,ADL,New York Jets,OFF,7,True,False
2022,17,ADL,New York Jets,DEF,12,True,False
2022,17,ADL,Baltimore Ravens,OFF,7,True,False
2022,17,ADL,Baltimore Ravens,DEF,12,True,False
2022,17,ADL,Cincinnati Bengals,OFF,7,True,False
2022,17,ADL,Cincinnati Bengals,DEF,12,True,False
2022,17,ADL,Cleveland Browns,OFF,7,True,False
2022,17,ADL,Cleveland Browns,DEF,12,True,False
2022,17,ADL,Pittsburgh Steelers,OFF,7,True,False
2022,17,ADL,Pittsburgh Steelers,DEF,12,True,False
2022,17,ADL,Houston Texans,OFF,7,True,False
2022,17,ADL,Houston Texans,DEF,12,True,False
2022,17,ADL,Indianapolis Colts,OFF,7,True,False
2022,17,ADL,Indianapolis Colts,DEF,12,True,False
2022,17,ADL,Jacksonville Jaguars,OFF,7,True,False
2022,17,ADL,Jacksonville Jaguars,DEF,12,True,False
2022,17,ADL,Tennessee Titans,OFF,7,True,False
2022,17,ADL,Tennessee Titans,DEF,12,True,False
2022,17,ADL,Denver Broncos,OFF,7,True,False
2022,17,ADL,Denver Broncos,DEF,12,True,False
2022,17,ADL,Kansas City Chiefs,OFF,7,True,False
2022,17,ADL,Kansas City Chiefs,DEF,12,True,False
2022,17,ADL,Las Vegas Raiders,OFF,7,True,False
2022,17,ADL,Las Vegas Raiders,DEF,12,True,False
2022,17,ADL,Los Angeles Chargers,OFF,7,True,False
2022,17,ADL,Los Angeles Chargers,DEF,12,True,False
2023,1,NFL,WAS,OFF,7,True,False
2023,1,NFL,WAS,DEF,12,True,False
2023,1,NFL,ARI,OFF,7,True,False
2023,1,NFL,ARI,DEF,12,True,False
2023,1,NFL,NYJ,OFF,7,True,False
2023,1,NFL,NYJ,DEF,12,True,True
2023,1,NFL,BUF,OFF,7,True,False
2023,1,NFL,BUF,DEF,12,True,False
2023,1,NFL,ATL,OFF,7,True,False
2023,1,NFL,ATL,DEF,12,True,False
2023,1,NFL,CAR,OFF,7,True,False
2023,1,NFL,CAR,DEF,12,True,False
2023,1,NFL,CLE,OFF,7,True,False
2023,1,NFL,CLE,DEF,12,True,False
2023,1,NFL,CIN,OFF,7,True,False
2023,1,NFL,CIN,DEF,12,True,False
2023,1,NFL,NYG,OFF,7,True,False
2023,1,NFL,NYG,DEF,12,True,False
2023,1,NFL,DAL,OFF,7,True,False
2023,1,NFL,DAL,DEF,12,True,False
2023,1,NFL,KC,OFF,7,True,False
2023,1,NFL,KC,DEF,12,True,False
2023,1,NFL,DET,OFF,7,True,False
2023,1,NFL,DET,DEF,12,True,False
2023,1,NFL,CHI,OFF,7,True,False
2023,1,NFL,CHI,DEF,12,True,False
2023,1,NFL,GB,OFF,7,True,False
2023,1,NFL,GB,DEF,12,True,True
2023,1,NFL,BAL,OFF,7,True,False
2023,1,NFL,BAL,DEF,12,True,False
2023,1,NFL,HOU,OFF,7,True,False
2023,1,NFL,HOU,DEF,12,True,False
2023,1,NFL,IND,OFF,7,True,False
2023,1,NFL,IND,DEF,12,True,False
2023,1,NFL,JAX,OFF,7,True,False
2023,1,NFL,JAX,DEF,12,True,False
2023,1,NFL,SEA,OFF,7,True,False
2023,1,NFL,SEA,DEF,12,True,False
2023,1,NFL,LA,OFF,7,True,False
2023,1,NFL,LA,DEF,12,True,False
2023,1,NFL,DEN,OFF,7,True,False
2023,1,NFL,DEN,DEF,12,True,False
2023,1,NFL,LV,OFF,7,True,False
2023,1,NFL,LV,DEF,12,True,False
2023,1,NFL,LAC,OFF,7,True,False
2023,1,NFL,LAC,DEF,12,True,False
2023,1,NFL,MIA,OFF,7,True,False
2023,1,NFL,MIA,DEF,12,True,False
2023,1,NFL,NE,OFF,7,True,True
2023,1,NFL,NE,DEF,12,True,False
2023,1,NFL,PHI,OFF,7,True,False
2023,1,NFL,PHI,DEF,12,True,False
2023,1,NFL,PIT,OFF,7,True,False
2023,1,NFL,PIT,DEF,12,True,False
2023,1,NFL,SF,OFF,7,True,False
2023,1,NFL,SF,DEF,12,True,False
2023,1,NFL,MIN,OFF,7,True,False
2023,1,NFL,MIN,DEF,12,True,False
2023,1,NFL,TB,OFF,7,True,False
2023,1,NFL,TB,DEF,12,True,False
2023,1,NFL,NO,OFF,7,True,False
2023,1,NFL,NO,DEF,12,True,False
2023,1,NFL,TEN,OFF,7,True,False
2023,1,NFL,TEN,DEF,12,True,False
2023,2,NFL,CIN,OFF,7,True,False
2023,2,NFL,CIN,DEF,12,True,False
2023,2,NFL,BAL,OFF,7,True,False
2023,2,NFL,BAL,DEF,12,True,False
2023,2,NFL,TB,OFF,7,True,False
2023,2,NFL,TB,DEF,12,True,False
2023,2,NFL,CHI,OFF,7,True,False
2023,2,NFL,CHI,DEF,12,True,True
2023,2,NFL,PIT,OFF,7,True,False
2023,2,NFL,PIT,DEF,12,True,False
2023,2,NFL,CLE,OFF,7,True,False
2023,2,NFL,CLE,DEF,12,True,False
2023,2,NFL,ATL,OFF,7,True,False
2023,2,NFL,ATL,DEF,12,True,False
2023,2,NFL,GB,OFF,7,True,False
2023,2,NFL,GB,DEF,12,True,False
2023,2,NFL,HOU,OFF,7,True,False
2023,2,NFL,HOU,DEF,12,True,False
2023,2,NFL,IND,OFF,7,True,False
2023,2,NFL,IND,DEF,12,True,False
2023,2,NFL,JAX,OFF,7,True,False
2023,2,NFL,JAX,DEF,12,True,True
2023,2,NFL,KC,OFF,7,True,False
2023,2,NFL,KC,DEF,12,True,False
2023,2,NFL,TEN,OFF,7,True,False
2023,2,NFL,TEN,DEF,12,True,False
2023,2,NFL,LAC,OFF,7,True,False
2023,2,NFL,LAC,DEF,12,True,False
2023,2,NFL,BUF,OFF,7,True,False
2023,2,NFL,BUF,DEF,12,True,False
2023,2,NFL,LV,OFF,7,True,False
2023,2,NFL,LV,DEF,12,True,False
2023,2,NFL,NE,OFF,7,True,False
2023,2,NFL,NE,DEF,12,True,False
2023,2,NFL,MIA,OFF,7,True,False
2023,2,NFL,MIA,DEF,12,True,False
2023,2,NFL,PHI,OFF,7,True,False
2023,2,NFL,PHI,DEF,12,True,False
2023,2,NFL,MIN,OFF,7,True,False
2023,2,NFL,MIN,DEF,12,True,False
2023,2,NFL,CAR,OFF,7,True,True
2023,2,NFL,CAR,DEF,12,True,False
2023,2,NFL,NO,OFF,7,True,False
2023,2,NFL,NO,DEF,12,True,False
2023,2,NFL,ARI,OFF,7,True,True
2023,2,NFL,ARI,DEF,12,True,False
2023,2,NFL,NYG,OFF,7,True,False
2023,2,NFL,NYG,DEF,12,True,False
2023,2,NFL,DAL,OFF,7,True,True
2023,2,NFL,DAL,DEF,12,True,False
2023,2,NFL,NYJ,OFF,7,True,False
2023,2,NFL,NYJ,DEF,12,True,False
2023,2,NFL,DET,OFF,7,True,False
2023,2,NFL,DET,DEF,12,True,False
2023,2,NFL,SEA,OFF,7,True,False
2023,2,NFL,SEA,DEF,12,True,False
2023,2,NFL,LA,OFF,7,True,False
2023,2,NFL,LA,DEF,12,True,False
2023,2,NFL,SF,OFF,7,True,False
2023,2,NFL,SF,DEF,12,True,False
2023,2,NFL,DEN,OFF,7,True,False
2023,2,NFL,DEN,DEF,12,True,False
2023,2,NFL,WAS,OFF,7,True,False
2023,2,NFL,WAS,DEF,12,True,False
2023,3,NFL,DET,OFF,7,True,False
2023,3,NFL,DET,DEF,12,True,False
2023,3,NFL,ATL,OFF,7,True,False
2023,3,NFL,ATL,DEF,12,True,False
2023,3,NFL,WAS,OFF,7,True,False
2023,3,NFL,WAS,DEF,12,True,False
2023,3,NFL,BUF,OFF,7,True,False
2023,3,NFL,BUF,DEF,12,True,False
2023,3,NFL,SEA,OFF,7,True,False
2023,3,NFL,SEA,DEF,12,True,False
2023,3,NFL,CAR,OFF,7,True,False
2023,3,NFL,CAR,DEF,12,True,False
2023,3,NFL,KC,OFF,7,True,False
2023,3,NFL,KC,DEF,12,True,False
2023,3,NFL,CHI,OFF,7,True,False
2023,3,NFL,CHI,DEF,12,True,False
2023,3,NFL,ARI,OFF,7,True,False
2023,3,NFL,ARI,DEF,12,True,True
2023,3,NFL,DAL,OFF,7,True,False
2023,3,NFL,DAL,DEF,12,True,False
2023,3,NFL,MIA,OFF,7,True,False
2023,3,NFL,MIA,DEF,12,True,False
2023,3,NFL,DEN,OFF,7,True,False
2023,3,NFL,DEN,DEF,12,True,True
2023,3,NFL,JAX,OFF,7,True,False
2023,3,NFL,JAX,DEF,12,True,True
2023,3,NFL,HOU,OFF,7,True,False
2023,3,NFL,HOU,DEF,12,True,False
2023,3,NFL,BAL,OFF,7,True,False
2023,3,NFL,BAL,DEF,12,True,False
2023,3,NFL,IND,OFF,7,True,False
2023,3,NFL,IND,DEF,12,True,False
2023,3,NFL,MIN,OFF,7,True,False
2023,3,NFL,MIN,DEF,12,True,False
2023,3,NFL,LAC,OFF,7,True,False
2023,3,NFL,LAC,DEF,12,True,True
2023,3,NFL,CIN,OFF,7,True,False
2023,3,NFL,CIN,DEF,12,True,False
2023,3,NFL,LA,OFF,7,True,False
2023,3,NFL,LA,DEF,12,True,False
2023,3,NFL,NYJ,OFF,7,True,False
2023,3,NFL,NYJ,DEF,12,True,False
2023,3,NFL,NE,OFF,7,True,False
2023,3,NFL,NE,DEF,12,True,False
2023,3,NFL,GB,OFF,7,True,False
2023,3,NFL,GB,DEF,12,True,False
2023,3,NFL,NO,OFF,7,True,False
2023,3,NFL,NO,DEF,12,True,False
2023,3,NFL,SF,OFF,7,True,True
2023,3,NFL,SF,DEF,12,True,False
2023,3,NFL,NYG,OFF,7,True,False
2023,3,NFL,NYG,DEF,12,True,False
2023,3,NFL,TB,OFF,7,True,True
2023,3,NFL,TB,DEF,12,True,False
2023,3,NFL,PHI,OFF,7,True,False
2023,3,NFL,PHI,DEF,12,True,False
2023,3,NFL,LV,OFF,7,True,False
2023,3,NFL,LV,DEF,12,True,False
2023,3,NFL,PIT,OFF,7,True,False
2023,3,NFL,PIT,DEF,12,True,False
2023,3,NFL,CLE,OFF,7,True,False
2023,3,NFL,CLE,DEF,12,True,False
2023,3,NFL,TEN,OFF,7,True,False
2023,3,NFL,TEN,DEF,12,True,False
2023,4,NFL,SF,OFF,7,True,False
2023,4,NFL,SF,DEF,12,True,False
2023,4,NFL,ARI,OFF,7,True,False
2023,4,NFL,ARI,DEF,12,True,True
2023,4,NFL,JAX,OFF,7,True,False
2023,4,NFL,JAX,DEF,12,True,False
2023,4,NFL,ATL,OFF,7,True,False
2023,4,NFL,ATL,DEF,12,True,False
2023,4,NFL,CLE,OFF,7,True,True
2023,4,NFL,CLE,DEF,12,True,False
2023,4,NFL,BAL,OFF,7,True,False
2023,4,NFL,BAL,DEF,12,True,False
2023,4,NFL,TEN,OFF,7,True,False
2023,4,NFL,TEN,DEF,12,True,False
2023,4,NFL,CIN,OFF,7,True,False
2023,4,NFL,CIN,DEF,12,True,False
2023,4,NFL,CHI,OFF,7,True,False
2023,4,NFL,CHI,DEF,12,True,False
2023,4,NFL,DEN,OFF,7,True,True
2023,4,NFL,DEN,DEF,12,True,False
2023,4,NFL,GB,OFF,7,True,False
2023,4,NFL,GB,DEF,12,True,False
2023,4,NFL,DET,OFF,7,True,False
2023,4,NFL,DET,DEF,12,True,False
2023,4,NFL,NYJ,OFF,7,True,False
2023,4,NFL,NYJ,DEF,12,True,False
2023,4,NFL,KC,OFF,7,True,False
2023,4,NFL,KC,DEF,12,True,False
2023,4,NFL,IND,OFF,7,True,False
2023,4,NFL,IND,DEF,12,True,False
2023,4,NFL,LA,OFF,7,True,False
2023,4,NFL,LA,DEF,12,True,False
2023,4,NFL,LAC,OFF,7,True,False
2023,4,NFL,LAC,DEF,12,True,False
2023,4,NFL,LV,OFF,7,True,False
2023,4,NFL,LV,DEF,12,True,False
2023,4,NFL,BUF,OFF,7,True,False
2023,4,NFL,BUF,DEF,12,True,False
2023,4,NFL,MIA,OFF,7,True,False
2023,4,NFL,MIA,DEF,12,True,False
2023,4,NFL,CAR,OFF,7,True,True
2023,4,NFL,CAR,DEF,12,True,False
2023,4,NFL,MIN,OFF,7,True,False
2023,4,NFL,MIN,DEF,12,True,False
2023,4,NFL,DAL,OFF,7,True,False
2023,4,NFL,DAL,DEF,12,True,False
2023,4,NFL,NE,OFF,7,True,False
2023,4,NFL,NE,DEF,12,True,False
2023,4,NFL,HOU,OFF,7,True,False
2023,4,NFL,HOU,DEF,12,True,True
2023,4,NFL,PIT,OFF,7,True,False
2023,4,NFL,PIT,DEF,12,True,False
2023,4,NFL,NYG,OFF,7,True,False
2023,4,NFL,NYG,DEF,12,True,False
2023,4,NFL,SEA,OFF,7,True,False
2023,4,NFL,SEA,DEF,12,True,False
2023,4,NFL,NO,OFF,7,True,False
2023,4,NFL,NO,DEF,12,True,False
2023,4,NFL,TB,OFF,7,True,False
2023,4,NFL,TB,DEF,12,True,False
2023,4,NFL,PHI,OFF,7,True,False
2023,4,NFL,PHI,DEF,12,True,False
2023,4,NFL,WAS,OFF,7,True,False
2023,4,NFL,WAS,DEF,12,True,False
2023,5,NFL,PIT,OFF,7,True,False
2023,5,NFL,PIT,DEF,12,True,False
2023,5,NFL,BAL,OFF,7,True,False
2023,5,NFL,BAL,DEF,12,True,True
2023,5,NFL,DET,OFF,7,True,True
2023,5,NFL,DET,DEF,12,True,False
2023,5,NFL,CAR,OFF,7,True,False
2023,5,NFL,CAR,DEF,12,True,True
2023,5,NFL,WAS,OFF,7,True,False
2023,5,NFL,WAS,DEF,12,True,False
2023,5,NFL,CHI,OFF,7,True,False
2023,5,NFL,CHI,DEF,12,True,False
2023,5,NFL,ARI,OFF,7,True,False
2023,5,NFL,ARI,DEF,12,True,False
2023,5,NFL,CIN,OFF,7,True,False
2023,5,NFL,CIN,DEF,12,True,True
2023,5,NFL,SF,OFF,7,True,False
2023,5,NFL,SF,DEF,12,True,False
2023,5,NFL,DAL,OFF,7,True,False
2023,5,NFL,DAL,DEF,12,True,False
2023,5,NFL,LV,OFF,7,True,False
2023,5,NFL,LV,DEF,12,True,False
2023,5,NFL,GB,OFF,7,True,False
2023,5,NFL,GB,DEF,12,True,False
2023,5,NFL,ATL,OFF,7,True,False
2023,5,NFL,ATL,DEF,12,True,False
2023,5,NFL,HOU,OFF,7,True,False
2023,5,NFL,HOU,DEF,12,True,False
2023,5,NFL,BUF,OFF,7,True,False
2023,5,NFL,BUF,DEF,12,True,False
2023,5,NFL,JAX,OFF,7,True,False
2023,5,NFL,JAX,DEF,12,True,False
2023,5,NFL,MIN,OFF,7,True,False
2023,5,NFL,MIN,DEF,12,True,False
2023,5,NFL,KC,OFF,7,True,False
2023,5,NFL,KC,DEF,12,True,False
2023,5,NFL,NE,OFF,7,True,False
2023,5,NFL,NE,DEF,12,True,True
2023,5,NFL,NO,OFF,7,True,False
2023,5,NFL,NO,DEF,12,True,False
2023,5,NFL,MIA,OFF,7,True,False
2023,5,NFL,MIA,DEF,12,True,False
2023,5,NFL,NYG,OFF,7,True,False
2023,5,NFL,NYG,DEF,12,True,False
2023,5,NFL,DEN,OFF,7,True,False
2023,5,NFL,DEN,DEF,12,True,False
2023,5,NFL,NYJ,OFF,7,True,False
2023,5,NFL,NYJ,DEF,12,True,False
2023,5,NFL,LA,OFF,7,True,False
2023,5,NFL,LA,DEF,12,True,False
2023,5,NFL,PHI,OFF,7,True,False
2023,5,NFL,PHI,DEF,12,True,False
2023,5,NFL,IND,OFF,7,True,False
2023,5,NFL,IND,DEF,12,True,False
2023,5,NFL,TEN,OFF,7,True,False
2023,5,NFL,TEN,DEF,12,True,False
2023,6,NFL,LA,OFF,7,True,False
2023,6,NFL,LA,DEF,12,True,False
2023,6,NFL,ARI,OFF,7,True,False
2023,6,NFL,ARI,DEF,12,True,False
2023,6,NFL,TEN,OFF,7,True,False
2023,6,NFL,TEN,DEF,12,True,False
2023,6,NFL,BAL,OFF,7,True,False
2023,6,NFL,BAL,DEF,12,True,False
2023,6,NFL,MIA,OFF,7,True,False
2023,6,NFL,MIA,DEF,12,True,False
2023,6,NFL,CAR,OFF,7,True,False
2023,6,NFL,CAR,DEF,12,True,False
2023,6,NFL,LAC,OFF,7,True,False
2023,6,NFL,LAC,DEF,12,True,False
2023,6,NFL,DAL,OFF,7,True,False
2023,6,NFL,DAL,DEF,12,True,False
2023,6,NFL,KC,OFF,7,True,False
2023,6,NFL,KC,DEF,12,True,False
2023,6,NFL,DEN,OFF,7,True,False
2023,6,NFL,DEN,DEF,12,True,False
2023,6,NFL,TB,OFF,7,True,True
2023,6,NFL,TB,DEF,12,True,False
2023,6,NFL,DET,OFF,7,True,False
2023,6,NFL,DET,DEF,12,True,False
2023,6,NFL,JAX,OFF,7,True,False
2023,6,NFL,JAX,DEF,12,True,False
2023,6,NFL,IND,OFF,7,True,False
2023,6,NFL,IND,DEF,12,True,False
2023,6,NFL,CHI,OFF,7,True,False
2023,6,NFL,CHI,DEF,12,True,False
2023,6,NFL,MIN,OFF,7,True,False
2023,6,NFL,MIN,DEF,12,True,False
2023,6,NFL,LV,OFF,7,True,False
2023,6,NFL,LV,DEF,12,True,False
2023,6,NFL,NE,OFF,7,True,False
2023,6,NFL,NE,DEF,12,True,False
2023,6,NFL,HOU,OFF,7,True,False
2023,6,NFL,HOU,DEF,12,True,False
2023,6,NFL,NO,OFF,7,True,False
2023,6,NFL,NO,DEF,12,True,False
2023,6,NFL,BUF,OFF,7,True,False
2023,6,NFL,BUF,DEF,12,True,False
2023,6,NFL,NYG,OFF,7,True,False
2023,6,NFL,NYG,DEF,12,True,False
2023,6,NFL,NYJ,OFF,7,True,False
2023,6,NFL,NYJ,DEF,12,True,False
2023,6,NFL,PHI,OFF,7,True,False
2023,6,NFL,PHI,DEF,12,True,False
2023,6,NFL,CIN,OFF,7,True,False
2023,6,NFL,CIN,DEF,12,True,False
2023,6,NFL,SEA,OFF,7,True,False
2023,6,NFL,SEA,DEF,12,True,True
2023,6,NFL,CLE,OFF,7,True,False
2023,6,NFL,CLE,DEF,12,True,False
2023,6,NFL,SF,OFF,7,True,False
2023,6,NFL,SF,DEF,12,True,False
2023,6,NFL,ATL,OFF,7,True,False
2023,6,NFL,ATL,DEF,12,True,False
2023,6,NFL,WAS,OFF,7,True,True
2023,6,NFL,WAS,DEF,12,True,False
2023,7,NFL,SEA,OFF,7,True,False
2023,7,NFL,SEA,DEF,12,True,False
2023,7,NFL,ARI,OFF,7,True,False
2023,7,NFL,ARI,DEF,12,True,True
2023,7,NFL,TB,OFF,7,True,False
2023,7,NFL,TB,DEF,12,True,False
2023,7,NFL,ATL,OFF,7,True,False
2023,7,NFL,ATL,DEF,12,True,False
2023,7,NFL,NE,OFF,7,True,False
2023,7,NFL,NE,DEF,12,True,False
2023,7,NFL,BUF,OFF,7,True,False
2023,7,NFL,BUF,DEF,12,True,False
2023,7,NFL,IND,OFF,7,True,False
2023,7,NFL,IND,DEF,12,True,False
2023,7,NFL,CLE,OFF,7,True,False
2023,7,NFL,CLE,DEF,12,True,True
2023,7,NFL,BAL,OFF,7,True,False
2023,7,NFL,BAL,DEF,12,True,False
2023,7,NFL,DET,OFF,7,True,False
2023,7,NFL,DET,DEF,12,True,False
2023,7,NFL,DEN,OFF,7,True,False
2023,7,NFL,DEN,DEF,12,True,False
2023,7,NFL,GB,OFF,7,True,False
2023,7,NFL,GB,DEF,12,True,False
2023,7,NFL,NO,OFF,7,True,False
2023,7,NFL,NO,DEF,12,True,False
2023,7,NFL,JAX,OFF,7,True,False
2023,7,NFL,JAX,DEF,12,True,False
2023,7,NFL,KC,OFF,7,True,False
2023,7,NFL,KC,DEF,12,True,True
2023,7,NFL,LAC,OFF,7,True,False
2023,7,NFL,LAC,DEF,12,True,False
2023,7,NFL,CHI,OFF,7,True,False
2023,7,NFL,CHI,DEF,12,True,False
2023,7,NFL,LV,OFF,7,True,False
2023,7,NFL,LV,DEF,12,True,False
2023,7,NFL,PHI,OFF,7,True,False
2023,7,NFL,PHI,DEF,12,True,True
2023,7,NFL,MIA,OFF,7,True,False
2023,7,NFL,MIA,DEF,12,True,False
2023,7,NFL,LA,OFF,7,True,False
2023,7,NFL,LA,DEF,12,True,False
2023,7,NFL,PIT,OFF,7,True,False
2023,7,NFL,PIT,DEF,12,True,False
2023,7,NFL,MIN,OFF,7,True,False
2023,7,NFL,MIN,DEF,12,True,False
2023,7,NFL,SF,OFF,7,True,False
2023,7,NFL,SF,DEF,12,True,False
2023,7,NFL,NYG,OFF,7,True,False
2023,7,NFL,NYG,DEF,12,True,True
2023,7,NFL,WAS,OFF,7,True,False
2023,7,NFL,WAS,DEF,12,True,False
2023,8,NFL,TEN,OFF,7,True,False
2023,8,NFL,TEN,DEF,12,True,False
2023,8,NFL,ATL,OFF,7,True,False
2023,8,NFL,ATL,DEF,12,True,False
2023,8,NFL,ARI,OFF,7,True,False
2023,8,NFL,ARI,DEF,12,True,False
2023,8,NFL,BAL,OFF,7,True,False
2023,8,NFL,BAL,DEF,12,True,False
2023,8,NFL,LAC,OFF,7,True,False
2023,8,NFL,LAC,DEF,12,True,False
2023,8,NFL,CHI,OFF,7,True,False
2023,8,NFL,CHI,DEF,12,True,False
2023,8,NFL,SF,OFF,7,True,False
2023,8,NFL,SF,DEF,12,True,True
2023,8,NFL,CIN,OFF,7,True,False
2023,8,NFL,CIN,DEF,12,True,True
2023,8,NFL,SEA,OFF,7,True,False
2023,8,NFL,SEA,DEF,12,True,False
2023,8,NFL,CLE,OFF,7,True,False
2023,8,NFL,CLE,DEF,12,True,False
2023,8,NFL,CAR,OFF,7,True,False
2023,8,NFL,CAR,DEF,12,True,False
2023,8,NFL,HOU,OFF,7,True,False
2023,8,NFL,HOU,DEF,12,True,False
2023,8,NFL,PIT,OFF,7,True,False
2023,8,NFL,PIT,DEF,12,True,False
2023,8,NFL,JAX,OFF,7,True,False
2023,8,NFL,JAX,DEF,12,True,True
2023,8,NFL,DEN,OFF,7,True,False
2023,8,NFL,DEN,DEF,12,True,False
2023,8,NFL,KC,OFF,7,True,False
2023,8,NFL,KC,DEF,12,True,False
2023,8,NFL,DAL,OFF,7,True,False
2023,8,NFL,DAL,DEF,12,True,False
2023,8,NFL,LA,OFF,7,True,False
2023,8,NFL,LA,DEF,12,True,False
2023,8,NFL,DET,OFF,7,True,False
2023,8,NFL,DET,DEF,12,True,False
2023,8,NFL,LV,OFF,7,True,True
2023,8,NFL,LV,DEF,12,True,False
2023,8,NFL,GB,OFF,7,True,False
2023,8,NFL,GB,DEF,12,True,False
2023,8,NFL,MIN,OFF,7,True,False
2023,8,NFL,MIN,DEF,12,True,True
2023,8,NFL,MIA,OFF,7,True,False
2023,8,NFL,MIA,DEF,12,True,False
2023,8,NFL,NE,OFF,7,True,False
2023,8,NFL,NE,DEF,12,True,True
2023,8,NFL,IND,OFF,7,True,False
2023,8,NFL,IND,DEF,12,True,False
2023,8,NFL,NO,OFF,7,True,False
2023,8,NFL,NO,DEF,12,True,False
2023,8,NFL,NYG,OFF,7,True,False
2023,8,NFL,NYG,DEF,12,True,False
2023,8,NFL,NYJ,OFF,7,True,False
2023,8,NFL,NYJ,DEF,12,True,False
2023,8,NFL,WAS,OFF,7,True,False
2023,8,NFL,WAS,DEF,12,True,False
2023,8,NFL,PHI,OFF,7,True,False
2023,8,NFL,PHI,DEF,12,True,False
2023,8,NFL,BUF,OFF,7,True,False
2023,8,NFL,BUF,DEF,12,True,False
2023,8,NFL,TB,OFF,7,True,False
2023,8,NFL,TB,DEF,12,True,False
2023,9,NFL,CLE,OFF,7,True,False
2023,9,NFL,CLE,DEF,12,True,False
2023,9,NFL,ARI,OFF,7,True,True
2023,9,NFL,ARI,DEF,12,True,False
2023,9,NFL,CIN,OFF,7,True,False
2023,9,NFL,CIN,DEF,12,True,False
2023,9,NFL,BUF,OFF,7,True,False
2023,9,NFL,BUF,DEF,12,True,False
2023,9,NFL,NO,OFF,7,True,False
2023,9,NFL,NO,DEF,12,True,False
2023,9,NFL,CHI,OFF,7,True,False
2023,9,NFL,CHI,DEF,12,True,False
2023,9,NFL,PHI,OFF,7,True,False
2023,9,NFL,PHI,DEF,12,True,False
2023,9,NFL,DAL,OFF,7,True,False
2023,9,NFL,DAL,DEF,12,True,False
2023,9,NFL,CAR,OFF,7,True,False
2023,9,NFL,CAR,DEF,12,True,False
2023,9,NFL,IND,OFF,7,True,False
2023,9,NFL,IND,DEF,12,True,False
2023,9,NFL,NYJ,OFF,7,True,False
2023,9,NFL,NYJ,DEF,12,True,False
2023,9,NFL,LAC,OFF,7,True,False
2023,9,NFL,LAC,DEF,12,True,False
2023,9,NFL,GB,OFF,7,True,True
2023,9,NFL,GB,DEF,12,True,False
2023,9,NFL,LA,OFF,7,True,False
2023,9,NFL,LA,DEF,12,True,False
2023,9,NFL,KC,OFF,7,True,False
2023,9,NFL,KC,DEF,12,True,False
2023,9,NFL,MIA,OFF,7,True,False
2023,9,NFL,MIA,DEF,12,True,False
2023,9,NFL,ATL,OFF,7,True,False
2023,9,NFL,ATL,DEF,12,True,False
2023,9,NFL,MIN,OFF,7,True,False
2023,9,NFL,MIN,DEF,12,True,False
2023,9,NFL,LV,OFF,7,True,False
2023,9,NFL,LV,DEF,12,True,False
2023,9,NFL,NYG,OFF,7,True,False
2023,9,NFL,NYG,DEF,12,True,False
2023,9,NFL,BAL,OFF,7,True,False
2023,9,NFL,BAL,DEF,12,True,False
2023,9,NFL,SEA,OFF,7,True,False
2023,9,NFL,SEA,DEF,12,True,False
2023,9,NFL,HOU,OFF,7,True,False
2023,9,NFL,HOU,DEF,12,True,False
2023,9,NFL,TB,OFF,7,True,True
2023,9,NFL,TB,DEF,12,True,False
2023,9,NFL,PIT,OFF,7,True,False
2023,9,NFL,PIT,DEF,12,True,False
2023,9,NFL,TEN,OFF,7,True,False
2023,9,NFL,TEN,DEF,12,True,False
2023,9,NFL,NE,OFF,7,True,False
2023,9,NFL,NE,DEF,12,True,False
2023,9,NFL,WAS,OFF,7,True,False
2023,9,NFL,WAS,DEF,12,True,False
2023,10,NFL,ARI,OFF,7,True,False
2023,10,NFL,ARI,DEF,12,True,False
2023,10,NFL,ATL,OFF,7,True,False
2023,10,NFL,ATL,DEF,12,True,False
2023,10,NFL,CHI,OFF,7,True,True
2023,10,NFL,CHI,DEF,12,True,False
2023,10,NFL,CAR,OFF,7,True,False
2023,10,NFL,CAR,DEF,12,True,False
2023,10,NFL,BAL,OFF,7,True,False
2023,10,NFL,BAL,DEF,12,True,False
2023,10,NFL,CLE,OFF,7,True,False
2023,10,NFL,CLE,DEF,12,True,False
2023,10,NFL,BUF,OFF,7,True,False
2023,10,NFL,BUF,DEF,12,True,False
2023,10,NFL,DEN,OFF,7,True,False
2023,10,NFL,DEN,DEF,12,True,False
2023,10,NFL,LAC,OFF,7,True,False
2023,10,NFL,LAC,DEF,12,True,False
2023,10,NFL,DET,OFF,7,True,False
2023,10,NFL,DET,DEF,12,True,False
2023,10,NFL,PIT,OFF,7,True,True
2023,10,NFL,PIT,DEF,12,True,False
2023,10,NFL,GB,OFF,7,True,False
2023,10,NFL,GB,DEF,12,True,False
2023,10,NFL,CIN,OFF,7,True,False
2023,10,NFL,CIN,DEF,12,True,False
2023,10,NFL,HOU,OFF,7,True,False
2023,10,NFL,HOU,DEF,12,True,False
2023,10,NFL,NE,OFF,7,True,False
2023,10,NFL,NE,DEF,12,True,False
2023,10,NFL,IND,OFF,7,True,False
2023,10,NFL,IND,DEF,12,True,True
2023,10,NFL,MIN,OFF,7,True,True
2023,10,NFL,MIN,DEF,12,True,False
2023,10,NFL,NO,OFF,7,True,False
2023,10,NFL,NO,DEF,12,True,False
2023,10,NFL,DAL,OFF,7,True,False
2023,10,NFL,DAL,DEF,12,True,False
2023,10,NFL,NYG,OFF,7,True,True
2023,10,NFL,NYG,DEF,12,True,False
2023,10,NFL,LV,OFF,7,True,False
2023,10,NFL,LV,DEF,12,True,False
2023,10,NFL,NYJ,OFF,7,True,False
2023,10,NFL,NYJ,DEF,12,True,False
2023,10,NFL,JAX,OFF,7,True,False
2023,10,NFL,JAX,DEF,12,True,False
2023,10,NFL,SF,OFF,7,True,False
2023,10,NFL,SF,DEF,12,True,False
2023,10,NFL,TB,OFF,7,True,False
2023,10,NFL,TB,DEF,12,True,False
2023,10,NFL,TEN,OFF,7,True,True
2023,10,NFL,TEN,DEF,12,True,False
2023,10,NFL,SEA,OFF,7,True,False
2023,10,NFL,SEA,DEF,12,True,False
2023,10,NFL,WAS,OFF,7,True,False
2023,10,NFL,WAS,DEF,12,True,False
2023,11,NFL,HOU,OFF,7,True,False
2023,11,NFL,HOU,DEF,12,True,False
2023,11,NFL,ARI,OFF,7,True,False
2023,11,NFL,ARI,DEF,12,True,False
2023,11,NFL,DET,OFF,7,True,False
2023,11,NFL,DET,DEF,12,True,False
2023,11,NFL,CHI,OFF,7,True,False
2023,11,NFL,CHI,DEF,12,True,False
2023,11,NFL,BAL,OFF,7,True,True
2023,11,NFL,BAL,DEF,12,True,False
2023,11,NFL,CIN,OFF,7,True,False
2023,11,NFL,CIN,DEF,12,True,False
2023,11,NFL,CAR,OFF,7,True,False
2023,11,NFL,CAR,DEF,12,True,False
2023,11,NFL,DAL,OFF,7,True,True
2023,11,NFL,DAL,DEF,12,True,False
2023,11,NFL,GB,OFF,7,True,False
2023,11,NFL,GB,DEF,12,True,False
2023,11,NFL,LAC,OFF,7,True,False
2023,11,NFL,LAC,DEF,12,True,False
2023,11,NFL,MIA,OFF,7,True,False
2023,11,NFL,MIA,DEF,12,True,False
2023,11,NFL,LV,OFF,7,True,False
2023,11,NFL,LV,DEF,12,True,False
2023,11,NFL,DEN,OFF,7,True,False
2023,11,NFL,DEN,DEF,12,True,False
2023,11,NFL,MIN,OFF,7,True,False
2023,11,NFL,MIN,DEF,12,True,False
2023,11,NFL,WAS,OFF,7,True,False
2023,11,NFL,WAS,DEF,12,True,False
2023,11,NFL,NYG,OFF,7,True,False
2023,11,NFL,NYG,DEF,12,True,False
2023,11,NFL,BUF,OFF,7,True,False
2023,11,NFL,BUF,DEF,12,True,False
2023,11,NFL,NYJ,OFF,7,True,False
2023,11,NFL,NYJ,DEF,12,True,True
2023,11,NFL,KC,OFF,7,True,False
2023,11,NFL,KC,DEF,12,True,False
2023,11,NFL,PHI,OFF,7,True,False
2023,11,NFL,PHI,DEF,12,True,False
2023,11,NFL,CLE,OFF,7,True,False
2023,11,NFL,CLE,DEF,12,True,False
2023,11,NFL,PIT,OFF,7,True,False
2023,11,NFL,PIT,DEF,12,True,True
2023,11,NFL,LA,OFF,7,True,False
2023,11,NFL,LA,DEF,12,True,False
2023,11,NFL,SEA,OFF,7,True,False
2023,11,NFL,SEA,DEF,12,True,False
2023,11,NFL,SF,OFF,7,True,False
2023,11,NFL,SF,DEF,12,True,False
2023,11,NFL,TB,OFF,7,True,False
2023,11,NFL,TB,DEF,12,True,False
2023,11,NFL,JAX,OFF,7,True,False
2023,11,NFL,JAX,DEF,12,True,False
2023,11,NFL,TEN,OFF,7,True,False
2023,11,NFL,TEN,DEF,12,True,True
2023,12,NFL,LAC,OFF,7,True,False
2023,12,NFL,LAC,DEF,12,True,False
2023,12,NFL,BAL,OFF,7,True,False
2023,12,NFL,BAL,DEF,12,True,False
2023,12,NFL,PHI,OFF,7,True,False
2023,12,NFL,PHI,DEF,12,True,False
2023,12,NFL,BUF,OFF,7,True,False
2023,12,NFL,BUF,DEF,12,True,False
2023,12,NFL,TEN,OFF,7,True,False
2023,12,NFL,TEN,DEF,12,True,False
2023,12,NFL,CAR,OFF,7,True,False
2023,12,NFL,CAR,DEF,12,True,False
2023,12,NFL,MIN,OFF,7,True,False
2023,12,NFL,MIN,DEF,12,True,False
2023,12,NFL,CHI,OFF,7,True,False
2023,12,NFL,CHI,DEF,12,True,False
2023,12,NFL,DEN,OFF,7,True,False
2023,12,NFL,DEN,DEF,12,True,False
2023,12,NFL,CLE,OFF,7,True,False
2023,12,NFL,CLE,DEF,12,True,False
2023,12,NFL,DET,OFF,7,True,False
2023,12,NFL,DET,DEF,12,True,False
2023,12,NFL,GB,OFF,7,True,False
2023,12,NFL,GB,DEF,12,True,False
2023,12,NFL,HOU,OFF,7,True,False
2023,12,NFL,HOU,DEF,12,True,False
2023,12,NFL,JAX,OFF,7,True,False
2023,12,NFL,JAX,DEF,12,True,False
2023,12,NFL,LV,OFF,7,True,False
2023,12,NFL,LV,DEF,12,True,True
2023,12,NFL,KC,OFF,7,True,False
2023,12,NFL,KC,DEF,12,True,True
2023,12,NFL,ARI,OFF,7,True,False
2023,12,NFL,ARI,DEF,12,True,False
2023,12,NFL,LA,OFF,7,True,False
2023,12,NFL,LA,DEF,12,True,False
2023,12,NFL,NYJ,OFF,7,True,False
2023,12,NFL,NYJ,DEF,12,True,False
2023,12,NFL,MIA,OFF,7,True,False
2023,12,NFL,MIA,DEF,12,True,False
2023,12,NFL,NYG,OFF,7,True,False
2023,12,NFL,NYG,DEF,12,True,False
2023,12,NFL,NE,OFF,7,True,False
2023,12,NFL,NE,DEF,12,True,False
2023,12,NFL,ATL,OFF,7,True,False
2023,12,NFL,ATL,DEF,12,True,False
2023,12,NFL,NO,OFF,7,True,False
2023,12,NFL,NO,DEF,12,True,False
2023,12,NFL,CIN,OFF,7,True,False
2023,12,NFL,CIN,DEF,12,True,False
2023,12,NFL,PIT,OFF,7,True,False
2023,12,NFL,PIT,DEF,12,True,False
2023,12,NFL,SEA,OFF,7,True,False
2023,12,NFL,SEA,DEF,12,True,False
2023,12,NFL,SF,OFF,7,True,False
2023,12,NFL,SF,DEF,12,True,False
2023,12,NFL,IND,OFF,7,True,False
2023,12,NFL,IND,DEF,12,True,False
2023,12,NFL,TB,OFF,7,True,False
2023,12,NFL,TB,DEF,12,True,False
2023,12,NFL,DAL,OFF,7,True,False
2023,12,NFL,DAL,DEF,12,True,False
2023,12,NFL,WAS,OFF,7,True,False
2023,12,NFL,WAS,DEF,12,True,False
2023,13,NFL,PIT,OFF,7,True,False
2023,13,NFL,PIT,DEF,12,True,False
2023,13,NFL,ARI,OFF,7,True,False
2023,13,NFL,ARI,DEF,12,True,False
2023,13,NFL,NYJ,OFF,7,True,False
2023,13,NFL,NYJ,DEF,12,True,False
2023,13,NFL,ATL,OFF,7,True,True
2023,13,NFL,ATL,DEF,12,True,False
2023,13,NFL,TB,OFF,7,True,False
2023,13,NFL,TB,DEF,12,True,False
2023,13,NFL,CAR,OFF,7,True,False
2023,13,NFL,CAR,DEF,12,True,False
2023,13,NFL,JAX,OFF,7,True,False
2023,13,NFL,JAX,DEF,12,True,False
2023,13,NFL,CIN,OFF,7,True,False
2023,13,NFL,CIN,DEF,12,True,False
2023,13,NFL,LA,OFF,7,True,False
2023,13,NFL,LA,DEF,12,True,False
2023,13,NFL,CLE,OFF,7,True,False
2023,13,NFL,CLE,DEF,12,True,False
2023,13,NFL,HOU,OFF,7,True,False
2023,13,NFL,HOU,DEF,12,True,False
2023,13,NFL,DEN,OFF,7,True,False
2023,13,NFL,DEN,DEF,12,True,False
2023,13,NFL,NO,OFF,7,True,False
2023,13,NFL,NO,DEF,12,True,False
2023,13,NFL,DET,OFF,7,True,False
2023,13,NFL,DET,DEF,12,True,False
2023,13,NFL,TEN,OFF,7,True,False
2023,13,NFL,TEN,DEF,12,True,False
2023,13,NFL,IND,OFF,7,True,True
2023,13,NFL,IND,DEF,12,True,False
2023,13,NFL,GB,OFF,7,True,False
2023,13,NFL,GB,DEF,12,True,False
2023,13,NFL,KC,OFF,7,True,False
2023,13,NFL,KC,DEF,12,True,False
2023,13,NFL,NE,OFF,7,True,False
2023,13,NFL,NE,DEF,12,True,False
2023,13,NFL,LAC,OFF,7,True,False
2023,13,NFL,LAC,DEF,12,True,False
2023,13,NFL,WAS,OFF,7,True,False
2023,13,NFL,WAS,DEF,12,True,False
2023,13,NFL,MIA,OFF,7,True,False
2023,13,NFL,MIA,DEF,12,True,False
2023,13,NFL,DAL,OFF,7,True,False
2023,13,NFL,DAL,DEF,12,True,False
2023,13,NFL,SEA,OFF,7,True,False
2023,13,NFL,SEA,DEF,12,True,False
2023,13,NFL,PHI,OFF,7,True,False
2023,13,NFL,PHI,DEF,12,True,False
2023,13,NFL,SF,OFF,7,True,False
2023,13,NFL,SF,DEF,12,True,False
2023,14,NFL,KC,OFF,7,True,False
2023,14,NFL,KC,DEF,12,True,False
2023,14,NFL,BUF,OFF,7,True,False
2023,14,NFL,BUF,DEF,12,True,False
2023,14,NFL,NO,OFF,7,True,True
2023,14,NFL,NO,DEF,12,True,False
2023,14,NFL,CAR,OFF,7,True,False
2023,14,NFL,CAR,DEF,12,True,False
2023,14,NFL,LAC,OFF,7,True,False
2023,14,NFL,LAC,DEF,12,True,False
2023,14,NFL,DEN,OFF,7,True,False
2023,14,NFL,DEN,DEF,12,True,False
2023,14,NFL,CHI,OFF,7,True,False
2023,14,NFL,CHI,DEF,12,True,False
2023,14,NFL,DET,OFF,7,True,False
2023,14,NFL,DET,DEF,12,True,False
2023,14,NFL,NYG,OFF,7,True,False
2023,14,NFL,NYG,DEF,12,True,False
2023,14,NFL,GB,OFF,7,True,False
2023,14,NFL,GB,DEF,12,True,False
2023,14,NFL,NYJ,OFF,7,True,False
2023,14,NFL,NYJ,DEF,12,True,False
2023,14,NFL,HOU,OFF,7,True,False
2023,14,NFL,HOU,DEF,12,True,False
2023,14,NFL,CIN,OFF,7,True,False
2023,14,NFL,CIN,DEF,12,True,False
2023,14,NFL,IND,OFF,7,True,False
2023,14,NFL,IND,DEF,12,True,False
2023,14,NFL,CLE,OFF,7,True,False
2023,14,NFL,CLE,DEF,12,True,False
2023,14,NFL,JAX,OFF,7,True,False
2023,14,NFL,JAX,DEF,12,True,False
2023,14,NFL,BAL,OFF,7,True,False
2023,14,NFL,BAL,DEF,12,True,False
2023,14,NFL,LA,OFF,7,True,False
2023,14,NFL,LA,DEF,12,True,False
2023,14,NFL,LV,OFF,7,True,False
2023,14,NFL,LV,DEF,12,True,False
2023,14,NFL,MIN,OFF,7,True,False
2023,14,NFL,MIN,DEF,12,True,False
2023,14,NFL,PIT,OFF,7,True,False
2023,14,NFL,PIT,DEF,12,True,False
2023,14,NFL,NE,OFF,7,True,False
2023,14,NFL,NE,DEF,12,True,False
2023,14,NFL,DAL,OFF,7,True,False
2023,14,NFL,DAL,DEF,12,True,False
2023,14,NFL,PHI,OFF,7,True,False
2023,14,NFL,PHI,DEF,12,True,False
2023,14,NFL,SF,OFF,7,True,False
2023,14,NFL,SF,DEF,12,True,False
2023,14,NFL,SEA,OFF,7,True,False
2023,14,NFL,SEA,DEF,12,True,False
2023,14,NFL,ATL,OFF,7,True,False
2023,14,NFL,ATL,DEF,12,True,False
2023,14,NFL,TB,OFF,7,True,False
2023,14,NFL,TB,DEF,12,True,False
2023,14,NFL,MIA,OFF,7,True,True
2023,14,NFL,MIA,DEF,12,True,False
2023,14,NFL,TEN,OFF,7,True,False
2023,14,NFL,TEN,DEF,12,True,False
2023,15,NFL,CAR,OFF,7,True,True
2023,15,NFL,CAR,DEF,12,True,False
2023,15,NFL,ATL,OFF,7,True,False
2023,15,NFL,ATL,DEF,12,True,False
2023,15,NFL,JAX,OFF,7,True,False
2023,15,NFL,JAX,DEF,12,True,False
2023,15,NFL,BAL,OFF,7,True,True
2023,15,NFL,BAL,DEF,12,True,False
2023,15,NFL,CLE,OFF,7,True,False
2023,15,NFL,CLE,DEF,12,True,False
2023,15,NFL,CHI,OFF,7,True,False
2023,15,NFL,CHI,DEF,12,True,False
2023,15,NFL,BUF,OFF,7,True,False
2023,15,NFL,BUF,DEF,12,True,True
2023,15,NFL,DAL,OFF,7,True,False
2023,15,NFL,DAL,DEF,12,True,False
2023,15,NFL,DET,OFF,7,True,False
2023,15,NFL,DET,DEF,12,True,False
2023,15,NFL,DEN,OFF,7,True,False
2023,15,NFL,DEN,DEF,12,True,False
2023,15,NFL,TEN,OFF,7,True,False
2023,15,NFL,TEN,DEF,12,True,False
2023,15,NFL,HOU,OFF,7,True,False
2023,15,NFL,HOU,DEF,12,True,False
2023,15,NFL,NE,OFF,7,True,False
2023,15,NFL,NE,DEF,12,True,False
2023,15,NFL,KC,OFF,7,True,False
2023,15,NFL,KC,DEF,12,True,False
2023,15,NFL,LV,OFF,7,True,False
2023,15,NFL,LV,DEF,12,True,False
2023,15,NFL,LAC,OFF,7,True,False
2023,15,NFL,LAC,DEF,12,True,False
2023,15,NFL,CIN,OFF,7,True,False
2023,15,NFL,CIN,DEF,12,True,False
2023,15,NFL,MIN,OFF,7,True,False
2023,15,NFL,MIN,DEF,12,True,False
2023,15,NFL,NO,OFF,7,True,False
2023,15,NFL,NO,DEF,12,True,False
2023,15,NFL,NYG,OFF,7,True,False
2023,15,NFL,NYG,DEF,12,True,False
2023,15,NFL,MIA,OFF,7,True,False
2023,15,NFL,MIA,DEF,12,True,False
2023,15,NFL,NYJ,OFF,7,True,True
2023,15,NFL,NYJ,DEF,12,True,False
2023,15,NFL,SEA,OFF,7,True,False
2023,15,NFL,SEA,DEF,12,True,False
2023,15,NFL,PHI,OFF,7,True,False
2023,15,NFL,PHI,DEF,12,True,True
2023,15,NFL,IND,OFF,7,True,False
2023,15,NFL,IND,DEF,12,True,False
2023,15,NFL,PIT,OFF,7,True,False
2023,15,NFL,PIT,DEF,12,True,False
2023,15,NFL,ARI,OFF,7,True,False
2023,15,NFL,ARI,DEF,12,True,False
2023,15,NFL,SF,OFF,7,True,False
2023,15,NFL,SF,DEF,12,True,False
2023,15,NFL,GB,OFF,7,True,False
2023,15,NFL,GB,DEF,12,True,False
2023,15,NFL,TB,OFF,7,True,False
2023,15,NFL,TB,DEF,12,True,True
2023,15,NFL,LA,OFF,7,True,False
2023,15,NFL,LA,DEF,12,True,False
2023,15,NFL,WAS,OFF,7,True,False
2023,15,NFL,WAS,DEF,12,True,False
2023,16,NFL,CHI,OFF,7,True,False
2023,16,NFL,CHI,DEF,12,True,False
2023,16,NFL,ARI,OFF,7,True,False
2023,16,NFL,ARI,DEF,12,True,True
2023,16,NFL,SF,OFF,7,True,False
2023,16,NFL,SF,DEF,12,True,False
2023,16,NFL,BAL,OFF,7,True,False
2023,16,NFL,BAL,DEF,12,True,False
2023,16,NFL,LAC,OFF,7,True,False
2023,16,NFL,LAC,DEF,12,True,True
2023,16,NFL,BUF,OFF,7,True,False
2023,16,NFL,BUF,DEF,12,True,False
2023,16,NFL,PIT,OFF,7,True,False
2023,16,NFL,PIT,DEF,12,True,False
2023,16,NFL,CIN,OFF,7,True,False
2023,16,NFL,CIN,DEF,12,True,False
2023,16,NFL,HOU,OFF,7,True,True
2023,16,NFL,HOU,DEF,12,True,False
2023,16,NFL,CLE,OFF,7,True,False
2023,16,NFL,CLE,DEF,12,True,False
2023,16,NFL,MIA,OFF,7,True,True
2023,16,NFL,MIA,DEF,12,True,False
2023,16,NFL,DAL,OFF,7,True,False
2023,16,NFL,DAL,DEF,12,True,False
2023,16,NFL,MIN,OFF,7,True,False
2023,16,NFL,MIN,DEF,12,True,False
2023,16,NFL,DET,OFF,7,True,False
2023,16,NFL,DET,DEF,12,True,False
2023,16,NFL,CAR,OFF,7,True,False
2023,16,NFL,CAR,DEF,12,True,False
2023,16,NFL,GB,OFF,7,True,False
2023,16,NFL,GB,DEF,12,True,False
2023,16,NFL,ATL,OFF,7,True,False
2023,16,NFL,ATL,DEF,12,True,False
2023,16,NFL,IND,OFF,7,True,False
2023,16,NFL,IND,DEF,12,True,False
2023,16,NFL,TB,OFF,7,True,False
2023,16,NFL,TB,DEF,12,True,False
2023,16,NFL,JAX,OFF,7,True,False
2023,16,NFL,JAX,DEF,12,True,False
2023,16,NFL,KC,OFF,7,True,False
2023,16,NFL,KC,DEF,12,True,False
2023,16,NFL,LV,OFF,7,True,True
2023,16,NFL,LV,DEF,12,True,True
2023,16,NFL,DEN,OFF,7,True,False
2023,16,NFL,DEN,DEF,12,True,False
2023,16,NFL,NE,OFF,7,True,False
2023,16,NFL,NE,DEF,12,True,False
2023,16,NFL,LA,OFF,7,True,False
2023,16,NFL,LA,DEF,12,True,False
2023,16,NFL,NO,OFF,7,True,False
2023,16,NFL,NO,DEF,12,True,False
2023,16,NFL,PHI,OFF,7,True,False
2023,16,NFL,PHI,DEF,12,True,True
2023,16,NFL,NYG,OFF,7,True,False
2023,16,NFL,NYG,DEF,12,True,False
2023,16,NFL,TEN,OFF,7,True,False
2023,16,NFL,TEN,DEF,12,True,False
2023,16,NFL,SEA,OFF,7,True,False
2023,16,NFL,SEA,DEF,12,True,False
2023,16,NFL,NYJ,OFF,7,True,False
2023,16,NFL,NYJ,DEF,12,True,False
2023,16,NFL,WAS,OFF,7,True,False
2023,16,NFL,WAS,DEF,12,True,False
2023,17,NFL,PHI,OFF,7,True,False
2023,17,NFL,PHI,DEF,12,True,True
2023,17,NFL,ARI,OFF,7,True,False
2023,17,NFL,ARI,DEF,12,True,False
2023,17,NFL,CHI,OFF,7,True,True
2023,17,NFL,CHI,DEF,12,True,False
2023,17,NFL,ATL,OFF,7,True,True
2023,17,NFL,ATL,DEF,12,True,False
2023,17,NFL,JAX,OFF,7,True,False
2023,17,NFL,JAX,DEF,12,True,False
2023,17,NFL,CAR,OFF,7,True,False
2023,17,NFL,CAR,DEF,12,True,False
2023,17,NFL,KC,OFF,7,True,False
2023,17,NFL,KC,DEF,12,True,False
2023,17,NFL,CIN,OFF,7,True,False
2023,17,NFL,CIN,DEF,12,True,False
2023,17,NFL,DAL,OFF,7,True,False
2023,17,NFL,DAL,DEF,12,True,False
2023,17,NFL,DET,OFF,7,True,False
2023,17,NFL,DET,DEF,12,True,False
2023,17,NFL,MIN,OFF,7,True,False
2023,17,NFL,MIN,DEF,12,True,False
2023,17,NFL,GB,OFF,7,True,False
2023,17,NFL,GB,DEF,12,True,False
2023,17,NFL,DEN,OFF,7,True,True
2023,17,NFL,DEN,DEF,12,True,False
2023,17,NFL,LAC,OFF,7,True,False
2023,17,NFL,LAC,DEF,12,True,False
2023,17,NFL,NYG,OFF,7,True,False
2023,17,NFL,NYG,DEF,12,True,False
2023,17,NFL,LA,OFF,7,True,True
2023,17,NFL,LA,DEF,12,True,False
2023,17,NFL,IND,OFF,7,True,False
2023,17,NFL,IND,DEF,12,True,False
2023,17,NFL,LV,OFF,7,True,False
2023,17,NFL,LV,DEF,12,True,False
2023,17,NFL,BAL,OFF,7,True,False
2023,17,NFL,BAL,DEF,12,True,False
2023,17,NFL,MIA,OFF,7,True,False
2023,17,NFL,MIA,DEF,12,True,False
2023,17,NFL,BUF,OFF,7,True,False
2023,17,NFL,BUF,DEF,12,True,False
2023,17,NFL,NE,OFF,7,True,False
2023,17,NFL,NE,DEF,12,True,False
2023,17,NFL,TB,OFF,7,True,False
2023,17,NFL,TB,DEF,12,True,False
2023,17,NFL,NO,OFF,7,True,False
2023,17,NFL,NO,DEF,12,True,False
2023,17,NFL,CLE,OFF,7,True,False
2023,17,NFL,CLE,DEF,12,True,False
2023,17,NFL,NYJ,OFF,7,True,False
2023,17,NFL,NYJ,DEF,12,True,False
2023,17,NFL,SEA,OFF,7,True,False
2023,17,NFL,SEA,DEF,12,True,False
2023,17,NFL,PIT,OFF,7,True,False
2023,17,NFL,PIT,DEF,12,True,False
2023,17,NFL,WAS,OFF,7,True,False
2023,17,NFL,WAS,DEF,12,True,False
2023,17,NFL,SF,OFF,7,True,False
2023,17,NFL,SF,DEF,12,True,False
2023,17,NFL,HOU,OFF,7,True,False
2023,17,NFL,HOU,DEF,12,True,True
2023,17,NFL,TEN,OFF,7,True,False
2023,17,NFL,TEN,DEF,12,True,False
2023,1,ADL,Dallas Cowboys,OFF,7,True,False
2023,1,ADL,Dallas Cowboys,DEF,12,True,False
2023,1,ADL,New York Giants,OFF,7,True,False
2023,1,ADL,New York Giants,DEF,12,True,False
2023,1,ADL,Philadelphia Eagles,OFF,7,True,False
2023,1,ADL,Philadelphia Eagles,DEF,12,True,False
2023,1,ADL,Washington Commanders,OFF,7,True,False
2023,1,ADL,Washington Commanders,DEF,12,True,False
2023,1,ADL,Chicago Bears,OFF,7,True,False
2023,1,ADL,Chicago Bears,DEF,12,True,False
2023,1,ADL,Detroit Lions,OFF,7,True,False
2023,1,ADL,Detroit Lions,DEF,12,True,False
2023,1,ADL,Green Bay Packers,OFF,7,True,False
2023,1,ADL,Green Bay Packers,DEF,12,True,False
2023,1,ADL,Minnesota Vikings,OFF,7,True,False
2023,1,ADL,Minnesota Vikings,DEF,12,True,False
2023,1,ADL,Atlanta Falcons,OFF,7,True,False
2023,1,ADL,Atlanta Falcons,DEF,12,True,False
2023,1,ADL,Carolina Panthers,OFF,7,True,False
2023,1,ADL,Carolina Panthers,DEF,12,True,False
2023,1,ADL,New Orleans Saints,OFF,7,True,False
2023,1,ADL,New Orleans Saints,DEF,12,True,False
2023,1,ADL,Tampa Bay Buccaneers,OFF,7,True,False
2023,1,ADL,Tampa Bay Buccaneers,DEF,12,True,False
2023,1,ADL,Arizona Cardinals,OFF,7,True,False
2023,1,ADL,Arizona Cardinals,DEF,12,True,False
2023,1,ADL,Los Angeles Rams,OFF,7,True,False
2023,1,ADL,Los Angeles Rams,DEF,12,True,False
2023,1,ADL,San Francisco 49ers,OFF,7,True,False
2023,1,ADL,San Francisco 49ers,DEF,12,True,False
2023,1,ADL,Seattle Seahawks,OFF,7,True,False
2023,1,ADL,Seattle Seahawks,DEF,12,True,False
2023,1,ADL,Buffalo Bills,OFF,7,True,False
2023,1,ADL,Buffalo Bills,DEF,12,True,False
2023,1,ADL,Miami Dolphins,OFF,7,True,False
2023,1,ADL,Miami Dolphins,DEF,12,True,False
2023,1,ADL,New England Patriots,OFF,7,True,False
2023,1,ADL,New England Patriots,DEF,12,True,False
2023,1,ADL,New York Jets,OFF,7,True,False
2023,1,ADL,New York Jets,DEF,12,True,False
2023,1,ADL,Baltimore Ravens,OFF,7,True,False
2023,1,ADL,Baltimore Ravens,DEF,12,True,False
2023,1,ADL,Cincinnati Bengals,OFF,7,True,False
2023,1,ADL,Cincinnati Bengals,DEF,12,True,False
2023,1,ADL,Cleveland Browns,OFF,7,True,False
2023,1,ADL,Cleveland Browns,DEF,12,True,False
2023,1,ADL,Pittsburgh Steelers,OFF,7,True,False
2023,1,ADL,Pittsburgh Steelers,DEF,12,True,False
2023,1,ADL,Houston Texans,OFF,7,True,False
2023,1,ADL,Houston Texans,DEF,12,True,False
2023,1,ADL,Indianapolis Colts,OFF,7,True,False
2023,1,ADL,Indianapolis Colts,DEF,12,True,False
2023,1,ADL,Jacksonville Jaguars,OFF,7,True,False
2023,1,ADL,Jacksonville Jaguars,DEF,12,True,False
2023,1,ADL,Tennessee Titans,OFF,7,True,False
2023,1,ADL,Tennessee Titans,DEF,12,True,False
2023,1,ADL,Denver Broncos,OFF,7,True,False
2023,1,ADL,Denver Broncos,DEF,12,True,False
2023,1,ADL,Kansas City Chiefs,OFF,7,True,False
2023,1,ADL,Kansas City Chiefs,DEF,12,True,False
2023,1,ADL,Las Vegas Raiders,OFF,7,True,False
2023,1,ADL,Las Vegas Raiders,DEF,12,True,False
2023,1,ADL,Los Angeles Chargers,OFF,7,True,False
2023,1,ADL,Los Angeles Chargers,DEF,12,True,False
2023,2,ADL,Dallas Cowboys,OFF,7,True,False
2023,2,ADL,Dallas Cowboys,DEF,12,True,False
2023,2,ADL,New York Giants,OFF,7,True,False
2023,2,ADL,New York Giants,DEF,12,True,False
2023,2,ADL,Philadelphia Eagles,OFF,7,True,False
2023,2,ADL,Philadelphia Eagles,DEF,12,True,False
2023,2,ADL,Washington Commanders,OFF,7,True,False
2023,2,ADL,Washington Commanders,DEF,12,True,False
2023,2,ADL,Chicago Bears,OFF,7,True,False
2023,2,ADL,Chicago Bears,DEF,12,True,False
2023,2,ADL,Detroit Lions,OFF,7,True,False
2023,2,ADL,Detroit Lions,DEF,12,True,False
2023,2,ADL,Green Bay Packers,OFF,7,True,False
2023,2,ADL,Green Bay Packers,DEF,12,True,False
2023,2,ADL,Minnesota Vikings,OFF,7,True,False
2023,2,ADL,Minnesota Vikings,DEF,12,True,False
2023,2,ADL,Atlanta Falcons,OFF,7,True,False
2023,2,ADL,Atlanta Falcons,DEF,12,True,False
2023,2,ADL,Carolina Panthers,OFF,7,True,False
2023,2,ADL,Carolina Panthers,DEF,12,True,False
2023,2,ADL,New Orleans Saints,OFF,7,True,False
2023,2,ADL,New Orleans Saints,DEF,12,True,False
2023,2,ADL,Tampa Bay Buccaneers,OFF,7,True,False
2023,2,ADL,Tampa Bay Buccaneers,DEF,12,True,False
2023,2,ADL,Arizona Cardinals,OFF,7,True,False
2023,2,ADL,Arizona Cardinals,DEF,12,True,False
2023,2,ADL,Los Angeles Rams,OFF,7,True,False
2023,2,ADL,Los Angeles Rams,DEF,12,True,False
2023,2,ADL,San Francisco 49ers,OFF,7,True,False
2023,2,ADL,San Francisco 49ers,DEF,12,True,False
2023,2,ADL,Seattle Seahawks,OFF,7,True,False
2023,2,ADL,Seattle Seahawks,DEF,12,True,False
2023,2,ADL,Buffalo Bills,OFF,7,True,False
2023,2,ADL,Buffalo Bills,DEF,12,True,False
2023,2,ADL,Miami Dolphins,OFF,7,True,False
2023,2,ADL,Miami Dolphins,DEF,12,True,False
2023,2,ADL,New England Patriots,OFF,7,True,False
2023,2,ADL,New England Patriots,DEF,12,True,False
2023,2,ADL,New York Jets,OFF,7,True,False
2023,2,ADL,New York Jets,DEF,12,True,False
2023,2,ADL,Baltimore Ravens,OFF,7,True,False
2023,2,ADL,Baltimore Ravens,DEF,12,True,False
2023,2,ADL,Cincinnati Bengals,OFF,7,True,False
2023,2,ADL,Cincinnati Bengals,DEF,12,True,False
2023,2,ADL,Cleveland Browns,OFF,7,True,False
2023,2,ADL,Cleveland Browns,DEF,12,True,False
2023,2,ADL,Pittsburgh Steelers,OFF,7,True,False
2023,2,ADL,Pittsburgh Steelers,DEF,12,True,False
2023,2,ADL,Houston Texans,OFF,7,True,False
2023,2,ADL,Houston Texans,DEF,12,True,False
2023,2,ADL,Indianapolis Colts,OFF,7,True,False
2023,2,ADL,Indianapolis Colts,DEF,12,True,False
2023,2,ADL,Jacksonville Jaguars,OFF,7,True,False
2023,2,ADL,Jacksonville Jaguars,DEF,12,True,False
2023,2,ADL,Tennessee Titans,OFF,7,True,False
2023,2,ADL,Tennessee Titans,DEF,12,True,False
2023,2,ADL,Denver Broncos,OFF,7,True,False
2023,2,ADL,Denver Broncos,DEF,12,True,False
2023,2,ADL,Kansas City Chiefs,OFF,7,True,False
2023,2,ADL,Kansas City Chiefs,DEF,12,True,False
2023,2,ADL,Las Vegas Raiders,OFF,7,True,False
2023,2,ADL,Las Vegas Raiders,DEF,12,True,False
2023,2,ADL,Los Angeles Chargers,OFF,7,True,False
2023,2,ADL,Los Angeles Chargers,DEF,12,True,False
2023,3,ADL,Dallas Cowboys,OFF,7,True,False
2023,3,ADL,Dallas Cowboys,DEF,12,True,False
2023,3,ADL,New York Giants,OFF,7,True,False
2023,3,ADL,New York Giants,DEF,12,True,False
2023,3,ADL,Philadelphia Eagles,OFF,7,True,False
2023,3,ADL,Philadelphia Eagles,DEF,12,True,False
2023,3,ADL,Washington Commanders,OFF,7,True,False
2023,3,ADL,Washington Commanders,DEF,12,True,False
2023,3,ADL,Chicago Bears,OFF,7,True,False
2023,3,ADL,Chicago Bears,DEF,12,True,False
2023,3,ADL,Detroit Lions,OFF,7,True,False
2023,3,ADL,Detroit Lions,DEF,12,True,False
2023,3,ADL,Green Bay Packers,OFF,7,True,False
2023,3,ADL,Green Bay Packers,DEF,12,True,False
2023,3,ADL,Minnesota Vikings,OFF,7,True,False
2023,3,ADL,Minnesota Vikings,DEF,12,True,False
2023,3,ADL,Atlanta Falcons,OFF,7,True,False
2023,3,ADL,Atlanta Falcons,DEF,12,True,False
2023,3,ADL,Carolina Panthers,OFF,7,True,False
2023,3,ADL,Carolina Panthers,DEF,12,True,False
2023,3,ADL,New Orleans Saints,OFF,7,True,False
2023,3,ADL,New Orleans Saints,DEF,12,True,False
2023,3,ADL,Tampa Bay Buccaneers,OFF,7,True,False
2023,3,ADL,Tampa Bay Buccaneers,DEF,12,True,False
2023,3,ADL,Arizona Cardinals,OFF,7,True,False
2023,3,ADL,Arizona Cardinals,DEF,12,True,False
2023,3,ADL,Los Angeles Rams,OFF,7,True,False
2023,3,ADL,Los Angeles Rams,DEF,12,True,False
2023,3,ADL,San Francisco 49ers,OFF,7,True,False
2023,3,ADL,San Francisco 49ers,DEF,12,True,False
2023,3,ADL,Seattle Seahawks,OFF,7,True,False
2023,3,ADL,Seattle Seahawks,DEF,12,True,False
2023,3,ADL,Buffalo Bills,OFF,7,True,False
2023,3,ADL,Buffalo Bills,DEF,12,True,False
2023,3,ADL,Miami Dolphins,OFF,7,True,False
2023,3,ADL,Miami Dolphins,DEF,12,True,False
2023,3,ADL,New England Patriots,OFF,7,True,False
2023,3,ADL,New England Patriots,DEF,12,True,False
2023,3,ADL,New York Jets,OFF,7,True,False
2023,3,ADL,New York Jets,DEF,12,True,False
2023,3,ADL,Baltimore Ravens,OFF,7,True,False
2023,3,ADL,Baltimore Ravens,DEF,12,True,False
2023,3,ADL,Cincinnati Bengals,OFF,7,True,False
2023,3,ADL,Cincinnati Bengals,DEF,12,True,False
2023,3,ADL,Cleveland Browns,OFF,7,True,False
2023,3,ADL,Cleveland Browns,DEF,12,True,False
2023,3,ADL,Pittsburgh Steelers,OFF,7,True,False
2023,3,ADL,Pittsburgh Steelers,DEF,12,True,False
2023,3,ADL,Houston Texans,OFF,7,True,False
2023,3,ADL,Houston Texans,DEF,12,True,False
2023,3,ADL,Indianapolis Colts,OFF,7,True,False
2023,3,ADL,Indianapolis Colts,DEF,12,True,False
2023,3,ADL,Jacksonville Jaguars,OFF,7,True,False
2023,3,ADL,Jacksonville Jaguars,DEF,12,True,False
2023,3,ADL,Tennessee Titans,OFF,7,True,False
2023,3,ADL,Tennessee Titans,DEF,12,True,False
2023,3,ADL,Denver Broncos,OFF,7,True,False
2023,3,ADL,Denver Broncos,DEF,12,True,False
2023,3,ADL,Kansas City Chiefs,OFF,7,True,False
2023,3,ADL,Kansas City Chiefs,DEF,12,True,False
2023,3,ADL,Las Vegas Raiders,OFF,7,True,False
2023,3,ADL,Las Vegas Raiders,DEF,12,True,False
2023,3,ADL,Los Angeles Chargers,OFF,7,True,False
2023,3,ADL,Los Angeles Chargers,DEF,12,True,False
2023,4,ADL,Dallas Cowboys,OFF,7,True,False
2023,4,ADL,Dallas Cowboys,DEF,12,True,False
2023,4,ADL,New York Giants,OFF,7,True,False
2023,4,ADL,New York Giants,DEF,12,True,False
2023,4,ADL,Philadelphia Eagles,OFF,7,True,False
2023,4,ADL,Philadelphia Eagles,DEF,12,True,False
2023,4,ADL,Washington Commanders,OFF,7,True,False
2023,4,ADL,Washington Commanders,DEF,12,True,False
2023,4,ADL,Chicago Bears,OFF,7,True,False
2023,4,ADL,Chicago Bears,DEF,12,True,False
2023,4,ADL,Detroit Lions,OFF,7,True,False
2023,4,ADL,Detroit Lions,DEF,12,True,False
2023,4,ADL,Green Bay Packers,OFF,7,True,False
2023,4,ADL,Green Bay Packers,DEF,12,True,False
2023,4,ADL,Minnesota Vikings,OFF,7,True,False
2023,4,ADL,Minnesota Vikings,DEF,12,True,False
2023,4,ADL,Atlanta Falcons,OFF,7,True,False
2023,4,ADL,Atlanta Falcons,DEF,12,True,False
2023,4,ADL,Carolina Panthers,OFF,7,True,False
2023,4,ADL,Carolina Panthers,DEF,12,True,False
2023,4,ADL,New Orleans Saints,OFF,7,True,False
2023,4,ADL,New Orleans Saints,DEF,12,True,False
2023,4,ADL,Tampa Bay Buccaneers,OFF,7,True,False
2023,4,ADL,Tampa Bay Buccaneers,DEF,12,True,False
2023,4,ADL,Arizona Cardinals,OFF,7,True,False
2023,4,ADL,Arizona Cardinals,DEF,12,True,False
2023,4,ADL,Los Angeles Rams,OFF,7,True,False
2023,4,ADL,Los Angeles Rams,DEF,12,True,False
2023,4,ADL,San Francisco 49ers,OFF,7,True,False
2023,4,ADL,San Francisco 49ers,DEF,12,True,False
2023,4,ADL,Seattle Seahawks,OFF,7,True,False
2023,4,ADL,Seattle Seahawks,DEF,12,True,False
2023,4,ADL,Buffalo Bills,OFF,7,True,False
2023,4,ADL,Buffalo Bills,DEF,12,True,False
2023,4,ADL,Miami Dolphins,OFF,7,True,False
2023,4,ADL,Miami Dolphins,DEF,12,True,False
2023,4,ADL,New England Patriots,OFF,7,True,False
2023,4,ADL,New England Patriots,DEF,12,True,False
2023,4,ADL,New York Jets,OFF,7,True,False
2023,4,ADL,New York Jets,DEF,12,True,False
2023,4,ADL,Baltimore Ravens,OFF,7,True,False
2023,4,ADL,Baltimore Ravens,DEF,12,True,False
2023,4,ADL,Cincinnati Bengals,OFF,7,True,False
2023,4,ADL,Cincinnati Bengals,DEF,12,True,False
2023,4,ADL,Cleveland Browns,OFF,7,True,False
2023,4,ADL,Cleveland Browns,DEF,12,True,False
2023,4,ADL,Pittsburgh Steelers,OFF,7,True,False
2023,4,ADL,Pittsburgh Steelers,DEF,12,True,False
2023,4,ADL,Houston Texans,OFF,7,True,False
2023,4,ADL,Houston Texans,DEF,12,True,False
2023,4,ADL,Indianapolis Colts,OFF,7,True,False
2023,4,ADL,Indianapolis Colts,DEF,12,True,False
2023,4,ADL,Jacksonville Jaguars,OFF,7,True,False
2023,4,ADL,Jacksonville Jaguars,DEF,12,True,False
2023,4,ADL,Tennessee Titans,OFF,7,True,False
2023,4,ADL,Tennessee Titans,DEF,12,True,False
2023,4,ADL,Denver Broncos,OFF,7,True,False
2023,4,ADL,Denver Broncos,DEF,12,True,False
2023,4,ADL,Kansas City Chiefs,OFF,7,True,False
2023,4,ADL,Kansas City Chiefs,DEF,12,True,False
2023,4,ADL,Las Vegas Raiders,OFF,7,True,False
2023,4,ADL,Las Vegas Raiders,DEF,12,True,False
2023,4,ADL,Los Angeles Chargers,OFF,7,True,False
2023,4,ADL,Los Angeles Chargers,DEF,12,True,False
2023,5,ADL,Dallas Cowboys,OFF,7,True,False
2023,5,ADL,Dallas Cowboys,DEF,12,True,False
2023,5,ADL,New York Giants,OFF,7,True,False
2023,5,ADL,New York Giants,DEF,12,True,False
2023,5,ADL,Philadelphia Eagles,OFF,7,True,False
2023,5,ADL,Philadelphia Eagles,DEF,12,True,False
2023,5,ADL,Washington Commanders,OFF,7,True,False
2023,5,ADL,Washington Commanders,DEF,12,True,False
2023,5,ADL,Chicago Bears,OFF,7,True,False
2023,5,ADL,Chicago Bears,DEF,12,True,False
2023,5,ADL,Detroit Lions,OFF,7,True,False
2023,5,ADL,Detroit Lions,DEF,12,True,False
2023,5,ADL,Green Bay Packers,OFF,7,True,False
2023,5,ADL,Green Bay Packers,DEF,12,True,False
2023,5,ADL,Minnesota Vikings,OFF,7,True,False
2023,5,ADL,Minnesota Vikings,DEF,12,True,False
2023,5,ADL,Atlanta Falcons,OFF,7,True,False
2023,5,ADL,Atlanta Falcons,DEF,12,True,False
2023,5,ADL,Carolina Panthers,OFF,7,True,False
2023,5,ADL,Carolina Panthers,DEF,12,True,False
2023,5,ADL,New Orleans Saints,OFF,7,True,False
2023,5,ADL,New Orleans Saints,DEF,12,True,False
2023,5,ADL,Tampa Bay Buccaneers,OFF,7,True,False
2023,5,ADL,Tampa Bay Buccaneers,DEF,12,True,False
2023,5,ADL,Arizona Cardinals,OFF,7,True,False
2023,5,ADL,Arizona Cardinals,DEF,12,True,False
2023,5,ADL,Los Angeles Rams,OFF,7,True,False
2023,5,ADL,Los Angeles Rams,DEF,12,True,False
2023,5,ADL,San Francisco 49ers,OFF,7,True,False
2023,5,ADL,San Francisco 49ers,DEF,12,True,False
2023,5,ADL,Seattle Seahawks,OFF,7,True,False
2023,5,ADL,Seattle Seahawks,DEF,12,True,False
2023,5,ADL,Buffalo Bills,OFF,7,True,False
2023,5,ADL,Buffalo Bills,DEF,12,True,False
2023,5,ADL,Miami Dolphins,OFF,7,True,False
2023,5,ADL,Miami Dolphins,DEF,12,True,False
2023,5,ADL,New England Patriots,OFF,7,True,False
2023,5,ADL,New England Patriots,DEF,12,True,False
2023,5,ADL,New York Jets,OFF,7,True,False
2023,5,ADL,New York Jets,DEF,12,True,False
2023,5,ADL,Baltimore Ravens,OFF,7,True,False
2023,5,ADL,Baltimore Ravens,DEF,12,True,False
2023,5,ADL,Cincinnati Bengals,OFF,7,True,False
2023,5,ADL,Cincinnati Bengals,DEF,12,True,False
2023,5,ADL,Cleveland Browns,OFF,7,True,False
2023,5,ADL,Cleveland Browns,DEF,12,True,False
2023,5,ADL,Pittsburgh Steelers,OFF,7,True,False
2023,5,ADL,Pittsburgh Steelers,DEF,12,True,False
2023,5,ADL,Houston Texans,OFF,7,True,False
2023,5,ADL,Houston Texans,DEF,12,True,False
2023,5,ADL,Indianapolis Colts,OFF,7,True,False
2023,5,ADL,Indianapolis Colts,DEF,12,True,False
2023,5,ADL,Jacksonville Jaguars,OFF,7,True,False
2023,5,ADL,Jacksonville Jaguars,DEF,12,True,False
2023,5,ADL,Tennessee Titans,OFF,7,True,False
2023,5,ADL,Tennessee Titans,DEF,12,True,False
2023,5,ADL,Denver Broncos,OFF,7,True,False
2023,5,ADL,Denver Broncos,DEF,12,True,False
2023,5,ADL,Kansas City Chiefs,OFF,7,True,False
2023,5,ADL,Kansas City Chiefs,DEF,12,True,False
2023,5,ADL,Las Vegas Raiders,OFF,7,True,False
2023,5,ADL,Las Vegas Raiders,DEF,12,True,False
2023,5,ADL,Los Angeles Chargers,OFF,7,True,False
2023,5,ADL,Los Angeles Chargers,DEF,12,True,False
2023,6,ADL,Dallas Cowboys,OFF,7,True,False
2023,6,ADL,Dallas Cowboys,DEF,12,True,False
2023,6,ADL,New York Giants,OFF,7,True,False
2023,6,ADL,New York Giants,DEF,12,True,False
2023,6,ADL,Philadelphia Eagles,OFF,7,True,False
2023,6,ADL,Philadelphia Eagles,DEF,12,True,False
2023,6,ADL,Washington Commanders,OFF,7,True,False
2023,6,ADL,Washington Commanders,DEF,12,True,False
2023,6,ADL,Chicago Bears,OFF,7,True,False
2023,6,ADL,Chicago Bears,DEF,12,True,False
2023,6,ADL,Detroit Lions,OFF,7,True,False
2023,6,ADL,Detroit Lions,DEF,12,True,False
2023,6,ADL,Green Bay Packers,OFF,7,True,False
2023,6,ADL,Green Bay Packers,DEF,12,True,False
2023,6,ADL,Minnesota Vikings,OFF,7,True,False
2023,6,ADL,Minnesota Vikings,DEF,12,True,False
2023,6,ADL,Atlanta Falcons,OFF,7,True,False
2023,6,ADL,Atlanta Falcons,DEF,12,True,False
2023,6,ADL,Carolina Panthers,OFF,7,True,False
2023,6,ADL,Carolina Panthers,DEF,12,True,False
2023,6,ADL,New Orleans Saints,OFF,7,True,False
2023,6,ADL,New Orleans Saints,DEF,12,True,False
2023,6,ADL,Tampa Bay Buccaneers,OFF,7,True,False
2023,6,ADL,Tampa Bay Buccaneers,DEF,12,True,False
2023,6,ADL,Arizona Cardinals,OFF,7,True,False
2023,6,ADL,Arizona Cardinals,DEF,12,True,False
2023,6,ADL,Los Angeles Rams,OFF,7,True,False
2023,6,ADL,Los Angeles Rams,DEF,12,True,False
2023,6,ADL,San Francisco 49ers,OFF,7,True,False
2023,6,ADL,San Francisco 49ers,DEF,12,True,False
2023,6,ADL,Seattle Seahawks,OFF,7,True,False
2023,6,ADL,Seattle Seahawks,DEF,12,True,False
2023,6,ADL,Buffalo Bills,OFF,7,True,False
2023,6,ADL,Buffalo Bills,DEF,12,True,False
2023,6,ADL,Miami Dolphins,OFF,7,True,False
2023,6,ADL,Miami Dolphins,DEF,12,True,False
2023,6,ADL,New England Patriots,OFF,7,True,False
2023,6,ADL,New England Patriots,DEF,12,True,False
2023,6,ADL,New York Jets,OFF,7,True,False
2023,6,ADL,New York Jets,DEF,12,True,False
2023,6,ADL,Baltimore Ravens,OFF,7,True,False
2023,6,ADL,Baltimore Ravens,DEF,12,True,False
2023,6,ADL,Cincinnati Bengals,OFF,7,True,False
2023,6,ADL,Cincinnati Bengals,DEF,12,True,False
2023,6,ADL,Cleveland Browns,OFF,7,True,False
2023,6,ADL,Cleveland Browns,DEF,12,True,False
2023,6,ADL,Pittsburgh Steelers,OFF,7,True,False
2023,6,ADL,Pittsburgh Steelers,DEF,12,True,False
2023,6,ADL,Houston Texans,OFF,7,True,False
2023,6,ADL,Houston Texans,DEF,12,True,False
2023,6,ADL,Indianapolis Colts,OFF,7,True,False
2023,6,ADL,Indianapolis Colts,DEF,12,True,False
2023,6,ADL,Jacksonville Jaguars,OFF,7,True,False
2023,6,ADL,Jacksonville Jaguars,DEF,12,True,False
2023,6,ADL,Tennessee Titans,OFF,7,True,False
2023,6,ADL,Tennessee Titans,DEF,12,True,False
2023,6,ADL,Denver Broncos,OFF,7,True,False
2023,6,ADL,Denver Broncos,DEF,12,True,False
2023,6,ADL,Kansas City Chiefs,OFF,7,True,False
2023,6,ADL,Kansas City Chiefs,DEF,12,True,False
2023,6,ADL,Las Vegas Raiders,OFF,7,True,False
2023,6,ADL,Las Vegas Raiders,DEF,12,True,False
2023,6,ADL,Los Angeles Chargers,OFF,7,True,False
2023,6,ADL,Los Angeles Chargers,DEF,12,True,False
2023,7,ADL,Dallas Cowboys,OFF,7,True,False
2023,7,ADL,Dallas Cowboys,DEF,12,True,False
2023,7,ADL,New York Giants,OFF,7,True,False
2023,7,ADL,New York Giants,DEF,12,True,False
2023,7,ADL,Philadelphia Eagles,OFF,7,True,False
2023,7,ADL,Philadelphia Eagles,DEF,12,True,False
2023,7,ADL,Washington Commanders,OFF,7,True,False
2023,7,ADL,Washington Commanders,DEF,12,True,False
2023,7,ADL,Chicago Bears,OFF,7,True,False
2023,7,ADL,Chicago Bears,DEF,12,True,False
2023,7,ADL,Detroit Lions,OFF,7,True,False
2023,7,ADL,Detroit Lions,DEF,12,True,False
2023,7,ADL,Green Bay Packers,OFF,7,True,False
2023,7,ADL,Green Bay Packers,DEF,12,True,False
2023,7,ADL,Minnesota Vikings,OFF,7,True,False
2023,7,ADL,Minnesota Vikings,DEF,12,True,False
2023,7,ADL,Atlanta Falcons,OFF,7,True,False
2023,7,ADL,Atlanta Falcons,DEF,12,True,False
2023,7,ADL,Carolina Panthers,OFF,7,True,False
2023,7,ADL,Carolina Panthers,DEF,12,True,False
2023,7,ADL,New Orleans Saints,OFF,7,True,False
2023,7,ADL,New Orleans Saints,DEF,12,True,False
2023,7,ADL,Tampa Bay Buccaneers,OFF,7,True,False
2023,7,ADL,Tampa Bay Buccaneers,DEF,12,True,False
2023,7,ADL,Arizona Cardinals,OFF,7,True,False
2023,7,ADL,Arizona Cardinals,DEF,12,True,False
2023,7,ADL,Los Angeles Rams,OFF,7,True,False
2023,7,ADL,Los Angeles Rams,DEF,12,True,False
2023,7,ADL,San Francisco 49ers,OFF,7,True,False
2023,7,ADL,San Francisco 49ers,DEF,12,True,False
2023,7,ADL,Seattle Seahawks,OFF,7,True,False
2023,7,ADL,Seattle Seahawks,DEF,12,True,False
2023,7,ADL,Buffalo Bills,OFF,7,True,False
2023,7,ADL,Buffalo Bills,DEF,12,True,False
2023,7,ADL,Miami Dolphins,OFF,7,True,False
2023,7,ADL,Miami Dolphins,DEF,12,True,False
2023,7,ADL,New England Patriots,OFF,7,True,False
2023,7,ADL,New England Patriots,DEF,12,True,False
2023,7,ADL,New York Jets,OFF,7,True,False
2023,7,ADL,New York Jets,DEF,12,True,False
2023,7,ADL,Baltimore Ravens,OFF,7,True,False
2023,7,ADL,Baltimore Ravens,DEF,12,True,False
2023,7,ADL,Cincinnati Bengals,OFF,7,True,False
2023,7,ADL,Cincinnati Bengals,DEF,12,True,False
2023,7,ADL,Cleveland Browns,OFF,7,True,False
2023,7,ADL,Cleveland Browns,DEF,12,True,False
2023,7,ADL,Pittsburgh Steelers,OFF,7,True,False
2023,7,ADL,Pittsburgh Steelers,DEF,12,True,False
2023,7,ADL,Houston Texans,OFF,7,True,False
2023,7,ADL,Houston Texans,DEF,12,True,False
2023,7,ADL,Indianapolis Colts,OFF,7,True,False
2023,7,ADL,Indianapolis Colts,DEF,12,True,False
2023,7,ADL,Jacksonville Jaguars,OFF,7,True,False
2023,7,ADL,Jacksonville Jaguars,DEF,12,True,False
2023,7,ADL,Tennessee Titans,OFF,7,True,False
2023,7,ADL,Tennessee Titans,DEF,12,True,False
2023,7,ADL,Denver Broncos,OFF,7,True,False
2023,7,ADL,Denver Broncos,DEF,12,True,False
2023,7,ADL,Kansas City Chiefs,OFF,7,True,False
2023,7,ADL,Kansas City Chiefs,DEF,12,True,False
2023,7,ADL,Las Vegas Raiders,OFF,7,True,False
2023,7,ADL,Las Vegas Raiders,DEF,12,True,False
2023,7,ADL,Los Angeles Chargers,OFF,7,True,False
2023,7,ADL,Los Angeles Chargers,DEF,12,True,False
2023,8,ADL,Dallas Cowboys,OFF,7,True,False
2023,8,ADL,Dallas Cowboys,DEF,12,True,False
2023,8,ADL,New York Giants,OFF,7,True,False
2023,8,ADL,New York Giants,DEF,12,True,False
2023,8,ADL,Philadelphia Eagles,OFF,7,True,False
2023,8,ADL,Philadelphia Eagles,DEF,12,True,False
2023,8,ADL,Washington Commanders,OFF,7,True,False
2023,8,ADL,Washington Commanders,DEF,12,True,False
2023,8,ADL,Chicago Bears,OFF,7,True,False
2023,8,ADL,Chicago Bears,DEF,12,True,False
2023,8,ADL,Detroit Lions,OFF,7,True,False
2023,8,ADL,Detroit Lions,DEF,12,True,False
2023,8,ADL,Green Bay Packers,OFF,7,True,False
2023,8,ADL,Green Bay Packers,DEF,12,True,False
2023,8,ADL,Minnesota Vikings,OFF,7,True,False
2023,8,ADL,Minnesota Vikings,DEF,12,True,False
2023,8,ADL,Atlanta Falcons,OFF,7,True,False
2023,8,ADL,Atlanta Falcons,DEF,12,True,False
2023,8,ADL,Carolina Panthers,OFF,7,True,False
2023,8,ADL,Carolina Panthers,DEF,12,True,False
2023,8,ADL,New Orleans Saints,OFF,7,True,False
2023,8,ADL,New Orleans Saints,DEF,12,True,False
2023,8,ADL,Tampa Bay Buccaneers,OFF,7,True,False
2023,8,ADL,Tampa Bay Buccaneers,DEF,12,True,False
2023,8,ADL,Arizona Cardinals,OFF,7,True,False
2023,8,ADL,Arizona Cardinals,DEF,12,True,False
2023,8,ADL,Los Angeles Rams,OFF,7,True,False
2023,8,ADL,Los Angeles Rams,DEF,12,True,False
2023,8,ADL,San Francisco 49ers,OFF,7,True,False
2023,8,ADL,San Francisco 49ers,DEF,12,True,False
2023,8,ADL,Seattle Seahawks,OFF,7,True,False
2023,8,ADL,Seattle Seahawks,DEF,12,True,False
2023,8,ADL,Buffalo Bills,OFF,7,True,False
2023,8,ADL,Buffalo Bills,DEF,12,True,False
2023,8,ADL,Miami Dolphins,OFF,7,True,False
2023,8,ADL,Miami Dolphins,DEF,12,True,False
2023,8,ADL,New England Patriots,OFF,7,True,False
2023,8,ADL,New England Patriots,DEF,12,True,False
2023,8,ADL,New York Jets,OFF,7,True,False
2023,8,ADL,New York Jets,DEF,12,True,False
2023,8,ADL,Baltimore Ravens,OFF,7,True,False
2023,8,ADL,Baltimore Ravens,DEF,12,True,False
2023,8,ADL,Cincinnati Bengals,OFF,7,True,False
2023,8,ADL,Cincinnati Bengals,DEF,12,True,False
2023,8,ADL,Cleveland Browns,OFF,7,True,False
2023,8,ADL,Cleveland Browns,DEF,12,True,False
2023,8,ADL,Pittsburgh Steelers,OFF,7,True,False
2023,8,ADL,Pittsburgh Steelers,DEF,12,True,False
2023,8,ADL,Houston Texans,OFF,7,True,False
2023,8,ADL,Houston Texans,DEF,12,True,False
2023,8,ADL,Indianapolis Colts,OFF,7,True,False
2023,8,ADL,Indianapolis Colts,DEF,12,True,False
2023,8,ADL,Jacksonville Jaguars,OFF,7,True,False
2023,8,ADL,Jacksonville Jaguars,DEF,12,True,False
2023,8,ADL,Tennessee Titans,OFF,7,True,False
2023,8,ADL,Tennessee Titans,DEF,12,True,False
2023,8,ADL,Denver Broncos,OFF,7,True,False
2023,8,ADL,Denver Broncos,DEF,12,True,False
2023,8,ADL,Kansas City Chiefs,OFF,7,True,False
2023,8,ADL,Kansas City Chiefs,DEF,12,True,False
2023,8,ADL,Las Vegas Raiders,OFF,7,True,False
2023,8,ADL,Las Vegas Raiders,DEF,12,True,False
2023,8,ADL,Los Angeles Chargers,OFF,7,True,False
2023,8,ADL,Los Angeles Chargers,DEF,12,True,False
2023,9,ADL,Dallas Cowboys,OFF,7,True,False
2023,9,ADL,Dallas Cowboys,DEF,12,True,False
2023,9,ADL,New York Giants,OFF,7,True,False
2023,9,ADL,New York Giants,DEF,12,True,False
2023,9,ADL,Philadelphia Eagles,OFF,7,True,False
2023,9,ADL,Philadelphia Eagles,DEF,12,True,False
2023,9,ADL,Washington Commanders,OFF,7,True,False
2023,9,ADL,Washington Commanders,DEF,12,True,False
2023,9,ADL,Chicago Bears,OFF,7,True,False
2023,9,ADL,Chicago Bears,DEF,11,False,False
2023,9,ADL,Detroit Lions,OFF,7,True,False
2023,9,ADL,Detroit Lions,DEF,12,True,False
2023,9,ADL,Green Bay Packers,OFF,7,True,False
2023,9,ADL,Green Bay Packers,DEF,10,False,False
2023,9,ADL,Minnesota Vikings,OFF,7,True,False
2023,9,ADL,Minnesota Vikings,DEF,12,True,False
2023,9,ADL,Atlanta Falcons,OFF,7,True,False
2023,9,ADL,Atlanta Falcons,DEF,12,True,False
2023,9,ADL,Carolina Panthers,OFF,7,True,False
2023,9,ADL,Carolina Panthers,DEF,12,True,False
2023,9,ADL,New Orleans Saints,OFF,7,True,False
2023,9,ADL,New Orleans Saints,DEF,12,True,False
2023,9,ADL,Tampa Bay Buccaneers,OFF,7,True,False
2023,9,ADL,Tampa Bay Buccaneers,DEF,12,True,False
2023,9,ADL,Arizona Cardinals,OFF,7,True,False
2023,9,ADL,Arizona Cardinals,DEF,12,True,False
2023,9,ADL,Los Angeles Rams,OFF,7,True,False
2023,9,ADL,Los Angeles Rams,DEF,12,True,False
2023,9,ADL,San Francisco 49ers,OFF,7,True,False
2023,9,ADL,San Francisco 49ers,DEF,12,True,False
2023,9,ADL,Seattle Seahawks,OFF,7,True,False
2023,9,ADL,Seattle Seahawks,DEF,12,True,False
2023,9,ADL,Buffalo Bills,OFF,7,True,False
2023,9,ADL,Buffalo Bills,DEF,12,True,False
2023,9,ADL,Miami Dolphins,OFF,7,True,False
2023,9,ADL,Miami Dolphins,DEF,12,True,False
2023,9,ADL,New England Patriots,OFF,7,True,False
2023,9,ADL,New England Patriots,DEF,12,True,False
2023,9,ADL,New York Jets,OFF,7,True,False
2023,9,ADL,New York Jets,DEF,12,True,False
2023,9,ADL,Baltimore Ravens,OFF,7,True,False
2023,9,ADL,Baltimore Ravens,DEF,12,True,False
2023,9,ADL,Cincinnati Bengals,OFF,7,True,False
2023,9,ADL,Cincinnati Bengals,DEF,12,True,False
2023,9,ADL,Cleveland Browns,OFF,7,True,False
2023,9,ADL,Cleveland Browns,DEF,12,True,False
2023,9,ADL,Pittsburgh Steelers,OFF,7,True,False
2023,9,ADL,Pittsburgh Steelers,DEF,12,True,False
2023,9,ADL,Houston Texans,OFF,7,True,False
2023,9,ADL,Houston Texans,DEF,12,True,False
2023,9,ADL,Indianapolis Colts,OFF,7,True,False
2023,9,ADL,Indianapolis Colts,DEF,12,True,False
2023,9,ADL,Jacksonville Jaguars,OFF,7,True,False
2023,9,ADL,Jacksonville Jaguars,DEF,12,True,False
2023,9,ADL,Tennessee Titans,OFF,7,True,False
2023,9,ADL,Tennessee Titans,DEF,12,True,False
2023,9,ADL,Denver Broncos,OFF,7,True,False
2023,9,ADL,Denver Broncos,DEF,12,True,False
2023,9,ADL,Kansas City Chiefs,OFF,7,True,False
2023,9,ADL,Kansas City Chiefs,DEF,12,True,False
2023,9,ADL,Las Vegas Raiders,OFF,7,True,False
2023,9,ADL,Las Vegas Raiders,DEF,12,True,False
2023,9,ADL,Los Angeles Chargers,OFF,7,True,False
2023,9,ADL,Los Angeles Chargers,DEF,12,True,False
2023,10,ADL,Dallas Cowboys,OFF,7,True,False
2023,10,ADL,Dallas Cowboys,DEF,12,True,False
2023,10,ADL,New York Giants,OFF,7,True,False
2023,10,ADL,New York Giants,DEF,12,True,False
2023,10,ADL,Philadelphia Eagles,OFF,7,True,False
2023,10,ADL,Philadelphia Eagles,DEF,12,True,False
2023,10,ADL,Washington Commanders,OFF,7,True,False
2023,10,ADL,Washington Commanders,DEF,12,True,False
2023,10,ADL,Chicago Bears,OFF,7,True,False
2023,10,ADL,Chicago Bears,DEF,12,True,False
2023,10,ADL,Detroit Lions,OFF,7,True,False
2023,10,ADL,Detroit Lions,DEF,12,True,False
2023,10,ADL,Green Bay Packers,OFF,7,True,False
2023,10,ADL,Green Bay Packers,DEF,12,True,False
2023,10,ADL,Minnesota Vikings,OFF,7,True,False
2023,10,ADL,Minnesota Vikings,DEF,12,True,False
2023,10,ADL,Atlanta Falcons,OFF,7,True,False
2023,10,ADL,Atlanta Falcons,DEF,12,True,False
2023,10,ADL,Carolina Panthers,OFF,7,True,False
2023,10,ADL,Carolina Panthers,DEF,12,True,False
2023,10,ADL,New Orleans Saints,OFF,7,True,False
2023,10,ADL,New Orleans Saints,DEF,12,True,False
2023,10,ADL,Tampa Bay Buccaneers,OFF,7,True,False
2023,10,ADL,Tampa Bay Buccaneers,DEF,12,True,False
2023,10,ADL,Arizona Cardinals,OFF,7,True,False
2023,10,ADL,Arizona Cardinals,DEF,12,True,False
2023,10,ADL,Los Angeles Rams,OFF,7,True,False
2023,10,ADL,Los Angeles Rams,DEF,12,True,False
2023,10,ADL,San Francisco 49ers,OFF,7,True,False
2023,10,ADL,San Francisco 49ers,DEF,12,True,False
2023,10,ADL,Seattle Seahawks,OFF,7,True,False
2023,10,ADL,Seattle Seahawks,DEF,12,True,False
2023,10,ADL,Buffalo Bills,OFF,7,True,False
2023,10,ADL,Buffalo Bills,DEF,12,True,False
2023,10,ADL,Miami Dolphins,OFF,7,True,False
2023,10,ADL,Miami Dolphins,DEF,12,True,False
2023,10,ADL,New England Patriots,OFF,7,True,False
2023,10,ADL,New England Patriots,DEF,12,True,False
2023,10,ADL,New York Jets,OFF,7,True,False
2023,10,ADL,New York Jets,DEF,12,True,False
2023,10,ADL,Baltimore Ravens,OFF,7,True,False
2023,10,ADL,Baltimore Ravens,DEF,12,True,False
2023,10,ADL,Cincinnati Bengals,OFF,7,True,False
2023,10,ADL,Cincinnati Bengals,DEF,12,True,False
2023,10,ADL,Cleveland Browns,OFF,7,True,False
2023,10,ADL,Cleveland Browns,DEF,12,True,False
2023,10,ADL,Pittsburgh Steelers,OFF,7,True,False
2023,10,ADL,Pittsburgh Steelers,DEF,12,True,False
2023,10,ADL,Houston Texans,OFF,7,True,False
2023,10,ADL,Houston Texans,DEF,12,True,False
2023,10,ADL,Indianapolis Colts,OFF,7,True,False
2023,10,ADL,Indianapolis Colts,DEF,12,True,False
2023,10,ADL,Jacksonville Jaguars,OFF,7,True,False
2023,10,ADL,Jacksonville Jaguars,DEF,12,True,False
2023,10,ADL,Tennessee Titans,OFF,7,True,False
2023,10,ADL,Tennessee Titans,DEF,12,True,False
2023,10,ADL,Denver Broncos,OFF,7,True,False
2023,10,ADL,Denver Broncos,DEF,12,True,False
2023,10,ADL,Kansas City Chiefs,OFF,7,True,False
2023,10,ADL,Kansas City Chiefs,DEF,12,True,False
2023,10,ADL,Las Vegas Raiders,OFF,7,True,False
2023,10,ADL,Las Vegas Raiders,DEF,12,True,False
2023,10,ADL,Los Angeles Chargers,OFF,7,True,False
2023,10,ADL,Los Angeles Chargers,DEF,12,True,False
2023,11,ADL,Dallas Cowboys,OFF,7,True,False
2023,11,ADL,Dallas Cowboys,DEF,12,True,False
2023,11,ADL,New York Giants,OFF,7,True,False
2023,11,ADL,New York Giants,DEF,12,True,False
2023,11,ADL,Philadelphia Eagles,OFF,7,True,False
2023,11,ADL,Philadelphia Eagles,DEF,12,True,False
2023,11,ADL,Washington Commanders,OFF,7,True,False
2023,11,ADL,Washington Commanders,DEF,12,True,False
2023,11,ADL,Chicago Bears,OFF,7,True,False
2023,11,ADL,Chicago Bears,DEF,12,True,False
2023,11,ADL,Detroit Lions,OFF,7,True,False
2023,11,ADL,Detroit Lions,DEF,12,True,False
2023,11,ADL,Green Bay Packers,OFF,7,True,False
2023,11,ADL,Green Bay Packers,DEF,12,True,False
2023,11,ADL,Minnesota Vikings,OFF,7,True,False
2023,11,ADL,Minnesota Vikings,DEF,12,True,False
2023,11,ADL,Atlanta Falcons,OFF,7,True,False
2023,11,ADL,Atlanta Falcons,DEF,12,True,False
2023,11,ADL,Carolina Panthers,OFF,7,True,False
2023,11,ADL,Carolina Panthers,DEF,12,True,False
2023,11,ADL,New Orleans Saints,OFF,7,True,False
2023,11,ADL,New Orleans Saints,DEF,12,True,False
2023,11,ADL,Tampa Bay Buccaneers,OFF,7,True,False
2023,11,ADL,Tampa Bay Buccaneers,DEF,12,True,False
2023,11,ADL,Arizona Cardinals,OFF,7,True,False
2023,11,ADL,Arizona Cardinals,DEF,12,True,False
2023,11,ADL,Los Angeles Rams,OFF,7,True,False
2023,11,ADL,Los Angeles Rams,DEF,12,True,False
2023,11,ADL,San Francisco 49ers,OFF,7,True,False
2023,11,ADL,San Francisco 49ers,DEF,12,True,False
2023,11,ADL,Seattle Seahawks,OFF,7,True,False
2023,11,ADL,Seattle Seahawks,DEF,12,True,False
2023,11,ADL,Buffalo Bills,OFF,7,True,False
2023,11,ADL,Buffalo Bills,DEF,12,True,False
2023,11,ADL,Miami Dolphins,OFF,7,True,False
2023,11,ADL,Miami Dolphins,DEF,12,True,False
2023,11,ADL,New England Patriots,OFF,7,True,False
2023,11,ADL,New England Patriots,DEF,12,True,False
2023,11,ADL,New York Jets,OFF,7,True,False
2023,11,ADL,New York Jets,DEF,12,True,False
2023,11,ADL,Baltimore Ravens,OFF,7,True,False
2023,11,ADL,Baltimore Ravens,DEF,12,True,False
2023,11,ADL,Cincinnati Bengals,OFF,7,True,False
2023,11,ADL,Cincinnati Bengals,DEF,12,True,False
2023,11,ADL,Cleveland Browns,OFF,7,True,False
2023,11,ADL,Cleveland Browns,DEF,12,True,False
2023,11,ADL,Pittsburgh Steelers,OFF,7,True,False
2023,11,ADL,Pittsburgh Steelers,DEF,12,True,False
2023,11,ADL,Houston Texans,OFF,7,True,False
2023,11,ADL,Houston Texans,DEF,12,True,False
2023,11,ADL,Indianapolis Colts,OFF,7,True,False
2023,11,ADL,Indianapolis Colts,DEF,12,True,False
2023,11,ADL,Jacksonville Jaguars,OFF,7,True,False
2023,11,ADL,Jacksonville Jaguars,DEF,12,True,False
2023,11,ADL,Tennessee Titans,OFF,7,True,False
2023,11,ADL,Tennessee Titans,DEF,12,True,False
2023,11,ADL,Denver Broncos,OFF,7,True,False
2023,11,ADL,Denver Broncos,DEF,12,True,False
2023,11,ADL,Kansas City Chiefs,OFF,7,True,False
2023,11,ADL,Kansas City Chiefs,DEF,12,True,False
2023,11,ADL,Las Vegas Raiders,OFF,7,True,False
2023,11,ADL,Las Vegas Raiders,DEF,12,True,False
2023,11,ADL,Los Angeles Chargers,OFF,7,True,False
2023,11,ADL,Los Angeles Chargers,DEF,12,True,False
2023,12,ADL,Dallas Cowboys,OFF,7,True,False
2023,12,ADL,Dallas Cowboys,DEF,12,True,False
2023,12,ADL,New York Giants,OFF,7,True,False
2023,12,ADL,New York Giants,DEF,12,True,False
2023,12,ADL,Philadelphia Eagles,OFF,7,True,False
2023,12,ADL,Philadelphia Eagles,DEF,12,True,False
2023,12,ADL,Washington Commanders,OFF,7,True,False
2023,12,ADL,Washington Commanders,DEF,12,True,False
2023,12,ADL,Chicago Bears,OFF,7,True,False
2023,12,ADL,Chicago Bears,DEF,12,True,False
2023,12,ADL,Detroit Lions,OFF,7,True,False
2023,12,ADL,Detroit Lions,DEF,12,True,False
2023,12,ADL,Green Bay Packers,OFF,7,True,False
2023,12,ADL,Green Bay Packers,DEF,12,True,False
2023,12,ADL,Minnesota Vikings,OFF,7,True,False
2023,12,ADL,Minnesota Vikings,DEF,12,True,False
2023,12,ADL,Atlanta Falcons,OFF,7,True,False
2023,12,ADL,Atlanta Falcons,DEF,12,True,False
2023,12,ADL,Carolina Panthers,OFF,7,True,False
2023,12,ADL,Carolina Panthers,DEF,12,True,False
2023,12,ADL,New Orleans Saints,OFF,7,True,False
2023,12,ADL,New Orleans Saints,DEF,12,True,False
2023,12,ADL,Tampa Bay Buccaneers,OFF,7,True,False
2023,12,ADL,Tampa Bay Buccaneers,DEF,12,True,False
2023,12,ADL,Arizona Cardinals,OFF,7,True,False
2023,12,ADL,Arizona Cardinals,DEF,12,True,False
2023,12,ADL,Los Angeles Rams,OFF,7,True,False
2023,12,ADL,Los Angeles Rams,DEF,12,True,False
2023,12,ADL,San Francisco 49ers,OFF,7,True,False
2023,12,ADL,San Francisco 49ers,DEF,12,True,False
2023,12,ADL,Seattle Seahawks,OFF,7,True,False
2023,12,ADL,Seattle Seahawks,DEF,12,True,False
2023,12,ADL,Buffalo Bills,OFF,7,True,False
2023,12,ADL,Buffalo Bills,DEF,12,True,False
2023,12,ADL,Miami Dolphins,OFF,7,True,False
2023,12,ADL,Miami Dolphins,DEF,12,True,False
2023,12,ADL,New England Patriots,OFF,7,True,False
2023,12,ADL,New England Patriots,DEF,12,True,False
2023,12,ADL,New York Jets,OFF,7,True,False
2023,12,ADL,New York Jets,DEF,12,True,False
2023,12,ADL,Baltimore Ravens,OFF,7,True,False
2023,12,ADL,Baltimore Ravens,DEF,12,True,False
2023,12,ADL,Cincinnati Bengals,OFF,7,True,False
2023,12,ADL,Cincinnati Bengals,DEF,12,True,False
2023,12,ADL,Cleveland Browns,OFF,7,True,False
2023,12,ADL,Cleveland Browns,DEF,12,True,False
2023,12,ADL,Pittsburgh Steelers,OFF,7,True,False
2023,12,ADL,Pittsburgh Steelers,DEF,12,True,False
2023,12,ADL,Houston Texans,OFF,7,True,False
2023,12,ADL,Houston Texans,DEF,12,True,False
2023,12,ADL,Indianapolis Colts,OFF,7,True,False
2023,12,ADL,Indianapolis Colts,DEF,12,True,False
2023,12,ADL,Jacksonville Jaguars,OFF,7,True,False
2023,12,ADL,Jacksonville Jaguars,DEF,12,True,False
2023,12,ADL,Tennessee Titans,OFF,7,True,False
2023,12,ADL,Tennessee Titans,DEF,12,True,False
2023,12,ADL,Denver Broncos,OFF,7,True,False
2023,12,ADL,Denver Broncos,DEF,12,True,False
2023,12,ADL,Kansas City Chiefs,OFF,7,True,False
2023,12,ADL,Kansas City Chiefs,DEF,12,True,False
2023,12,ADL,Las Vegas Raiders,OFF,7,True,False
2023,12,ADL,Las Vegas Raiders,DEF,12,True,False
2023,12,ADL,Los Angeles Chargers,OFF,7,True,False
2023,12,ADL,Los Angeles Chargers,DEF,12,True,False
2023,13,ADL,Dallas Cowboys,OFF,7,True,False
2023,13,ADL,Dallas Cowboys,DEF,12,True,False
2023,13,ADL,New York Giants,OFF,7,True,False
2023,13,ADL,New York Giants,DEF,12,True,False
2023,13,ADL,Philadelphia Eagles,OFF,7,True,False
2023,13,ADL,Philadelphia Eagles,DEF,12,True,False
2023,13,ADL,Washington Commanders,OFF,7,True,False
2023,13,ADL,Washington Commanders,DEF,12,True,False
2023,13,ADL,Chicago Bears,OFF,7,True,False
2023,13,ADL,Chicago Bears,DEF,12,True,False
2023,13,ADL,Detroit Lions,OFF,7,True,False
2023,13,ADL,Detroit Lions,DEF,12,True,False
2023,13,ADL,Green Bay Packers,OFF,7,True,False
2023,13,ADL,Green Bay Packers,DEF,12,True,False
2023,13,ADL,Minnesota Vikings,OFF,7,True,False
2023,13,ADL,Minnesota Vikings,DEF,12,True,False
2023,13,ADL,Atlanta Falcons,OFF,7,True,False
2023,13,ADL,Atlanta Falcons,DEF,12,True,False
2023,13,ADL,Carolina Panthers,OFF,7,True,False
2023,13,ADL,Carolina Panthers,DEF,12,True,False
2023,13,ADL,New Orleans Saints,OFF,7,True,False
2023,13,ADL,New Orleans Saints,DEF,12,True,False
2023,13,ADL,Tampa Bay Buccaneers,OFF,7,True,False
2023,13,ADL,Tampa Bay Buccaneers,DEF,12,True,False
2023,13,ADL,Arizona Cardinals,OFF,7,True,False
2023,13,ADL,Arizona Cardinals,DEF,12,True,False
2023,13,ADL,Los Angeles Rams,OFF,7,True,False
2023,13,ADL,Los Angeles Rams,DEF,12,True,False
2023,13,ADL,San Francisco 49ers,OFF,7,True,False
2023,13,ADL,San Francisco 49ers,DEF,12,True,False
2023,13,ADL,Seattle Seahawks,OFF,7,True,False
2023,13,ADL,Seattle Seahawks,DEF,12,True,False
2023,13,ADL,Buffalo Bills,OFF,7,True,False
2023,13,ADL,Buffalo Bills,DEF,12,True,False
2023,13,ADL,Miami Dolphins,OFF,7,True,False
2023,13,ADL,Miami Dolphins,DEF,12,True,False
2023,13,ADL,New England Patriots,OFF,7,True,False
2023,13,ADL,New England Patriots,DEF,12,True,False
2023,13,ADL,New York Jets,OFF,7,True,False
2023,13,ADL,New York Jets,DEF,12,True,False
2023,13,ADL,Baltimore Ravens,OFF,7,True,False
2023,13,ADL,Baltimore Ravens,DEF,12,True,False
2023,13,ADL,Cincinnati Bengals,OFF,7,True,False
2023,13,ADL,Cincinnati Bengals,DEF,12,True,False
2023,13,ADL,Cleveland Browns,OFF,7,True,False
2023,13,ADL,Cleveland Browns,DEF,12,True,False
2023,13,ADL,Pittsburgh Steelers,OFF,7,True,False
2023,13,ADL,Pittsburgh Steelers,DEF,12,True,False
2023,13,ADL,Houston Texans,OFF,7,True,False
2023,13,ADL,Houston Texans,DEF,12,True,False
2023,13,ADL,Indianapolis Colts,OFF,7,True,False
2023,13,ADL,Indianapolis Colts,DEF,12,True,False
2023,13,ADL,Jacksonville Jaguars,OFF,7,True,False
2023,13,ADL,Jacksonville Jaguars,DEF,12,True,False
2023,13,ADL,Tennessee Titans,OFF,7,True,False
2023,13,ADL,Tennessee Titans,DEF,12,True,False
2023,13,ADL,Denver Broncos,OFF,7,True,False
2023,13,ADL,Denver Broncos,DEF,12,True,False
2023,13,ADL,Kansas City Chiefs,OFF,7,True,False
2023,13,ADL,Kansas City Chiefs,DEF,12,True,False
2023,13,ADL,Las Vegas Raiders,OFF,7,True,False
2023,13,ADL,Las Vegas Raiders,DEF,12,True,False
2023,13,ADL,Los Angeles Chargers,OFF,7,True,False
2023,13,ADL,Los Angeles Chargers,DEF,12,True,False
2023,14,ADL,Dallas Cowboys,OFF,7,True,False
2023,14,ADL,Dallas Cowboys,DEF,12,True,False
2023,14,ADL,New York Giants,OFF,7,True,False
2023,14,ADL,New York Giants,DEF,12,True,False
2023,14,ADL,Philadelphia Eagles,OFF,7,True,False
2023,14,ADL,Philadelphia Eagles,DEF,12,True,False
2023,14,ADL,Washington Commanders,OFF,7,True,False
2023,14,ADL,Washington Commanders,DEF,12,True,False
2023,14,ADL,Chicago Bears,OFF,7,True,False
2023,14,ADL,Chicago Bears,DEF,12,True,False
2023,14,ADL,Detroit Lions,OFF,7,True,False
2023,14,ADL,Detroit Lions,DEF,12,True,False
2023,14,ADL,Green Bay Packers,OFF,7,True,False
2023,14,ADL,Green Bay Packers,DEF,12,True,False
2023,14,ADL,Minnesota Vikings,OFF,7,True,False
2023,14,ADL,Minnesota Vikings,DEF,12,True,False
2023,14,ADL,Atlanta Falcons,OFF,7,True,False
2023,14,ADL,Atlanta Falcons,DEF,12,True,False
2023,14,ADL,Carolina Panthers,OFF,7,True,False
2023,14,ADL,Carolina Panthers,DEF,12,True,False
2023,14,ADL,New Orleans Saints,OFF,7,True,False
2023,14,ADL,New Orleans Saints,DEF,12,True,False
2023,14,ADL,Tampa Bay Buccaneers,OFF,7,True,False
2023,14,ADL,Tampa Bay Buccaneers,DEF,12,True,False
2023,14,ADL,Arizona Cardinals,OFF,7,True,False
2023,14,ADL,Arizona Cardinals,DEF,12,True,False
2023,14,ADL,Los Angeles Rams,OFF,7,True,False
2023,14,ADL,Los Angeles Rams,DEF,12,True,False
2023,14,ADL,San Francisco 49ers,OFF,7,True,False
2023,14,ADL,San Francisco 49ers,DEF,12,True,False
2023,14,ADL,Seattle Seahawks,OFF,7,True,False
2023,14,ADL,Seattle Seahawks,DEF,12,True,False
2023,14,ADL,Buffalo Bills,OFF,7,True,False
2023,14,ADL,Buffalo Bills,DEF,12,True,False
2023,14,ADL,Miami Dolphins,OFF,7,True,False
2023,14,ADL,Miami Dolphins,DEF,12,True,False
2023,14,ADL,New England Patriots,OFF,7,True,False
2023,14,ADL,New England Patriots,DEF,12,True,False
2023,14,ADL,New York Jets,OFF,7,True,False
2023,14,ADL,New York Jets,DEF,12,True,False
2023,14,ADL,Baltimore Ravens,OFF,7,True,False
2023,14,ADL,Baltimore Ravens,DEF,12,True,False
2023,14,ADL,Cincinnati Bengals,OFF,7,True,False
2023,14,ADL,Cincinnati Bengals,DEF,12,True,False
2023,14,ADL,Cleveland Browns,OFF,7,True,False
2023,14,ADL,Cleveland Browns,DEF,12,True,False
2023,14,ADL,Pittsburgh Steelers,OFF,7,True,False
2023,14,ADL,Pittsburgh Steelers,DEF,12,True,False
2023,14,ADL,Houston Texans,OFF,7,True,False
2023,14,ADL,Houston Texans,DEF,12,True,False
2023,14,ADL,Indianapolis Colts,OFF,7,True,False
2023,14,ADL,Indianapolis Colts,DEF,12,True,False
2023,14,ADL,Jacksonville Jaguars,OFF,7,True,False
2023,14,ADL,Jacksonville Jaguars,DEF,12,True,False
2023,14,ADL,Tennessee Titans,OFF,7,True,False
2023,14,ADL,Tennessee Titans,DEF,12,True,False
2023,14,ADL,Denver Broncos,OFF,7,True,False
2023,14,ADL,Denver Broncos,DEF,12,True,False
2023,14,ADL,Kansas City Chiefs,OFF,7,True,False
2023,14,ADL,Kansas City Chiefs,DEF,12,True,False
2023,14,ADL,Las Vegas Raiders,OFF,7,True,False
2023,14,ADL,Las Vegas Raiders,DEF,12,True,False
2023,14,ADL,Los Angeles Chargers,OFF,7,True,False
2023,14,ADL,Los Angeles Chargers,DEF,12,True,False
2023,15,ADL,Dallas Cowboys,OFF,7,True,False
2023,15,ADL,Dallas Cowboys,DEF,12,True,False
2023,15,ADL,New York Giants,OFF,7,True,False
2023,15,ADL,New York Giants,DEF,12,True,False
2023,15,ADL,Philadelphia Eagles,OFF,7,True,False
2023,15,ADL,Philadelphia Eagles,DEF,12,True,False
2023,15,ADL,Washington Commanders,OFF,7,True,False
2023,15,ADL,Washington Commanders,DEF,12,True,False
2023,15,ADL,Chicago Bears,OFF,7,True,False
2023,15,ADL,Chicago Bears,DEF,12,True,False
2023,15,ADL,Detroit Lions,OFF,7,True,False
2023,15,ADL,Detroit Lions,DEF,12,True,False
2023,15,ADL,Green Bay Packers,OFF,7,True,False
2023,15,ADL,Green Bay Packers,DEF,12,True,False
2023,15,ADL,Minnesota Vikings,OFF,7,True,False
2023,15,ADL,Minnesota Vikings,DEF,12,True,False
2023,15,ADL,Atlanta Falcons,OFF,7,True,False
2023,15,ADL,Atlanta Falcons,DEF,12,True,False
2023,15,ADL,Carolina Panthers,OFF,7,True,False
2023,15,ADL,Carolina Panthers,DEF,12,True,False
2023,15,ADL,New Orleans Saints,OFF,7,True,False
2023,15,ADL,New Orleans Saints,DEF,12,True,False
2023,15,ADL,Tampa Bay Buccaneers,OFF,7,True,False
2023,15,ADL,Tampa Bay Buccaneers,DEF,12,True,False
2023,15,ADL,Arizona Cardinals,OFF,7,True,False
2023,15,ADL,Arizona Cardinals,DEF,12,True,False
2023,15,ADL,Los Angeles Rams,OFF,7,True,False
2023,15,ADL,Los Angeles Rams,DEF,12,True,False
2023,15,ADL,San Francisco 49ers,OFF,7,True,False
2023,15,ADL,San Francisco 49ers,DEF,12,True,False
2023,15,ADL,Seattle Seahawks,OFF,7,True,False
2023,15,ADL,Seattle Seahawks,DEF,12,True,False
2023,15,ADL,Buffalo Bills,OFF,7,True,False
2023,15,ADL,Buffalo Bills,DEF,12,True,False
2023,15,ADL,Miami Dolphins,OFF,7,True,False
2023,15,ADL,Miami Dolphins,DEF,12,True,False
2023,15,ADL,New England Patriots,OFF,7,True,False
2023,15,ADL,New England Patriots,DEF,12,True,False
2023,15,ADL,New York Jets,OFF,7,True,False
2023,15,ADL,New York Jets,DEF,12,True,False
2023,15,ADL,Baltimore Ravens,OFF,7,True,False
2023,15,ADL,Baltimore Ravens,DEF,12,True,False
2023,15,ADL,Cincinnati Bengals,OFF,7,True,False
2023,15,ADL,Cincinnati Bengals,DEF,12,True,False
2023,15,ADL,Cleveland Browns,OFF,7,True,False
2023,15,ADL,Cleveland Browns,DEF,12,True,False
2023,15,ADL,Pittsburgh Steelers,OFF,7,True,False
2023,15,ADL,Pittsburgh Steelers,DEF,12,True,False
2023,15,ADL,Houston Texans,OFF,7,True,False
2023,15,ADL,Houston Texans,DEF,12,True,False
2023,15,ADL,Indianapolis Colts,OFF,7,True,False
2023,15,ADL,Indianapolis Colts,DEF,12,True,False
2023,15,ADL,Jacksonville Jaguars,OFF,7,True,False
2023,15,ADL,Jacksonville Jaguars,DEF,12,True,False
2023,15,ADL,Tennessee Titans,OFF,7,True,False
2023,15,ADL,Tennessee Titans,DEF,12,True,False
2023,15,ADL,Denver Broncos,OFF,7,True,False
2023,15,ADL,Denver Broncos,DEF,12,True,False
2023,15,ADL,Kansas City Chiefs,OFF,7,True,False
2023,15,ADL,Kansas City Chiefs,DEF,12,True,False
2023,15,ADL,Las Vegas Raiders,OFF,7,True,False
2023,15,ADL,Las Vegas Raiders,DEF,12,True,False
2023,15,ADL,Los Angeles Chargers,OFF,7,True,False
2023,15,ADL,Los Angeles Chargers,DEF,12,True,False
2023,16,ADL,Dallas Cowboys,OFF,7,True,False
2023,16,ADL,Dallas Cowboys,DEF,12,True,False
2023,16,ADL,New York Giants,OFF,7,True,False
2023,16,ADL,New York Giants,DEF,12,True,False
2023,16,ADL,Philadelphia Eagles,OFF,7,True,False
2023,16,ADL,Philadelphia Eagles,DEF,12,True,False
2023,16,ADL,Washington Commanders,OFF,7,True,False
2023,16,ADL,Washington Commanders,DEF,12,True,False
2023,16,ADL,Chicago Bears,OFF,7,True,False
2023,16,ADL,Chicago Bears,DEF,12,True,False
2023,16,ADL,Detroit Lions,OFF,7,True,False
2023,16,ADL,Detroit Lions,DEF,12,True,False
2023,16,ADL,Green Bay Packers,OFF,7,True,False
2023,16,ADL,Green Bay Packers,DEF,12,True,False
2023,16,ADL,Minnesota Vikings,OFF,7,True,False
2023,16,ADL,Minnesota Vikings,DEF,12,True,False
2023,16,ADL,Atlanta Falcons,OFF,7,True,False
2023,16,ADL,Atlanta Falcons,DEF,12,True,False
2023,16,ADL,Carolina Panthers,OFF,7,True,False
2023,16,ADL,Carolina Panthers,DEF,12,True,False
2023,16,ADL,New Orleans Saints,OFF,7,True,False
2023,16,ADL,New Orleans Saints,DEF,12,True,False
2023,16,ADL,Tampa Bay Buccaneers,OFF,7,True,False
2023,16,ADL,Tampa Bay Buccaneers,DEF,12,True,False
2023,16,ADL,Arizona Cardinals,OFF,7,True,False
2023,16,ADL,Arizona Cardinals,DEF,12,True,False
2023,16,ADL,Los Angeles Rams,OFF,7,True,False
2023,16,ADL,Los Angeles Rams,DEF,12,True,False
2023,16,ADL,San Francisco 49ers,OFF,7,True,False
2023,16,ADL,San Francisco 49ers,DEF,12,True,False
2023,16,ADL,Seattle Seahawks,OFF,7,True,False
2023,16,ADL,Seattle Seahawks,DEF,12,True,False
2023,16,ADL,Buffalo Bills,OFF,7,True,False
2023,16,ADL,Buffalo Bills,DEF,12,True,False
2023,16,ADL,Miami Dolphins,OFF,7,True,False
2023,16,ADL,Miami Dolphins,DEF,12,True,False
2023,16,ADL,New England Patriots,OFF,7,True,False
2023,16,ADL,New England Patriots,DEF,12,True,False
2023,16,ADL,New York Jets,OFF,7,True,False
2023,16,ADL,New York Jets,DEF,12,True,False
2023,16,ADL,Baltimore Ravens,OFF,7,True,False
2023,16,ADL,Baltimore Ravens,DEF,12,True,False
2023,16,ADL,Cincinnati Bengals,OFF,7,True,False
2023,16,ADL,Cincinnati Bengals,DEF,12,True,False
2023,16,ADL,Cleveland Browns,OFF,7,True,False
2023,16,ADL,Cleveland Browns,DEF,12,True,False
2023,16,ADL,Pittsburgh Steelers,OFF,7,True,False
2023,16,ADL,Pittsburgh Steelers,DEF,12,True,False
2023,16,ADL,Houston Texans,OFF,7,True,False
2023,16,ADL,Houston Texans,DEF,12,True,False
2023,16,ADL,Indianapolis Colts,OFF,7,True,False
2023,16,ADL,Indianapolis Colts,DEF,12,True,False
2023,16,ADL,Jacksonville Jaguars,OFF,7,True,False
2023,16,ADL,Jacksonville Jaguars,DEF,12,True,False
2023,16,ADL,Tennessee Titans,OFF,7,True,False
2023,16,ADL,Tennessee Titans,DEF,12,True,False
2023,16,ADL,Denver Broncos,OFF,7,True,False
2023,16,ADL,Denver Broncos,DEF,12,True,False
2023,16,ADL,Kansas City Chiefs,OFF,7,True,False
2023,16,ADL,Kansas City Chiefs,DEF,12,True,False
2023,16,ADL,Las Vegas Raiders,OFF,7,True,False
2023,16,ADL,Las Vegas Raiders,DEF,12,True,False
2023,16,ADL,Los Angeles Chargers,OFF,7,True,False
2023,16,ADL,Los Angeles Chargers,DEF,12,True,False
2023,17,ADL,Dallas Cowboys,OFF,7,True,False
2023,17,ADL,Dallas Cowboys,DEF,12,True,False
2023,17,ADL,New York Giants,OFF,7,True,False
2023,17,ADL,New York Giants,DEF,12,True,False
2023,17,ADL,Philadelphia Eagles,OFF,7,True,False
2023,17,ADL,Philadelphia Eagles,DEF,12,True,False
2023,17,ADL,Washington Commanders,OFF,7,True,False
2023,17,ADL,Washington Commanders,DEF,12,True,False
2023,17,ADL,Chicago Bears,OFF,7,True,False
2023,17,ADL,Chicago Bears,DEF,12,True,False
2023,17,ADL,Detroit Lions,OFF,7,True,False
2023,17,ADL,Detroit Lions,DEF,12,True,False
2023,17,ADL,Green Bay Packers,OFF,7,True,False
2023,17,ADL,Green Bay Packers,DEF,12,True,False
2023,17,ADL,Minnesota Vikings,OFF,7,True,False
2023,17,ADL,Minnesota Vikings,DEF,12,True,False
2023,17,ADL,Atlanta Falcons,OFF,7,True,False
2023,17,ADL,Atlanta Falcons,DEF,12,True,False
2023,17,ADL,Carolina Panthers,OFF,7,True,False
2023,17,ADL,Carolina Panthers,DEF,12,True,False
2023,17,ADL,New Orleans Saints,OFF,7,True,False
2023,17,ADL,New Orleans Saints,DEF,12,True,False
2023,17,ADL,Tampa Bay Buccaneers,OFF,7,True,False
2023,17,ADL,Tampa Bay Buccaneers,DEF,12,True,False
2023,17,ADL,Arizona Cardinals,OFF,7,True,False
2023,17,ADL,Arizona Cardinals,DEF,12,True,False
2023,17,ADL,Los Angeles Rams,OFF,7,True,False
2023,17,ADL,Los Angeles Rams,DEF,12,True,False
2023,17,ADL,San Francisco 49ers,OFF,7,True,False
2023,17,ADL,San Francisco 49ers,DEF,12,True,False
2023,17,ADL,Seattle Seahawks,OFF,7,True,False
2023,17,ADL,Seattle Seahawks,DEF,12,True,False
2023,17,ADL,Buffalo Bills,OFF,7,True,False
2023,17,ADL,Buffalo Bills,DEF,12,True,False
2023,17,ADL,Miami Dolphins,OFF,7,True,False
2023,17,ADL,Miami Dolphins,DEF,12,True,False
2023,17,ADL,New England Patriots,OFF,7,True,False
2023,17,ADL,New England Patriots,DEF,11,False,False
2023,17,ADL,New York Jets,OFF,7,True,False
2023,17,ADL,New York Jets,DEF,12,True,False
2023,17,ADL,Baltimore Ravens,OFF,7,True,False
2023,17,ADL,Baltimore Ravens,DEF,12,True,False
2023,17,ADL,Cincinnati Bengals,OFF,7,True,False
2023,17,ADL,Cincinnati Bengals,DEF,12,True,False
2023,17,ADL,Cleveland Browns,OFF,7,True,False
2023,17,ADL,Cleveland Browns,DEF,12,True,False
2023,17,ADL,Pittsburgh Steelers,OFF,7,True,False
2023,17,ADL,Pittsburgh Steelers,DEF,12,True,False
2023,17,ADL,Houston Texans,OFF,7,True,False
2023,17,ADL,Houston Texans,DEF,12,True,False
2023,17,ADL,Indianapolis Colts,OFF,7,True,False
2023,17,ADL,Indianapolis Colts,DEF,12,True,False
2023,17,ADL,Jacksonville Jaguars,OFF,7,True,False
2023,17,ADL,Jacksonville Jaguars,DEF,12,True,False
2023,17,ADL,Tennessee Titans,OFF,7,True,False
2023,17,ADL,Tennessee Titans,DEF,12,True,False
2023,17,ADL,Denver Broncos,OFF,7,True,False
2023,17,ADL,Denver Broncos,DEF,12,True,False
2023,17,ADL,Kansas City Chiefs,OFF,7,True,False
2023,17,ADL,Kansas City Chiefs,DEF,12,True,False
2023,17,ADL,Las Vegas Raiders,OFF,7,True,False
2023,17,ADL,Las Vegas Raiders,DEF,11,False,False
2023,17,ADL,Los Angeles Chargers,OFF,7,True,False
2023,17,ADL,Los Angeles Chargers,DEF,12,True,False
2024,1,NFL,BUF,OFF,7,True,False
2024,1,NFL,BUF,DEF,12,True,False
2024,1,NFL,ARI,OFF,7,True,False
2024,1,NFL,ARI,DEF,12,True,False
2024,1,NFL,KC,OFF,7,True,False
2024,1,NFL,KC,DEF,12,True,False
2024,1,NFL,BAL,OFF,7,True,False
2024,1,NFL,BAL,DEF,12,True,True
2024,1,NFL,NO,OFF,7,True,False
2024,1,NFL,NO,DEF,12,True,True
2024,1,NFL,CAR,OFF,7,True,False
2024,1,NFL,CAR,DEF,12,True,False
2024,1,NFL,CLE,OFF,7,True,False
2024,1,NFL,CLE,DEF,12,True,False
2024,1,NFL,DAL,OFF,7,True,False
2024,1,NFL,DAL,DEF,12,True,False
2024,1,NFL,SEA,OFF,7,True,False
2024,1,NFL,SEA,DEF,12,True,False
2024,1,NFL,DEN,OFF,7,True,True
2024,1,NFL,DEN,DEF,12,True,False
2024,1,NFL,PHI,OFF,7,True,False
2024,1,NFL,PHI,DEF,12,True,False
2024,1,NFL,GB,OFF,7,True,False
2024,1,NFL,GB,DEF,12,True,False
2024,1,NFL,IND,OFF,7,True,False
2024,1,NFL,IND,DEF,12,True,False
2024,1,NFL,HOU,OFF,7,True,False
2024,1,NFL,HOU,DEF,12,True,False
2024,1,NFL,MIA,OFF,7,True,False
2024,1,NFL,MIA,DEF,12,True,False
2024,1,NFL,JAX,OFF,7,True,False
2024,1,NFL,JAX,DEF,12,True,False
2024,1,NFL,DET,OFF,7,True,True
2024,1,NFL,DET,DEF,12,True,False
2024,1,NFL,LA,OFF,7,True,False
2024,1,NFL,LA,DEF,12,True,False
2024,1,NFL,LAC,OFF,7,True,False
2024,1,NFL,LAC,DEF,12,True,False
2024,1,NFL,LV,OFF,7,True,False
2024,1,NFL,LV,DEF,12,True,False
2024,1,NFL,NYG,OFF,7,True,False
2024,1,NFL,NYG,DEF,12,True,False
2024,1,NFL,MIN,OFF,7,True,True
2024,1,NFL,MIN,DEF,12,True,False
2024,1,NFL,CIN,OFF,7,True,False
2024,1,NFL,CIN,DEF,12,True,False
2024,1,NFL,NE,OFF,7,True,False
2024,1,NFL,NE,DEF,12,True,False
2024,1,NFL,SF,OFF,7,True,False
2024,1,NFL,SF,DEF,12,True,False
2024,1,NFL,NYJ,OFF,7,True,False
2024,1,NFL,NYJ,DEF,12,True,False
2024,1,NFL,ATL,OFF,7,True,False
2024,1,NFL,ATL,DEF,12,True,True
2024,1,NFL,PIT,OFF,7,True,False
2024,1,NFL,PIT,DEF,12,True,False
2024,1,NFL,CHI,OFF,7,True,False
2024,1,NFL,CHI,DEF,12,True,False
2024,1,NFL,TEN,OFF,7,True,False
2024,1,NFL,TEN,DEF,12,True,False
2024,1,NFL,TB,OFF,7,True,True
2024,1,NFL,TB,DEF,12,True,False
2024,1,NFL,WAS,OFF,7,True,False
2024,1,NFL,WAS,DEF,12,True,False
2024,2,NFL,PHI,OFF,7,True,False
2024,2,NFL,PHI,DEF,12,True,False
2024,2,NFL,ATL,OFF,7,True,False
2024,2,NFL,ATL,DEF,12,True,False
2024,2,NFL,MIA,OFF,7,True,False
2024,2,NFL,MIA,DEF,12,True,True
2024,2,NFL,BUF,OFF,7,True,False
2024,2,NFL,BUF,DEF,12,True,False
2024,2,NFL,HOU,OFF,7,True,False
2024,2,NFL,HOU,DEF,12,True,False
2024,2,NFL,CHI,OFF,7,True,False
2024,2,NFL,CHI,DEF,12,True,False
2024,2,NFL,KC,OFF,7,True,False
2024,2,NFL,KC,DEF,12,True,False
2024,2,NFL,CIN,OFF,7,True,False
2024,2,NFL,CIN,DEF,12,True,True
2024,2,NFL,JAX,OFF,7,True,False
2024,2,NFL,JAX,DEF,12,True,False
2024,2,NFL,CLE,OFF,7,True,False
2024,2,NFL,CLE,DEF,12,True,False
2024,2,NFL,GB,OFF,7,True,False
2024,2,NFL,GB,DEF,12,True,False
2024,2,NFL,IND,OFF,7,True,False
2024,2,NFL,IND,DEF,12,True,False
2024,2,NFL,CAR,OFF,7,True,False
2024,2,NFL,CAR,DEF,12,True,False
2024,2,NFL,LAC,OFF,7,True,False
2024,2,NFL,LAC,DEF,12,True,False
2024,2,NFL,ARI,OFF,7,True,False
2024,2,NFL,ARI,DEF,12,True,False
2024,2,NFL,LA,OFF,7,True,False
2024,2,NFL,LA,DEF,12,True,False
2024,2,NFL,BAL,OFF,7,True,False
2024,2,NFL,BAL,DEF,12,True,False
2024,2,NFL,LV,OFF,7,True,False
2024,2,NFL,LV,DEF,12,True,False
2024,2,NFL,DAL,OFF,7,True,True
2024,2,NFL,DAL,DEF,12,True,False
2024,2,NFL,NO,OFF,7,True,False
2024,2,NFL,NO,DEF,12,True,False
2024,2,NFL,WAS,OFF,7,True,False
2024,2,NFL,WAS,DEF,12,True,False
2024,2,NFL,NYG,OFF,7,True,False
2024,2,NFL,NYG,DEF,12,True,False
2024,2,NFL,TEN,OFF,7,True,False
2024,2,NFL,TEN,DEF,12,True,False
2024,2,NFL,NYJ,OFF,7,True,False
2024,2,NFL,NYJ,DEF,12,True,False
2024,2,NFL,DEN,OFF,7,True,False
2024,2,NFL,DEN,DEF,12,True,False
2024,2,NFL,PIT,OFF,7,True,False
2024,2,NFL,PIT,DEF,12,True,False
2024,2,NFL,NE,OFF,7,True,False
2024,2,NFL,NE,DEF,12,True,False
2024,2,NFL,SEA,OFF,7,True,False
2024,2,NFL,SEA,DEF,12,True,False
2024,2,NFL,MIN,OFF,7,True,False
2024,2,NFL,MIN,DEF,12,True,False
2024,2,NFL,SF,OFF,7,True,False
2024,2,NFL,SF,DEF,12,True,False
2024,2,NFL,DET,OFF,7,True,False
2024,2,NFL,DET,DEF,12,True,False
2024,2,NFL,TB,OFF,7,True,False
2024,2,NFL,TB,DEF,12,True,False
2024,3,NFL,DAL,OFF,7,True,False
2024,3,NFL,DAL,DEF,12,True,False
2024,3,NFL,BAL,OFF,7,True,False
2024,3,NFL,BAL,DEF,12,True,False
2024,3,NFL,LV,OFF,7,True,False
2024,3,NFL,LV,DEF,12,True,False
2024,3,NFL,CAR,OFF,7,True,False
2024,3,NFL,CAR,DEF,12,True,False
2024,3,NFL,IND,OFF,7,True,False
2024,3,NFL,IND,DEF,12,True,False
2024,3,NFL,CHI,OFF,7,True,False
2024,3,NFL,CHI,DEF,12,True,False
2024,3,NFL,TB,OFF,7,True,False
2024,3,NFL,TB,DEF,12,True,False
2024,3,NFL,DEN,OFF,7,True,False
2024,3,NFL,DEN,DEF,12,True,True
2024,3,NFL,ARI,OFF,7,True,False
2024,3,NFL,ARI,DEF,12,True,False
2024,3,NFL,DET,OFF,7,True,False
2024,3,NFL,DET,DEF,12,True,False
2024,3,NFL,TEN,OFF,7,True,True
2024,3,NFL,TEN,DEF,12,True,False
2024,3,NFL,GB,OFF,7,True,False
2024,3,NFL,GB,DEF,12,True,False
2024,3,NFL,MIN,OFF,7,True,False
2024,3,NFL,MIN,DEF,12,True,False
2024,3,NFL,HOU,OFF,7,True,False
2024,3,NFL,HOU,DEF,12,True,False
2024,3,NFL,BUF,OFF,7,True,False
2024,3,NFL,BUF,DEF,12,True,True
2024,3,NFL,JAX,OFF,7,True,False
2024,3,NFL,JAX,DEF,12,True,False
2024,3,NFL,ATL,OFF,7,True,False
2024,3,NFL,ATL,DEF,12,True,False
2024,3,NFL,KC,OFF,7,True,False
2024,3,NFL,KC,DEF,12,True,False
2024,3,NFL,PIT,OFF,7,True,False
2024,3,NFL,PIT,DEF,12,True,False
2024,3,NFL,LAC,OFF,7,True,False
2024,3,NFL,LAC,DEF,12,True,False
2024,3,NFL,SEA,OFF,7,True,False
2024,3,NFL,SEA,DEF,12,True,False
2024,3,NFL,MIA,OFF,7,True,False
2024,3,NFL,MIA,DEF,12,True,False
2024,3,NFL,NYJ,OFF,7,True,False
2024,3,NFL,NYJ,DEF,12,True,False
2024,3,NFL,NE,OFF,7,True,False
2024,3,NFL,NE,DEF,12,True,False
2024,3,NFL,CLE,OFF,7,True,False
2024,3,NFL,CLE,DEF,12,True,False
2024,3,NFL,NYG,OFF,7,True,False
2024,3,NFL,NYG,DEF,12,True,False
2024,3,NFL,NO,OFF,7,True,False
2024,3,NFL,NO,DEF,12,True,False
2024,3,NFL,PHI,OFF,7,True,False
2024,3,NFL,PHI,DEF,12,True,False
2024,3,NFL,LA,OFF,7,True,False
2024,3,NFL,LA,DEF,12,True,False
2024,3,NFL,SF,OFF,7,True,False
2024,3,NFL,SF,DEF,12,True,False
2024,3,NFL,CIN,OFF,7,True,False
2024,3,NFL,CIN,DEF,12,True,False
2024,3,NFL,WAS,OFF,7,True,False
2024,3,NFL,WAS,DEF,12,True,False
2024,4,NFL,BAL,OFF,7,True,False
2024,4,NFL,BAL,DEF,12,True,False
2024,4,NFL,BUF,OFF,7,True,False
2024,4,NFL,BUF,DEF,12,True,False
2024,4,NFL,CAR,OFF,7,True,False
2024,4,NFL,CAR,DEF,12,True,False
2024,4,NFL,CIN,OFF,7,True,False
2024,4,NFL,CIN,DEF,12,True,False
2024,4,NFL,LV,OFF,7,True,False
2024,4,NFL,LV,DEF,12,True,False
2024,4,NFL,CLE,OFF,7,True,False
2024,4,NFL,CLE,DEF,12,True,False
2024,4,NFL,NYG,OFF,7,True,False
2024,4,NFL,NYG,DEF,12,True,False
2024,4,NFL,DAL,OFF,7,True,False
2024,4,NFL,DAL,DEF,12,True,True
2024,4,NFL,NYJ,OFF,7,True,False
2024,4,NFL,NYJ,DEF,12,True,False
2024,4,NFL,DEN,OFF,7,True,False
2024,4,NFL,DEN,DEF,12,True,False
2024,4,NFL,HOU,OFF,7,True,False
2024,4,NFL,HOU,DEF,12,True,False
2024,4,NFL,JAX,OFF,7,True,False
2024,4,NFL,JAX,DEF,12,True,False
2024,4,NFL,LAC,OFF,7,True,False
2024,4,NFL,LAC,DEF,12,True,False
2024,4,NFL,KC,OFF,7,True,False
2024,4,NFL,KC,DEF,12,True,False
2024,4,NFL,CHI,OFF,7,True,False
2024,4,NFL,CHI,DEF,12,True,False
2024,4,NFL,LA,OFF,7,True,True
2024,4,NFL,LA,DEF,12,True,False
2024,4,NFL,GB,OFF,7,True,False
2024,4,NFL,GB,DEF,12,True,False
2024,4,NFL,MIN,OFF,7,True,False
2024,4,NFL,MIN,DEF,12,True,False
2024,4,NFL,SF,OFF,7,True,False
2024,4,NFL,SF,DEF,12,True,False
2024,4,NFL,NE,OFF,7,True,False
2024,4,NFL,NE,DEF,12,True,False
2024,4,NFL,ATL,OFF,7,True,False
2024,4,NFL,ATL,DEF,12,True,False
2024,4,NFL,NO,OFF,7,True,False
2024,4,NFL,NO,DEF,12,True,False
2024,4,NFL,TB,OFF,7,True,False
2024,4,NFL,TB,DEF,12,True,False
2024,4,NFL,PHI,OFF,7,True,False
2024,4,NFL,PHI,DEF,12,True,False
2024,4,NFL,IND,OFF,7,True,False
2024,4,NFL,IND,DEF,12,True,True
2024,4,NFL,PIT,OFF,7,True,False
2024,4,NFL,PIT,DEF,12,True,False
2024,4,NFL,DET,OFF,7,True,True
2024,4,NFL,DET,DEF,12,True,False
2024,4,NFL,SEA,OFF,7,True,False
2024,4,NFL,SEA,DEF,12,True,False
2024,4,NFL,MIA,OFF,7,True,False
2024,4,NFL,MIA,DEF,12,True,True
2024,4,NFL,TEN,OFF,7,True,True
2024,4,NFL,TEN,DEF,12,True,False
2024,4,NFL,ARI,OFF,7,True,False
2024,4,NFL,ARI,DEF,12,True,False
2024,4,NFL,WAS,OFF,7,True,False
2024,4,NFL,WAS,DEF,12,True,False
2024,5,NFL,SF,OFF,7,True,False
2024,5,NFL,SF,DEF,12,True,False
2024,5,NFL,ARI,OFF,7,True,True
2024,5,NFL,ARI,DEF,12,True,False
2024,5,NFL,CIN,OFF,7,True,True
2024,5,NFL,CIN,DEF,12,True,False
2024,5,NFL,BAL,OFF,7,True,False
2024,5,NFL,BAL,DEF,12,True,False
2024,5,NFL,HOU,OFF,7,True,False
2024,5,NFL,HOU,DEF,12,True,False
2024,5,NFL,BUF,OFF,7,True,False
2024,5,NFL,BUF,DEF,12,True,False
2024,5,NFL,CHI,OFF,7,True,False
2024,5,NFL,CHI,DEF,12,True,False
2024,5,NFL,CAR,OFF,7,True,False
2024,5,NFL,CAR,DEF,12,True,False
2024,5,NFL,WAS,OFF,7,True,False
2024,5,NFL,WAS,DEF,12,True,False
2024,5,NFL,CLE,OFF,7,True,True
2024,5,NFL,CLE,DEF,12,True,False
2024,5,NFL,PIT,OFF,7,True,False
2024,5,NFL,PIT,DEF,12,True,False
2024,5,NFL,DAL,OFF,7,True,True
2024,5,NFL,DAL,DEF,12,True,False
2024,5,NFL,LA,OFF,7,True,False
2024,5,NFL,LA,DEF,12,True,False
2024,5,NFL,GB,OFF,7,True,False
2024,5,NFL,GB,DEF,12,True,False
2024,5,NFL,JAX,OFF,7,True,False
2024,5,NFL,JAX,DEF,12,True,True
2024,5,NFL,IND,OFF,7,True,False
2024,5,NFL,IND,DEF,12,True,False
2024,5,NFL,DEN,OFF,7,True,False
2024,5,NFL,DEN,DEF,12,True,False
2024,5,NFL,LV,OFF,7,True,False
2024,5,NFL,LV,DEF,12,True,False
2024,5,NFL,NE,OFF,7,True,False
2024,5,NFL,NE,DEF,12,True,False
2024,5,NFL,MIA,OFF,7,True,False
2024,5,NFL,MIA,DEF,12,True,True
2024,5,NFL,KC,OFF,7,True,False
2024,5,NFL,KC,DEF,12,True,True
2024,5,NFL,NO,OFF,7,True,False
2024,5,NFL,NO,DEF,12,True,False
2024,5,NFL,SEA,OFF,7,True,False
2024,5,NFL,SEA,DEF,12,True,False
2024,5,NFL,NYG,OFF,7,True,False
2024,5,NFL,NYG,DEF,12,True,False
2024,5,NFL,MIN,OFF,7,True,False
2024,5,NFL,MIN,DEF,12,True,False
2024,5,NFL,NYJ,OFF,7,True,False
2024,5,NFL,NYJ,DEF,12,True,False
2024,5,NFL,ATL,OFF,7,True,False
2024,5,NFL,ATL,DEF,12,True,False
2024,5,NFL,TB,OFF,7,True,False
2024,5,NFL,TB,DEF,12,True,False
2024,6,NFL,GB,OFF,7,True,False
2024,6,NFL,GB,DEF,12,True,False
2024,6,NFL,ARI,OFF,7,True,False
2024,6,NFL,ARI,DEF,12,True,False
2024,6,NFL,CAR,OFF,7,True,False
2024,6,NFL,CAR,DEF,12,True,False
2024,6,NFL,ATL,OFF,7,True,False
2024,6,NFL,ATL,DEF,12,True,False
2024,6,NFL,NYJ,OFF,7,True,False
2024,6,NFL,NYJ,DEF,12,True,False
2024,6,NFL,BUF,OFF,7,True,False
2024,6,NFL,BUF,DEF,12,True,False
2024,6,NFL,NYG,OFF,7,True,False
2024,6,NFL,NYG,DEF,12,True,False
2024,6,NFL,CIN,OFF,7,True,False
2024,6,NFL,CIN,DEF,12,True,True
2024,6,NFL,PHI,OFF,7,True,False
2024,6,NFL,PHI,DEF,12,True,False
2024,6,NFL,CLE,OFF,7,True,False
2024,6,NFL,CLE,DEF,12,True,False
2024,6,NFL,DAL,OFF,7,True,False
2024,6,NFL,DAL,DEF,12,True,False
2024,6,NFL,DET,OFF,7,True,False
2024,6,NFL,DET,DEF,12,True,False
2024,6,NFL,NE,OFF,7,True,False
2024,6,NFL,NE,DEF,12,True,False
2024,6,NFL,HOU,OFF,7,True,False
2024,6,NFL,HOU,DEF,12,True,True
2024,6,NFL,TEN,OFF,7,True,False
2024,6,NFL,TEN,DEF,12,True,False
2024,6,NFL,IND,OFF,7,True,False
2024,6,NFL,IND,DEF,12,True,False
2024,6,NFL,CHI,OFF,7,True,True
2024,6,NFL,CHI,DEF,12,True,False
2024,6,NFL,JAX,OFF,7,True,False
2024,6,NFL,JAX,DEF,12,True,True
2024,6,NFL,DEN,OFF,7,True,False
2024,6,NFL,DEN,DEF,12,True,False
2024,6,NFL,LAC,OFF,7,True,False
2024,6,NFL,LAC,DEF,12,True,False
2024,6,NFL,LV,OFF,7,True,True
2024,6,NFL,LV,DEF,12,True,False
2024,6,NFL,PIT,OFF,7,True,False
2024,6,NFL,PIT,DEF,12,True,True
2024,6,NFL,SEA,OFF,7,True,True
2024,6,NFL,SEA,DEF,12,True,False
2024,6,NFL,SF,OFF,7,True,True
2024,6,NFL,SF,DEF,12,True,False
2024,6,NFL,NO,OFF,7,True,False
2024,6,NFL,NO,DEF,12,True,False
2024,6,NFL,TB,OFF,7,True,False
2024,6,NFL,TB,DEF,12,True,False
2024,6,NFL,BAL,OFF,7,True,False
2024,6,NFL,BAL,DEF,12,True,False
2024,6,NFL,WAS,OFF,7,True,True
2024,6,NFL,WAS,DEF,12,True,False
2024,7,NFL,TB,OFF,7,True,False
2024,7,NFL,TB,DEF,12,True,False
2024,7,NFL,BAL,OFF,7,True,False
2024,7,NFL,BAL,DEF,12,True,False
2024,7,NFL,WAS,OFF,7,True,False
2024,7,NFL,WAS,DEF,12,True,True
2024,7,NFL,CAR,OFF,7,True,False
2024,7,NFL,CAR,DEF,12,True,True
2024,7,NFL,CLE,OFF,7,True,False
2024,7,NFL,CLE,DEF,12,True,False
2024,7,NFL,CIN,OFF,7,True,False
2024,7,NFL,CIN,DEF,12,True,False
2024,7,NFL,NO,OFF,7,True,False
2024,7,NFL,NO,DEF,12,True,False
2024,7,NFL,DEN,OFF,7,True,False
2024,7,NFL,DEN,DEF,12,True,False
2024,7,NFL,MIN,OFF,7,True,False
2024,7,NFL,MIN,DEF,12,True,False
2024,7,NFL,DET,OFF,7,True,False
2024,7,NFL,DET,DEF,12,True,False
2024,7,NFL,GB,OFF,7,True,False
2024,7,NFL,GB,DEF,12,True,False
2024,7,NFL,HOU,OFF,7,True,False
2024,7,NFL,HOU,DEF,12,True,False
2024,7,NFL,SF,OFF,7,True,False
2024,7,NFL,SF,DEF,12,True,False
2024,7,NFL,KC,OFF,7,True,False
2024,7,NFL,KC,DEF,12,True,False
2024,7,NFL,ARI,OFF,7,True,False
2024,7,NFL,ARI,DEF,12,True,False
2024,7,NFL,LAC,OFF,7,True,False
2024,7,NFL,LAC,DEF,12,True,False
2024,7,NFL,LA,OFF,7,True,False
2024,7,NFL,LA,DEF,12,True,False
2024,7,NFL,LV,OFF,7,True,False
2024,7,NFL,LV,DEF,12,True,False
2024,7,NFL,IND,OFF,7,True,False
2024,7,NFL,IND,DEF,12,True,False
2024,7,NFL,MIA,OFF,7,True,False
2024,7,NFL,MIA,DEF,12,True,False
2024,7,NFL,JAX,OFF,7,True,False
2024,7,NFL,JAX,DEF,12,True,False
2024,7,NFL,NE,OFF,7,True,False
2024,7,NFL,NE,DEF,12,True,True
2024,7,NFL,PIT,OFF,7,True,False
2024,7,NFL,PIT,DEF,12,True,False
2024,7,NFL,NYJ,OFF,7,True,False
2024,7,NFL,NYJ,DEF,12,True,False
2024,7,NFL,NYG,OFF,7,True,False
2024,7,NFL,NYG,DEF,12,True,False
2024,7,NFL,PHI,OFF,7,True,False
2024,7,NFL,PHI,DEF,12,True,False
2024,7,NFL,ATL,OFF,7,True,False
2024,7,NFL,ATL,DEF,12,True,False
2024,7,NFL,SEA,OFF,7,True,False
2024,7,NFL,SEA,DEF,12,True,False
2024,7,NFL,BUF,OFF,7,True,False
2024,7,NFL,BUF,DEF,12,True,False
2024,7,NFL,TEN,OFF,7,True,False
2024,7,NFL,TEN,DEF,12,True,False
2024,8,NFL,MIA,OFF,7,True,False
2024,8,NFL,MIA,DEF,12,True,True
2024,8,NFL,ARI,OFF,7,True,False
2024,8,NFL,ARI,DEF,12,True,False
2024,8,NFL,TB,OFF,7,True,False
2024,8,NFL,TB,DEF,12,True,False
2024,8,NFL,ATL,OFF,7,True,False
2024,8,NFL,ATL,DEF,12,True,False
2024,8,NFL,CLE,OFF,7,True,False
2024,8,NFL,CLE,DEF,12,True,False
2024,8,NFL,BAL,OFF,7,True,False
2024,8,NFL,BAL,DEF,12,True,False
2024,8,NFL,SEA,OFF,7,True,False
2024,8,NFL,SEA,DEF,12,True,False
2024,8,NFL,BUF,OFF,7,True,False
2024,8,NFL,BUF,DEF,12,True,False
2024,8,NFL,DEN,OFF,7,True,True
2024,8,NFL,DEN,DEF,12,True,False
2024,8,NFL,CAR,OFF,7,True,False
2024,8,NFL,CAR,DEF,12,True,False
2024,8,NFL,WAS,OFF,7,True,False
2024,8,NFL,WAS,DEF,12,True,False
2024,8,NFL,CHI,OFF,7,True,False
2024,8,NFL,CHI,DEF,12,True,False
2024,8,NFL,SF,OFF,7,True,False
2024,8,NFL,SF,DEF,12,True,False
2024,8,NFL,DAL,OFF,7,True,False
2024,8,NFL,DAL,DEF,12,True,False
2024,8,NFL,JAX,OFF,7,True,False
2024,8,NFL,JAX,DEF,12,True,False
2024,8,NFL,GB,OFF,7,True,False
2024,8,NFL,GB,DEF,12,True,True
2024,8,NFL,HOU,OFF,7,True,False
2024,8,NFL,HOU,DEF,12,True,False
2024,8,NFL,IND,OFF,7,True,False
2024,8,NFL,IND,DEF,12,True,False
2024,8,NFL,LV,OFF,7,True,False
2024,8,NFL,LV,DEF,12,True,False
2024,8,NFL,KC,OFF,7,True,False
2024,8,NFL,KC,DEF,12,True,False
2024,8,NFL,LA,OFF,7,True,False
2024,8,NFL,LA,DEF,12,True,False
2024,8,NFL,MIN,OFF,7,True,False
2024,8,NFL,MIN,DEF,12,True,False
2024,8,NFL,LAC,OFF,7,True,False
2024,8,NFL,LAC,DEF,12,True,False
2024,8,NFL,NO,OFF,7,True,False
2024,8,NFL,NO,DEF,12,True,False
2024,8,NFL,PIT,OFF,7,True,False
2024,8,NFL,PIT,DEF,12,True,False
2024,8,NFL,NYG,OFF,7,True,False
2024,8,NFL,NYG,DEF,12,True,False
2024,8,NFL,NE,OFF,7,True,False
2024,8,NFL,NE,DEF,12,True,True
2024,8,NFL,NYJ,OFF,7,True,False
2024,8,NFL,NYJ,DEF,12,True,False
2024,8,NFL,CIN,OFF,7,True,True
2024,8,NFL,CIN,DEF,12,True,False
2024,8,NFL,PHI,OFF,7,True,False
2024,8,NFL,PHI,DEF,12,True,False
2024,8,NFL,DET,OFF,7,True,False
2024,8,NFL,DET,DEF,12,True,False
2024,8,NFL,TEN,OFF,7,True,True
2024,8,NFL,TEN,DEF,12,True,False
2024,9,NFL,ARI,OFF,7,True,False
2024,9,NFL,ARI,DEF,12,True,False
2024,9,NFL,CHI,OFF,7,True,False
2024,9,NFL,CHI,DEF,12,True,False
2024,9,NFL,ATL,OFF,7,True,False
2024,9,NFL,ATL,DEF,12,True,False
2024,9,NFL,DAL,OFF,7,True,True
2024,9,NFL,DAL,DEF,12,True,False
2024,9,NFL,BAL,OFF,7,True,False
2024,9,NFL,BAL,DEF,12,True,True
2024,9,NFL,DEN,OFF,7,True,False
2024,9,NFL,DEN,DEF,12,True,True
2024,9,NFL,GB,OFF,7,True,False
2024,9,NFL,GB,DEF,12,True,False
2024,9,NFL,DET,OFF,7,True,True
2024,9,NFL,DET,DEF,12,True,False
2024,9,NFL,NYJ,OFF,7,True,False
2024,9,NFL,NYJ,DEF,12,True,False
2024,9,NFL,HOU,OFF,7,True,False
2024,9,NFL,HOU,DEF,12,True,False
2024,9,NFL,MIN,OFF,7,True,False
2024,9,NFL,MIN,DEF,12,True,False
2024,9,NFL,IND,OFF,7,True,False
2024,9,NFL,IND,DEF,12,True,True
2024,9,NFL,PHI,OFF,7,True,False
2024,9,NFL,PHI,DEF,12,True,False
2024,9,NFL,JAX,OFF,7,True,False
2024,9,NFL,JAX,DEF,12,True,False
2024,9,NFL,CLE,OFF,7,True,False
2024,9,NFL,CLE,DEF,12,True,True
2024,9,NFL,LAC,OFF,7,True,False
2024,9,NFL,LAC,DEF,12,True,False
2024,9,NFL,SEA,OFF,7,True,False
2024,9,NFL,SEA,DEF,12,True,False
2024,9,NFL,LA,OFF,7,True,False
2024,9,NFL,LA,DEF,12,True,False
2024,9,NFL,CIN,OFF,7,True,False
2024,9,NFL,CIN,DEF,12,True,False
2024,9,NFL,LV,OFF,7,True,False
2024,9,NFL,LV,DEF,12,True,False
2024,9,NFL,BUF,OFF,7,True,False
2024,9,NFL,BUF,DEF,12,True,False
2024,9,NFL,MIA,OFF,7,True,False
2024,9,NFL,MIA,DEF,12,True,False
2024,9,NFL,TEN,OFF,7,True,False
2024,9,NFL,TEN,DEF,12,True,False
2024,9,NFL,NE,OFF,7,True,False
2024,9,NFL,NE,DEF,12,True,False
2024,9,NFL,CAR,OFF,7,True,False
2024,9,NFL,CAR,DEF,12,True,False
2024,9,NFL,NO,OFF,7,True,False
2024,9,NFL,NO,DEF,12,True,False
2024,9,NFL,KC,OFF,7,True,False
2024,9,NFL,KC,DEF,12,True,False
2024,9,NFL,TB,OFF,7,True,False
2024,9,NFL,TB,DEF,12,True,False
2024,9,NFL,NYG,OFF,7,True,False
2024,9,NFL,NYG,DEF,12,True,False
2024,9,NFL,WAS,OFF,7,True,False
2024,9,NFL,WAS,DEF,12,True,False
2024,10,NFL,NO,OFF,7,True,False
2024,10,NFL,NO,DEF,12,True,False
2024,10,NFL,ATL,OFF,7,True,False
2024,10,NFL,ATL,DEF,12,True,False
2024,10,NFL,IND,OFF,7,True,False
2024,10,NFL,IND,DEF,12,True,False
2024,10,NFL,BUF,OFF,7,True,False
2024,10,NFL,BUF,DEF,12,True,False
2024,10,NFL,BAL,OFF,7,True,False
2024,10,NFL,BAL,DEF,12,True,False
2024,10,NFL,CIN,OFF,7,True,False
2024,10,NFL,CIN,DEF,12,True,False
2024,10,NFL,KC,OFF,7,True,False
2024,10,NFL,KC,DEF,12,True,False
2024,10,NFL,DEN,OFF,7,True,False
2024,10,NFL,DEN,DEF,12,True,False
2024,10,NFL,HOU,OFF,7,True,False
2024,10,NFL,HOU,DEF,12,True,False
2024,10,NFL,DET,OFF,7,True,False
2024,10,NFL,DET,DEF,12,True,False
2024,10,NFL,LA,OFF,7,True,False
2024,10,NFL,LA,DEF,12,True,False
2024,10,NFL,MIA,OFF,7,True,False
2024,10,NFL,MIA,DEF,12,True,True
2024,10,NFL,JAX,OFF,7,True,False
2024,10,NFL,JAX,DEF,12,True,False
2024,10,NFL,MIN,OFF,7,True,False
2024,10,NFL,MIN,DEF,12,True,False
2024,10,NFL,CHI,OFF,7,True,False
2024,10,NFL,CHI,DEF,12,True,False
2024,10,NFL,NE,OFF,7,True,False
2024,10,NFL,NE,DEF,12,True,True
2024,10,NFL,CAR,OFF,7,True,False
2024,10,NFL,CAR,DEF,12,True,False
2024,10,NFL,NYG,OFF,7,True,False
2024,10,NFL,NYG,DEF,12,True,False
2024,10,NFL,ARI,OFF,7,True,False
2024,10,NFL,ARI,DEF,12,True,True
2024,10,NFL,NYJ,OFF,7,True,False
2024,10,NFL,NYJ,DEF,12,True,True
2024,10,NFL,DAL,OFF,7,True,True
2024,10,NFL,DAL,DEF,12,True,False
2024,10,NFL,PHI,OFF,7,True,False
2024,10,NFL,PHI,DEF,12,True,False
2024,10,NFL,WAS,OFF,7,True,False
2024,10,NFL,WAS,DEF,12,True,False
2024,10,NFL,PIT,OFF,7,True,True
2024,10,NFL,PIT,DEF,12,True,False
2024,10,NFL,TB,OFF,7,True,False
2024,10,NFL,TB,DEF,12,True,False
2024,10,NFL,SF,OFF,7,True,False
2024,10,NFL,SF,DEF,12,True,False
2024,10,NFL,LAC,OFF,7,True,False
2024,10,NFL,LAC,DEF,12,True,False
2024,10,NFL,TEN,OFF,7,True,False
2024,10,NFL,TEN,DEF,12,True,False
2024,11,NFL,DEN,OFF,7,True,True
2024,11,NFL,DEN,DEF,12,True,False
2024,11,NFL,ATL,OFF,7,True,True
2024,11,NFL,ATL,DEF,12,True,False
2024,11,NFL,PIT,OFF,7,True,True
2024,11,NFL,PIT,DEF,12,True,False
2024,11,NFL,BAL,OFF,7,True,False
2024,11,NFL,BAL,DEF,12,True,True
2024,11,NFL,LAC,OFF,7,True,False
2024,11,NFL,LAC,DEF,12,True,False
2024,11,NFL,CIN,OFF,7,True,False
2024,11,NFL,CIN,DEF,12,True,True
2024,11,NFL,NO,OFF,7,True,False
2024,11,NFL,NO,DEF,12,True,False
2024,11,NFL,CLE,OFF,7,True,False
2024,11,NFL,CLE,DEF,12,True,False
2024,11,NFL,CHI,OFF,7,True,False
2024,11,NFL,CHI,DEF,12,True,True
2024,11,NFL,GB,OFF,7,True,False
2024,11,NFL,GB,DEF,12,True,False
2024,11,NFL,DAL,OFF,7,True,False
2024,11,NFL,DAL,DEF,12,True,False
2024,11,NFL,HOU,OFF,7,True,False
2024,11,NFL,HOU,DEF,12,True,True
2024,11,NFL,NYJ,OFF,7,True,False
2024,11,NFL,NYJ,DEF,12,True,True
2024,11,NFL,IND,OFF,7,True,False
2024,11,NFL,IND,DEF,12,True,False
2024,11,NFL,DET,OFF,7,True,False
2024,11,NFL,DET,DEF,12,True,False
2024,11,NFL,JAX,OFF,7,True,False
2024,11,NFL,JAX,DEF,12,True,False
2024,11,NFL,BUF,OFF,7,True,False
2024,11,NFL,BUF,DEF,12,True,False
2024,11,NFL,KC,OFF,7,True,False
2024,11,NFL,KC,DEF,12,True,False
2024,11,NFL,NE,OFF,7,True,False
2024,11,NFL,NE,DEF,12,True,False
2024,11,NFL,LA,OFF,7,True,False
2024,11,NFL,LA,DEF,12,True,True
2024,11,NFL,MIA,OFF,7,True,False
2024,11,NFL,MIA,DEF,12,True,False
2024,11,NFL,LV,OFF,7,True,True
2024,11,NFL,LV,DEF,12,True,False
2024,11,NFL,TEN,OFF,7,True,False
2024,11,NFL,TEN,DEF,12,True,False
2024,11,NFL,MIN,OFF,7,True,False
2024,11,NFL,MIN,DEF,12,True,False
2024,11,NFL,SF,OFF,7,True,False
2024,11,NFL,SF,DEF,12,True,False
2024,11,NFL,SEA,OFF,7,True,False
2024,11,NFL,SEA,DEF,12,True,False
2024,11,NFL,PHI,OFF,7,True,False
2024,11,NFL,PHI,DEF,12,True,False
2024,11,NFL,WAS,OFF,7,True,False
2024,11,NFL,WAS,DEF,12,True,False
2024,12,NFL,SEA,OFF,7,True,False
2024,12,NFL,SEA,DEF,12,True,False
2024,12,NFL,ARI,OFF,7,True,False
2024,12,NFL,ARI,DEF,12,True,False
2024,12,NFL,LAC,OFF,7,True,True
2024,12,NFL,LAC,DEF,12,True,False
2024,12,NFL,BAL,OFF,7,True,False
2024,12,NFL,BAL,DEF,12,True,False
2024,12,NFL,WAS,OFF,7,True,True
2024,12,NFL,WAS,DEF,12,True,False
2024,12,NFL,DAL,OFF,7,True,False
2024,12,NFL,DAL,DEF,12,True,False
2024,12,NFL,LV,OFF,7,True,False
2024,12,NFL,LV,DEF,12,True,False
2024,12,NFL,DEN,OFF,7,True,False
2024,12,NFL,DEN,DEF,12,True,False
2024,12,NFL,IND,OFF,7,True,False
2024,12,NFL,IND,DEF,12,True,False
2024,12,NFL,DET,OFF,7,True,False
2024,12,NFL,DET,DEF,12,True,False
2024,12,NFL,CAR,OFF,7,True,False
2024,12,NFL,CAR,DEF,12,True,False
2024,12,NFL,KC,OFF,7,True,False
2024,12,NFL,KC,DEF,12,True,False
2024,12,NFL,CHI,OFF,7,True,False
2024,12,NFL,CHI,DEF,12,True,False
2024,12,NFL,MIN,OFF,7,True,False
2024,12,NFL,MIN,DEF,12,True,False
2024,12,NFL,MIA,OFF,7,True,False
2024,12,NFL,MIA,DEF,12,True,False
2024,12,NFL,NE,OFF,7,True,False
2024,12,NFL,NE,DEF,12,True,False
2024,12,NFL,LA,OFF,7,True,False
2024,12,NFL,LA,DEF,12,True,False
2024,12,NFL,PHI,OFF,7,True,False
2024,12,NFL,PHI,DEF,12,True,False
2024,12,NFL,CLE,OFF,7,True,False
2024,12,NFL,CLE,DEF,12,True,True
2024,12,NFL,PIT,OFF,7,True,False
2024,12,NFL,PIT,DEF,12,True,False
2024,12,NFL,GB,OFF,7,True,False
2024,12,NFL,GB,DEF,12,True,False
2024,12,NFL,SF,OFF,7,True,False
2024,12,NFL,SF,DEF,12,True,False
2024,12,NFL,NYG,OFF,7,True,False
2024,12,NFL,NYG,DEF,12,True,False
2024,12,NFL,TB,OFF,7,True,False
2024,12,NFL,TB,DEF,12,True,False
2024,12,NFL,HOU,OFF,7,True,False
2024,12,NFL,HOU,DEF,12,True,False
2024,12,NFL,TEN,OFF,7,True,False
2024,12,NFL,TEN,DEF,12,True,False
2024,13,NFL,MIN,OFF,7,True,False
2024,13,NFL,MIN,DEF,12,True,False
2024,13,NFL,ARI,OFF,7,True,False
2024,13,NFL,ARI,DEF,12,True,False
2024,13,NFL,DET,OFF,7,True,False
2024,13,NFL,DET,DEF,12,True,False
2024,13,NFL,CHI,OFF,7,True,False
2024,13,NFL,CHI,DEF,12,True,False
2024,13,NFL,DEN,OFF,7,True,False
2024,13,NFL,DEN,DEF,12,True,False
2024,13,NFL,CLE,OFF,7,True,False
2024,13,NFL,CLE,DEF,12,True,False
2024,13,NFL,JAX,OFF,7,True,False
2024,13,NFL,JAX,DEF,12,True,False
2024,13,NFL,HOU,OFF,7,True,False
2024,13,NFL,HOU,DEF,12,True,False
2024,13,NFL,NE,OFF,7,True,False
2024,13,NFL,NE,DEF,12,True,False
2024,13,NFL,IND,OFF,7,True,True
2024,13,NFL,IND,DEF,12,True,False
2024,13,NFL,ATL,OFF,7,True,False
2024,13,NFL,ATL,DEF,12,True,False
2024,13,NFL,LAC,OFF,7,True,False
2024,13,NFL,LAC,DEF,12,True,False
2024,13,NFL,NO,OFF,7,True,False
2024,13,NFL,NO,DEF,12,True,False
2024,13,NFL,LA,OFF,7,True,False
2024,13,NFL,LA,DEF,12,True,False
2024,13,NFL,KC,OFF,7,True,False
2024,13,NFL,KC,DEF,12,True,False
2024,13,NFL,LV,OFF,7,True,False
2024,13,NFL,LV,DEF,12,True,True
2024,13,NFL,GB,OFF,7,True,True
2024,13,NFL,GB,DEF,12,True,False
2024,13,NFL,MIA,OFF,7,True,False
2024,13,NFL,MIA,DEF,12,True,False
2024,13,NFL,DAL,OFF,7,True,False
2024,13,NFL,DAL,DEF,12,True,False
2024,13,NFL,NYG,OFF,7,True,False
2024,13,NFL,NYG,DEF,12,True,False
2024,13,NFL,BAL,OFF,7,True,True
2024,13,NFL,BAL,DEF,12,True,False
2024,13,NFL,PHI,OFF,7,True,False
2024,13,NFL,PHI,DEF,12,True,False
2024,13,NFL,CIN,OFF,7,True,False
2024,13,NFL,CIN,DEF,12,True,False
2024,13,NFL,PIT,OFF,7,True,True
2024,13,NFL,PIT,DEF,12,True,False
2024,13,NFL,NYJ,OFF,7,True,True
2024,13,NFL,NYJ,DEF,12,True,False
2024,13,NFL,SEA,OFF,7,True,False
2024,13,NFL,SEA,DEF,12,True,False
2024,13,NFL,BUF,OFF,7,True,False
2024,13,NFL,BUF,DEF,12,True,False
2024,13,NFL,SF,OFF,7,True,False
2024,13,NFL,SF,DEF,12,True,False
2024,13,NFL,CAR,OFF,7,True,False
2024,13,NFL,CAR,DEF,12,True,False
2024,13,NFL,TB,OFF,7,True,False
2024,13,NFL,TB,DEF,12,True,False
2024,13,NFL,WAS,OFF,7,True,False
2024,13,NFL,WAS,DEF,12,True,False
2024,13,NFL,TEN,OFF,7,True,False
2024,13,NFL,TEN,DEF,12,True,False
2024,14,NFL,MIN,OFF,7,True,False
2024,14,NFL,MIN,DEF,12,True,False
2024,14,NFL,ATL,OFF,7,True,False
2024,14,NFL,ATL,DEF,12,True,False
2024,14,NFL,LA,OFF,7,True,False
2024,14,NFL,LA,DEF,12,True,False
2024,14,NFL,BUF,OFF,7,True,False
2024,14,NFL,BUF,DEF,12,True,False
2024,14,NFL,PHI,OFF,7,True,False
2024,14,NFL,PHI,DEF,12,True,False
2024,14,NFL,CAR,OFF,7,True,False
2024,14,NFL,CAR,DEF,12,True,False
2024,14,NFL,SF,OFF,7,True,False
2024,14,NFL,SF,DEF,12,True,False
2024,14,NFL,CHI,OFF,7,True,False
2024,14,NFL,CHI,DEF,12,True,True
2024,14,NFL,DAL,OFF,7,True,False
2024,14,NFL,DAL,DEF,12,True,False
2024,14,NFL,CIN,OFF,7,True,False
2024,14,NFL,CIN,DEF,12,True,False
2024,14,NFL,PIT,OFF,7,True,False
2024,14,NFL,PIT,DEF,12,True,False
2024,14,NFL,CLE,OFF,7,True,False
2024,14,NFL,CLE,DEF,12,True,False
2024,14,NFL,DET,OFF,7,True,False
2024,14,NFL,DET,DEF,12,True,False
2024,14,NFL,GB,OFF,7,True,False
2024,14,NFL,GB,DEF,12,True,False
2024,14,NFL,TEN,OFF,7,True,False
2024,14,NFL,TEN,DEF,12,True,False
2024,14,NFL,JAX,OFF,7,True,False
2024,14,NFL,JAX,DEF,12,True,False
2024,14,NFL,KC,OFF,7,True,False
2024,14,NFL,KC,DEF,12,True,False
2024,14,NFL,LAC,OFF,7,True,True
2024,14,NFL,LAC,DEF,12,True,False
2024,14,NFL,TB,OFF,7,True,False
2024,14,NFL,TB,DEF,12,True,False
2024,14,NFL,LV,OFF,7,True,False
2024,14,NFL,LV,DEF,12,True,False
2024,14,NFL,NYG,OFF,7,True,False
2024,14,NFL,NYG,DEF,12,True,False
2024,14,NFL,NO,OFF,7,True,False
2024,14,NFL,NO,DEF,12,True,False
2024,14,NFL,MIA,OFF,7,True,False
2024,14,NFL,MIA,DEF,12,True,False
2024,14,NFL,NYJ,OFF,7,True,False
2024,14,NFL,NYJ,DEF,12,True,False
2024,14,NFL,ARI,OFF,7,True,False
2024,14,NFL,ARI,DEF,12,True,False
2024,14,NFL,SEA,OFF,7,True,False
2024,14,NFL,SEA,DEF,12,True,False
2024,15,NFL,LV,OFF,7,True,False
2024,15,NFL,LV,DEF,12,True,False
2024,15,NFL,ATL,OFF,7,True,False
2024,15,NFL,ATL,DEF,12,True,False
2024,15,NFL,NYG,OFF,7,True,False
2024,15,NFL,NYG,DEF,12,True,False
2024,15,NFL,BAL,OFF,7,True,False
2024,15,NFL,BAL,DEF,12,True,False
2024,15,NFL,DET,OFF,7,True,False
2024,15,NFL,DET,DEF,12,True,True
2024,15,NFL,BUF,OFF,7,True,False
2024,15,NFL,BUF,DEF,12,True,False
2024,15,NFL,MIN,OFF,7,True,False
2024,15,NFL,MIN,DEF,12,True,False
2024,15,NFL,CHI,OFF,7,True,True
2024,15,NFL,CHI,DEF,12,True,False
2024,15,NFL,TEN,OFF,7,True,False
2024,15,NFL,TEN,DEF,12,True,False
2024,15,NFL,CIN,OFF,7,True,False
2024,15,NFL,CIN,DEF,12,True,False
2024,15,NFL,CAR,OFF,7,True,False
2024,15,NFL,CAR,DEF,12,True,False
2024,15,NFL,DAL,OFF,7,True,False
2024,15,NFL,DAL,DEF,12,True,False
2024,15,NFL,SEA,OFF,7,True,False
2024,15,NFL,SEA,DEF,12,True,False
2024,15,NFL,GB,OFF,7,True,False
2024,15,NFL,GB,DEF,12,True,True
2024,15,NFL,DEN,OFF,7,True,False
2024,15,NFL,DEN,DEF,12,True,False
2024,15,NFL,IND,OFF,7,True,False
2024,15,NFL,IND,DEF,12,True,False
2024,15,NFL,CLE,OFF,7,True,False
2024,15,NFL,CLE,DEF,12,True,False
2024,15,NFL,KC,OFF,7,True,False
2024,15,NFL,KC,DEF,12,True,False
2024,15,NFL,SF,OFF,7,True,False
2024,15,NFL,SF,DEF,12,True,False
2024,15,NFL,LA,OFF,7,True,False
2024,15,NFL,LA,DEF,12,True,False
2024,15,NFL,HOU,OFF,7,True,False
2024,15,NFL,HOU,DEF,12,True,False
2024,15,NFL,MIA,OFF,7,True,True
2024,15,NFL,MIA,DEF,12,True,False
2024,15,NFL,ARI,OFF,7,True,False
2024,15,NFL,ARI,DEF,12,True,True
2024,15,NFL,NE,OFF,7,True,False
2024,15,NFL,NE,DEF,12,True,False
2024,15,NFL,JAX,OFF,7,True,False
2024,15,NFL,JAX,DEF,12,True,False
2024,15,NFL,NYJ,OFF,7,True,False
2024,15,NFL,NYJ,DEF,12,True,True
2024,15,NFL,PHI,OFF,7,True,False
2024,15,NFL,PHI,DEF,12,True,False
2024,15,NFL,PIT,OFF,7,True,False
2024,15,NFL,PIT,DEF,12,True,False
2024,15,NFL,LAC,OFF,7,True,True
2024,15,NFL,LAC,DEF,12,True,False
2024,15,NFL,TB,OFF,7,True,False
2024,15,NFL,TB,DEF,12,True,False
2024,15,NFL,NO,OFF,7,True,False
2024,15,NFL,NO,DEF,12,True,False
2024,15,NFL,WAS,OFF,7,True,False
2024,15,NFL,WAS,DEF,12,True,False
2024,16,NFL,CAR,OFF,7,True,False
2024,16,NFL,CAR,DEF,12,True,False
2024,16,NFL,ARI,OFF,7,True,False
2024,16,NFL,ARI,DEF,12,True,False
2024,16,NFL,CIN,OFF,7,True,False
2024,16,NFL,CIN,DEF,12,True,False
2024,16,NFL,CLE,OFF,7,True,False
2024,16,NFL,CLE,DEF,12,True,False
2024,16,NFL,LAC,OFF,7,True,False
2024,16,NFL,LAC,DEF,12,True,False
2024,16,NFL,DEN,OFF,7,True,False
2024,16,NFL,DEN,DEF,12,True,False
2024,16,NFL,CHI,OFF,7,True,False
2024,16,NFL,CHI,DEF,12,True,False
2024,16,NFL,DET,OFF,7,True,False
2024,16,NFL,DET,DEF,12,True,False
2024,16,NFL,KC,OFF,7,True,False
2024,16,NFL,KC,DEF,12,True,False
2024,16,NFL,HOU,OFF,7,True,False
2024,16,NFL,HOU,DEF,12,True,False
2024,16,NFL,LV,OFF,7,True,False
2024,16,NFL,LV,DEF,12,True,False
2024,16,NFL,JAX,OFF,7,True,False
2024,16,NFL,JAX,DEF,12,True,True
2024,16,NFL,NYJ,OFF,7,True,False
2024,16,NFL,NYJ,DEF,12,True,False
2024,16,NFL,LA,OFF,7,True,False
2024,16,NFL,LA,DEF,12,True,False
2024,16,NFL,SEA,OFF,7,True,False
2024,16,NFL,SEA,DEF,12,True,False
2024,16,NFL,MIN,OFF,7,True,False
2024,16,NFL,MIN,DEF,12,True,False
2024,16,NFL,BUF,OFF,7,True,False
2024,16,NFL,BUF,DEF,12,True,False
2024,16,NFL,NE,OFF,7,True,False
2024,16,NFL,NE,DEF,12,True,False
2024,16,NFL,GB,OFF,7,True,False
2024,16,NFL,GB,DEF,12,True,False
2024,16,NFL,NO,OFF,7,True,False
2024,16,NFL,NO,DEF,12,True,False
2024,16,NFL,ATL,OFF,7,True,False
2024,16,NFL,ATL,DEF,12,True,False
2024,16,NFL,NYG,OFF,7,True,False
2024,16,NFL,NYG,DEF,12,True,False
2024,16,NFL,WAS,OFF,7,True,False
2024,16,NFL,WAS,DEF,12,True,False
2024,16,NFL,PHI,OFF,7,True,False
2024,16,NFL,PHI,DEF,12,True,True
2024,16,NFL,BAL,OFF,7,True,False
2024,16,NFL,BAL,DEF,12,True,False
2024,16,NFL,PIT,OFF,7,True,False
2024,16,NFL,PIT,DEF,12,True,False
2024,16,NFL,MIA,OFF,7,True,False
2024,16,NFL,MIA,DEF,12,True,False
2024,16,NFL,SF,OFF,7,True,False
2024,16,NFL,SF,DEF,12,True,False
2024,16,NFL,DAL,OFF,7,True,False
2024,16,NFL,DAL,DEF,12,True,False
2024,16,NFL,TB,OFF,7,True,False
2024,16,NFL,TB,DEF,12,True,False
2024,16,NFL,IND,OFF,7,True,False
2024,16,NFL,IND,DEF,12,True,False
2024,16,NFL,TEN,OFF,7,True,False
2024,16,NFL,TEN,DEF,12,True,False
2024,17,NFL,LA,OFF,7,True,False
2024,17,NFL,LA,DEF,12,True,False
2024,17,NFL,ARI,OFF,7,True,False
2024,17,NFL,ARI,DEF,12,True,False
2024,17,NFL,WAS,OFF,7,True,False
2024,17,NFL,WAS,DEF,12,True,False
2024,17,NFL,ATL,OFF,7,True,False
2024,17,NFL,ATL,DEF,12,True,False
2024,17,NFL,HOU,OFF,7,True,False
2024,17,NFL,HOU,DEF,12,True,True
2024,17,NFL,BAL,OFF,7,True,False
2024,17,NFL,BAL,DEF,12,True,False
2024,17,NFL,TB,OFF,7,True,False
2024,17,NFL,TB,DEF,12,True,False
2024,17,NFL,CAR,OFF,7,True,False
2024,17,NFL,CAR,DEF,12,True,False
2024,17,NFL,PHI,OFF,7,True,False
2024,17,NFL,PHI,DEF,12,True,False
2024,17,NFL,DAL,OFF,7,True,False
2024,17,NFL,DAL,DEF,12,True,False
2024,17,NFL,CIN,OFF,7,True,False
2024,17,NFL,CIN,DEF,12,True,False
2024,17,NFL,DEN,OFF,7,True,False
2024,17,NFL,DEN,DEF,12,True,False
2024,17,NFL,SF,OFF,7,True,False
2024,17,NFL,SF,DEF,12,True,False
2024,17,NFL,DET,OFF,7,True,False
2024,17,NFL,DET,DEF,12,True,False
2024,17,NFL,MIN,OFF,7,True,False
2024,17,NFL,MIN,DEF,12,True,False
2024,17,NFL,GB,OFF,7,True,False
2024,17,NFL,GB,DEF,12,True,True
2024,17,NFL,NYG,OFF,7,True,False
2024,17,NFL,NYG,DEF,12,True,False
2024,17,NFL,IND,OFF,7,True,True
2024,17,NFL,IND,DEF,12,True,False
2024,17,NFL,PIT,OFF,7,True,False
2024,17,NFL,PIT,DEF,12,True,False
2024,17,NFL,KC,OFF,7,True,False
2024,17,NFL,KC,DEF,12,True,False
2024,17,NFL,NE,OFF,7,True,True
2024,17,NFL,NE,DEF,12,True,False
2024,17,NFL,LAC,OFF,7,True,False
2024,17,NFL,LAC,DEF,12,True,False
2024,17,NFL,NO,OFF,7,True,False
2024,17,NFL,NO,DEF,12,True,False
2024,17,NFL,LV,OFF,7,True,False
2024,17,NFL,LV,DEF,12,True,False
2024,17,NFL,CLE,OFF,7,True,False
2024,17,NFL,CLE,DEF,12,True,True
2024,17,NFL,MIA,OFF,7,True,False
2024,17,NFL,MIA,DEF,12,True,False
2024,17,NFL,BUF,OFF,7,True,False
2024,17,NFL,BUF,DEF,12,True,False
2024,17,NFL,NYJ,OFF,7,True,False
2024,17,NFL,NYJ,DEF,12,True,False
2024,17,NFL,CHI,OFF,7,True,False
2024,17,NFL,CHI,DEF,12,True,True
2024,17,NFL,SEA,OFF,7,True,False
2024,17,NFL,SEA,DEF,12,True,True
2024,17,NFL,JAX,OFF,7,True,False
2024,17,NFL,JAX,DEF,12,True,False
2024,17,NFL,TEN,OFF,7,True,False
2024,17,NFL,TEN,DEF,12,True,True
2024,1,ADL,Dallas Cowboys,OFF,7,True,False
2024,1,ADL,Dallas Cowboys,DEF,12,True,False
2024,1,ADL,New York Giants,OFF,7,True,False
2024,1,ADL,New York Giants,DEF,12,True,False
2024,1,ADL,Philadelphia Eagles,OFF,7,True,False
2024,1,ADL,Philadelphia Eagles,DEF,12,True,False
2024,1,ADL,Washington Commanders,OFF,7,True,False
2024,1,ADL,Washington Commanders,DEF,12,True,False
2024,1,ADL,Chicago Bears,OFF,7,True,False
2024,1,ADL,Chicago Bears,DEF,12,True,False
2024,1,ADL,Detroit Lions,OFF,7,True,False
2024,1,ADL,Detroit Lions,DEF,12,True,False
2024,1,ADL,Green Bay Packers,OFF,7,True,False
2024,1,ADL,Green Bay Packers,DEF,12,True,False
2024,1,ADL,Minnesota Vikings,OFF,7,True,False
2024,1,ADL,Minnesota Vikings,DEF,12,True,False
2024,1,ADL,Atlanta Falcons,OFF,7,True,False
2024,1,ADL,Atlanta Falcons,DEF,12,True,False
2024,1,ADL,Carolina Panthers,OFF,7,True,False
2024,1,ADL,Carolina Panthers,DEF,12,True,False
2024,1,ADL,New Orleans Saints,OFF,7,True,False
2024,1,ADL,New Orleans Saints,DEF,12,True,False
2024,1,ADL,Tampa Bay Buccaneers,OFF,7,True,False
2024,1,ADL,Tampa Bay Buccaneers,DEF,12,True,False
2024,1,ADL,Arizona Cardinals,OFF,7,True,False
2024,1,ADL,Arizona Cardinals,DEF,12,True,False
2024,1,ADL,Los Angeles Rams,OFF,7,True,False
2024,1,ADL,Los Angeles Rams,DEF,12,True,False
2024,1,ADL,San Francisco 49ers,OFF,7,True,False
2024,1,ADL,San Francisco 49ers,DEF,12,True,False
2024,1,ADL,Seattle Seahawks,OFF,7,True,False
2024,1,ADL,Seattle Seahawks,DEF,12,True,False
2024,1,ADL,Buffalo Bills,OFF,7,True,False
2024,1,ADL,Buffalo Bills,DEF,12,True,False
2024,1,ADL,Miami Dolphins,OFF,7,True,False
2024,1,ADL,Miami Dolphins,DEF,12,True,False
2024,1,ADL,New England Patriots,OFF,7,True,False
2024,1,ADL,New England Patriots,DEF,12,True,False
2024,1,ADL,New York Jets,OFF,7,True,False
2024,1,ADL,New York Jets,DEF,12,True,False
2024,1,ADL,Baltimore Ravens,OFF,7,True,False
2024,1,ADL,Baltimore Ravens,DEF,12,True,False
2024,1,ADL,Cincinnati Bengals,OFF,7,True,False
2024,1,ADL,Cincinnati Bengals,DEF,12,True,False
2024,1,ADL,Cleveland Browns,OFF,7,True,False
2024,1,ADL,Cleveland Browns,DEF,12,True,False
2024,1,ADL,Pittsburgh Steelers,OFF,7,True,False
2024,1,ADL,Pittsburgh Steelers,DEF,12,True,False
2024,1,ADL,Houston Texans,OFF,7,True,False
2024,1,ADL,Houston Texans,DEF,12,True,False
2024,1,ADL,Indianapolis Colts,OFF,7,True,False
2024,1,ADL,Indianapolis Colts,DEF,12,True,False
2024,1,ADL,Jacksonville Jaguars,OFF,7,True,False
2024,1,ADL,Jacksonville Jaguars,DEF,12,True,False
2024,1,ADL,Tennessee Titans,OFF,7,True,False
2024,1,ADL,Tennessee Titans,DEF,12,True,False
2024,1,ADL,Denver Broncos,OFF,7,True,False
2024,1,ADL,Denver Broncos,DEF,12,True,False
2024,1,ADL,Kansas City Chiefs,OFF,7,True,False
2024,1,ADL,Kansas City Chiefs,DEF,12,True,False
2024,1,ADL,Las Vegas Raiders,OFF,7,True,False
2024,1,ADL,Las Vegas Raiders,DEF,12,True,False
2024,1,ADL,Los Angeles Chargers,OFF,7,True,False
2024,1,ADL,Los Angeles Chargers,DEF,12,True,False
2024,2,ADL,Dallas Cowboys,OFF,7,True,False
2024,2,ADL,Dallas Cowboys,DEF,12,True,False
2024,2,ADL,New York Giants,OFF,7,True,False
2024,2,ADL,New York Giants,DEF,12,True,False
2024,2,ADL,Philadelphia Eagles,OFF,7,True,False
2024,2,ADL,Philadelphia Eagles,DEF,12,True,False
2024,2,ADL,Washington Commanders,OFF,7,True,False
2024,2,ADL,Washington Commanders,DEF,12,True,False
2024,2,ADL,Chicago Bears,OFF,7,True,False
2024,2,ADL,Chicago Bears,DEF,12,True,False
2024,2,ADL,Detroit Lions,OFF,7,True,False
2024,2,ADL,Detroit Lions,DEF,12,True,False
2024,2,ADL,Green Bay Packers,OFF,7,True,False
2024,2,ADL,Green Bay Packers,DEF,12,True,False
2024,2,ADL,Minnesota Vikings,OFF,7,True,False
2024,2,ADL,Minnesota Vikings,DEF,12,True,False
2024,2,ADL,Atlanta Falcons,OFF,7,True,False
2024,2,ADL,Atlanta Falcons,DEF,12,True,False
2024,2,ADL,Carolina Panthers,OFF,7,True,False
2024,2,ADL,Carolina Panthers,DEF,12,True,False
2024,2,ADL,New Orleans Saints,OFF,7,True,False
2024,2,ADL,New Orleans Saints,DEF,12,True,False
2024,2,ADL,Tampa Bay Buccaneers,OFF,7,True,False
2024,2,ADL,Tampa Bay Buccaneers,DEF,12,True,False
2024,2,ADL,Arizona Cardinals,OFF,7,True,False
2024,2,ADL,Arizona Cardinals,DEF,12,True,False
2024,2,ADL,Los Angeles Rams,OFF,7,True,False
2024,2,ADL,Los Angeles Rams,DEF,12,True,False
2024,2,ADL,San Francisco 49ers,OFF,7,True,False
2024,2,ADL,San Francisco 49ers,DEF,12,True,False
2024,2,ADL,Seattle Seahawks,OFF,7,True,False
2024,2,ADL,Seattle Seahawks,DEF,12,True,False
2024,2,ADL,Buffalo Bills,OFF,7,True,False
2024,2,ADL,Buffalo Bills,DEF,12,True,False
2024,2,ADL,Miami Dolphins,OFF,7,True,False
2024,2,ADL,Miami Dolphins,DEF,12,True,False
2024,2,ADL,New England Patriots,OFF,7,True,False
2024,2,ADL,New England Patriots,DEF,12,True,False
2024,2,ADL,New York Jets,OFF,7,True,False
2024,2,ADL,New York Jets,DEF,12,True,False
2024,2,ADL,Baltimore Ravens,OFF,7,True,False
2024,2,ADL,Baltimore Ravens,DEF,12,True,False
2024,2,ADL,Cincinnati Bengals,OFF,7,True,False
2024,2,ADL,Cincinnati Bengals,DEF,12,True,False
2024,2,ADL,Cleveland Browns,OFF,7,True,False
2024,2,ADL,Cleveland Browns,DEF,12,True,False
2024,2,ADL,Pittsburgh Steelers,OFF,7,True,False
2024,2,ADL,Pittsburgh Steelers,DEF,12,True,False
2024,2,ADL,Houston Texans,OFF,7,True,False
2024,2,ADL,Houston Texans,DEF,12,True,False
2024,2,ADL,Indianapolis Colts,OFF,7,True,False
2024,2,ADL,Indianapolis Colts,DEF,12,True,False
2024,2,ADL,Jacksonville Jaguars,OFF,7,True,False
2024,2,ADL,Jacksonville Jaguars,DEF,12,True,False
2024,2,ADL,Tennessee Titans,OFF,7,True,False
2024,2,ADL,Tennessee Titans,DEF,12,True,False
2024,2,ADL,Denver Broncos,OFF,7,True,False
2024,2,ADL,Denver Broncos,DEF,12,True,False
2024,2,ADL,Kansas City Chiefs,OFF,7,True,False
2024,2,ADL,Kansas City Chiefs,DEF,12,True,False
2024,2,ADL,Las Vegas Raiders,OFF,7,True,False
2024,2,ADL,Las Vegas Raiders,DEF,12,True,False
2024,2,ADL,Los Angeles Chargers,OFF,7,True,False
2024,2,ADL,Los Angeles Chargers,DEF,12,True,False
2024,3,ADL,Dallas Cowboys,OFF,7,True,False
2024,3,ADL,Dallas Cowboys,DEF,12,True,False
2024,3,ADL,New York Giants,OFF,7,True,False
2024,3,ADL,New York Giants,DEF,12,True,False
2024,3,ADL,Philadelphia Eagles,OFF,7,True,False
2024,3,ADL,Philadelphia Eagles,DEF,12,True,False
2024,3,ADL,Washington Commanders,OFF,7,True,False
2024,3,ADL,Washington Commanders,DEF,12,True,False
2024,3,ADL,Chicago Bears,OFF,7,True,False
2024,3,ADL,Chicago Bears,DEF,12,True,False
2024,3,ADL,Detroit Lions,OFF,7,True,False
2024,3,ADL,Detroit Lions,DEF,12,True,False
2024,3,ADL,Green Bay Packers,OFF,7,True,False
2024,3,ADL,Green Bay Packers,DEF,12,True,False
2024,3,ADL,Minnesota Vikings,OFF,7,True,False
2024,3,ADL,Minnesota Vikings,DEF,12,True,False
2024,3,ADL,Atlanta Falcons,OFF,7,True,False
2024,3,ADL,Atlanta Falcons,DEF,12,True,False
2024,3,ADL,Carolina Panthers,OFF,7,True,False
2024,3,ADL,Carolina Panthers,DEF,12,True,False
2024,3,ADL,New Orleans Saints,OFF,7,True,False
2024,3,ADL,New Orleans Saints,DEF,12,True,False
2024,3,ADL,Tampa Bay Buccaneers,OFF,7,True,False
2024,3,ADL,Tampa Bay Buccaneers,DEF,12,True,False
2024,3,ADL,Arizona Cardinals,OFF,7,True,False
2024,3,ADL,Arizona Cardinals,DEF,12,True,False
2024,3,ADL,Los Angeles Rams,OFF,7,True,False
2024,3,ADL,Los Angeles Rams,DEF,12,True,False
2024,3,ADL,San Francisco 49ers,OFF,7,True,False
2024,3,ADL,San Francisco 49ers,DEF,12,True,False
2024,3,ADL,Seattle Seahawks,OFF,7,True,False
2024,3,ADL,Seattle Seahawks,DEF,12,True,False
2024,3,ADL,Buffalo Bills,OFF,7,True,False
2024,3,ADL,Buffalo Bills,DEF,12,True,False
2024,3,ADL,Miami Dolphins,OFF,7,True,False
2024,3,ADL,Miami Dolphins,DEF,12,True,False
2024,3,ADL,New England Patriots,OFF,7,True,False
2024,3,ADL,New England Patriots,DEF,12,True,False
2024,3,ADL,New York Jets,OFF,7,True,False
2024,3,ADL,New York Jets,DEF,12,True,False
2024,3,ADL,Baltimore Ravens,OFF,7,True,False
2024,3,ADL,Baltimore Ravens,DEF,12,True,False
2024,3,ADL,Cincinnati Bengals,OFF,7,True,False
2024,3,ADL,Cincinnati Bengals,DEF,12,True,False
2024,3,ADL,Cleveland Browns,OFF,7,True,False
2024,3,ADL,Cleveland Browns,DEF,12,True,False
2024,3,ADL,Pittsburgh Steelers,OFF,7,True,False
2024,3,ADL,Pittsburgh Steelers,DEF,12,True,False
2024,3,ADL,Houston Texans,OFF,7,True,False
2024,3,ADL,Houston Texans,DEF,12,True,False
2024,3,ADL,Indianapolis Colts,OFF,7,True,False
2024,3,ADL,Indianapolis Colts,DEF,12,True,False
2024,3,ADL,Jacksonville Jaguars,OFF,7,True,False
2024,3,ADL,Jacksonville Jaguars,DEF,12,True,False
2024,3,ADL,Tennessee Titans,OFF,7,True,False
2024,3,ADL,Tennessee Titans,DEF,12,True,False
2024,3,ADL,Denver Broncos,OFF,7,True,False
2024,3,ADL,Denver Broncos,DEF,12,True,False
2024,3,ADL,Kansas City Chiefs,OFF,7,True,False
2024,3,ADL,Kansas City Chiefs,DEF,12,True,False
2024,3,ADL,Las Vegas Raiders,OFF,7,True,False
2024,3,ADL,Las Vegas Raiders,DEF,12,True,False
2024,3,ADL,Los Angeles Chargers,OFF,7,True,False
2024,3,ADL,Los Angeles Chargers,DEF,12,True,False
2024,4,ADL,Dallas Cowboys,OFF,7,True,False
2024,4,ADL,Dallas Cowboys,DEF,12,True,False
2024,4,ADL,New York Giants,OFF,7,True,False
2024,4,ADL,New York Giants,DEF,12,True,False
2024,4,ADL,Philadelphia Eagles,OFF,7,True,False
2024,4,ADL,Philadelphia Eagles,DEF,12,True,False
2024,4,ADL,Washington Commanders,OFF,7,True,False
2024,4,ADL,Washington Commanders,DEF,12,True,False
2024,4,ADL,Chicago Bears,OFF,7,True,False
2024,4,ADL,Chicago Bears,DEF,12,True,False
2024,4,ADL,Detroit Lions,OFF,7,True,False
2024,4,ADL,Detroit Lions,DEF,12,True,False
2024,4,ADL,Green Bay Packers,OFF,7,True,False
2024,4,ADL,Green Bay Packers,DEF,12,True,False
2024,4,ADL,Minnesota Vikings,OFF,7,True,False
2024,4,ADL,Minnesota Vikings,DEF,12,True,False
2024,4,ADL,Atlanta Falcons,OFF,7,True,False
2024,4,ADL,Atlanta Falcons,DEF,12,True,False
2024,4,ADL,Carolina Panthers,OFF,7,True,False
2024,4,ADL,Carolina Panthers,DEF,12,True,False
2024,4,ADL,New Orleans Saints,OFF,7,True,False
2024,4,ADL,New Orleans Saints,DEF,12,True,False
2024,4,ADL,Tampa Bay Buccaneers,OFF,7,True,False
2024,4,ADL,Tampa Bay Buccaneers,DEF,12,True,False
2024,4,ADL,Arizona Cardinals,OFF,7,True,False
2024,4,ADL,Arizona Cardinals,DEF,12,True,False
2024,4,ADL,Los Angeles Rams,OFF,7,True,False
2024,4,ADL,Los Angeles Rams,DEF,12,True,False
2024,4,ADL,San Francisco 49ers,OFF,7,True,False
2024,4,ADL,San Francisco 49ers,DEF,12,True,False
2024,4,ADL,Seattle Seahawks,OFF,7,True,False
2024,4,ADL,Seattle Seahawks,DEF,12,True,False
2024,4,ADL,Buffalo Bills,OFF,7,True,False
2024,4,ADL,Buffalo Bills,DEF,12,True,False
2024,4,ADL,Miami Dolphins,OFF,7,True,False
2024,4,ADL,Miami Dolphins,DEF,12,True,False
2024,4,ADL,New England Patriots,OFF,7,True,False
2024,4,ADL,New England Patriots,DEF,12,True,False
2024,4,ADL,New York Jets,OFF,7,True,False
2024,4,ADL,New York Jets,DEF,12,True,False
2024,4,ADL,Baltimore Ravens,OFF,7,True,False
2024,4,ADL,Baltimore Ravens,DEF,12,True,False
2024,4,ADL,Cincinnati Bengals,OFF,7,True,False
2024,4,ADL,Cincinnati Bengals,DEF,12,True,False
2024,4,ADL,Cleveland Browns,OFF,7,True,False
2024,4,ADL,Cleveland Browns,DEF,12,True,False
2024,4,ADL,Pittsburgh Steelers,OFF,7,True,False
2024,4,ADL,Pittsburgh Steelers,DEF,12,True,False
2024,4,ADL,Houston Texans,OFF,7,True,False
2024,4,ADL,Houston Texans,DEF,12,True,False
2024,4,ADL,Indianapolis Colts,OFF,7,True,False
2024,4,ADL,Indianapolis Colts,DEF,12,True,False
2024,4,ADL,Jacksonville Jaguars,OFF,7,True,False
2024,4,ADL,Jacksonville Jaguars,DEF,12,True,False
2024,4,ADL,Tennessee Titans,OFF,7,True,False
2024,4,ADL,Tennessee Titans,DEF,12,True,False
2024,4,ADL,Denver Broncos,OFF,7,True,False
2024,4,ADL,Denver Broncos,DEF,12,True,False
2024,4,ADL,Kansas City Chiefs,OFF,7,True,False
2024,4,ADL,Kansas City Chiefs,DEF,12,True,False
2024,4,ADL,Las Vegas Raiders,OFF,7,True,False
2024,4,ADL,Las Vegas Raiders,DEF,12,True,False
2024,4,ADL,Los Angeles Chargers,OFF,7,True,False
2024,4,ADL,Los Angeles Chargers,DEF,12,True,False
2024,5,ADL,Dallas Cowboys,OFF,7,True,False
2024,5,ADL,Dallas Cowboys,DEF,12,True,False
2024,5,ADL,New York Giants,OFF,7,True,False
2024,5,ADL,New York Giants,DEF,12,True,False
2024,5,ADL,Philadelphia Eagles,OFF,7,True,False
2024,5,ADL,Philadelphia Eagles,DEF,12,True,False
2024,5,ADL,Washington Commanders,OFF,7,True,False
2024,5,ADL,Washington Commanders,DEF,12,True,False
2024,5,ADL,Chicago Bears,OFF,7,True,False
2024,5,ADL,Chicago Bears,DEF,12,True,False
2024,5,ADL,Detroit Lions,OFF,7,True,False
2024,5,ADL,Detroit Lions,DEF,12,True,False
2024,5,ADL,Green Bay Packers,OFF,7,True,False
2024,5,ADL,Green Bay Packers,DEF,12,True,False
2024,5,ADL,Minnesota Vikings,OFF,7,True,False
2024,5,ADL,Minnesota Vikings,DEF,12,True,False
2024,5,ADL,Atlanta Falcons,OFF,7,True,False
2024,5,ADL,Atlanta Falcons,DEF,12,True,False
2024,5,ADL,Carolina Panthers,OFF,7,True,False
2024,5,ADL,Carolina Panthers,DEF,12,True,False
2024,5,ADL,New Orleans Saints,OFF,7,True,False
2024,5,ADL,New Orleans Saints,DEF,12,True,False
2024,5,ADL,Tampa Bay Buccaneers,OFF,7,True,False
2024,5,ADL,Tampa Bay Buccaneers,DEF,12,True,False
2024,5,ADL,Arizona Cardinals,OFF,7,True,False
2024,5,ADL,Arizona Cardinals,DEF,12,True,False
2024,5,ADL,Los Angeles Rams,OFF,7,True,False
2024,5,ADL,Los Angeles Rams,DEF,12,True,False
2024,5,ADL,San Francisco 49ers,OFF,7,True,False
2024,5,ADL,San Francisco 49ers,DEF,12,True,False
2024,5,ADL,Seattle Seahawks,OFF,7,True,False
2024,5,ADL,Seattle Seahawks,DEF,12,True,False
2024,5,ADL,Buffalo Bills,OFF,7,True,False
2024,5,ADL,Buffalo Bills,DEF,12,True,False
2024,5,ADL,Miami Dolphins,OFF,7,True,False
2024,5,ADL,Miami Dolphins,DEF,12,True,False
2024,5,ADL,New England Patriots,OFF,7,True,False
2024,5,ADL,New England Patriots,DEF,12,True,False
2024,5,ADL,New York Jets,OFF,7,True,False
2024,5,ADL,New York Jets,DEF,12,True,False
2024,5,ADL,Baltimore Ravens,OFF,7,True,False
2024,5,ADL,Baltimore Ravens,DEF,12,True,False
2024,5,ADL,Cincinnati Bengals,OFF,7,True,False
2024,5,ADL,Cincinnati Bengals,DEF,12,True,False
2024,5,ADL,Cleveland Browns,OFF,7,True,False
2024,5,ADL,Cleveland Browns,DEF,12,True,False
2024,5,ADL,Pittsburgh Steelers,OFF,7,True,False
2024,5,ADL,Pittsburgh Steelers,DEF,12,True,False
2024,5,ADL,Houston Texans,OFF,7,True,False
2024,5,ADL,Houston Texans,DEF,12,True,False
2024,5,ADL,Indianapolis Colts,OFF,7,True,False
2024,5,ADL,Indianapolis Colts,DEF,12,True,False
2024,5,ADL,Jacksonville Jaguars,OFF,7,True,False
2024,5,ADL,Jacksonville Jaguars,DEF,12,True,False
2024,5,ADL,Tennessee Titans,OFF,7,True,False
2024,5,ADL,Tennessee Titans,DEF,12,True,False
2024,5,ADL,Denver Broncos,OFF,7,True,False
2024,5,ADL,Denver Broncos,DEF,12,True,False
2024,5,ADL,Kansas City Chiefs,OFF,7,True,False
2024,5,ADL,Kansas City Chiefs,DEF,12,True,False
2024,5,ADL,Las Vegas Raiders,OFF,7,True,False
2024,5,ADL,Las Vegas Raiders,DEF,12,True,False
2024,5,ADL,Los Angeles Chargers,OFF,7,True,False
2024,5,ADL,Los Angeles Chargers,DEF,12,True,False
2024,6,ADL,Dallas Cowboys,OFF,7,True,False
2024,6,ADL,Dallas Cowboys,DEF,12,True,False
2024,6,ADL,New York Giants,OFF,7,True,False
2024,6,ADL,New York Giants,DEF,12,True,False
2024,6,ADL,Philadelphia Eagles,OFF,7,True,False
2024,6,ADL,Philadelphia Eagles,DEF,12,True,False
2024,6,ADL,Washington Commanders,OFF,7,True,False
2024,6,ADL,Washington Commanders,DEF,12,True,False
2024,6,ADL,Chicago Bears,OFF,7,True,False
2024,6,ADL,Chicago Bears,DEF,12,True,False
2024,6,ADL,Detroit Lions,OFF,7,True,False
2024,6,ADL,Detroit Lions,DEF,12,True,False
2024,6,ADL,Green Bay Packers,OFF,7,True,False
2024,6,ADL,Green Bay Packers,DEF,12,True,False
2024,6,ADL,Minnesota Vikings,OFF,7,True,False
2024,6,ADL,Minnesota Vikings,DEF,12,True,False
2024,6,ADL,Atlanta Falcons,OFF,7,True,False
2024,6,ADL,Atlanta Falcons,DEF,12,True,False
2024,6,ADL,Carolina Panthers,OFF,7,True,False
2024,6,ADL,Carolina Panthers,DEF,12,True,False
2024,6,ADL,New Orleans Saints,OFF,7,True,False
2024,6,ADL,New Orleans Saints,DEF,12,True,False
2024,6,ADL,Tampa Bay Buccaneers,OFF,7,True,False
2024,6,ADL,Tampa Bay Buccaneers,DEF,12,True,False
2024,6,ADL,Arizona Cardinals,OFF,7,True,False
2024,6,ADL,Arizona Cardinals,DEF,12,True,False
2024,6,ADL,Los Angeles Rams,OFF,7,True,False
2024,6,ADL,Los Angeles Rams,DEF,12,True,False
2024,6,ADL,San Francisco 49ers,OFF,7,True,False
2024,6,ADL,San Francisco 49ers,DEF,12,True,False
2024,6,ADL,Seattle Seahawks,OFF,7,True,False
2024,6,ADL,Seattle Seahawks,DEF,12,True,False
2024,6,ADL,Buffalo Bills,OFF,7,True,False
2024,6,ADL,Buffalo Bills,DEF,12,True,False
2024,6,ADL,Miami Dolphins,OFF,7,True,False
2024,6,ADL,Miami Dolphins,DEF,12,True,False
2024,6,ADL,New England Patriots,OFF,7,True,False
2024,6,ADL,New England Patriots,DEF,12,True,False
2024,6,ADL,New York Jets,OFF,7,True,False
2024,6,ADL,New York Jets,DEF,12,True,False
2024,6,ADL,Baltimore Ravens,OFF,7,True,False
2024,6,ADL,Baltimore Ravens,DEF,12,True,False
2024,6,ADL,Cincinnati Bengals,OFF,7,True,False
2024,6,ADL,Cincinnati Bengals,DEF,12,True,False
2024,6,ADL,Cleveland Browns,OFF,7,True,False
2024,6,ADL,Cleveland Browns,DEF,12,True,False
2024,6,ADL,Pittsburgh Steelers,OFF,7,True,False
2024,6,ADL,Pittsburgh Steelers,DEF,12,True,False
2024,6,ADL,Houston Texans,OFF,7,True,False
2024,6,ADL,Houston Texans,DEF,12,True,False
2024,6,ADL,Indianapolis Colts,OFF,7,True,False
2024,6,ADL,Indianapolis Colts,DEF,12,True,False
2024,6,ADL,Jacksonville Jaguars,OFF,7,True,False
2024,6,ADL,Jacksonville Jaguars,DEF,12,True,False
2024,6,ADL,Tennessee Titans,OFF,7,True,False
2024,6,ADL,Tennessee Titans,DEF,12,True,False
2024,6,ADL,Denver Broncos,OFF,7,True,False
2024,6,ADL,Denver Broncos,DEF,12,True,False
2024,6,ADL,Kansas City Chiefs,OFF,7,True,False
2024,6,ADL,Kansas City Chiefs,DEF,12,True,False
2024,6,ADL,Las Vegas Raiders,OFF,7,True,False
2024,6,ADL,Las Vegas Raiders,DEF,12,True,False
2024,6,ADL,Los Angeles Chargers,OFF,7,True,False
2024,6,ADL,Los Angeles Chargers,DEF,12,True,False
2024,7,ADL,Dallas Cowboys,OFF,7,True,False
2024,7,ADL,Dallas Cowboys,DEF,12,True,False
2024,7,ADL,New York Giants,OFF,7,True,False
2024,7,ADL,New York Giants,DEF,12,True,False
2024,7,ADL,Philadelphia Eagles,OFF,7,True,False
2024,7,ADL,Philadelphia Eagles,DEF,12,True,False
2024,7,ADL,Washington Commanders,OFF,7,True,False
2024,7,ADL,Washington Commanders,DEF,12,True,False
2024,7,ADL,Chicago Bears,OFF,7,True,False
2024,7,ADL,Chicago Bears,DEF,12,True,False
2024,7,ADL,Detroit Lions,OFF,7,True,False
2024,7,ADL,Detroit Lions,DEF,12,True,False
2024,7,ADL,Green Bay Packers,OFF,7,True,False
2024,7,ADL,Green Bay Packers,DEF,12,True,False
2024,7,ADL,Minnesota Vikings,OFF,7,True,False
2024,7,ADL,Minnesota Vikings,DEF,12,True,False
2024,7,ADL,Atlanta Falcons,OFF,7,True,False
2024,7,ADL,Atlanta Falcons,DEF,12,True,False
2024,7,ADL,Carolina Panthers,OFF,7,True,False
2024,7,ADL,Carolina Panthers,DEF,12,True,False
2024,7,ADL,New Orleans Saints,OFF,7,True,False
2024,7,ADL,New Orleans Saints,DEF,12,True,False
2024,7,ADL,Tampa Bay Buccaneers,OFF,7,True,False
2024,7,ADL,Tampa Bay Buccaneers,DEF,12,True,False
2024,7,ADL,Arizona Cardinals,OFF,7,True,False
2024,7,ADL,Arizona Cardinals,DEF,12,True,False
2024,7,ADL,Los Angeles Rams,OFF,7,True,False
2024,7,ADL,Los Angeles Rams,DEF,12,True,False
2024,7,ADL,San Francisco 49ers,OFF,7,True,False
2024,7,ADL,San Francisco 49ers,DEF,12,True,False
2024,7,ADL,Seattle Seahawks,OFF,7,True,False
2024,7,ADL,Seattle Seahawks,DEF,12,True,False
2024,7,ADL,Buffalo Bills,OFF,7,True,False
2024,7,ADL,Buffalo Bills,DEF,12,True,False
2024,7,ADL,Miami Dolphins,OFF,7,True,False
2024,7,ADL,Miami Dolphins,DEF,12,True,False
2024,7,ADL,New England Patriots,OFF,7,True,False
2024,7,ADL,New England Patriots,DEF,12,True,False
2024,7,ADL,New York Jets,OFF,7,True,False
2024,7,ADL,New York Jets,DEF,12,True,False
2024,7,ADL,Baltimore Ravens,OFF,7,True,False
2024,7,ADL,Baltimore Ravens,DEF,12,True,False
2024,7,ADL,Cincinnati Bengals,OFF,7,True,False
2024,7,ADL,Cincinnati Bengals,DEF,12,True,False
2024,7,ADL,Cleveland Browns,OFF,7,True,False
2024,7,ADL,Cleveland Browns,DEF,12,True,False
2024,7,ADL,Pittsburgh Steelers,OFF,7,True,False
2024,7,ADL,Pittsburgh Steelers,DEF,12,True,False
2024,7,ADL,Houston Texans,OFF,7,True,False
2024,7,ADL,Houston Texans,DEF,12,True,False
2024,7,ADL,Indianapolis Colts,OFF,7,True,False
2024,7,ADL,Indianapolis Colts,DEF,12,True,False
2024,7,ADL,Jacksonville Jaguars,OFF,7,True,False
2024,7,ADL,Jacksonville Jaguars,DEF,12,True,False
2024,7,ADL,Tennessee Titans,OFF,7,True,False
2024,7,ADL,Tennessee Titans,DEF,12,True,False
2024,7,ADL,Denver Broncos,OFF,7,True,False
2024,7,ADL,Denver Broncos,DEF,12,True,False
2024,7,ADL,Kansas City Chiefs,OFF,7,True,False
2024,7,ADL,Kansas City Chiefs,DEF,12,True,False
2024,7,ADL,Las Vegas Raiders,OFF,7,True,False
2024,7,ADL,Las Vegas Raiders,DEF,12,True,False
2024,7,ADL,Los Angeles Chargers,OFF,7,True,False
2024,7,ADL,Los Angeles Chargers,DEF,12,True,False
2024,8,ADL,Dallas Cowboys,OFF,7,True,False
2024,8,ADL,Dallas Cowboys,DEF,12,True,False
2024,8,ADL,New York Giants,OFF,7,True,False
2024,8,ADL,New York Giants,DEF,12,True,False
2024,8,ADL,Philadelphia Eagles,OFF,7,True,False
2024,8,ADL,Philadelphia Eagles,DEF,12,True,False
2024,8,ADL,Washington Commanders,OFF,7,True,False
2024,8,ADL,Washington Commanders,DEF,12,True,False
2024,8,ADL,Chicago Bears,OFF,7,True,False
2024,8,ADL,Chicago Bears,DEF,12,True,False
2024,8,ADL,Detroit Lions,OFF,7,True,False
2024,8,ADL,Detroit Lions,DEF,12,True,False
2024,8,ADL,Green Bay Packers,OFF,7,True,False
2024,8,ADL,Green Bay Packers,DEF,12,True,False
2024,8,ADL,Minnesota Vikings,OFF,7,True,False
2024,8,ADL,Minnesota Vikings,DEF,12,True,False
2024,8,ADL,Atlanta Falcons,OFF,7,True,False
2024,8,ADL,Atlanta Falcons,DEF,12,True,False
2024,8,ADL,Carolina Panthers,OFF,7,True,False
2024,8,ADL,Carolina Panthers,DEF,12,True,False
2024,8,ADL,New Orleans Saints,OFF,7,True,False
2024,8,ADL,New Orleans Saints,DEF,12,True,False
2024,8,ADL,Tampa Bay Buccaneers,OFF,7,True,False
2024,8,ADL,Tampa Bay Buccaneers,DEF,12,True,False
2024,8,ADL,Arizona Cardinals,OFF,7,True,False
2024,8,ADL,Arizona Cardinals,DEF,12,True,False
2024,8,ADL,Los Angeles Rams,OFF,7,True,False
2024,8,ADL,Los Angeles Rams,DEF,12,True,False
2024,8,ADL,San Francisco 49ers,OFF,7,True,False
2024,8,ADL,San Francisco 49ers,DEF,12,True,False
2024,8,ADL,Seattle Seahawks,OFF,7,True,False
2024,8,ADL,Seattle Seahawks,DEF,12,True,False
2024,8,ADL,Buffalo Bills,OFF,7,True,False
2024,8,ADL,Buffalo Bills,DEF,12,True,False
2024,8,ADL,Miami Dolphins,OFF,7,True,False
2024,8,ADL,Miami Dolphins,DEF,12,True,False
2024,8,ADL,New England Patriots,OFF,7,True,False
2024,8,ADL,New England Patriots,DEF,12,True,False
2024,8,ADL,New York Jets,OFF,7,True,False
2024,8,ADL,New York Jets,DEF,12,True,False
2024,8,ADL,Baltimore Ravens,OFF,7,True,False
2024,8,ADL,Baltimore Ravens,DEF,12,True,False
2024,8,ADL,Cincinnati Bengals,OFF,7,True,False
2024,8,ADL,Cincinnati Bengals,DEF,12,True,False
2024,8,ADL,Cleveland Browns,OFF,7,True,False
2024,8,ADL,Cleveland Browns,DEF,12,True,False
2024,8,ADL,Pittsburgh Steelers,OFF,7,True,False
2024,8,ADL,Pittsburgh Steelers,DEF,12,True,False
2024,8,ADL,Houston Texans,OFF,7,True,False
2024,8,ADL,Houston Texans,DEF,12,True,False
2024,8,ADL,Indianapolis Colts,OFF,7,True,False
2024,8,ADL,Indianapolis Colts,DEF,12,True,False
2024,8,ADL,Jacksonville Jaguars,OFF,7,True,False
2024,8,ADL,Jacksonville Jaguars,DEF,12,True,False
2024,8,ADL,Tennessee Titans,OFF,7,True,False
2024,8,ADL,Tennessee Titans,DEF,12,True,False
2024,8,ADL,Denver Broncos,OFF,7,True,False
2024,8,ADL,Denver Broncos,DEF,12,True,False
2024,8,ADL,Kansas City Chiefs,OFF,7,True,False
2024,8,ADL,Kansas City Chiefs,DEF,12,True,False
2024,8,ADL,Las Vegas Raiders,OFF,7,True,False
2024,8,ADL,Las Vegas Raiders,DEF,12,True,False
2024,8,ADL,Los Angeles Chargers,OFF,7,True,False
2024,8,ADL,Los Angeles Chargers,DEF,12,True,False
2024,9,ADL,Dallas Cowboys,OFF,7,True,False
2024,9,ADL,Dallas Cowboys,DEF,12,True,False
2024,9,ADL,New York Giants,OFF,7,True,False
2024,9,ADL,New York Giants,DEF,12,True,False
2024,9,ADL,Philadelphia Eagles,OFF,7,True,False
2024,9,ADL,Philadelphia Eagles,DEF,12,True,False
2024,9,ADL,Washington Commanders,OFF,7,True,False
2024,9,ADL,Washington Commanders,DEF,12,True,False
2024,9,ADL,Chicago Bears,OFF,7,True,False
2024,9,ADL,Chicago Bears,DEF,12,True,False
2024,9,ADL,Detroit Lions,OFF,7,True,False
2024,9,ADL,Detroit Lions,DEF,12,True,False
2024,9,ADL,Green Bay Packers,OFF,7,True,False
2024,9,ADL,Green Bay Packers,DEF,12,True,False
2024,9,ADL,Minnesota Vikings,OFF,7,True,False
2024,9,ADL,Minnesota Vikings,DEF,12,True,False
2024,9,ADL,Atlanta Falcons,OFF,7,True,False
2024,9,ADL,Atlanta Falcons,DEF,12,True,False
2024,9,ADL,Carolina Panthers,OFF,7,True,False
2024,9,ADL,Carolina Panthers,DEF,12,True,False
2024,9,ADL,New Orleans Saints,OFF,7,True,False
2024,9,ADL,New Orleans Saints,DEF,12,True,False
2024,9,ADL,Tampa Bay Buccaneers,OFF,7,True,False
2024,9,ADL,Tampa Bay Buccaneers,DEF,12,True,False
2024,9,ADL,Arizona Cardinals,OFF,7,True,False
2024,9,ADL,Arizona Cardinals,DEF,12,True,False
2024,9,ADL,Los Angeles Rams,OFF,7,True,False
2024,9,ADL,Los Angeles Rams,DEF,12,True,False
2024,9,ADL,San Francisco 49ers,OFF,7,True,False
2024,9,ADL,San Francisco 49ers,DEF,12,True,False
2024,9,ADL,Seattle Seahawks,OFF,7,True,False
2024,9,ADL,Seattle Seahawks,DEF,12,True,False
2024,9,ADL,Buffalo Bills,OFF,7,True,False
2024,9,ADL,Buffalo Bills,DEF,12,True,False
2024,9,ADL,Miami Dolphins,OFF,7,True,False
2024,9,ADL,Miami Dolphins,DEF,12,True,False
2024,9,ADL,New England Patriots,OFF,7,True,False
2024,9,ADL,New England Patriots,DEF,12,True,False
2024,9,ADL,New York Jets,OFF,7,True,False
2024,9,ADL,New York Jets,DEF,12,True,False
2024,9,ADL,Baltimore Ravens,OFF,7,True,False
2024,9,ADL,Baltimore Ravens,DEF,12,True,False
2024,9,ADL,Cincinnati Bengals,OFF,7,True,False
2024,9,ADL,Cincinnati Bengals,DEF,12,True,False
2024,9,ADL,Cleveland Browns,OFF,7,True,False
2024,9,ADL,Cleveland Browns,DEF,12,True,False
2024,9,ADL,Pittsburgh Steelers,OFF,7,True,False
2024,9,ADL,Pittsburgh Steelers,DEF,11,False,False
2024,9,ADL,Houston Texans,OFF,7,True,False
2024,9,ADL,Houston Texans,DEF,12,True,False
2024,9,ADL,Indianapolis Colts,OFF,7,True,False
2024,9,ADL,Indianapolis Colts,DEF,12,True,False
2024,9,ADL,Jacksonville Jaguars,OFF,7,True,False
2024,9,ADL,Jacksonville Jaguars,DEF,12,True,False
2024,9,ADL,Tennessee Titans,OFF,7,True,False
2024,9,ADL,Tennessee Titans,DEF,12,True,False
2024,9,ADL,Denver Broncos,OFF,7,True,False
2024,9,ADL,Denver Broncos,DEF,12,True,False
2024,9,ADL,Kansas City Chiefs,OFF,7,True,False
2024,9,ADL,Kansas City Chiefs,DEF,12,True,False
2024,9,ADL,Las Vegas Raiders,OFF,7,True,False
2024,9,ADL,Las Vegas Raiders,DEF,12,True,False
2024,9,ADL,Los Angeles Chargers,OFF,7,True,False
2024,9,ADL,Los Angeles Chargers,DEF,12,True,False
2024,10,ADL,Dallas Cowboys,OFF,7,True,False
2024,10,ADL,Dallas Cowboys,DEF,12,True,False
2024,10,ADL,New York Giants,OFF,7,True,False
2024,10,ADL,New York Giants,DEF,12,True,False
2024,10,ADL,Philadelphia Eagles,OFF,7,True,False
2024,10,ADL,Philadelphia Eagles,DEF,12,True,False
2024,10,ADL,Washington Commanders,OFF,7,True,False
2024,10,ADL,Washington Commanders,DEF,12,True,False
2024,10,ADL,Chicago Bears,OFF,7,True,False
2024,10,ADL,Chicago Bears,DEF,12,True,False
2024,10,ADL,Detroit Lions,OFF,7,True,False
2024,10,ADL,Detroit Lions,DEF,12,True,False
2024,10,ADL,Green Bay Packers,OFF,7,True,False
2024,10,ADL,Green Bay Packers,DEF,12,True,False
2024,10,ADL,Minnesota Vikings,OFF,7,True,False
2024,10,ADL,Minnesota Vikings,DEF,12,True,False
2024,10,ADL,Atlanta Falcons,OFF,7,True,False
2024,10,ADL,Atlanta Falcons,DEF,12,True,False
2024,10,ADL,Carolina Panthers,OFF,7,True,False
2024,10,ADL,Carolina Panthers,DEF,12,True,False
2024,10,ADL,New Orleans Saints,OFF,7,True,False
2024,10,ADL,New Orleans Saints,DEF,12,True,False
2024,10,ADL,Tampa Bay Buccaneers,OFF,7,True,False
2024,10,ADL,Tampa Bay Buccaneers,DEF,12,True,False
2024,10,ADL,Arizona Cardinals,OFF,7,True,False
2024,10,ADL,Arizona Cardinals,DEF,12,True,False
2024,10,ADL,Los Angeles Rams,OFF,7,True,False
2024,10,ADL,Los Angeles Rams,DEF,12,True,False
2024,10,ADL,San Francisco 49ers,OFF,7,True,False
2024,10,ADL,San Francisco 49ers,DEF,12,True,False
2024,10,ADL,Seattle Seahawks,OFF,7,True,False
2024,10,ADL,Seattle Seahawks,DEF,12,True,False
2024,10,ADL,Buffalo Bills,OFF,7,True,False
2024,10,ADL,Buffalo Bills,DEF,12,True,False
2024,10,ADL,Miami Dolphins,OFF,7,True,False
2024,10,ADL,Miami Dolphins,DEF,12,True,False
2024,10,ADL,New England Patriots,OFF,7,True,False
2024,10,ADL,New England Patriots,DEF,12,True,False
2024,10,ADL,New York Jets,OFF,7,True,False
2024,10,ADL,New York Jets,DEF,12,True,False
2024,10,ADL,Baltimore Ravens,OFF,7,True,False
2024,10,ADL,Baltimore Ravens,DEF,12,True,False
2024,10,ADL,Cincinnati Bengals,OFF,7,True,False
2024,10,ADL,Cincinnati Bengals,DEF,12,True,False
2024,10,ADL,Cleveland Browns,OFF,7,True,False
2024,10,ADL,Cleveland Browns,DEF,12,True,False
2024,10,ADL,Pittsburgh Steelers,OFF,7,True,False
2024,10,ADL,Pittsburgh Steelers,DEF,12,True,False
2024,10,ADL,Houston Texans,OFF,7,True,False
2024,10,ADL,Houston Texans,DEF,12,True,False
2024,10,ADL,Indianapolis Colts,OFF,7,True,False
2024,10,ADL,Indianapolis Colts,DEF,12,True,False
2024,10,ADL,Jacksonville Jaguars,OFF,7,True,False
2024,10,ADL,Jacksonville Jaguars,DEF,12,True,False
2024,10,ADL,Tennessee Titans,OFF,7,True,False
2024,10,ADL,Tennessee Titans,DEF,12,True,False
2024,10,ADL,Denver Broncos,OFF,7,True,False
2024,10,ADL,Denver Broncos,DEF,12,True,False
2024,10,ADL,Kansas City Chiefs,OFF,7,True,False
2024,10,ADL,Kansas City Chiefs,DEF,12,True,False
2024,10,ADL,Las Vegas Raiders,OFF,7,True,False
2024,10,ADL,Las Vegas Raiders,DEF,12,True,False
2024,10,ADL,Los Angeles Chargers,OFF,7,True,False
2024,10,ADL,Los Angeles Chargers,DEF,12,True,False
2024,11,ADL,Dallas Cowboys,OFF,7,True,False
2024,11,ADL,Dallas Cowboys,DEF,12,True,False
2024,11,ADL,New York Giants,OFF,7,True,False
2024,11,ADL,New York Giants,DEF,12,True,False
2024,11,ADL,Philadelphia Eagles,OFF,7,True,False
2024,11,ADL,Philadelphia Eagles,DEF,12,True,False
2024,11,ADL,Washington Commanders,OFF,7,True,False
2024,11,ADL,Washington Commanders,DEF,12,True,False
2024,11,ADL,Chicago Bears,OFF,7,True,False
2024,11,ADL,Chicago Bears,DEF,12,True,False
2024,11,ADL,Detroit Lions,OFF,7,True,False
2024,11,ADL,Detroit Lions,DEF,12,True,False
2024,11,ADL,Green Bay Packers,OFF,7,True,False
2024,11,ADL,Green Bay Packers,DEF,12,True,False
2024,11,ADL,Minnesota Vikings,OFF,7,True,False
2024,11,ADL,Minnesota Vikings,DEF,12,True,False
2024,11,ADL,Atlanta Falcons,OFF,7,True,False
2024,11,ADL,Atlanta Falcons,DEF,12,True,False
2024,11,ADL,Carolina Panthers,OFF,7,True,False
2024,11,ADL,Carolina Panthers,DEF,12,True,False
2024,11,ADL,New Orleans Saints,OFF,7,True,False
2024,11,ADL,New Orleans Saints,DEF,12,True,False
2024,11,ADL,Tampa Bay Buccaneers,OFF,7,True,False
2024,11,ADL,Tampa Bay Buccaneers,DEF,12,True,False
2024,11,ADL,Arizona Cardinals,OFF,7,True,False
2024,11,ADL,Arizona Cardinals,DEF,12,True,False
2024,11,ADL,Los Angeles Rams,OFF,7,True,False
2024,11,ADL,Los Angeles Rams,DEF,12,True,False
2024,11,ADL,San Francisco 49ers,OFF,7,True,False
2024,11,ADL,San Francisco 49ers,DEF,12,True,False
2024,11,ADL,Seattle Seahawks,OFF,7,True,False
2024,11,ADL,Seattle Seahawks,DEF,12,True,False
2024,11,ADL,Buffalo Bills,OFF,7,True,False
2024,11,ADL,Buffalo Bills,DEF,12,True,False
2024,11,ADL,Miami Dolphins,OFF,7,True,False
2024,11,ADL,Miami Dolphins,DEF,12,True,False
2024,11,ADL,New England Patriots,OFF,7,True,False
2024,11,ADL,New England Patriots,DEF,12,True,False
2024,11,ADL,New York Jets,OFF,7,True,False
2024,11,ADL,New York Jets,DEF,12,True,False
2024,11,ADL,Baltimore Ravens,OFF,7,True,False
2024,11,ADL,Baltimore Ravens,DEF,12,True,False
2024,11,ADL,Cincinnati Bengals,OFF,7,True,False
2024,11,ADL,Cincinnati Bengals,DEF,12,True,False
2024,11,ADL,Cleveland Browns,OFF,7,True,False
2024,11,ADL,Cleveland Browns,DEF,12,True,False
2024,11,ADL,Pittsburgh Steelers,OFF,7,True,False
2024,11,ADL,Pittsburgh Steelers,DEF,12,True,False
2024,11,ADL,Houston Texans,OFF,7,True,False
2024,11,ADL,Houston Texans,DEF,12,True,False
2024,11,ADL,Indianapolis Colts,OFF,7,True,False
2024,11,ADL,Indianapolis Colts,DEF,12,True,False
2024,11,ADL,Jacksonville Jaguars,OFF,7,True,False
2024,11,ADL,Jacksonville Jaguars,DEF,12,True,False
2024,11,ADL,Tennessee Titans,OFF,7,True,False
2024,11,ADL,Tennessee Titans,DEF,12,True,False
2024,11,ADL,Denver Broncos,OFF,7,True,False
2024,11,ADL,Denver Broncos,DEF,12,True,False
2024,11,ADL,Kansas City Chiefs,OFF,7,True,False
2024,11,ADL,Kansas City Chiefs,DEF,12,True,False
2024,11,ADL,Las Vegas Raiders,OFF,7,True,False
2024,11,ADL,Las Vegas Raiders,DEF,12,True,False
2024,11,ADL,Los Angeles Chargers,OFF,7,True,False
2024,11,ADL,Los Angeles Chargers,DEF,12,True,False
2024,12,ADL,Dallas Cowboys,OFF,7,True,False
2024,12,ADL,Dallas Cowboys,DEF,12,True,False
2024,12,ADL,New York Giants,OFF,7,True,False
2024,12,ADL,New York Giants,DEF,12,True,False
2024,12,ADL,Philadelphia Eagles,OFF,7,True,False
2024,12,ADL,Philadelphia Eagles,DEF,12,True,False
2024,12,ADL,Washington Commanders,OFF,7,True,False
2024,12,ADL,Washington Commanders,DEF,12,True,False
2024,12,ADL,Chicago Bears,OFF,7,True,False
2024,12,ADL,Chicago Bears,DEF,12,True,False
2024,12,ADL,Detroit Lions,OFF,7,True,False
2024,12,ADL,Detroit Lions,DEF,12,True,False
2024,12,ADL,Green Bay Packers,OFF,7,True,False
2024,12,ADL,Green Bay Packers,DEF,12,True,False
2024,12,ADL,Minnesota Vikings,OFF,7,True,False
2024,12,ADL,Minnesota Vikings,DEF,12,True,False
2024,12,ADL,Atlanta Falcons,OFF,7,True,False
2024,12,ADL,Atlanta Falcons,DEF,12,True,False
2024,12,ADL,Carolina Panthers,OFF,7,True,False
2024,12,ADL,Carolina Panthers,DEF,12,True,False
2024,12,ADL,New Orleans Saints,OFF,7,True,False
2024,12,ADL,New Orleans Saints,DEF,12,True,False
2024,12,ADL,Tampa Bay Buccaneers,OFF,7,True,False
2024,12,ADL,Tampa Bay Buccaneers,DEF,12,True,False
2024,12,ADL,Arizona Cardinals,OFF,7,True,False
2024,12,ADL,Arizona Cardinals,DEF,12,True,False
2024,12,ADL,Los Angeles Rams,OFF,7,True,False
2024,12,ADL,Los Angeles Rams,DEF,12,True,False
2024,12,ADL,San Francisco 49ers,OFF,7,True,False
2024,12,ADL,San Francisco 49ers,DEF,12,True,False
2024,12,ADL,Seattle Seahawks,OFF,7,True,False
2024,12,ADL,Seattle Seahawks,DEF,12,True,False
2024,12,ADL,Buffalo Bills,OFF,7,True,False
2024,12,ADL,Buffalo Bills,DEF,12,True,False
2024,12,ADL,Miami Dolphins,OFF,7,True,False
2024,12,ADL,Miami Dolphins,DEF,12,True,False
2024,12,ADL,New England Patriots,OFF,7,True,False
2024,12,ADL,New England Patriots,DEF,12,True,False
2024,12,ADL,New York Jets,OFF,7,True,False
2024,12,ADL,New York Jets,DEF,12,True,False
2024,12,ADL,Baltimore Ravens,OFF,7,True,False
2024,12,ADL,Baltimore Ravens,DEF,12,True,False
2024,12,ADL,Cincinnati Bengals,OFF,7,True,False
2024,12,ADL,Cincinnati Bengals,DEF,12,True,False
2024,12,ADL,Cleveland Browns,OFF,7,True,False
2024,12,ADL,Cleveland Browns,DEF,12,True,False
2024,12,ADL,Pittsburgh Steelers,OFF,7,True,False
2024,12,ADL,Pittsburgh Steelers,DEF,12,True,False
2024,12,ADL,Houston Texans,OFF,7,True,False
2024,12,ADL,Houston Texans,DEF,12,True,False
2024,12,ADL,Indianapolis Colts,OFF,7,True,False
2024,12,ADL,Indianapolis Colts,DEF,12,True,False
2024,12,ADL,Jacksonville Jaguars,OFF,7,True,False
2024,12,ADL,Jacksonville Jaguars,DEF,12,True,False
2024,12,ADL,Tennessee Titans,OFF,7,True,False
2024,12,ADL,Tennessee Titans,DEF,12,True,False
2024,12,ADL,Denver Broncos,OFF,7,True,False
2024,12,ADL,Denver Broncos,DEF,12,True,False
2024,12,ADL,Kansas City Chiefs,OFF,7,True,False
2024,12,ADL,Kansas City Chiefs,DEF,12,True,False
2024,12,ADL,Las Vegas Raiders,OFF,7,True,False
2024,12,ADL,Las Vegas Raiders,DEF,12,True,False
2024,12,ADL,Los Angeles Chargers,OFF,7,True,False
2024,12,ADL,Los Angeles Chargers,DEF,12,True,False
2024,13,ADL,Dallas Cowboys,OFF,7,True,False
2024,13,ADL,Dallas Cowboys,DEF,12,True,False
2024,13,ADL,New York Giants,OFF,7,True,False
2024,13,ADL,New York Giants,DEF,12,True,False
2024,13,ADL,Philadelphia Eagles,OFF,7,True,False
2024,13,ADL,Philadelphia Eagles,DEF,12,True,False
2024,13,ADL,Washington Commanders,OFF,7,True,False
2024,13,ADL,Washington Commanders,DEF,12,True,False
2024,13,ADL,Chicago Bears,OFF,7,True,False
2024,13,ADL,Chicago Bears,DEF,12,True,False
2024,13,ADL,Detroit Lions,OFF,7,True,False
2024,13,ADL,Detroit Lions,DEF,12,True,False
2024,13,ADL,Green Bay Packers,OFF,7,True,False
2024,13,ADL,Green Bay Packers,DEF,12,True,False
2024,13,ADL,Minnesota Vikings,OFF,7,True,False
2024,13,ADL,Minnesota Vikings,DEF,12,True,False
2024,13,ADL,Atlanta Falcons,OFF,7,True,False
2024,13,ADL,Atlanta Falcons,DEF,12,True,False
2024,13,ADL,Carolina Panthers,OFF,7,True,False
2024,13,ADL,Carolina Panthers,DEF,12,True,False
2024,13,ADL,New Orleans Saints,OFF,7,True,False
2024,13,ADL,New Orleans Saints,DEF,12,True,False
2024,13,ADL,Tampa Bay Buccaneers,OFF,7,True,False
2024,13,ADL,Tampa Bay Buccaneers,DEF,12,True,False
2024,13,ADL,Arizona Cardinals,OFF,7,True,False
2024,13,ADL,Arizona Cardinals,DEF,12,True,False
2024,13,ADL,Los Angeles Rams,OFF,7,True,False
2024,13,ADL,Los Angeles Rams,DEF,12,True,False
2024,13,ADL,San Francisco 49ers,OFF,7,True,False
2024,13,ADL,San Francisco 49ers,DEF,12,True,False
2024,13,ADL,Seattle Seahawks,OFF,7,True,False
2024,13,ADL,Seattle Seahawks,DEF,12,True,False
2024,13,ADL,Buffalo Bills,OFF,7,True,False
2024,13,ADL,Buffalo Bills,DEF,12,True,False
2024,13,ADL,Miami Dolphins,OFF,7,True,False
2024,13,ADL,Miami Dolphins,DEF,12,True,False
2024,13,ADL,New England Patriots,OFF,7,True,False
2024,13,ADL,New England Patriots,DEF,12,True,False
2024,13,ADL,New York Jets,OFF,7,True,False
2024,13,ADL,New York Jets,DEF,12,True,False
2024,13,ADL,Baltimore Ravens,OFF,7,True,False
2024,13,ADL,Baltimore Ravens,DEF,12,True,False
2024,13,ADL,Cincinnati Bengals,OFF,7,True,False
2024,13,ADL,Cincinnati Bengals,DEF,12,True,False
2024,13,ADL,Cleveland Browns,OFF,7,True,False
2024,13,ADL,Cleveland Browns,DEF,12,True,False
2024,13,ADL,Pittsburgh Steelers,OFF,7,True,False
2024,13,ADL,Pittsburgh Steelers,DEF,12,True,False
2024,13,ADL,Houston Texans,OFF,7,True,False
2024,13,ADL,Houston Texans,DEF,12,True,False
2024,13,ADL,Indianapolis Colts,OFF,7,True,False
2024,13,ADL,Indianapolis Colts,DEF,12,True,False
2024,13,ADL,Jacksonville Jaguars,OFF,7,True,False
2024,13,ADL,Jacksonville Jaguars,DEF,12,True,False
2024,13,ADL,Tennessee Titans,OFF,7,True,False
2024,13,ADL,Tennessee Titans,DEF,12,True,False
2024,13,ADL,Denver Broncos,OFF,7,True,False
2024,13,ADL,Denver Broncos,DEF,12,True,False
2024,13,ADL,Kansas City Chiefs,OFF,7,True,False
2024,13,ADL,Kansas City Chiefs,DEF,12,True,False
2024,13,ADL,Las Vegas Raiders,OFF,7,True,False
2024,13,ADL,Las Vegas Raiders,DEF,12,True,False
2024,13,ADL,Los Angeles Chargers,OFF,7,True,False
2024,13,ADL,Los Angeles Chargers,DEF,12,True,False
2024,14,ADL,Dallas Cowboys,OFF,7,True,False
2024,14,ADL,Dallas Cowboys,DEF,12,True,False
2024,14,ADL,New York Giants,OFF,7,True,False
2024,14,ADL,New York Giants,DEF,12,True,False
2024,14,ADL,Philadelphia Eagles,OFF,7,True,False
2024,14,ADL,Philadelphia Eagles,DEF,12,True,False
2024,14,ADL,Washington Commanders,OFF,7,True,False
2024,14,ADL,Washington Commanders,DEF,12,True,False
2024,14,ADL,Chicago Bears,OFF,7,True,False
2024,14,ADL,Chicago Bears,DEF,12,True,False
2024,14,ADL,Detroit Lions,OFF,7,True,False
2024,14,ADL,Detroit Lions,DEF,12,True,False
2024,14,ADL,Green Bay Packers,OFF,7,True,False
2024,14,ADL,Green Bay Packers,DEF,12,True,False
2024,14,ADL,Minnesota Vikings,OFF,7,True,False
2024,14,ADL,Minnesota Vikings,DEF,12,True,False
2024,14,ADL,Atlanta Falcons,OFF,7,True,False
2024,14,ADL,Atlanta Falcons,DEF,12,True,False
2024,14,ADL,Carolina Panthers,OFF,7,True,False
2024,14,ADL,Carolina Panthers,DEF,12,True,False
2024,14,ADL,New Orleans Saints,OFF,7,True,False
2024,14,ADL,New Orleans Saints,DEF,12,True,False
2024,14,ADL,Tampa Bay Buccaneers,OFF,7,True,False
2024,14,ADL,Tampa Bay Buccaneers,DEF,12,True,False
2024,14,ADL,Arizona Cardinals,OFF,7,True,False
2024,14,ADL,Arizona Cardinals,DEF,12,True,False
2024,14,ADL,Los Angeles Rams,OFF,7,True,False
2024,14,ADL,Los Angeles Rams,DEF,12,True,False
2024,14,ADL,San Francisco 49ers,OFF,7,True,False
2024,14,ADL,San Francisco 49ers,DEF,12,True,False
2024,14,ADL,Seattle Seahawks,OFF,7,True,False
2024,14,ADL,Seattle Seahawks,DEF,12,True,False
2024,14,ADL,Buffalo Bills,OFF,7,True,False
2024,14,ADL,Buffalo Bills,DEF,12,True,False
2024,14,ADL,Miami Dolphins,OFF,7,True,False
2024,14,ADL,Miami Dolphins,DEF,12,True,False
2024,14,ADL,New England Patriots,OFF,7,True,False
2024,14,ADL,New England Patriots,DEF,12,True,False
2024,14,ADL,New York Jets,OFF,7,True,False
2024,14,ADL,New York Jets,DEF,12,True,False
2024,14,ADL,Baltimore Ravens,OFF,7,True,False
2024,14,ADL,Baltimore Ravens,DEF,12,True,False
2024,14,ADL,Cincinnati Bengals,OFF,7,True,False
2024,14,ADL,Cincinnati Bengals,DEF,12,True,False
2024,14,ADL,Cleveland Browns,OFF,7,True,False
2024,14,ADL,Cleveland Browns,DEF,12,True,False
2024,14,ADL,Pittsburgh Steelers,OFF,7,True,False
2024,14,ADL,Pittsburgh Steelers,DEF,12,True,False
2024,14,ADL,Houston Texans,OFF,7,True,False
2024,14,ADL,Houston Texans,DEF,12,True,False
2024,14,ADL,Indianapolis Colts,OFF,7,True,False
2024,14,ADL,Indianapolis Colts,DEF,11,False,False
2024,14,ADL,Jacksonville Jaguars,OFF,7,True,False
2024,14,ADL,Jacksonville Jaguars,DEF,12,True,False
2024,14,ADL,Tennessee Titans,OFF,7,True,False
2024,14,ADL,Tennessee Titans,DEF,12,True,False
2024,14,ADL,Denver Broncos,OFF,7,True,False
2024,14,ADL,Denver Broncos,DEF,12,True,False
2024,14,ADL,Kansas City Chiefs,OFF,7,True,False
2024,14,ADL,Kansas City Chiefs,DEF,12,True,False
2024,14,ADL,Las Vegas Raiders,OFF,7,True,False
2024,14,ADL,Las Vegas Raiders,DEF,12,True,False
2024,14,ADL,Los Angeles Chargers,OFF,7,True,False
2024,14,ADL,Los Angeles Chargers,DEF,12,True,False
2024,15,ADL,Dallas Cowboys,OFF,6,False,False
2024,15,ADL,Dallas Cowboys,DEF,12,True,False
2024,15,ADL,New York Giants,OFF,7,True,False
2024,15,ADL,New York Giants,DEF,12,True,False
2024,15,ADL,Philadelphia Eagles,OFF,7,True,False
2024,15,ADL,Philadelphia Eagles,DEF,12,True,False
2024,15,ADL,Washington Commanders,OFF,7,True,False
2024,15,ADL,Washington Commanders,DEF,12,True,False
2024,15,ADL,Chicago Bears,OFF,7,True,False
2024,15,ADL,Chicago Bears,DEF,12,True,False
2024,15,ADL,Detroit Lions,OFF,7,True,False
2024,15,ADL,Detroit Lions,DEF,12,True,False
2024,15,ADL,Green Bay Packers,OFF,7,True,False
2024,15,ADL,Green Bay Packers,DEF,12,True,False
2024,15,ADL,Minnesota Vikings,OFF,7,True,False
2024,15,ADL,Minnesota Vikings,DEF,12,True,False
2024,15,ADL,Atlanta Falcons,OFF,7,True,False
2024,15,ADL,Atlanta Falcons,DEF,12,True,False
2024,15,ADL,Carolina Panthers,OFF,7,True,False
2024,15,ADL,Carolina Panthers,DEF,12,True,False
2024,15,ADL,New Orleans Saints,OFF,7,True,False
2024,15,ADL,New Orleans Saints,DEF,12,True,False
2024,15,ADL,Tampa Bay Buccaneers,OFF,7,True,False
2024,15,ADL,Tampa Bay Buccaneers,DEF,12,True,False
2024,15,ADL,Arizona Cardinals,OFF,7,True,False
2024,15,ADL,Arizona Cardinals,DEF,12,True,False
2024,15,ADL,Los Angeles Rams,OFF,7,True,False
2024,15,ADL,Los Angeles Rams,DEF,12,True,False
2024,15,ADL,San Francisco 49ers,OFF,7,True,False
2024,15,ADL,San Francisco 49ers,DEF,12,True,False
2024,15,ADL,Seattle Seahawks,OFF,7,True,False
2024,15,ADL,Seattle Seahawks,DEF,12,True,False
2024,15,ADL,Buffalo Bills,OFF,7,True,False
2024,15,ADL,Buffalo Bills,DEF,12,True,False
2024,15,ADL,Miami Dolphins,OFF,7,True,False
2024,15,ADL,Miami Dolphins,DEF,12,True,False
2024,15,ADL,New England Patriots,OFF,7,True,False
2024,15,ADL,New England Patriots,DEF,12,True,False
2024,15,ADL,New York Jets,OFF,7,True,False
2024,15,ADL,New York Jets,DEF,12,True,False
2024,15,ADL,Baltimore Ravens,OFF,7,True,False
2024,15,ADL,Baltimore Ravens,DEF,12,True,False
2024,15,ADL,Cincinnati Bengals,OFF,7,True,False
2024,15,ADL,Cincinnati Bengals,DEF,12,True,False
2024,15,ADL,Cleveland Browns,OFF,7,True,False
2024,15,ADL,Cleveland Browns,DEF,12,True,False
2024,15,ADL,Pittsburgh Steelers,OFF,7,True,False
2024,15,ADL,Pittsburgh Steelers,DEF,12,True,False
2024,15,ADL,Houston Texans,OFF,7,True,False
2024,15,ADL,Houston Texans,DEF,12,True,False
2024,15,ADL,Indianapolis Colts,OFF,7,True,False
2024,15,ADL,Indianapolis Colts,DEF,12,True,False
2024,15,ADL,Jacksonville Jaguars,OFF,7,True,False
2024,15,ADL,Jacksonville Jaguars,DEF,12,True,False
2024,15,ADL,Tennessee Titans,OFF,7,True,False
2024,15,ADL,Tennessee Titans,DEF,12,True,False
2024,15,ADL,Denver Broncos,OFF,7,True,False
2024,15,ADL,Denver Broncos,DEF,12,True,False
2024,15,ADL,Kansas City Chiefs,OFF,7,True,False
2024,15,ADL,Kansas City Chiefs,DEF,12,True,False
2024,15,ADL,Las Vegas Raiders,OFF,7,True,False
2024,15,ADL,Las Vegas Raiders,DEF,12,True,False
2024,15,ADL,Los Angeles Chargers,OFF,7,True,False
2024,15,ADL,Los Angeles Chargers,DEF,12,True,False
2024,16,ADL,Dallas Cowboys,OFF,7,True,False
2024,16,ADL,Dallas Cowboys,DEF,12,True,False
2024,16,ADL,New York Giants,OFF,7,True,False
2024,16,ADL,New York Giants,DEF,12,True,False
2024,16,ADL,Philadelphia Eagles,OFF,7,True,False
2024,16,ADL,Philadelphia Eagles,DEF,12,True,False
2024,16,ADL,Washington Commanders,OFF,7,True,False
2024,16,ADL,Washington Commanders,DEF,12,True,False
2024,16,ADL,Chicago Bears,OFF,7,True,False
2024,16,ADL,Chicago Bears,DEF,12,True,False
2024,16,ADL,Detroit Lions,OFF,7,True,False
2024,16,ADL,Detroit Lions,DEF,12,True,False
2024,16,ADL,Green Bay Packers,OFF,7,True,False
2024,16,ADL,Green Bay Packers,DEF,12,True,False
2024,16,ADL,Minnesota Vikings,OFF,7,True,False
2024,16,ADL,Minnesota Vikings,DEF,12,True,False
2024,16,ADL,Atlanta Falcons,OFF,7,True,False
2024,16,ADL,Atlanta Falcons,DEF,12,True,False
2024,16,ADL,Carolina Panthers,OFF,7,True,False
2024,16,ADL,Carolina Panthers,DEF,12,True,False
2024,16,ADL,New Orleans Saints,OFF,7,True,False
2024,16,ADL,New Orleans Saints,DEF,11,False,False
2024,16,ADL,Tampa Bay Buccaneers,OFF,7,True,False
2024,16,ADL,Tampa Bay Buccaneers,DEF,12,True,False
2024,16,ADL,Arizona Cardinals,OFF,7,True,False
2024,16,ADL,Arizona Cardinals,DEF,12,True,False
2024,16,ADL,Los Angeles Rams,OFF,7,True,False
2024,16,ADL,Los Angeles Rams,DEF,12,True,False
2024,16,ADL,San Francisco 49ers,OFF,7,True,False
2024,16,ADL,San Francisco 49ers,DEF,12,True,False
2024,16,ADL,Seattle Seahawks,OFF,7,True,False
2024,16,ADL,Seattle Seahawks,DEF,12,True,False
2024,16,ADL,Buffalo Bills,OFF,7,True,False
2024,16,ADL,Buffalo Bills,DEF,12,True,False
2024,16,ADL,Miami Dolphins,OFF,7,True,False
2024,16,ADL,Miami Dolphins,DEF,12,True,False
2024,16,ADL,New England Patriots,OFF,7,True,False
2024,16,ADL,New England Patriots,DEF,12,True,False
2024,16,ADL,New York Jets,OFF,7,True,False
2024,16,ADL,New York Jets,DEF,12,True,False
2024,16,ADL,Baltimore Ravens,OFF,7,True,False
2024,16,ADL,Baltimore Ravens,DEF,12,True,False
2024,16,ADL,Cincinnati Bengals,OFF,7,True,False
2024,16,ADL,Cincinnati Bengals,DEF,12,True,False
2024,16,ADL,Cleveland Browns,OFF,7,True,False
2024,16,ADL,Cleveland Browns,DEF,12,True,False
2024,16,ADL,Pittsburgh Steelers,OFF,7,True,False
2024,16,ADL,Pittsburgh Steelers,DEF,12,True,False
2024,16,ADL,Houston Texans,OFF,7,True,False
2024,16,ADL,Houston Texans,DEF,12,True,False
2024,16,ADL,Indianapolis Colts,OFF,7,True,False
2024,16,ADL,Indianapolis Colts,DEF,12,True,False
2024,16,ADL,Jacksonville Jaguars,OFF,7,True,False
2024,16,ADL,Jacksonville Jaguars,DEF,12,True,False
2024,16,ADL,Tennessee Titans,OFF,7,True,False
2024,16,ADL,Tennessee Titans,DEF,12,True,False
2024,16,ADL,Denver Broncos,OFF,7,True,False
2024,16,ADL,Denver Broncos,DEF,12,True,False
2024,16,ADL,Kansas City Chiefs,OFF,7,True,False
2024,16,ADL,Kansas City Chiefs,DEF,12,True,False
2024,16,ADL,Las Vegas Raiders,OFF,7,True,False
2024,16,ADL,Las Vegas Raiders,DEF,12,True,False
2024,16,ADL,Los Angeles Chargers,OFF,7,True,False
2024,16,ADL,Los Angeles Chargers,DEF,12,True,False
2024,17,ADL,Dallas Cowboys,OFF,7,True,False
2024,17,ADL,Dallas Cowboys,DEF,12,True,False
2024,17,ADL,New York Giants,OFF,7,True,False
2024,17,ADL,New York Giants,DEF,12,True,False
2024,17,ADL,Philadelphia Eagles,OFF,7,True,False
2024,17,ADL,Philadelphia Eagles,DEF,12,True,False
2024,17,ADL,Washington Commanders,OFF,7,True,False
2024,17,ADL,Washington Commanders,DEF,12,True,False
2024,17,ADL,Chicago Bears,OFF,7,True,False
2024,17,ADL,Chicago Bears,DEF,12,True,False
2024,17,ADL,Detroit Lions,OFF,7,True,False
2024,17,ADL,Detroit Lions,DEF,12,True,False
2024,17,ADL,Green Bay Packers,OFF,7,True,False
2024,17,ADL,Green Bay Packers,DEF,12,True,False
2024,17,ADL,Minnesota Vikings,OFF,7,True,False
2024,17,ADL,Minnesota Vikings,DEF,12,True,False
2024,17,ADL,Atlanta Falcons,OFF,7,True,False
2024,17,ADL,Atlanta Falcons,DEF,11,False,False
2024,17,ADL,Carolina Panthers,OFF,7,True,False
2024,17,ADL,Carolina Panthers,DEF,12,True,False
2024,17,ADL,New Orleans Saints,OFF,7,True,False
2024,17,ADL,New Orleans Saints,DEF,11,False,False
2024,17,ADL,Tampa Bay Buccaneers,OFF,7,True,False
2024,17,ADL,Tampa Bay Buccaneers,DEF,12,True,False
2024,17,ADL,Arizona Cardinals,OFF,7,True,False
2024,17,ADL,Arizona Cardinals,DEF,12,True,False
2024,17,ADL,Los Angeles Rams,OFF,7,True,False
2024,17,ADL,Los Angeles Rams,DEF,12,True,False
2024,17,ADL,San Francisco 49ers,OFF,7,True,False
2024,17,ADL,San Francisco 49ers,DEF,12,True,False
2024,17,ADL,Seattle Seahawks,OFF,7,True,False
2024,17,ADL,Seattle Seahawks,DEF,12,True,False
2024,17,ADL,Buffalo Bills,OFF,7,True,False
2024,17,ADL,Buffalo Bills,DEF,12,True,False
2024,17,ADL,Miami Dolphins,OFF,7,True,False
2024,17,ADL,Miami Dolphins,DEF,12,True,False
2024,17,ADL,New England Patriots,OFF,7,True,False
2024,17,ADL,New England Patriots,DEF,12,True,False
2024,17,ADL,New York Jets,OFF,7,True,False
2024,17,ADL,New York Jets,DEF,12,True,False
2024,17,ADL,Baltimore Ravens,OFF,7,True,False
2024,17,ADL,Baltimore Ravens,DEF,12,True,False
2024,17,ADL,Cincinnati Bengals,OFF,7,True,False
2024,17,ADL,Cincinnati Bengals,DEF,12,True,False
2024,17,ADL,Cleveland Browns,OFF,7,True,False
2024,17,ADL,Cleveland Browns,DEF,12,True,False
2024,17,ADL,Pittsburgh Steelers,OFF,7,True,False
2024,17,ADL,Pittsburgh Steelers,DEF,12,True,False
2024,17,ADL,Houston Texans,OFF,7,True,False
2024,17,ADL,Houston Texans,DEF,12,True,False
2024,17,ADL,Indianapolis Colts,OFF,7,True,False
2024,17,ADL,Indianapolis Colts,DEF,12,True,False
2024,17,ADL,Jacksonville Jaguars,OFF,7,True,False
2024,17,ADL,Jacksonville Jaguars,DEF,12,True,False
2024,17,ADL,Tennessee Titans,OFF,7,True,False
2024,17,ADL,Tennessee Titans,DEF,12,True,False
2024,17,ADL,Denver Broncos,OFF,7,True,False
2024,17,ADL,Denver Broncos,DEF,12,True,False
2024,17,ADL,Kansas City Chiefs,OFF,7,True,False
2024,17,ADL,Kansas City Chiefs,DEF,12,True,False
2024,17,ADL,Las Vegas Raiders,OFF,7,True,False
2024,17,ADL,Las Vegas Raiders,DEF,12,True,False
2024,17,ADL,Los Angeles Chargers,OFF,7,True,False
2024,17,ADL,Los Angeles Chargers,DEF,12,True,False
2025,1,NFL,NO,OFF,7,True,False
2025,1,NFL,NO,DEF,12,True,False
2025,1,NFL,ARI,OFF,7,True,False
2025,1,NFL,ARI,DEF,12,True,False
2025,1,NFL,BUF,OFF,7,True,False
2025,1,NFL,BUF,DEF,12,True,False
2025,1,NFL,BAL,OFF,7,True,False
2025,1,NFL,BAL,DEF,12,True,False
2025,1,NFL,JAX,OFF,7,True,False
2025,1,NFL,JAX,DEF,12,True,False
2025,1,NFL,CAR,OFF,7,True,False
2025,1,NFL,CAR,DEF,12,True,False
2025,1,NFL,CLE,OFF,7,True,False
2025,1,NFL,CLE,DEF,12,True,False
2025,1,NFL,CIN,OFF,7,True,False
2025,1,NFL,CIN,DEF,12,True,False
2025,1,NFL,PHI,OFF,7,True,False
2025,1,NFL,PHI,DEF,12,True,False
2025,1,NFL,DAL,OFF,7,True,False
2025,1,NFL,DAL,DEF,12,True,True
2025,1,NFL,GB,OFF,7,True,False
2025,1,NFL,GB,DEF,12,True,False
2025,1,NFL,DET,OFF,7,True,False
2025,1,NFL,DET,DEF,12,True,False
2025,1,NFL,LA,OFF,7,True,False
2025,1,NFL,LA,DEF,12,True,False
2025,1,NFL,HOU,OFF,7,True,False
2025,1,NFL,HOU,DEF,12,True,False
2025,1,NFL,LAC,OFF,7,True,False
2025,1,NFL,LAC,DEF,12,True,False
2025,1,NFL,KC,OFF,7,True,False
2025,1,NFL,KC,DEF,12,True,False
2025,1,NFL,NE,OFF,7,True,False
2025,1,NFL,NE,DEF,12,True,False
2025,1,NFL,LV,OFF,7,True,False
2025,1,NFL,LV,DEF,12,True,False
2025,1,NFL,IND,OFF,7,True,False
2025,1,NFL,IND,DEF,12,True,True
2025,1,NFL,MIA,OFF,7,True,False
2025,1,NFL,MIA,DEF,12,True,True
2025,1,NFL,CHI,OFF,7,True,False
2025,1,NFL,CHI,DEF,12,True,False
2025,1,NFL,MIN,OFF,7,True,False
2025,1,NFL,MIN,DEF,12,True,False
2025,1,NFL,WAS,OFF,7,True,False
2025,1,NFL,WAS,DEF,12,True,True
2025,1,NFL,NYG,OFF,7,True,False
2025,1,NFL,NYG,DEF,12,True,False
2025,1,NFL,NYJ,OFF,7,True,False
2025,1,NFL,NYJ,DEF,12,True,False
2025,1,NFL,PIT,OFF,7,True,False
2025,1,NFL,PIT,DEF,12,True,False
2025,1,NFL,SEA,OFF,7,True,False
2025,1,NFL,SEA,DEF,12,True,True
2025,1,NFL,SF,OFF,7,True,False
2025,1,NFL,SF,DEF,12,True,False
2025,1,NFL,ATL,OFF,7,True,False
2025,1,NFL,ATL,DEF,12,True,False
2025,1,NFL,TB,OFF,7,True,False
2025,1,NFL,TB,DEF,12,True,False
2025,1,NFL,DEN,OFF,7,True,True
2025,1,NFL,DEN,DEF,12,True,False
2025,1,NFL,TEN,OFF,7,True,False
2025,1,NFL,TEN,DEF,12,True,False
2025,2,NFL,MIN,OFF,7,True,False
2025,2,NFL,MIN,DEF,12,True,False
2025,2,NFL,ATL,OFF,7,True,False
2025,2,NFL,ATL,DEF,12,True,False
2025,2,NFL,NYJ,OFF,7,True,False
2025,2,NFL,NYJ,DEF,12,True,False
2025,2,NFL,BUF,OFF,7,True,True
2025,2,NFL,BUF,DEF,12,True,True
2025,2,NFL,ARI,OFF,7,True,False
2025,2,NFL,ARI,DEF,12,True,False
2025,2,NFL,CAR,OFF,7,True,False
2025,2,NFL,CAR,DEF,12,True,False
2025,2,NFL,DET,OFF,7,True,False
2025,2,NFL,DET,DEF,12,True,False
2025,2,NFL,CHI,OFF,7,True,False
2025,2,NFL,CHI,DEF,12,True,False
2025,2,NFL,BAL,OFF,7,True,False
2025,2,NFL,BAL,DEF,12,True,False
2025,2,NFL,CLE,OFF,7,True,False
2025,2,NFL,CLE,DEF,12,True,False
2025,2,NFL,IND,OFF,7,True,False
2025,2,NFL,IND,DEF,12,True,False
2025,2,NFL,DEN,OFF,7,True,False
2025,2,NFL,DEN,DEF,12,True,True
2025,2,NFL,CIN,OFF,7,True,False
2025,2,NFL,CIN,DEF,12,True,True
2025,2,NFL,JAX,OFF,7,True,False
2025,2,NFL,JAX,DEF,12,True,False
2025,2,NFL,LV,OFF,7,True,False
2025,2,NFL,LV,DEF,12,True,False
2025,2,NFL,LAC,OFF,7,True,False
2025,2,NFL,LAC,DEF,12,True,True
2025,2,NFL,TEN,OFF,7,True,False
2025,2,NFL,TEN,DEF,12,True,False
2025,2,NFL,LA,OFF,7,True,False
2025,2,NFL,LA,DEF,12,True,False
2025,2,NFL,MIA,OFF,7,True,False
2025,2,NFL,MIA,DEF,12,True,False
2025,2,NFL,NE,OFF,7,True,False
2025,2,NFL,NE,DEF,12,True,False
2025,2,NFL,DAL,OFF,7,True,False
2025,2,NFL,DAL,DEF,12,True,False
2025,2,NFL,NYG,OFF,7,True,False
2025,2,NFL,NYG,DEF,12,True,False
2025,2,NFL,KC,OFF,7,True,False
2025,2,NFL,KC,DEF,12,True,True
2025,2,NFL,PHI,OFF,7,True,False
2025,2,NFL,PHI,DEF,12,True,False
2025,2,NFL,PIT,OFF,7,True,False
2025,2,NFL,PIT,DEF,12,True,False
2025,2,NFL,SEA,OFF,7,True,True
2025,2,NFL,SEA,DEF,12,True,True
2025,2,NFL,NO,OFF,7,True,False
2025,2,NFL,NO,DEF,12,True,False
2025,2,NFL,SF,OFF,7,True,False
2025,2,NFL,SF,DEF,12,True,True
2025,2,NFL,HOU,OFF,7,True,True
2025,2,NFL,HOU,DEF,12,True,False
2025,2,NFL,TB,OFF,7,True,False
2025,2,NFL,TB,DEF,12,True,False
2025,2,NFL,GB,OFF,7,True,False
2025,2,NFL,GB,DEF,12,True,False
2025,2,NFL,WAS,OFF,7,True,False
2025,2,NFL,WAS,DEF,12,True,True
2025,3,NFL,SF,OFF,7,True,False
2025,3,NFL,SF,DEF,12,True,True
2025,3,NFL,ARI,OFF,7,True,False
2025,3,NFL,ARI,DEF,12,True,False
2025,3,NFL,CAR,OFF,7,True,False
2025,3,NFL,CAR,DEF,12,True,False
2025,3,NFL,ATL,OFF,7,True,False
2025,3,NFL,ATL,DEF,12,True,True
2025,3,NFL,MIN,OFF,7,True,False
2025,3,NFL,MIN,DEF,12,True,True
2025,3,NFL,CIN,OFF,7,True,False
2025,3,NFL,CIN,DEF,12,True,True
2025,3,NFL,CHI,OFF,7,True,False
2025,3,NFL,CHI,DEF,12,True,False
2025,3,NFL,DAL,OFF,7,True,True
2025,3,NFL,DAL,DEF,12,True,False
2025,3,NFL,LAC,OFF,7,True,False
2025,3,NFL,LAC,DEF,12,True,False
2025,3,NFL,DEN,OFF,7,True,False
2025,3,NFL,DEN,DEF,12,True,False
2025,3,NFL,BAL,OFF,7,True,False
2025,3,NFL,BAL,DEF,12,True,False
2025,3,NFL,DET,OFF,7,True,False
2025,3,NFL,DET,DEF,12,True,False
2025,3,NFL,CLE,OFF,7,True,False
2025,3,NFL,CLE,DEF,12,True,False
2025,3,NFL,GB,OFF,7,True,False
2025,3,NFL,GB,DEF,12,True,False
2025,3,NFL,JAX,OFF,7,True,False
2025,3,NFL,JAX,DEF,12,True,False
2025,3,NFL,HOU,OFF,7,True,False
2025,3,NFL,HOU,DEF,12,True,False
2025,3,NFL,TEN,OFF,7,True,False
2025,3,NFL,TEN,DEF,12,True,False
2025,3,NFL,IND,OFF,7,True,False
2025,3,NFL,IND,DEF,12,True,False
2025,3,NFL,NYG,OFF,7,True,True
2025,3,NFL,NYG,DEF,12,True,False
2025,3,NFL,KC,OFF,7,True,False
2025,3,NFL,KC,DEF,12,True,False
2025,3,NFL,PHI,OFF,7,True,False
2025,3,NFL,PHI,DEF,12,True,False
2025,3,NFL,LA,OFF,7,True,True
2025,3,NFL,LA,DEF,12,True,False
2025,3,NFL,WAS,OFF,7,True,False
2025,3,NFL,WAS,DEF,12,True,False
2025,3,NFL,LV,OFF,7,True,True
2025,3,NFL,LV,DEF,12,True,False
2025,3,NFL,BUF,OFF,7,True,True
2025,3,NFL,BUF,DEF,12,True,False
2025,3,NFL,MIA,OFF,7,True,False
2025,3,NFL,MIA,DEF,12,True,False
2025,3,NFL,SEA,OFF,7,True,False
2025,3,NFL,SEA,DEF,12,True,False
2025,3,NFL,NO,OFF,7,True,False
2025,3,NFL,NO,DEF,12,True,False
2025,3,NFL,TB,OFF,7,True,False
2025,3,NFL,TB,DEF,12,True,False
2025,3,NFL,NYJ,OFF,7,True,False
2025,3,NFL,NYJ,DEF,12,True,False
2025,3,NFL,NE,OFF,7,True,False
2025,3,NFL,NE,DEF,12,True,False
2025,3,NFL,PIT,OFF,7,True,False
2025,3,NFL,PIT,DEF,12,True,True
2025,4,NFL,KC,OFF,7,True,False
2025,4,NFL,KC,DEF,12,True,False
2025,4,NFL,BAL,OFF,7,True,False
2025,4,NFL,BAL,DEF,12,True,False
2025,4,NFL,NE,OFF,7,True,False
2025,4,NFL,NE,DEF,12,True,False
2025,4,NFL,CAR,OFF,7,True,False
2025,4,NFL,CAR,DEF,12,True,False
2025,4,NFL,LV,OFF,7,True,False
2025,4,NFL,LV,DEF,12,True,False
2025,4,NFL,CHI,OFF,7,True,False
2025,4,NFL,CHI,DEF,12,True,False
2025,4,NFL,DEN,OFF,7,True,False
2025,4,NFL,DEN,DEF,12,True,False
2025,4,NFL,CIN,OFF,7,True,False
2025,4,NFL,CIN,DEF,12,True,False
2025,4,NFL,DET,OFF,7,True,False
2025,4,NFL,DET,DEF,12,True,False
2025,4,NFL,CLE,OFF,7,True,False
2025,4,NFL,CLE,DEF,12,True,False
2025,4,NFL,DAL,OFF,7,True,False
2025,4,NFL,DAL,DEF,12,True,False
2025,4,NFL,GB,OFF,7,True,True
2025,4,NFL,GB,DEF,12,True,False
2025,4,NFL,LA,OFF,7,True,True
2025,4,NFL,LA,DEF,12,True,False
2025,4,NFL,IND,OFF,7,True,False
2025,4,NFL,IND,DEF,12,True,False
2025,4,NFL,SF,OFF,7,True,False
2025,4,NFL,SF,DEF,12,True,False
2025,4,NFL,JAX,OFF,7,True,False
2025,4,NFL,JAX,DEF,12,True,False
2025,4,NFL,NYG,OFF,7,True,False
2025,4,NFL,NYG,DEF,12,True,False
2025,4,NFL,LAC,OFF,7,True,True
2025,4,NFL,LAC,DEF,12,True,False
2025,4,NFL,PIT,OFF,7,True,False
2025,4,NFL,PIT,DEF,12,True,False
2025,4,NFL,MIN,OFF,7,True,False
2025,4,NFL,MIN,DEF,12,True,False
2025,4,NFL,BUF,OFF,7,True,False
2025,4,NFL,BUF,DEF,12,True,False
2025,4,NFL,NO,OFF,7,True,False
2025,4,NFL,NO,DEF,12,True,False
2025,4,NFL,MIA,OFF,7,True,False
2025,4,NFL,MIA,DEF,12,True,False
2025,4,NFL,NYJ,OFF,7,True,False
2025,4,NFL,NYJ,DEF,12,True,False
2025,4,NFL,TB,OFF,7,True,False
2025,4,NFL,TB,DEF,12,True,False
2025,4,NFL,PHI,OFF,7,True,False
2025,4,NFL,PHI,DEF,12,True,False
2025,4,NFL,ARI,OFF,7,True,False
2025,4,NFL,ARI,DEF,12,True,False
2025,4,NFL,SEA,OFF,7,True,False
2025,4,NFL,SEA,DEF,12,True,False
2025,4,NFL,HOU,OFF,7,True,False
2025,4,NFL,HOU,DEF,12,True,False
2025,4,NFL,TEN,OFF,7,True,True
2025,4,NFL,TEN,DEF,12,True,False
2025,4,NFL,ATL,OFF,7,True,False
2025,4,NFL,ATL,DEF,12,True,False
2025,4,NFL,WAS,OFF,7,True,False
2025,4,NFL,WAS,DEF,12,True,False
2025,5,NFL,NYJ,OFF,7,True,False
2025,5,NFL,NYJ,DEF,12,True,False
2025,5,NFL,DAL,OFF,7,True,False
2025,5,NFL,DAL,DEF,12,True,True
2025,5,NFL,PHI,OFF,7,True,False
2025,5,NFL,PHI,DEF,12,True,True
2025,5,NFL,DEN,OFF,7,True,False
2025,5,NFL,DEN,DEF,12,True,False
2025,5,NFL,CIN,OFF,7,True,False
2025,5,NFL,CIN,DEF,12,True,False
2025,5,NFL,DET,OFF,7,True,False
2025,5,NFL,DET,DEF,12,True,False
2025,5,NFL,BAL,OFF,7,True,False
2025,5,NFL,BAL,DEF,12,True,False
2025,5,NFL,HOU,OFF,7,True,False
2025,5,NFL,HOU,DEF,12,True,False
2025,5,NFL,JAX,OFF,7,True,False
2025,5,NFL,JAX,DEF,12,True,False
2025,5,NFL,KC,OFF,7,True,False
2025,5,NFL,KC,DEF,12,True,False
2025,5,NFL,IND,OFF,7,True,False
2025,5,NFL,IND,DEF,12,True,True
2025,5,NFL,LV,OFF,7,True,True
2025,5,NFL,LV,DEF,12,True,False
2025,5,NFL,CAR,OFF,7,True,False
2025,5,NFL,CAR,DEF,12,True,False
2025,5,NFL,MIA,OFF,7,True,False
2025,5,NFL,MIA,DEF,12,True,False
2025,5,NFL,CLE,OFF,7,True,False
2025,5,NFL,CLE,DEF,12,True,False
2025,5,NFL,MIN,OFF,7,True,False
2025,5,NFL,MIN,DEF,12,True,False
2025,5,NFL,BUF,OFF,7,True,False
2025,5,NFL,BUF,DEF,12,True,False
2025,5,NFL,NE,OFF,7,True,True
2025,5,NFL,NE,DEF,12,True,False
2025,5,NFL,NO,OFF,7,True,False
2025,5,NFL,NO,DEF,12,True,True
2025,5,NFL,NYG,OFF,7,True,False
2025,5,NFL,NYG,DEF,12,True,False
2025,5,NFL,LA,OFF,7,True,False
2025,5,NFL,LA,DEF,12,True,False
2025,5,NFL,SF,OFF,7,True,False
2025,5,NFL,SF,DEF,12,True,False
2025,5,NFL,SEA,OFF,7,True,False
2025,5,NFL,SEA,DEF,12,True,False
2025,5,NFL,TB,OFF,7,True,False
2025,5,NFL,TB,DEF,12,True,False
2025,5,NFL,ARI,OFF,7,True,False
2025,5,NFL,ARI,DEF,12,True,False
2025,5,NFL,TEN,OFF,7,True,False
2025,5,NFL,TEN,DEF,12,True,False
2025,5,NFL,LAC,OFF,7,True,False
2025,5,NFL,LAC,DEF,12,True,False
2025,5,NFL,WAS,OFF,7,True,False
2025,5,NFL,WAS,DEF,12,True,False
2025,6,NFL,IND,OFF,7,True,False
2025,6,NFL,IND,DEF,12,True,False
2025,6,NFL,ARI,OFF,7,True,True
2025,6,NFL,ARI,DEF,12,True,False
2025,6,NFL,ATL,OFF,7,True,False
2025,6,NFL,ATL,DEF,12,True,False
2025,6,NFL,BUF,OFF,7,True,False
2025,6,NFL,BUF,DEF,12,True,False
2025,6,NFL,WAS,OFF,7,True,False
2025,6,NFL,WAS,DEF,12,True,False
2025,6,NFL,CHI,OFF,7,True,False
2025,6,NFL,CHI,DEF,12,True,False
2025,6,NFL,GB,OFF,7,True,True
2025,6,NFL,GB,DEF,12,True,False
2025,6,NFL,CIN,OFF,7,True,False
2025,6,NFL,CIN,DEF,12,True,False
2025,6,NFL,PIT,OFF,7,True,False
2025,6,NFL,PIT,DEF,12,True,False
2025,6,NFL,CLE,OFF,7,True,True
2025,6,NFL,CLE,DEF,12,True,False
2025,6,NFL,CAR,OFF,7,True,False
2025,6,NFL,CAR,DEF,12,True,False
2025,6,NFL,DAL,OFF,7,True,False
2025,6,NFL,DAL,DEF,12,True,False
2025,6,NFL,NYJ,OFF,7,True,False
2025,6,NFL,NYJ,DEF,12,True,False
2025,6,NFL,DEN,OFF,7,True,True
2025,6,NFL,DEN,DEF,12,True,False
2025,6,NFL,KC,OFF,7,True,False
2025,6,NFL,KC,DEF,12,True,False
2025,6,NFL,DET,OFF,7,True,False
2025,6,NFL,DET,DEF,12,True,False
2025,6,NFL,MIA,OFF,7,True,False
2025,6,NFL,MIA,DEF,12,True,False
2025,6,NFL,LAC,OFF,7,True,False
2025,6,NFL,LAC,DEF,12,True,False
2025,6,NFL,BAL,OFF,7,True,False
2025,6,NFL,BAL,DEF,12,True,False
2025,6,NFL,LA,OFF,7,True,False
2025,6,NFL,LA,DEF,12,True,True
2025,6,NFL,NO,OFF,7,True,False
2025,6,NFL,NO,DEF,12,True,False
2025,6,NFL,NE,OFF,7,True,False
2025,6,NFL,NE,DEF,12,True,False
2025,6,NFL,NYG,OFF,7,True,False
2025,6,NFL,NYG,DEF,12,True,False
2025,6,NFL,PHI,OFF,7,True,False
2025,6,NFL,PHI,DEF,12,True,False
2025,6,NFL,JAX,OFF,7,True,False
2025,6,NFL,JAX,DEF,12,True,False
2025,6,NFL,SEA,OFF,7,True,False
2025,6,NFL,SEA,DEF,12,True,False
2025,6,NFL,TB,OFF,7,True,False
2025,6,NFL,TB,DEF,12,True,False
2025,6,NFL,SF,OFF,7,True,False
2025,6,NFL,SF,DEF,12,True,True
2025,6,NFL,LV,OFF,7,True,False
2025,6,NFL,LV,DEF,12,True,False
2025,6,NFL,TEN,OFF,7,True,False
2025,6,NFL,TEN,DEF,12,True,False
2025,7,NFL,SF,OFF,7,True,False
2025,7,NFL,SF,DEF,12,True,True
2025,7,NFL,ATL,OFF,7,True,False
2025,7,NFL,ATL,DEF,12,True,False
2025,7,NFL,NYJ,OFF,7,True,False
2025,7,NFL,NYJ,DEF,12,True,False
2025,7,NFL,CAR,OFF,7,True,False
2025,7,NFL,CAR,DEF,12,True,False
2025,7,NFL,ARI,OFF,7,True,False
2025,7,NFL,ARI,DEF,12,True,False
2025,7,NFL,GB,OFF,7,True,False
2025,7,NFL,GB,DEF,12,True,False
2025,7,NFL,SEA,OFF,7,True,False
2025,7,NFL,SEA,DEF,12,True,False
2025,7,NFL,HOU,OFF,7,True,False
2025,7,NFL,HOU,DEF,12,True,False
2025,7,NFL,LAC,OFF,7,True,False
2025,7,NFL,LAC,DEF,12,True,True
2025,7,NFL,IND,OFF,7,True,True
2025,7,NFL,IND,DEF,12,True,False
2025,7,NFL,JAX,OFF,7,True,False
2025,7,NFL,JAX,DEF,12,True,False
2025,7,NFL,LA,OFF,7,True,True
2025,7,NFL,LA,DEF,12,True,False
2025,7,NFL,KC,OFF,7,True,False
2025,7,NFL,KC,DEF,12,True,True
2025,7,NFL,LV,OFF,7,True,False
2025,7,NFL,LV,DEF,12,True,False
2025,7,NFL,CLE,OFF,7,True,False
2025,7,NFL,CLE,DEF,12,True,True
2025,7,NFL,MIA,OFF,7,True,False
2025,7,NFL,MIA,DEF,12,True,False
2025,7,NFL,TEN,OFF,7,True,False
2025,7,NFL,TEN,DEF,12,True,True
2025,7,NFL,NE,OFF,7,True,False
2025,7,NFL,NE,DEF,12,True,True
2025,7,NFL,CHI,OFF,7,True,False
2025,7,NFL,CHI,DEF,12,True,False
2025,7,NFL,NO,OFF,7,True,False
2025,7,NFL,NO,DEF,12,True,False
2025,7,NFL,DEN,OFF,7,True,False
2025,7,NFL,DEN,DEF,12,True,False
2025,7,NFL,NYG,OFF,7,True,False
2025,7,NFL,NYG,DEF,12,True,False
2025,7,NFL,MIN,OFF,7,True,False
2025,7,NFL,MIN,DEF,12,True,False
2025,7,NFL,PHI,OFF,7,True,False
2025,7,NFL,PHI,DEF,12,True,False
2025,7,NFL,CIN,OFF,7,True,False
2025,7,NFL,CIN,DEF,12,True,True
2025,7,NFL,PIT,OFF,7,True,False
2025,7,NFL,PIT,DEF,12,True,False
2025,7,NFL,DET,OFF,7,True,True
2025,7,NFL,DET,DEF,12,True,False
2025,7,NFL,TB,OFF,7,True,False
2025,7,NFL,TB,DEF,12,True,False
2025,7,NFL,DAL,OFF,7,True,False
2025,7,NFL,DAL,DEF,12,True,False
2025,7,NFL,WAS,OFF,7,True,False
2025,7,NFL,WAS,DEF,12,True,False
2025,8,NFL,CAR,OFF,7,True,False
2025,8,NFL,CAR,DEF,12,True,False
2025,8,NFL,BUF,OFF,7,True,False
2025,8,NFL,BUF,DEF,12,True,False
2025,8,NFL,BAL,OFF,7,True,False
2025,8,NFL,BAL,DEF,12,True,False
2025,8,NFL,CHI,OFF,7,True,False
2025,8,NFL,CHI,DEF,12,True,False
2025,8,NFL,NE,OFF,7,True,False
2025,8,NFL,NE,DEF,12,True,True
2025,8,NFL,CLE,OFF,7,True,False
2025,8,NFL,CLE,DEF,12,True,False
2025,8,NFL,DEN,OFF,7,True,False
2025,8,NFL,DEN,DEF,12,True,True
2025,8,NFL,DAL,OFF,7,True,False
2025,8,NFL,DAL,DEF,12,True,False
2025,8,NFL,PIT,OFF,7,True,False
2025,8,NFL,PIT,DEF,12,True,False
2025,8,NFL,GB,OFF,7,True,False
2025,8,NFL,GB,DEF,12,True,False
2025,8,NFL,ATL,OFF,7,True,False
2025,8,NFL,ATL,DEF,12,True,True
2025,8,NFL,MIA,OFF,7,True,False
2025,8,NFL,MIA,DEF,12,True,False
2025,8,NFL,LAC,OFF,7,True,False
2025,8,NFL,LAC,DEF,12,True,False
2025,8,NFL,MIN,OFF,7,True,False
2025,8,NFL,MIN,DEF,12,True,False
2025,8,NFL,PHI,OFF,7,True,False
2025,8,NFL,PHI,DEF,12,True,False
2025,8,NFL,NYG,OFF,7,True,False
2025,8,NFL,NYG,DEF,12,True,False
2025,8,NFL,CIN,OFF,7,True,False
2025,8,NFL,CIN,DEF,12,True,False
2025,8,NFL,NYJ,OFF,7,True,False
2025,8,NFL,NYJ,DEF,12,True,False
2025,8,NFL,HOU,OFF,7,True,False
2025,8,NFL,HOU,DEF,12,True,False
2025,8,NFL,SF,OFF,7,True,False
2025,8,NFL,SF,DEF,12,True,False
2025,8,NFL,NO,OFF,7,True,False
2025,8,NFL,NO,DEF,12,True,False
2025,8,NFL,TB,OFF,7,True,False
2025,8,NFL,TB,DEF,12,True,False
2025,8,NFL,IND,OFF,7,True,False
2025,8,NFL,IND,DEF,12,True,False
2025,8,NFL,TEN,OFF,7,True,False
2025,8,NFL,TEN,DEF,12,True,False
2025,8,NFL,KC,OFF,7,True,False
2025,8,NFL,KC,DEF,12,True,False
2025,8,NFL,WAS,OFF,7,True,False
2025,8,NFL,WAS,DEF,12,True,False
2025,9,NFL,DAL,OFF,7,True,True
2025,9,NFL,DAL,DEF,12,True,True
2025,9,NFL,ARI,OFF,7,True,True
2025,9,NFL,ARI,DEF,12,True,False
2025,9,NFL,NE,OFF,7,True,True
2025,9,NFL,NE,DEF,12,True,False
2025,9,NFL,ATL,OFF,7,True,False
2025,9,NFL,ATL,DEF,12,True,False
2025,9,NFL,MIA,OFF,7,True,False
2025,9,NFL,MIA,DEF,12,True,False
2025,9,NFL,BAL,OFF,7,True,False
2025,9,NFL,BAL,DEF,12,True,False
2025,9,NFL,GB,OFF,7,True,False
2025,9,NFL,GB,DEF,12,True,False
2025,9,NFL,CAR,OFF,7,True,False
2025,9,NFL,CAR,DEF,12,True,False
2025,9,NFL,CIN,OFF,7,True,False
2025,9,NFL,CIN,DEF,12,True,False
2025,9,NFL,CHI,OFF,7,True,False
2025,9,NFL,CHI,DEF,12,True,False
2025,9,NFL,HOU,OFF,7,True,False
2025,9,NFL,HOU,DEF,12,True,False
2025,9,NFL,DEN,OFF,7,True,False
2025,9,NFL,DEN,DEF,12,True,False
2025,9,NFL,PIT,OFF,7,True,False
2025,9,NFL,PIT,DEF,12,True,False
2025,9,NFL,IND,OFF,7,True,False
2025,9,NFL,IND,DEF,12,True,False
2025,9,NFL,LV,OFF,7,True,False
2025,9,NFL,LV,DEF,12,True,False
2025,9,NFL,JAX,OFF,7,True,False
2025,9,NFL,JAX,DEF,12,True,False
2025,9,NFL,BUF,OFF,7,True,False
2025,9,NFL,BUF,DEF,12,True,False
2025,9,NFL,KC,OFF,7,True,False
2025,9,NFL,KC,DEF,12,True,False
2025,9,NFL,TEN,OFF,7,True,True
2025,9,NFL,TEN,DEF,12,True,True
2025,9,NFL,LAC,OFF,7,True,False
2025,9,NFL,LAC,DEF,12,True,False
2025,9,NFL,DET,OFF,7,True,False
2025,9,NFL,DET,DEF,12,True,False
2025,9,NFL,MIN,OFF,7,True,False
2025,9,NFL,MIN,DEF,12,True,False
2025,9,NFL,LA,OFF,7,True,False
2025,9,NFL,LA,DEF,12,True,False
2025,9,NFL,NO,OFF,7,True,False
2025,9,NFL,NO,DEF,12,True,False
2025,9,NFL,WAS,OFF,7,True,False
2025,9,NFL,WAS,DEF,12,True,False
2025,9,NFL,SEA,OFF,7,True,False
2025,9,NFL,SEA,DEF,12,True,True
2025,9,NFL,NYG,OFF,7,True,False
2025,9,NFL,NYG,DEF,12,True,False
2025,9,NFL,SF,OFF,7,True,False
2025,9,NFL,SF,DEF,12,True,False
2025,10,NFL,SEA,OFF,7,True,False
2025,10,NFL,SEA,DEF,12,True,False
2025,10,NFL,ARI,OFF,7,True,False
2025,10,NFL,ARI,DEF,12,True,False
2025,10,NFL,IND,OFF,7,True,False
2025,10,NFL,IND,DEF,12,True,False
2025,10,NFL,ATL,OFF,7,True,False
2025,10,NFL,ATL,DEF,12,True,False
2025,10,NFL,MIN,OFF,7,True,False
2025,10,NFL,MIN,DEF,12,True,False
2025,10,NFL,BAL,OFF,7,True,False
2025,10,NFL,BAL,DEF,12,True,False
2025,10,NFL,MIA,OFF,7,True,False
2025,10,NFL,MIA,DEF,12,True,False
2025,10,NFL,BUF,OFF,7,True,False
2025,10,NFL,BUF,DEF,12,True,False
2025,10,NFL,NYJ,OFF,7,True,False
2025,10,NFL,NYJ,DEF,12,True,True
2025,10,NFL,CLE,OFF,7,True,True
2025,10,NFL,CLE,DEF,12,True,True
2025,10,NFL,WAS,OFF,7,True,False
2025,10,NFL,WAS,DEF,12,True,False
2025,10,NFL,DET,OFF,7,True,False
2025,10,NFL,DET,DEF,12,True,False
2025,10,NFL,HOU,OFF,7,True,False
2025,10,NFL,HOU,DEF,12,True,False
2025,10,NFL,JAX,OFF,7,True,False
2025,10,NFL,JAX,DEF,12,True,True
2025,10,NFL,SF,OFF,7,True,False
2025,10,NFL,SF,DEF,12,True,True
2025,10,NFL,LA,OFF,7,True,False
2025,10,NFL,LA,DEF,12,True,False
2025,10,NFL,DEN,OFF,7,True,False
2025,10,NFL,DEN,DEF,12,True,False
2025,10,NFL,LV,OFF,7,True,False
2025,10,NFL,LV,DEF,12,True,True
2025,10,NFL,TB,OFF,7,True,False
2025,10,NFL,TB,DEF,12,True,False
2025,10,NFL,NE,OFF,7,True,False
2025,10,NFL,NE,DEF,12,True,False
2025,10,NFL,CAR,OFF,7,True,False
2025,10,NFL,CAR,DEF,12,True,False
2025,10,NFL,NO,OFF,7,True,False
2025,10,NFL,NO,DEF,12,True,True
2025,10,NFL,CHI,OFF,7,True,False
2025,10,NFL,CHI,DEF,12,True,False
2025,10,NFL,NYG,OFF,7,True,False
2025,10,NFL,NYG,DEF,12,True,False
2025,10,NFL,GB,OFF,7,True,False
2025,10,NFL,GB,DEF,12,True,False
2025,10,NFL,PHI,OFF,7,True,False
2025,10,NFL,PHI,DEF,12,True,False
2025,10,NFL,LAC,OFF,7,True,False
2025,10,NFL,LAC,DEF,12,True,False
2025,10,NFL,PIT,OFF,7,True,False
2025,10,NFL,PIT,DEF,12,True,False
2025,11,NFL,CLE,OFF,7,True,False
2025,11,NFL,CLE,DEF,12,True,False
2025,11,NFL,BAL,OFF,7,True,False
2025,11,NFL,BAL,DEF,12,True,False
2025,11,NFL,ATL,OFF,7,True,False
2025,11,NFL,ATL,DEF,12,True,False
2025,11,NFL,CAR,OFF,7,True,False
2025,11,NFL,CAR,DEF,12,True,False
2025,11,NFL,MIN,OFF,7,True,False
2025,11,NFL,MIN,DEF,12,True,False
2025,11,NFL,CHI,OFF,7,True,False
2025,11,NFL,CHI,DEF,12,True,False
2025,11,NFL,PIT,OFF,7,True,False
2025,11,NFL,PIT,DEF,12,True,False
2025,11,NFL,CIN,OFF,7,True,False
2025,11,NFL,CIN,DEF,12,True,False
2025,11,NFL,LV,OFF,7,True,False
2025,11,NFL,LV,DEF,12,True,False
2025,11,NFL,DAL,OFF,7,True,False
2025,11,NFL,DAL,DEF,12,True,False
2025,11,NFL,PHI,OFF,7,True,False
2025,11,NFL,PHI,DEF,12,True,False
2025,11,NFL,DET,OFF,7,True,False
2025,11,NFL,DET,DEF,12,True,False
2025,11,NFL,NYG,OFF,7,True,False
2025,11,NFL,NYG,DEF,12,True,False
2025,11,NFL,GB,OFF,7,True,False
2025,11,NFL,GB,DEF,12,True,False
2025,11,NFL,TEN,OFF,7,True,False
2025,11,NFL,TEN,DEF,12,True,False
2025,11,NFL,HOU,OFF,7,True,False
2025,11,NFL,HOU,DEF,12,True,False
2025,11,NFL,DEN,OFF,7,True,False
2025,11,NFL,DEN,DEF,12,True,False
2025,11,NFL,KC,OFF,7,True,False
2025,11,NFL,KC,DEF,12,True,False
2025,11,NFL,JAX,OFF,7,True,False
2025,11,NFL,JAX,DEF,12,True,False
2025,11,NFL,LAC,OFF,7,True,False
2025,11,NFL,LAC,DEF,12,True,False
2025,11,NFL,NE,OFF,7,True,False
2025,11,NFL,NE,DEF,12,True,False
2025,11,NFL,NYJ,OFF,7,True,False
2025,11,NFL,NYJ,DEF,12,True,False
2025,11,NFL,LA,OFF,7,True,False
2025,11,NFL,LA,DEF,12,True,False
2025,11,NFL,SEA,OFF,7,True,False
2025,11,NFL,SEA,DEF,12,True,False
2025,11,NFL,ARI,OFF,7,True,False
2025,11,NFL,ARI,DEF,12,True,False
2025,11,NFL,SF,OFF,7,True,False
2025,11,NFL,SF,DEF,12,True,False
2025,11,NFL,BUF,OFF,7,True,False
2025,11,NFL,BUF,DEF,12,True,False
2025,11,NFL,TB,OFF,7,True,False
2025,11,NFL,TB,DEF,12,True,False
2025,11,NFL,MIA,OFF,7,True,False
2025,11,NFL,MIA,DEF,12,True,False
2025,11,NFL,WAS,OFF,7,True,False
2025,11,NFL,WAS,DEF,12,True,False
2025,12,NFL,NO,OFF,7,True,False
2025,12,NFL,NO,DEF,12,True,False
2025,12,NFL,ATL,OFF,7,True,False
2025,12,NFL,ATL,DEF,12,True,False
2025,12,NFL,HOU,OFF,7,True,False
2025,12,NFL,HOU,DEF,12,True,False
2025,12,NFL,BUF,OFF,7,True,False
2025,12,NFL,BUF,DEF,12,True,False
2025,12,NFL,SF,OFF,7,True,False
2025,12,NFL,SF,DEF,12,True,True
2025,12,NFL,CAR,OFF,7,True,False
2025,12,NFL,CAR,DEF,12,True,False
2025,12,NFL,LV,OFF,7,True,False
2025,12,NFL,LV,DEF,12,True,False
2025,12,NFL,CLE,OFF,7,True,False
2025,12,NFL,CLE,DEF,12,True,False
2025,12,NFL,KC,OFF,7,True,False
2025,12,NFL,KC,DEF,12,True,False
2025,12,NFL,IND,OFF,7,True,False
2025,12,NFL,IND,DEF,12,True,False
2025,12,NFL,ARI,OFF,7,True,False
2025,12,NFL,ARI,DEF,12,True,False
2025,12,NFL,JAX,OFF,7,True,False
2025,12,NFL,JAX,DEF,12,True,False
2025,12,NFL,GB,OFF,7,True,False
2025,12,NFL,GB,DEF,12,True,False
2025,12,NFL,MIN,OFF,7,True,False
2025,12,NFL,MIN,DEF,12,True,False
2025,12,NFL,CIN,OFF,7,True,False
2025,12,NFL,CIN,DEF,12,True,False
2025,12,NFL,NE,OFF,7,True,False
2025,12,NFL,NE,DEF,12,True,False
2025,12,NFL,DET,OFF,7,True,False
2025,12,NFL,DET,DEF,12,True,True
2025,12,NFL,NYG,OFF,7,True,False
2025,12,NFL,NYG,DEF,12,True,False
2025,12,NFL,BAL,OFF,7,True,False
2025,12,NFL,BAL,DEF,12,True,False
2025,12,NFL,NYJ,OFF,7,True,False
2025,12,NFL,NYJ,DEF,12,True,True
2025,12,NFL,DAL,OFF,7,True,False
2025,12,NFL,DAL,DEF,12,True,False
2025,12,NFL,PHI,OFF,7,True,False
2025,12,NFL,PHI,DEF,12,True,False
2025,12,NFL,CHI,OFF,7,True,False
2025,12,NFL,CHI,DEF,12,True,False
2025,12,NFL,PIT,OFF,7,True,False
2025,12,NFL,PIT,DEF,12,True,False
2025,12,NFL,TEN,OFF,7,True,False
2025,12,NFL,TEN,DEF,12,True,False
2025,12,NFL,SEA,OFF,7,True,False
2025,12,NFL,SEA,DEF,12,True,False
2025,12,NFL,LA,OFF,7,True,False
2025,12,NFL,LA,DEF,12,True,False
2025,12,NFL,TB,OFF,7,True,False
2025,12,NFL,TB,DEF,12,True,False
2025,13,NFL,TB,OFF,7,True,False
2025,13,NFL,TB,DEF,12,True,False
2025,13,NFL,ARI,OFF,7,True,False
2025,13,NFL,ARI,DEF,12,True,False
2025,13,NFL,NYJ,OFF,7,True,False
2025,13,NFL,NYJ,DEF,12,True,False
2025,13,NFL,ATL,OFF,7,True,False
2025,13,NFL,ATL,DEF,12,True,True
2025,13,NFL,PIT,OFF,7,True,False
2025,13,NFL,PIT,DEF,12,True,False
2025,13,NFL,BUF,OFF,7,True,False
2025,13,NFL,BUF,DEF,12,True,True
2025,13,NFL,PHI,OFF,7,True,False
2025,13,NFL,PHI,DEF,12,True,False
2025,13,NFL,CHI,OFF,7,True,False
2025,13,NFL,CHI,DEF,12,True,False
2025,13,NFL,BAL,OFF,7,True,False
2025,13,NFL,BAL,DEF,12,True,False
2025,13,NFL,CIN,OFF,7,True,False
2025,13,NFL,CIN,DEF,12,True,False
2025,13,NFL,WAS,OFF,7,True,False
2025,13,NFL,WAS,DEF,12,True,False
2025,13,NFL,DEN,OFF,7,True,False
2025,13,NFL,DEN,DEF,12,True,False
2025,13,NFL,DET,OFF,7,True,False
2025,13,NFL,DET,DEF,12,True,False
2025,13,NFL,GB,OFF,7,True,False
2025,13,NFL,GB,DEF,12,True,False
2025,13,NFL,IND,OFF,7,True,False
2025,13,NFL,IND,DEF,12,True,False
2025,13,NFL,HOU,OFF,7,True,False
2025,13,NFL,HOU,DEF,12,True,False
2025,13,NFL,TEN,OFF,7,True,False
2025,13,NFL,TEN,DEF,12,True,False
2025,13,NFL,JAX,OFF,7,True,False
2025,13,NFL,JAX,DEF,12,True,False
2025,13,NFL,DAL,OFF,7,True,False
2025,13,NFL,DAL,DEF,12,True,False
2025,13,NFL,KC,OFF,7,True,False
2025,13,NFL,KC,DEF,12,True,False
2025,13,NFL,CAR,OFF,7,True,False
2025,13,NFL,CAR,DEF,12,True,False
2025,13,NFL,LA,OFF,7,True,True
2025,13,NFL,LA,DEF,12,True,False
2025,13,NFL,LAC,OFF,7,True,False
2025,13,NFL,LAC,DEF,12,True,True
2025,13,NFL,LV,OFF,7,True,False
2025,13,NFL,LV,DEF,12,True,True
2025,13,NFL,SEA,OFF,7,True,False
2025,13,NFL,SEA,DEF,12,True,True
2025,13,NFL,MIN,OFF,7,True,False
2025,13,NFL,MIN,DEF,12,True,False
2025,13,NFL,MIA,OFF,7,True,False
2025,13,NFL,MIA,DEF,12,True,False
2025,13,NFL,NO,OFF,7,True,False
2025,13,NFL,NO,DEF,12,True,False
2025,13,NFL,NE,OFF,7,True,False
2025,13,NFL,NE,DEF,12,True,False
2025,13,NFL,NYG,OFF,7,True,False
2025,13,NFL,NYG,DEF,12,True,False
2025,13,NFL,CLE,OFF,7,True,False
2025,13,NFL,CLE,DEF,12,True,False
2025,13,NFL,SF,OFF,7,True,False
2025,13,NFL,SF,DEF,12,True,False
2025,14,NFL,GB,OFF,7,True,False
2025,14,NFL,GB,DEF,12,True,False
2025,14,NFL,CHI,OFF,7,True,False
2025,14,NFL,CHI,DEF,12,True,False
2025,14,NFL,BUF,OFF,7,True,False
2025,14,NFL,BUF,DEF,12,True,True
2025,14,NFL,CIN,OFF,7,True,True
2025,14,NFL,CIN,DEF,12,True,False
2025,14,NFL,DET,OFF,7,True,False
2025,14,NFL,DET,DEF,12,True,False
2025,14,NFL,DAL,OFF,7,True,False
2025,14,NFL,DAL,DEF,12,True,False
2025,14,NFL,LV,OFF,7,True,False
2025,14,NFL,LV,DEF,12,True,False
2025,14,NFL,DEN,OFF,7,True,True
2025,14,NFL,DEN,DEF,12,True,True
2025,14,NFL,KC,OFF,7,True,False
2025,14,NFL,KC,DEF,12,True,False
2025,14,NFL,HOU,OFF,7,True,True
2025,14,NFL,HOU,DEF,12,True,False
2025,14,NFL,JAX,OFF,7,True,True
2025,14,NFL,JAX,DEF,12,True,True
2025,14,NFL,IND,OFF,7,True,False
2025,14,NFL,IND,DEF,12,True,False
2025,14,NFL,ARI,OFF,7,True,False
2025,14,NFL,ARI,DEF,12,True,False
2025,14,NFL,LA,OFF,7,True,False
2025,14,NFL,LA,DEF,12,True,False
2025,14,NFL,NYJ,OFF,7,True,False
2025,14,NFL,NYJ,DEF,12,True,False
2025,14,NFL,MIA,OFF,7,True,False
2025,14,NFL,MIA,DEF,12,True,False
2025,14,NFL,TB,OFF,7,True,False
2025,14,NFL,TB,DEF,12,True,True
2025,14,NFL,NO,OFF,7,True,False
2025,14,NFL,NO,DEF,12,True,False
2025,14,NFL,LAC,OFF,7,True,False
2025,14,NFL,LAC,DEF,12,True,False
2025,14,NFL,PHI,OFF,7,True,False
2025,14,NFL,PHI,DEF,12,True,False
2025,14,NFL,BAL,OFF,7,True,False
2025,14,NFL,BAL,DEF,12,True,False
2025,14,NFL,PIT,OFF,7,True,False
2025,14,NFL,PIT,DEF,12,True,False
2025,14,NFL,ATL,OFF,7,True,False
2025,14,NFL,ATL,DEF,12,True,False
2025,14,NFL,SEA,OFF,7,True,False
2025,14,NFL,SEA,DEF,12,True,False
2025,14,NFL,CLE,OFF,7,True,True
2025,14,NFL,CLE,DEF,12,True,False
2025,14,NFL,TEN,OFF,7,True,False
2025,14,NFL,TEN,DEF,12,True,False
2025,14,NFL,MIN,OFF,7,True,False
2025,14,NFL,MIN,DEF,12,True,False
2025,14,NFL,WAS,OFF,7,True,False
2025,14,NFL,WAS,DEF,12,True,False
2025,15,NFL,HOU,OFF,7,True,False
2025,15,NFL,HOU,DEF,12,True,False
2025,15,NFL,ARI,OFF,7,True,False
2025,15,NFL,ARI,DEF,12,True,False
2025,15,NFL,TB,OFF,7,True,False
2025,15,NFL,TB,DEF,12,True,False
2025,15,NFL,ATL,OFF,7,True,False
2025,15,NFL,ATL,DEF,12,True,False
2025,15,NFL,CIN,OFF,7,True,True
2025,15,NFL,CIN,DEF,12,True,False
2025,15,NFL,BAL,OFF,7,True,False
2025,15,NFL,BAL,DEF,12,True,True
2025,15,NFL,NE,OFF,7,True,False
2025,15,NFL,NE,DEF,12,True,False
2025,15,NFL,BUF,OFF,7,True,False
2025,15,NFL,BUF,DEF,12,True,False
2025,15,NFL,NO,OFF,7,True,False
2025,15,NFL,NO,DEF,12,True,False
2025,15,NFL,CAR,OFF,7,True,False
2025,15,NFL,CAR,DEF,12,True,False
2025,15,NFL,CHI,OFF,7,True,False
2025,15,NFL,CHI,DEF,12,True,False
2025,15,NFL,CLE,OFF,7,True,False
2025,15,NFL,CLE,DEF,12,True,False
2025,15,NFL,LA,OFF,7,True,True
2025,15,NFL,LA,DEF,12,True,False
2025,15,NFL,DET,OFF,7,True,False
2025,15,NFL,DET,DEF,12,True,False
2025,15,NFL,DEN,OFF,7,True,False
2025,15,NFL,DEN,DEF,12,True,False
2025,15,NFL,GB,OFF,7,True,False
2025,15,NFL,GB,DEF,12,True,False
2025,15,NFL,SEA,OFF,7,True,False
2025,15,NFL,SEA,DEF,12,True,False
2025,15,NFL,IND,OFF,7,True,True
2025,15,NFL,IND,DEF,12,True,False
2025,15,NFL,KC,OFF,7,True,False
2025,15,NFL,KC,DEF,12,True,False
2025,15,NFL,LAC,OFF,7,True,False
2025,15,NFL,LAC,DEF,12,True,False
2025,15,NFL,PHI,OFF,7,True,False
2025,15,NFL,PHI,DEF,12,True,False
2025,15,NFL,LV,OFF,7,True,False
2025,15,NFL,LV,DEF,12,True,False
2025,15,NFL,PIT,OFF,7,True,False
2025,15,NFL,PIT,DEF,12,True,False
2025,15,NFL,MIA,OFF,7,True,True
2025,15,NFL,MIA,DEF,12,True,True
2025,15,NFL,DAL,OFF,7,True,True
2025,15,NFL,DAL,DEF,12,True,False
2025,15,NFL,MIN,OFF,7,True,False
2025,15,NFL,MIN,DEF,12,True,False
2025,15,NFL,JAX,OFF,7,True,False
2025,15,NFL,JAX,DEF,12,True,False
2025,15,NFL,NYJ,OFF,7,True,False
2025,15,NFL,NYJ,DEF,12,True,False
2025,15,NFL,SF,OFF,7,True,False
2025,15,NFL,SF,DEF,12,True,False
2025,15,NFL,TEN,OFF,7,True,False
2025,15,NFL,TEN,DEF,12,True,False
2025,15,NFL,NYG,OFF,7,True,False
2025,15,NFL,NYG,DEF,12,True,False
2025,15,NFL,WAS,OFF,7,True,False
2025,15,NFL,WAS,DEF,12,True,True
2025,16,NFL,ARI,OFF,7,True,False
2025,16,NFL,ARI,DEF,12,True,False
2025,16,NFL,ATL,OFF,7,True,False
2025,16,NFL,ATL,DEF,12,True,False
2025,16,NFL,CLE,OFF,7,True,False
2025,16,NFL,CLE,DEF,12,True,False
2025,16,NFL,BUF,OFF,7,True,False
2025,16,NFL,BUF,DEF,12,True,False
2025,16,NFL,MIA,OFF,7,True,False
2025,16,NFL,MIA,DEF,12,True,False
2025,16,NFL,CIN,OFF,7,True,False
2025,16,NFL,CIN,DEF,12,True,False
2025,16,NFL,CHI,OFF,7,True,False
2025,16,NFL,CHI,DEF,12,True,False
2025,16,NFL,GB,OFF,7,True,False
2025,16,NFL,GB,DEF,12,True,True
2025,16,NFL,DEN,OFF,7,True,False
2025,16,NFL,DEN,DEF,12,True,True
2025,16,NFL,JAX,OFF,7,True,False
2025,16,NFL,JAX,DEF,12,True,False
2025,16,NFL,TEN,OFF,7,True,False
2025,16,NFL,TEN,DEF,12,True,False
2025,16,NFL,KC,OFF,7,True,False
2025,16,NFL,KC,DEF,12,True,True
2025,16,NFL,DAL,OFF,7,True,False
2025,16,NFL,DAL,DEF,12,True,False
2025,16,NFL,LAC,OFF,7,True,False
2025,16,NFL,LAC,DEF,12,True,True
2025,16,NFL,SEA,OFF,7,True,False
2025,16,NFL,SEA,DEF,12,True,False
2025,16,NFL,LA,OFF,7,True,False
2025,16,NFL,LA,DEF,12,True,False
2025,16,NFL,HOU,OFF,7,True,False
2025,16,NFL,HOU,DEF,12,True,True
2025,16,NFL,LV,OFF,7,True,False
2025,16,NFL,LV,DEF,12,True,False
2025,16,NFL,NYG,OFF,7,True,False
2025,16,NFL,NYG,DEF,12,True,False
2025,16,NFL,MIN,OFF,7,True,False
2025,16,NFL,MIN,DEF,12,True,False
2025,16,NFL,BAL,OFF,7,True,False
2025,16,NFL,BAL,DEF,12,True,False
2025,16,NFL,NE,OFF,7,True,False
2025,16,NFL,NE,DEF,12,True,False
2025,16,NFL,NO,OFF,7,True,False
2025,16,NFL,NO,DEF,12,True,False
2025,16,NFL,NYJ,OFF,7,True,False
2025,16,NFL,NYJ,DEF,12,True,False
2025,16,NFL,WAS,OFF,7,True,False
2025,16,NFL,WAS,DEF,12,True,True
2025,16,NFL,PHI,OFF,7,True,False
2025,16,NFL,PHI,DEF,12,True,False
2025,16,NFL,DET,OFF,7,True,False
2025,16,NFL,DET,DEF,12,True,False
2025,16,NFL,PIT,OFF,7,True,False
2025,16,NFL,PIT,DEF,12,True,False
2025,16,NFL,IND,OFF,7,True,False
2025,16,NFL,IND,DEF,12,True,False
2025,16,NFL,SF,OFF,7,True,False
2025,16,NFL,SF,DEF,12,True,False
2025,16,NFL,CAR,OFF,7,True,False
2025,16,NFL,CAR,DEF,12,True,False
2025,16,NFL,TB,OFF,7,True,False
2025,16,NFL,TB,DEF,12,True,False
2025,17,NFL,CIN,OFF,7,True,False
2025,17,NFL,CIN,DEF,12,True,False
2025,17,NFL,ARI,OFF,7,True,False
2025,17,NFL,ARI,DEF,12,True,False
2025,17,NFL,GB,OFF,7,True,False
2025,17,NFL,GB,DEF,12,True,False
2025,17,NFL,BAL,OFF,7,True,False
2025,17,NFL,BAL,DEF,12,True,False
2025,17,NFL,SF,OFF,7,True,False
2025,17,NFL,SF,DEF,12,True,True
2025,17,NFL,CHI,OFF,7,True,False
2025,17,NFL,CHI,DEF,12,True,False
2025,17,NFL,WAS,OFF,7,True,False
2025,17,NFL,WAS,DEF,12,True,False
2025,17,NFL,DAL,OFF,7,True,False
2025,17,NFL,DAL,DEF,12,True,False
2025,17,NFL,KC,OFF,7,True,False
2025,17,NFL,KC,DEF,12,True,False
2025,17,NFL,DEN,OFF,7,True,False
2025,17,NFL,DEN,DEF,12,True,False
2025,17,NFL,MIN,OFF,7,True,False
2025,17,NFL,MIN,DEF,12,True,False
2025,17,NFL,DET,OFF,7,True,False
2025,17,NFL,DET,DEF,12,True,False
2025,17,NFL,LAC,OFF,7,True,False
2025,17,NFL,LAC,DEF,12,True,False
2025,17,NFL,HOU,OFF,7,True,False
2025,17,NFL,HOU,DEF,12,True,False
2025,17,NFL,IND,OFF,7,True,False
2025,17,NFL,IND,DEF,12,True,False
2025,17,NFL,JAX,OFF,7,True,False
2025,17,NFL,JAX,DEF,12,True,False
2025,17,NFL,ATL,OFF,7,True,False
2025,17,NFL,ATL,DEF,12,True,True
2025,17,NFL,LA,OFF,7,True,False
2025,17,NFL,LA,DEF,12,True,False
2025,17,NFL,NYJ,OFF,7,True,False
2025,17,NFL,NYJ,DEF,12,True,False
2025,17,NFL,NE,OFF,7,True,False
2025,17,NFL,NE,DEF,12,True,True
2025,17,NFL,TEN,OFF,7,True,False
2025,17,NFL,TEN,DEF,12,True,False
2025,17,NFL,NO,OFF,7,True,False
2025,17,NFL,NO,DEF,12,True,False
2025,17,NFL,LV,OFF,7,True,False
2025,17,NFL,LV,DEF,12,True,True
2025,17,NFL,NYG,OFF,7,True,False
2025,17,NFL,NYG,DEF,12,True,False
2025,17,NFL,BUF,OFF,7,True,False
2025,17,NFL,BUF,DEF,12,True,False
2025,17,NFL,PHI,OFF,7,True,False
2025,17,NFL,PHI,DEF,12,True,False
2025,17,NFL,CLE,OFF,7,True,False
2025,17,NFL,CLE,DEF,12,True,False
2025,17,NFL,PIT,OFF,7,True,False
2025,17,NFL,PIT,DEF,12,True,False
2025,17,NFL,CAR,OFF,7,True,False
2025,17,NFL,CAR,DEF,12,True,False
2025,17,NFL,SEA,OFF,7,True,False
2025,17,NFL,SEA,DEF,12,True,False
2025,17,NFL,MIA,OFF,7,True,False
2025,17,NFL,MIA,DEF,12,True,False
2025,17,NFL,TB,OFF,7,True,False
2025,17,NFL,TB,DEF,12,True,False
2025,1,ADL,Dallas Cowboys,OFF,7,True,False
2025,1,ADL,Dallas Cowboys,DEF,12,True,False
2025,1,ADL,New York Giants,OFF,7,True,False
2025,1,ADL,New York Giants,DEF,12,True,False
2025,1,ADL,Philadelphia Eagles,OFF,7,True,False
2025,1,ADL,Philadelphia Eagles,DEF,12,True,False
2025,1,ADL,Washington Commanders,OFF,7,True,False
2025,1,ADL,Washington Commanders,DEF,12,True,False
2025,1,ADL,Chicago Bears,OFF,7,True,False
2025,1,ADL,Chicago Bears,DEF,12,True,False
2025,1,ADL,Detroit Lions,OFF,7,True,False
2025,1,ADL,Detroit Lions,DEF,12,True,False
2025,1,ADL,Green Bay Packers,OFF,7,True,False
2025,1,ADL,Green Bay Packers,DEF,12,True,False
2025,1,ADL,Minnesota Vikings,OFF,7,True,False
2025,1,ADL,Minnesota Vikings,DEF,12,True,False
2025,1,ADL,Atlanta Falcons,OFF,7,True,False
2025,1,ADL,Atlanta Falcons,DEF,12,True,False
2025,1,ADL,Carolina Panthers,OFF,7,True,False
2025,1,ADL,Carolina Panthers,DEF,12,True,False
2025,1,ADL,New Orleans Saints,OFF,7,True,False
2025,1,ADL,New Orleans Saints,DEF,12,True,False
2025,1,ADL,Tampa Bay Buccaneers,OFF,7,True,False
2025,1,ADL,Tampa Bay Buccaneers,DEF,12,True,False
2025,1,ADL,Arizona Cardinals,OFF,7,True,False
2025,1,ADL,Arizona Cardinals,DEF,12,True,False
2025,1,ADL,Los Angeles Rams,OFF,7,True,False
2025,1,ADL,Los Angeles Rams,DEF,12,True,False
2025,1,ADL,San Francisco 49ers,OFF,7,True,False
2025,1,ADL,San Francisco 49ers,DEF,12,True,False
2025,1,ADL,Seattle Seahawks,OFF,7,True,False
2025,1,ADL,Seattle Seahawks,DEF,12,True,False
2025,1,ADL,Buffalo Bills,OFF,7,True,False
2025,1,ADL,Buffalo Bills,DEF,12,True,False
2025,1,ADL,Miami Dolphins,OFF,7,True,False
2025,1,ADL,Miami Dolphins,DEF,12,True,False
2025,1,ADL,New England Patriots,OFF,7,True,False
2025,1,ADL,New England Patriots,DEF,12,True,False
2025,1,ADL,New York Jets,OFF,7,True,False
2025,1,ADL,New York Jets,DEF,12,True,False
2025,1,ADL,Baltimore Ravens,OFF,7,True,False
2025,1,ADL,Baltimore Ravens,DEF,12,True,False
2025,1,ADL,Cincinnati Bengals,OFF,7,True,False
2025,1,ADL,Cincinnati Bengals,DEF,12,True,False
2025,1,ADL,Cleveland Browns,OFF,7,True,False
2025,1,ADL,Cleveland Browns,DEF,12,True,False
2025,1,ADL,Pittsburgh Steelers,OFF,7,True,False
2025,1,ADL,Pittsburgh Steelers,DEF,12,True,False
2025,1,ADL,Houston Texans,OFF,7,True,False
2025,1,ADL,Houston Texans,DEF,12,True,False
2025,1,ADL,Indianapolis Colts,OFF,7,True,False
2025,1,ADL,Indianapolis Colts,DEF,12,True,False
2025,1,ADL,Jacksonville Jaguars,OFF,7,True,False
2025,1,ADL,Jacksonville Jaguars,DEF,12,True,False
2025,1,ADL,Tennessee Titans,OFF,7,True,False
2025,1,ADL,Tennessee Titans,DEF,12,True,False
2025,1,ADL,Denver Broncos,OFF,7,True,False
2025,1,ADL,Denver Broncos,DEF,12,True,False
2025,1,ADL,Kansas City Chiefs,OFF,7,True,False
2025,1,ADL,Kansas City Chiefs,DEF,12,True,False
2025,1,ADL,Las Vegas Raiders,OFF,7,True,False
2025,1,ADL,Las Vegas Raiders,DEF,12,True,False
2025,1,ADL,Los Angeles Chargers,OFF,7,True,False
2025,1,ADL,Los Angeles Chargers,DEF,12,True,False
2025,2,ADL,Dallas Cowboys,OFF,7,True,False
2025,2,ADL,Dallas Cowboys,DEF,12,True,False
2025,2,ADL,New York Giants,OFF,7,True,False
2025,2,ADL,New York Giants,DEF,12,True,False
2025,2,ADL,Philadelphia Eagles,OFF,7,True,False
2025,2,ADL,Philadelphia Eagles,DEF,12,True,False
2025,2,ADL,Washington Commanders,OFF,7,True,False
2025,2,ADL,Washington Commanders,DEF,12,True,False
2025,2,ADL,Chicago Bears,OFF,7,True,False
2025,2,ADL,Chicago Bears,DEF,12,True,False
2025,2,ADL,Detroit Lions,OFF,7,True,False
2025,2,ADL,Detroit Lions,DEF,12,True,False
2025,2,ADL,Green Bay Packers,OFF,7,True,False
2025,2,ADL,Green Bay Packers,DEF,12,True,False
2025,2,ADL,Minnesota Vikings,OFF,7,True,False
2025,2,ADL,Minnesota Vikings,DEF,12,True,False
2025,2,ADL,Atlanta Falcons,OFF,7,True,False
2025,2,ADL,Atlanta Falcons,DEF,12,True,False
2025,2,ADL,Carolina Panthers,OFF,7,True,False
2025,2,ADL,Carolina Panthers,DEF,12,True,False
2025,2,ADL,New Orleans Saints,OFF,7,True,False
2025,2,ADL,New Orleans Saints,DEF,12,True,False
2025,2,ADL,Tampa Bay Buccaneers,OFF,7,True,False
2025,2,ADL,Tampa Bay Buccaneers,DEF,12,True,False
2025,2,ADL,Arizona Cardinals,OFF,7,True,False
2025,2,ADL,Arizona Cardinals,DEF,12,True,False
2025,2,ADL,Los Angeles Rams,OFF,7,True,False
2025,2,ADL,Los Angeles Rams,DEF,12,True,False
2025,2,ADL,San Francisco 49ers,OFF,7,True,False
2025,2,ADL,San Francisco 49ers,DEF,12,True,False
2025,2,ADL,Seattle Seahawks,OFF,7,True,False
2025,2,ADL,Seattle Seahawks,DEF,12,True,False
2025,2,ADL,Buffalo Bills,OFF,7,True,False
2025,2,ADL,Buffalo Bills,DEF,12,True,False
2025,2,ADL,Miami Dolphins,OFF,7,True,False
2025,2,ADL,Miami Dolphins,DEF,12,True,False
2025,2,ADL,New England Patriots,OFF,7,True,False
2025,2,ADL,New England Patriots,DEF,12,True,False
2025,2,ADL,New York Jets,OFF,7,True,False
2025,2,ADL,New York Jets,DEF,12,True,False
2025,2,ADL,Baltimore Ravens,OFF,7,True,False
2025,2,ADL,Baltimore Ravens,DEF,12,True,False
2025,2,ADL,Cincinnati Bengals,OFF,7,True,False
2025,2,ADL,Cincinnati Bengals,DEF,12,True,False
2025,2,ADL,Cleveland Browns,OFF,7,True,False
2025,2,ADL,Cleveland Browns,DEF,12,True,False
2025,2,ADL,Pittsburgh Steelers,OFF,7,True,False
2025,2,ADL,Pittsburgh Steelers,DEF,12,True,False
2025,2,ADL,Houston Texans,OFF,7,True,False
2025,2,ADL,Houston Texans,DEF,12,True,False
2025,2,ADL,Indianapolis Colts,OFF,7,True,False
2025,2,ADL,Indianapolis Colts,DEF,12,True,False
2025,2,ADL,Jacksonville Jaguars,OFF,7,True,False
2025,2,ADL,Jacksonville Jaguars,DEF,12,True,False
2025,2,ADL,Tennessee Titans,OFF,7,True,False
2025,2,ADL,Tennessee Titans,DEF,12,True,False
2025,2,ADL,Denver Broncos,OFF,7,True,False
2025,2,ADL,Denver Broncos,DEF,12,True,False
2025,2,ADL,Kansas City Chiefs,OFF,7,True,False
2025,2,ADL,Kansas City Chiefs,DEF,12,True,False
2025,2,ADL,Las Vegas Raiders,OFF,7,True,False
2025,2,ADL,Las Vegas Raiders,DEF,12,True,False
2025,2,ADL,Los Angeles Chargers,OFF,7,True,False
2025,2,ADL,Los Angeles Chargers,DEF,12,True,False
2025,3,ADL,Dallas Cowboys,OFF,7,True,False
2025,3,ADL,Dallas Cowboys,DEF,12,True,False
2025,3,ADL,New York Giants,OFF,7,True,False
2025,3,ADL,New York Giants,DEF,12,True,False
2025,3,ADL,Philadelphia Eagles,OFF,7,True,False
2025,3,ADL,Philadelphia Eagles,DEF,12,True,False
2025,3,ADL,Washington Commanders,OFF,7,True,False
2025,3,ADL,Washington Commanders,DEF,12,True,False
2025,3,ADL,Chicago Bears,OFF,7,True,False
2025,3,ADL,Chicago Bears,DEF,12,True,False
2025,3,ADL,Detroit Lions,OFF,7,True,False
2025,3,ADL,Detroit Lions,DEF,12,True,False
2025,3,ADL,Green Bay Packers,OFF,7,True,False
2025,3,ADL,Green Bay Packers,DEF,12,True,False
2025,3,ADL,Minnesota Vikings,OFF,7,True,False
2025,3,ADL,Minnesota Vikings,DEF,12,True,False
2025,3,ADL,Atlanta Falcons,OFF,7,True,False
2025,3,ADL,Atlanta Falcons,DEF,12,True,False
2025,3,ADL,Carolina Panthers,OFF,7,True,False
2025,3,ADL,Carolina Panthers,DEF,12,True,False
2025,3,ADL,New Orleans Saints,OFF,7,True,False
2025,3,ADL,New Orleans Saints,DEF,12,True,False
2025,3,ADL,Tampa Bay Buccaneers,OFF,7,True,False
2025,3,ADL,Tampa Bay Buccaneers,DEF,12,True,False
2025,3,ADL,Arizona Cardinals,OFF,7,True,False
2025,3,ADL,Arizona Cardinals,DEF,12,True,False
2025,3,ADL,Los Angeles Rams,OFF,7,True,False
2025,3,ADL,Los Angeles Rams,DEF,12,True,False
2025,3,ADL,San Francisco 49ers,OFF,7,True,False
2025,3,ADL,San Francisco 49ers,DEF,12,True,False
2025,3,ADL,Seattle Seahawks,OFF,7,True,False
2025,3,ADL,Seattle Seahawks,DEF,12,True,False
2025,3,ADL,Buffalo Bills,OFF,7,True,False
2025,3,ADL,Buffalo Bills,DEF,12,True,False
2025,3,ADL,Miami Dolphins,OFF,7,True,False
2025,3,ADL,Miami Dolphins,DEF,12,True,False
2025,3,ADL,New England Patriots,OFF,7,True,False
2025,3,ADL,New England Patriots,DEF,12,True,False
2025,3,ADL,New York Jets,OFF,7,True,False
2025,3,ADL,New York Jets,DEF,12,True,False
2025,3,ADL,Baltimore Ravens,OFF,7,True,False
2025,3,ADL,Baltimore Ravens,DEF,12,True,False
2025,3,ADL,Cincinnati Bengals,OFF,7,True,False
2025,3,ADL,Cincinnati Bengals,DEF,12,True,False
2025,3,ADL,Cleveland Browns,OFF,7,True,False
2025,3,ADL,Cleveland Browns,DEF,12,True,False
2025,3,ADL,Pittsburgh Steelers,OFF,7,True,False
2025,3,ADL,Pittsburgh Steelers,DEF,12,True,False
2025,3,ADL,Houston Texans,OFF,7,True,False
2025,3,ADL,Houston Texans,DEF,12,True,False
2025,3,ADL,Indianapolis Colts,OFF,7,True,False
2025,3,ADL,Indianapolis Colts,DEF,12,True,False
2025,3,ADL,Jacksonville Jaguars,OFF,7,True,False
2025,3,ADL,Jacksonville Jaguars,DEF,12,True,False
2025,3,ADL,Tennessee Titans,OFF,7,True,False
2025,3,ADL,Tennessee Titans,DEF,12,True,False
2025,3,ADL,Denver Broncos,OFF,7,True,False
2025,3,ADL,Denver Broncos,DEF,12,True,False
2025,3,ADL,Kansas City Chiefs,OFF,7,True,False
2025,3,ADL,Kansas City Chiefs,DEF,12,True,False
2025,3,ADL,Las Vegas Raiders,OFF,7,True,False
2025,3,ADL,Las Vegas Raiders,DEF,12,True,False
2025,3,ADL,Los Angeles Chargers,OFF,7,True,False
2025,3,ADL,Los Angeles Chargers,DEF,12,True,False
2025,4,ADL,Dallas Cowboys,OFF,7,True,False
2025,4,ADL,Dallas Cowboys,DEF,12,True,False
2025,4,ADL,New York Giants,OFF,7,True,False
2025,4,ADL,New York Giants,DEF,12,True,False
2025,4,ADL,Philadelphia Eagles,OFF,7,True,False
2025,4,ADL,Philadelphia Eagles,DEF,12,True,False
2025,4,ADL,Washington Commanders,OFF,7,True,False
2025,4,ADL,Washington Commanders,DEF,12,True,False
2025,4,ADL,Chicago Bears,OFF,7,True,False
2025,4,ADL,Chicago Bears,DEF,12,True,False
2025,4,ADL,Detroit Lions,OFF,7,True,False
2025,4,ADL,Detroit Lions,DEF,12,True,False
2025,4,ADL,Green Bay Packers,OFF,7,True,False
2025,4,ADL,Green Bay Packers,DEF,12,True,False
2025,4,ADL,Minnesota Vikings,OFF,7,True,False
2025,4,ADL,Minnesota Vikings,DEF,12,True,False
2025,4,ADL,Atlanta Falcons,OFF,7,True,False
2025,4,ADL,Atlanta Falcons,DEF,12,True,False
2025,4,ADL,Carolina Panthers,OFF,7,True,False
2025,4,ADL,Carolina Panthers,DEF,12,True,False
2025,4,ADL,New Orleans Saints,OFF,7,True,False
2025,4,ADL,New Orleans Saints,DEF,12,True,False
2025,4,ADL,Tampa Bay Buccaneers,OFF,7,True,False
2025,4,ADL,Tampa Bay Buccaneers,DEF,12,True,False
2025,4,ADL,Arizona Cardinals,OFF,7,True,False
2025,4,ADL,Arizona Cardinals,DEF,12,True,False
2025,4,ADL,Los Angeles Rams,OFF,7,True,False
2025,4,ADL,Los Angeles Rams,DEF,12,True,False
2025,4,ADL,San Francisco 49ers,OFF,7,True,False
2025,4,ADL,San Francisco 49ers,DEF,12,True,False
2025,4,ADL,Seattle Seahawks,OFF,7,True,False
2025,4,ADL,Seattle Seahawks,DEF,12,True,False
2025,4,ADL,Buffalo Bills,OFF,7,True,False
2025,4,ADL,Buffalo Bills,DEF,12,True,False
2025,4,ADL,Miami Dolphins,OFF,7,True,False
2025,4,ADL,Miami Dolphins,DEF,12,True,False
2025,4,ADL,New England Patriots,OFF,7,True,False
2025,4,ADL,New England Patriots,DEF,12,True,False
2025,4,ADL,New York Jets,OFF,7,True,False
2025,4,ADL,New York Jets,DEF,12,True,False
2025,4,ADL,Baltimore Ravens,OFF,7,True,False
2025,4,ADL,Baltimore Ravens,DEF,12,True,False
2025,4,ADL,Cincinnati Bengals,OFF,7,True,False
2025,4,ADL,Cincinnati Bengals,DEF,12,True,False
2025,4,ADL,Cleveland Browns,OFF,7,True,False
2025,4,ADL,Cleveland Browns,DEF,12,True,False
2025,4,ADL,Pittsburgh Steelers,OFF,7,True,False
2025,4,ADL,Pittsburgh Steelers,DEF,12,True,False
2025,4,ADL,Houston Texans,OFF,7,True,False
2025,4,ADL,Houston Texans,DEF,12,True,False
2025,4,ADL,Indianapolis Colts,OFF,7,True,False
2025,4,ADL,Indianapolis Colts,DEF,12,True,False
2025,4,ADL,Jacksonville Jaguars,OFF,7,True,False
2025,4,ADL,Jacksonville Jaguars,DEF,12,True,False
2025,4,ADL,Tennessee Titans,OFF,7,True,False
2025,4,ADL,Tennessee Titans,DEF,12,True,False
2025,4,ADL,Denver Broncos,OFF,7,True,False
2025,4,ADL,Denver Broncos,DEF,12,True,False
2025,4,ADL,Kansas City Chiefs,OFF,7,True,False
2025,4,ADL,Kansas City Chiefs,DEF,12,True,False
2025,4,ADL,Las Vegas Raiders,OFF,7,True,False
2025,4,ADL,Las Vegas Raiders,DEF,12,True,False
2025,4,ADL,Los Angeles Chargers,OFF,7,True,False
2025,4,ADL,Los Angeles Chargers,DEF,12,True,False
2025,5,ADL,Dallas Cowboys,OFF,7,True,False
2025,5,ADL,Dallas Cowboys,DEF,12,True,False
2025,5,ADL,New York Giants,OFF,7,True,False
2025,5,ADL,New York Giants,DEF,12,True,False
2025,5,ADL,Philadelphia Eagles,OFF,7,True,False
2025,5,ADL,Philadelphia Eagles,DEF,12,True,False
2025,5,ADL,Washington Commanders,OFF,7,True,False
2025,5,ADL,Washington Commanders,DEF,11,False,False
2025,5,ADL,Chicago Bears,OFF,7,True,False
2025,5,ADL,Chicago Bears,DEF,12,True,False
2025,5,ADL,Detroit Lions,OFF,7,True,False
2025,5,ADL,Detroit Lions,DEF,12,True,False
2025,5,ADL,Green Bay Packers,OFF,7,True,False
2025,5,ADL,Green Bay Packers,DEF,12,True,False
2025,5,ADL,Minnesota Vikings,OFF,7,True,False
2025,5,ADL,Minnesota Vikings,DEF,12,True,False
2025,5,ADL,Atlanta Falcons,OFF,7,True,False
2025,5,ADL,Atlanta Falcons,DEF,12,True,False
2025,5,ADL,Carolina Panthers,OFF,7,True,False
2025,5,ADL,Carolina Panthers,DEF,12,True,False
2025,5,ADL,New Orleans Saints,OFF,7,True,False
2025,5,ADL,New Orleans Saints,DEF,12,True,False
2025,5,ADL,Tampa Bay Buccaneers,OFF,7,True,False
2025,5,ADL,Tampa Bay Buccaneers,DEF,12,True,False
2025,5,ADL,Arizona Cardinals,OFF,7,True,False
2025,5,ADL,Arizona Cardinals,DEF,12,True,False
2025,5,ADL,Los Angeles Rams,OFF,7,True,False
2025,5,ADL,Los Angeles Rams,DEF,12,True,False
2025,5,ADL,San Francisco 49ers,OFF,7,True,False
2025,5,ADL,San Francisco 49ers,DEF,12,True,False
2025,5,ADL,Seattle Seahawks,OFF,7,True,False
2025,5,ADL,Seattle Seahawks,DEF,12,True,False
2025,5,ADL,Buffalo Bills,OFF,7,True,False
2025,5,ADL,Buffalo Bills,DEF,12,True,False
2025,5,ADL,Miami Dolphins,OFF,7,True,False
2025,5,ADL,Miami Dolphins,DEF,12,True,False
2025,5,ADL,New England Patriots,OFF,7,True,False
2025,5,ADL,New England Patriots,DEF,12,True,False
2025,5,ADL,New York Jets,OFF,7,True,False
2025,5,ADL,New York Jets,DEF,12,True,False
2025,5,ADL,Baltimore Ravens,OFF,7,True,False
2025,5,ADL,Baltimore Ravens,DEF,12,True,False
2025,5,ADL,Cincinnati Bengals,OFF,7,True,False
2025,5,ADL,Cincinnati Bengals,DEF,12,True,False
2025,5,ADL,Cleveland Browns,OFF,7,True,False
2025,5,ADL,Cleveland Browns,DEF,12,True,False
2025,5,ADL,Pittsburgh Steelers,OFF,7,True,False
2025,5,ADL,Pittsburgh Steelers,DEF,12,True,False
2025,5,ADL,Houston Texans,OFF,7,True,False
2025,5,ADL,Houston Texans,DEF,12,True,False
2025,5,ADL,Indianapolis Colts,OFF,7,True,False
2025,5,ADL,Indianapolis Colts,DEF,12,True,False
2025,5,ADL,Jacksonville Jaguars,OFF,7,True,False
2025,5,ADL,Jacksonville Jaguars,DEF,12,True,False
2025,5,ADL,Tennessee Titans,OFF,7,True,False
2025,5,ADL,Tennessee Titans,DEF,12,True,False
2025,5,ADL,Denver Broncos,OFF,7,True,False
2025,5,ADL,Denver Broncos,DEF,12,True,False
2025,5,ADL,Kansas City Chiefs,OFF,7,True,False
2025,5,ADL,Kansas City Chiefs,DEF,12,True,False
2025,5,ADL,Las Vegas Raiders,OFF,7,True,False
2025,5,ADL,Las Vegas Raiders,DEF,12,True,False
2025,5,ADL,Los Angeles Chargers,OFF,7,True,False
2025,5,ADL,Los Angeles Chargers,DEF,12,True,False
2025,6,ADL,Dallas Cowboys,OFF,7,True,False
2025,6,ADL,Dallas Cowboys,DEF,12,True,False
2025,6,ADL,New York Giants,OFF,7,True,False
2025,6,ADL,New York Giants,DEF,12,True,False
2025,6,ADL,Philadelphia Eagles,OFF,7,True,False
2025,6,ADL,Philadelphia Eagles,DEF,12,True,False
2025,6,ADL,Washington Commanders,OFF,7,True,False
2025,6,ADL,Washington Commanders,DEF,12,True,False
2025,6,ADL,Chicago Bears,OFF,7,True,False
2025,6,ADL,Chicago Bears,DEF,12,True,False
2025,6,ADL,Detroit Lions,OFF,7,True,False
2025,6,ADL,Detroit Lions,DEF,12,True,False
2025,6,ADL,Green Bay Packers,OFF,7,True,False
2025,6,ADL,Green Bay Packers,DEF,12,True,False
2025,6,ADL,Minnesota Vikings,OFF,7,True,False
2025,6,ADL,Minnesota Vikings,DEF,12,True,False
2025,6,ADL,Atlanta Falcons,OFF,7,True,False
2025,6,ADL,Atlanta Falcons,DEF,12,True,False
2025,6,ADL,Carolina Panthers,OFF,7,True,False
2025,6,ADL,Carolina Panthers,DEF,12,True,False
2025,6,ADL,New Orleans Saints,OFF,7,True,False
2025,6,ADL,New Orleans Saints,DEF,12,True,False
2025,6,ADL,Tampa Bay Buccaneers,OFF,7,True,False
2025,6,ADL,Tampa Bay Buccaneers,DEF,12,True,False
2025,6,ADL,Arizona Cardinals,OFF,7,True,False
2025,6,ADL,Arizona Cardinals,DEF,12,True,False
2025,6,ADL,Los Angeles Rams,OFF,7,True,False
2025,6,ADL,Los Angeles Rams,DEF,12,True,False
2025,6,ADL,San Francisco 49ers,OFF,7,True,False
2025,6,ADL,San Francisco 49ers,DEF,12,True,False
2025,6,ADL,Seattle Seahawks,OFF,7,True,False
2025,6,ADL,Seattle Seahawks,DEF,12,True,False
2025,6,ADL,Buffalo Bills,OFF,7,True,False
2025,6,ADL,Buffalo Bills,DEF,12,True,False
2025,6,ADL,Miami Dolphins,OFF,7,True,False
2025,6,ADL,Miami Dolphins,DEF,12,True,False
2025,6,ADL,New England Patriots,OFF,7,True,False
2025,6,ADL,New England Patriots,DEF,12,True,False
2025,6,ADL,New York Jets,OFF,7,True,False
2025,6,ADL,New York Jets,DEF,12,True,False
2025,6,ADL,Baltimore Ravens,OFF,7,True,False
2025,6,ADL,Baltimore Ravens,DEF,12,True,False
2025,6,ADL,Cincinnati Bengals,OFF,7,True,False
2025,6,ADL,Cincinnati Bengals,DEF,12,True,False
2025,6,ADL,Cleveland Browns,OFF,7,True,False
2025,6,ADL,Cleveland Browns,DEF,12,True,False
2025,6,ADL,Pittsburgh Steelers,OFF,7,True,False
2025,6,ADL,Pittsburgh Steelers,DEF,12,True,False
2025,6,ADL,Houston Texans,OFF,7,True,False
2025,6,ADL,Houston Texans,DEF,12,True,False
2025,6,ADL,Indianapolis Colts,OFF,7,True,False
2025,6,ADL,Indianapolis Colts,DEF,12,True,False
2025,6,ADL,Jacksonville Jaguars,OFF,7,True,False
2025,6,ADL,Jacksonville Jaguars,DEF,12,True,False
2025,6,ADL,Tennessee Titans,OFF,7,True,False
2025,6,ADL,Tennessee Titans,DEF,12,True,False
2025,6,ADL,Denver Broncos,OFF,7,True,False
2025,6,ADL,Denver Broncos,DEF,12,True,False
2025,6,ADL,Kansas City Chiefs,OFF,7,True,False
2025,6,ADL,Kansas City Chiefs,DEF,12,True,False
2025,6,ADL,Las Vegas Raiders,OFF,7,True,False
2025,6,ADL,Las Vegas Raiders,DEF,12,True,False
2025,6,ADL,Los Angeles Chargers,OFF,7,True,False
2025,6,ADL,Los Angeles Chargers,DEF,12,True,False
2025,7,ADL,Dallas Cowboys,OFF,7,True,False
2025,7,ADL,Dallas Cowboys,DEF,12,True,False
2025,7,ADL,New York Giants,OFF,7,True,False
2025,7,ADL,New York Giants,DEF,12,True,False
2025,7,ADL,Philadelphia Eagles,OFF,7,True,False
2025,7,ADL,Philadelphia Eagles,DEF,12,True,False
2025,7,ADL,Washington Commanders,OFF,7,True,False
2025,7,ADL,Washington Commanders,DEF,12,True,False
2025,7,ADL,Chicago Bears,OFF,7,True,False
2025,7,ADL,Chicago Bears,DEF,12,True,False
2025,7,ADL,Detroit Lions,OFF,7,True,False
2025,7,ADL,Detroit Lions,DEF,12,True,False
2025,7,ADL,Green Bay Packers,OFF,7,True,False
2025,7,ADL,Green Bay Packers,DEF,12,True,False
2025,7,ADL,Minnesota Vikings,OFF,7,True,False
2025,7,ADL,Minnesota Vikings,DEF,12,True,False
2025,7,ADL,Atlanta Falcons,OFF,7,True,False
2025,7,ADL,Atlanta Falcons,DEF,12,True,False
2025,7,ADL,Carolina Panthers,OFF,7,True,False
2025,7,ADL,Carolina Panthers,DEF,12,True,False
2025,7,ADL,New Orleans Saints,OFF,7,True,False
2025,7,ADL,New Orleans Saints,DEF,12,True,False
2025,7,ADL,Tampa Bay Buccaneers,OFF,7,True,False
2025,7,ADL,Tampa Bay Buccaneers,DEF,12,True,False
2025,7,ADL,Arizona Cardinals,OFF,7,True,False
2025,7,ADL,Arizona Cardinals,DEF,12,True,False
2025,7,ADL,Los Angeles Rams,OFF,7,True,False
2025,7,ADL,Los Angeles Rams,DEF,12,True,False
2025,7,ADL,San Francisco 49ers,OFF,7,True,False
2025,7,ADL,San Francisco 49ers,DEF,12,True,False
2025,7,ADL,Seattle Seahawks,OFF,7,True,False
2025,7,ADL,Seattle Seahawks,DEF,12,True,False
2025,7,ADL,Buffalo Bills,OFF,7,True,False
2025,7,ADL,Buffalo Bills,DEF,12,True,False
2025,7,ADL,Miami Dolphins,OFF,7,True,False
2025,7,ADL,Miami Dolphins,DEF,12,True,False
2025,7,ADL,New England Patriots,OFF,7,True,False
2025,7,ADL,New England Patriots,DEF,12,True,False
2025,7,ADL,New York Jets,OFF,7,True,False
2025,7,ADL,New York Jets,DEF,12,True,False
2025,7,ADL,Baltimore Ravens,OFF,7,True,False
2025,7,ADL,Baltimore Ravens,DEF,12,True,False
2025,7,ADL,Cincinnati Bengals,OFF,7,True,False
2025,7,ADL,Cincinnati Bengals,DEF,12,True,False
2025,7,ADL,Cleveland Browns,OFF,7,True,False
2025,7,ADL,Cleveland Browns,DEF,12,True,False
2025,7,ADL,Pittsburgh Steelers,OFF,7,True,False
2025,7,ADL,Pittsburgh Steelers,DEF,12,True,False
2025,7,ADL,Houston Texans,OFF,7,True,False
2025,7,ADL,Houston Texans,DEF,12,True,False
2025,7,ADL,Indianapolis Colts,OFF,7,True,False
2025,7,ADL,Indianapolis Colts,DEF,12,True,False
2025,7,ADL,Jacksonville Jaguars,OFF,7,True,False
2025,7,ADL,Jacksonville Jaguars,DEF,12,True,False
2025,7,ADL,Tennessee Titans,OFF,7,True,False
2025,7,ADL,Tennessee Titans,DEF,12,True,False
2025,7,ADL,Denver Broncos,OFF,7,True,False
2025,7,ADL,Denver Broncos,DEF,12,True,False
2025,7,ADL,Kansas City Chiefs,OFF,7,True,False
2025,7,ADL,Kansas City Chiefs,DEF,12,True,False
2025,7,ADL,Las Vegas Raiders,OFF,7,True,False
2025,7,ADL,Las Vegas Raiders,DEF,12,True,False
2025,7,ADL,Los Angeles Chargers,OFF,7,True,False
2025,7,ADL,Los Angeles Chargers,DEF,12,True,False
2025,8,ADL,Dallas Cowboys,OFF,7,True,False
2025,8,ADL,Dallas Cowboys,DEF,12,True,False
2025,8,ADL,New York Giants,OFF,7,True,False
2025,8,ADL,New York Giants,DEF,12,True,False
2025,8,ADL,Philadelphia Eagles,OFF,7,True,False
2025,8,ADL,Philadelphia Eagles,DEF,12,True,False
2025,8,ADL,Washington Commanders,OFF,7,True,False
2025,8,ADL,Washington Commanders,DEF,12,True,False
2025,8,ADL,Chicago Bears,OFF,7,True,False
2025,8,ADL,Chicago Bears,DEF,12,True,False
2025,8,ADL,Detroit Lions,OFF,7,True,False
2025,8,ADL,Detroit Lions,DEF,12,True,False
2025,8,ADL,Green Bay Packers,OFF,7,True,False
2025,8,ADL,Green Bay Packers,DEF,12,True,False
2025,8,ADL,Minnesota Vikings,OFF,7,True,False
2025,8,ADL,Minnesota Vikings,DEF,12,True,False
2025,8,ADL,Atlanta Falcons,OFF,7,True,False
2025,8,ADL,Atlanta Falcons,DEF,12,True,False
2025,8,ADL,Carolina Panthers,OFF,7,True,False
2025,8,ADL,Carolina Panthers,DEF,12,True,False
2025,8,ADL,New Orleans Saints,OFF,7,True,False
2025,8,ADL,New Orleans Saints,DEF,12,True,False
2025,8,ADL,Tampa Bay Buccaneers,OFF,7,True,False
2025,8,ADL,Tampa Bay Buccaneers,DEF,12,True,False
2025,8,ADL,Arizona Cardinals,OFF,7,True,False
2025,8,ADL,Arizona Cardinals,DEF,12,True,False
2025,8,ADL,Los Angeles Rams,OFF,7,True,False
2025,8,ADL,Los Angeles Rams,DEF,12,True,False
2025,8,ADL,San Francisco 49ers,OFF,7,True,False
2025,8,ADL,San Francisco 49ers,DEF,12,True,False
2025,8,ADL,Seattle Seahawks,OFF,7,True,False
2025,8,ADL,Seattle Seahawks,DEF,12,True,False
2025,8,ADL,Buffalo Bills,OFF,7,True,False
2025,8,ADL,Buffalo Bills,DEF,12,True,False
2025,8,ADL,Miami Dolphins,OFF,7,True,False
2025,8,ADL,Miami Dolphins,DEF,12,True,False
2025,8,ADL,New England Patriots,OFF,7,True,False
2025,8,ADL,New England Patriots,DEF,12,True,False
2025,8,ADL,New York Jets,OFF,7,True,False
2025,8,ADL,New York Jets,DEF,12,True,False
2025,8,ADL,Baltimore Ravens,OFF,7,True,False
2025,8,ADL,Baltimore Ravens,DEF,12,True,False
2025,8,ADL,Cincinnati Bengals,OFF,7,True,False
2025,8,ADL,Cincinnati Bengals,DEF,12,True,False
2025,8,ADL,Cleveland Browns,OFF,7,True,False
2025,8,ADL,Cleveland Browns,DEF,12,True,False
2025,8,ADL,Pittsburgh Steelers,OFF,7,True,False
2025,8,ADL,Pittsburgh Steelers,DEF,12,True,False
2025,8,ADL,Houston Texans,OFF,7,True,False
2025,8,ADL,Houston Texans,DEF,12,True,False
2025,8,ADL,Indianapolis Colts,OFF,7,True,False
2025,8,ADL,Indianapolis Colts,DEF,12,True,False
2025,8,ADL,Jacksonville Jaguars,OFF,7,True,False
2025,8,ADL,Jacksonville Jaguars,DEF,12,True,False
2025,8,ADL,Tennessee Titans,OFF,7,True,False
2025,8,ADL,Tennessee Titans,DEF,12,True,False
2025,8,ADL,Denver Broncos,OFF,7,True,False
2025,8,ADL,Denver Broncos,DEF,12,True,False
2025,8,ADL,Kansas City Chiefs,OFF,7,True,False
2025,8,ADL,Kansas City Chiefs,DEF,12,True,False
2025,8,ADL,Las Vegas Raiders,OFF,7,True,False
2025,8,ADL,Las Vegas Raiders,DEF,12,True,False
2025,8,ADL,Los Angeles Chargers,OFF,7,True,False
2025,8,ADL,Los Angeles Chargers,DEF,12,True,False
2025,9,ADL,Dallas Cowboys,OFF,7,True,False
2025,9,ADL,Dallas Cowboys,DEF,12,True,False
2025,9,ADL,New York Giants,OFF,7,True,False
2025,9,ADL,New York Giants,DEF,12,True,False
2025,9,ADL,Philadelphia Eagles,OFF,7,True,False
2025,9,ADL,Philadelphia Eagles,DEF,12,True,False
2025,9,ADL,Washington Commanders,OFF,7,True,False
2025,9,ADL,Washington Commanders,DEF,12,True,False
2025,9,ADL,Chicago Bears,OFF,7,True,False
2025,9,ADL,Chicago Bears,DEF,12,True,False
2025,9,ADL,Detroit Lions,OFF,7,True,False
2025,9,ADL,Detroit Lions,DEF,12,True,False
2025,9,ADL,Green Bay Packers,OFF,7,True,False
2025,9,ADL,Green Bay Packers,DEF,12,True,False
2025,9,ADL,Minnesota Vikings,OFF,7,True,False
2025,9,ADL,Minnesota Vikings,DEF,12,True,False
2025,9,ADL,Atlanta Falcons,OFF,7,True,False
2025,9,ADL,Atlanta Falcons,DEF,12,True,False
2025,9,ADL,Carolina Panthers,OFF,7,True,False
2025,9,ADL,Carolina Panthers,DEF,12,True,False
2025,9,ADL,New Orleans Saints,OFF,7,True,False
2025,9,ADL,New Orleans Saints,DEF,12,True,False
2025,9,ADL,Tampa Bay Buccaneers,OFF,7,True,False
2025,9,ADL,Tampa Bay Buccaneers,DEF,12,True,False
2025,9,ADL,Arizona Cardinals,OFF,7,True,False
2025,9,ADL,Arizona Cardinals,DEF,12,True,False
2025,9,ADL,Los Angeles Rams,OFF,7,True,False
2025,9,ADL,Los Angeles Rams,DEF,12,True,False
2025,9,ADL,San Francisco 49ers,OFF,7,True,False
2025,9,ADL,San Francisco 49ers,DEF,12,True,False
2025,9,ADL,Seattle Seahawks,OFF,7,True,False
2025,9,ADL,Seattle Seahawks,DEF,12,True,False
2025,9,ADL,Buffalo Bills,OFF,7,True,False
2025,9,ADL,Buffalo Bills,DEF,12,True,False
2025,9,ADL,Miami Dolphins,OFF,7,True,False
2025,9,ADL,Miami Dolphins,DEF,12,True,False
2025,9,ADL,New England Patriots,OFF,7,True,False
2025,9,ADL,New England Patriots,DEF,12,True,False
2025,9,ADL,New York Jets,OFF,7,True,False
2025,9,ADL,New York Jets,DEF,12,True,False
2025,9,ADL,Baltimore Ravens,OFF,7,True,False
2025,9,ADL,Baltimore Ravens,DEF,12,True,False
2025,9,ADL,Cincinnati Bengals,OFF,7,True,False
2025,9,ADL,Cincinnati Bengals,DEF,12,True,False
2025,9,ADL,Cleveland Browns,OFF,7,True,False
2025,9,ADL,Cleveland Browns,DEF,12,True,False
2025,9,ADL,Pittsburgh Steelers,OFF,7,True,False
2025,9,ADL,Pittsburgh Steelers,DEF,12,True,False
2025,9,ADL,Houston Texans,OFF,7,True,False
2025,9,ADL,Houston Texans,DEF,12,True,False
2025,9,ADL,Indianapolis Colts,OFF,7,True,False
2025,9,ADL,Indianapolis Colts,DEF,12,True,False
2025,9,ADL,Jacksonville Jaguars,OFF,7,True,False
2025,9,ADL,Jacksonville Jaguars,DEF,12,True,False
2025,9,ADL,Tennessee Titans,OFF,7,True,False
2025,9,ADL,Tennessee Titans,DEF,12,True,False
2025,9,ADL,Denver Broncos,OFF,7,True,False
2025,9,ADL,Denver Broncos,DEF,12,True,False
2025,9,ADL,Kansas City Chiefs,OFF,7,True,False
2025,9,ADL,Kansas City Chiefs,DEF,12,True,False
2025,9,ADL,Las Vegas Raiders,OFF,7,True,False
2025,9,ADL,Las Vegas Raiders,DEF,12,True,False
2025,9,ADL,Los Angeles Chargers,OFF,7,True,False
2025,9,ADL,Los Angeles Chargers,DEF,12,True,False
2025,10,ADL,Dallas Cowboys,OFF,7,True,False
2025,10,ADL,Dallas Cowboys,DEF,12,True,False
2025,10,ADL,New York Giants,OFF,7,True,False
2025,10,ADL,New York Giants,DEF,12,True,False
2025,10,ADL,Philadelphia Eagles,OFF,7,True,False
2025,10,ADL,Philadelphia Eagles,DEF,12,True,False
2025,10,ADL,Washington Commanders,OFF,7,True,False
2025,10,ADL,Washington Commanders,DEF,12,True,False
2025,10,ADL,Chicago Bears,OFF,7,True,False
2025,10,ADL,Chicago Bears,DEF,12,True,False
2025,10,ADL,Detroit Lions,OFF,7,True,False
2025,10,ADL,Detroit Lions,DEF,12,True,False
2025,10,ADL,Green Bay Packers,OFF,7,True,False
2025,10,ADL,Green Bay Packers,DEF,12,True,False
2025,10,ADL,Minnesota Vikings,OFF,7,True,False
2025,10,ADL,Minnesota Vikings,DEF,12,True,False
2025,10,ADL,Atlanta Falcons,OFF,7,True,False
2025,10,ADL,Atlanta Falcons,DEF,12,True,False
2025,10,ADL,Carolina Panthers,OFF,7,True,False
2025,10,ADL,Carolina Panthers,DEF,12,True,False
2025,10,ADL,New Orleans Saints,OFF,7,True,False
2025,10,ADL,New Orleans Saints,DEF,12,True,False
2025,10,ADL,Tampa Bay Buccaneers,OFF,7,True,False
2025,10,ADL,Tampa Bay Buccaneers,DEF,12,True,False
2025,10,ADL,Arizona Cardinals,OFF,7,True,False
2025,10,ADL,Arizona Cardinals,DEF,12,True,False
2025,10,ADL,Los Angeles Rams,OFF,7,True,False
2025,10,ADL,Los Angeles Rams,DEF,12,True,False
2025,10,ADL,San Francisco 49ers,OFF,7,True,False
2025,10,ADL,San Francisco 49ers,DEF,12,True,False
2025,10,ADL,Seattle Seahawks,OFF,7,True,False
2025,10,ADL,Seattle Seahawks,DEF,12,True,False
2025,10,ADL,Buffalo Bills,OFF,7,True,False
2025,10,ADL,Buffalo Bills,DEF,12,True,False
2025,10,ADL,Miami Dolphins,OFF,7,True,False
2025,10,ADL,Miami Dolphins,DEF,12,True,False
2025,10,ADL,New England Patriots,OFF,7,True,False
2025,10,ADL,New England Patriots,DEF,12,True,False
2025,10,ADL,New York Jets,OFF,7,True,False
2025,10,ADL,New York Jets,DEF,12,True,False
2025,10,ADL,Baltimore Ravens,OFF,7,True,False
2025,10,ADL,Baltimore Ravens,DEF,12,True,False
2025,10,ADL,Cincinnati Bengals,OFF,7,True,False
2025,10,ADL,Cincinnati Bengals,DEF,12,True,False
2025,10,ADL,Cleveland Browns,OFF,7,True,False
2025,10,ADL,Cleveland Browns,DEF,12,True,False
2025,10,ADL,Pittsburgh Steelers,OFF,7,True,False
2025,10,ADL,Pittsburgh Steelers,DEF,12,True,False
2025,10,ADL,Houston Texans,OFF,7,True,False
2025,10,ADL,Houston Texans,DEF,12,True,False
2025,10,ADL,Indianapolis Colts,OFF,7,True,False
2025,10,ADL,Indianapolis Colts,DEF,12,True,False
2025,10,ADL,Jacksonville Jaguars,OFF,7,True,False
2025,10,ADL,Jacksonville Jaguars,DEF,12,True,False
2025,10,ADL,Tennessee Titans,OFF,7,True,False
2025,10,ADL,Tennessee Titans,DEF,12,True,False
2025,10,ADL,Denver Broncos,OFF,7,True,False
2025,10,ADL,Denver Broncos,DEF,12,True,False
2025,10,ADL,Kansas City Chiefs,OFF,7,True,False
2025,10,ADL,Kansas City Chiefs,DEF,12,True,False
2025,10,ADL,Las Vegas Raiders,OFF,7,True,False
2025,10,ADL,Las Vegas Raiders,DEF,12,True,False
2025,10,ADL,Los Angeles Chargers,OFF,7,True,False
2025,10,ADL,Los Angeles Chargers,DEF,12,True,False
2025,11,ADL,Dallas Cowboys,OFF,7,True,False
2025,11,ADL,Dallas Cowboys,DEF,12,True,False
2025,11,ADL,New York Giants,OFF,7,True,False
2025,11,ADL,New York Giants,DEF,12,True,False
2025,11,ADL,Philadelphia Eagles,OFF,7,True,False
2025,11,ADL,Philadelphia Eagles,DEF,12,True,False
2025,11,ADL,Washington Commanders,OFF,7,True,False
2025,11,ADL,Washington Commanders,DEF,12,True,False
2025,11,ADL,Chicago Bears,OFF,7,True,False
2025,11,ADL,Chicago Bears,DEF,12,True,False
2025,11,ADL,Detroit Lions,OFF,7,True,False
2025,11,ADL,Detroit Lions,DEF,12,True,False
2025,11,ADL,Green Bay Packers,OFF,7,True,False
2025,11,ADL,Green Bay Packers,DEF,12,True,False
2025,11,ADL,Minnesota Vikings,OFF,7,True,False
2025,11,ADL,Minnesota Vikings,DEF,12,True,False
2025,11,ADL,Atlanta Falcons,OFF,7,True,False
2025,11,ADL,Atlanta Falcons,DEF,12,True,False
2025,11,ADL,Carolina Panthers,OFF,7,True,False
2025,11,ADL,Carolina Panthers,DEF,12,True,False
2025,11,ADL,New Orleans Saints,OFF,7,True,False
2025,11,ADL,New Orleans Saints,DEF,12,True,False
2025,11,ADL,Tampa Bay Buccaneers,OFF,7,True,False
2025,11,ADL,Tampa Bay Buccaneers,DEF,12,True,False
2025,11,ADL,Arizona Cardinals,OFF,7,True,False
2025,11,ADL,Arizona Cardinals,DEF,12,True,False
2025,11,ADL,Los Angeles Rams,OFF,7,True,False
2025,11,ADL,Los Angeles Rams,DEF,12,True,False
2025,11,ADL,San Francisco 49ers,OFF,7,True,False
2025,11,ADL,San Francisco 49ers,DEF,12,True,False
2025,11,ADL,Seattle Seahawks,OFF,7,True,False
2025,11,ADL,Seattle Seahawks,DEF,12,True,False
2025,11,ADL,Buffalo Bills,OFF,7,True,False
2025,11,ADL,Buffalo Bills,DEF,12,True,False
2025,11,ADL,Miami Dolphins,OFF,7,True,False
2025,11,ADL,Miami Dolphins,DEF,12,True,False
2025,11,ADL,New England Patriots,OFF,7,True,False
2025,11,ADL,New England Patriots,DEF,12,True,False
2025,11,ADL,New York Jets,OFF,7,True,False
2025,11,ADL,New York Jets,DEF,12,True,False
2025,11,ADL,Baltimore Ravens,OFF,7,True,False
2025,11,ADL,Baltimore Ravens,DEF,12,True,False
2025,11,ADL,Cincinnati Bengals,OFF,7,True,False
2025,11,ADL,Cincinnati Bengals,DEF,12,True,False
2025,11,ADL,Cleveland Browns,OFF,7,True,False
2025,11,ADL,Cleveland Browns,DEF,12,True,False
2025,11,ADL,Pittsburgh Steelers,OFF,7,True,False
2025,11,ADL,Pittsburgh Steelers,DEF,12,True,False
2025,11,ADL,Houston Texans,OFF,7,True,False
2025,11,ADL,Houston Texans,DEF,12,True,False
2025,11,ADL,Indianapolis Colts,OFF,7,True,False
2025,11,ADL,Indianapolis Colts,DEF,12,True,False
2025,11,ADL,Jacksonville Jaguars,OFF,7,True,False
2025,11,ADL,Jacksonville Jaguars,DEF,12,True,False
2025,11,ADL,Tennessee Titans,OFF,7,True,False
2025,11,ADL,Tennessee Titans,DEF,12,True,False
2025,11,ADL,Denver Broncos,OFF,7,True,False
2025,11,ADL,Denver Broncos,DEF,12,True,False
2025,11,ADL,Kansas City Chiefs,OFF,7,True,False
2025,11,ADL,Kansas City Chiefs,DEF,12,True,False
2025,11,ADL,Las Vegas Raiders,OFF,7,True,False
2025,11,ADL,Las Vegas Raiders,DEF,12,True,False
2025,11,ADL,Los Angeles Chargers,OFF,7,True,False
2025,11,ADL,Los Angeles Chargers,DEF,12,True,False
2025,12,ADL,Dallas Cowboys,OFF,7,True,False
2025,12,ADL,Dallas Cowboys,DEF,12,True,False
2025,12,ADL,New York Giants,OFF,7,True,False
2025,12,ADL,New York Giants,DEF,12,True,False
2025,12,ADL,Philadelphia Eagles,OFF,7,True,False
2025,12,ADL,Philadelphia Eagles,DEF,12,True,False
2025,12,ADL,Washington Commanders,OFF,7,True,False
2025,12,ADL,Washington Commanders,DEF,12,True,False
2025,12,ADL,Chicago Bears,OFF,7,True,False
2025,12,ADL,Chicago Bears,DEF,12,True,False
2025,12,ADL,Detroit Lions,OFF,7,True,False
2025,12,ADL,Detroit Lions,DEF,12,True,False
2025,12,ADL,Green Bay Packers,OFF,7,True,False
2025,12,ADL,Green Bay Packers,DEF,12,True,False
2025,12,ADL,Minnesota Vikings,OFF,7,True,False
2025,12,ADL,Minnesota Vikings,DEF,12,True,False
2025,12,ADL,Atlanta Falcons,OFF,7,True,False
2025,12,ADL,Atlanta Falcons,DEF,12,True,False
2025,12,ADL,Carolina Panthers,OFF,7,True,False
2025,12,ADL,Carolina Panthers,DEF,12,True,False
2025,12,ADL,New Orleans Saints,OFF,7,True,False
2025,12,ADL,New Orleans Saints,DEF,12,True,False
2025,12,ADL,Tampa Bay Buccaneers,OFF,7,True,False
2025,12,ADL,Tampa Bay Buccaneers,DEF,12,True,False
2025,12,ADL,Arizona Cardinals,OFF,7,True,False
2025,12,ADL,Arizona Cardinals,DEF,12,True,False
2025,12,ADL,Los Angeles Rams,OFF,7,True,False
2025,12,ADL,Los Angeles Rams,DEF,12,True,False
2025,12,ADL,San Francisco 49ers,OFF,7,True,False
2025,12,ADL,San Francisco 49ers,DEF,12,True,False
2025,12,ADL,Seattle Seahawks,OFF,7,True,False
2025,12,ADL,Seattle Seahawks,DEF,12,True,False
2025,12,ADL,Buffalo Bills,OFF,7,True,False
2025,12,ADL,Buffalo Bills,DEF,12,True,False
2025,12,ADL,Miami Dolphins,OFF,7,True,False
2025,12,ADL,Miami Dolphins,DEF,12,True,False
2025,12,ADL,New England Patriots,OFF,7,True,False
2025,12,ADL,New England Patriots,DEF,12,True,False
2025,12,ADL,New York Jets,OFF,7,True,False
2025,12,ADL,New York Jets,DEF,12,True,False
2025,12,ADL,Baltimore Ravens,OFF,7,True,False
2025,12,ADL,Baltimore Ravens,DEF,12,True,False
2025,12,ADL,Cincinnati Bengals,OFF,7,True,False
2025,12,ADL,Cincinnati Bengals,DEF,12,True,False
2025,12,ADL,Cleveland Browns,OFF,7,True,False
2025,12,ADL,Cleveland Browns,DEF,12,True,False
2025,12,ADL,Pittsburgh Steelers,OFF,7,True,False
2025,12,ADL,Pittsburgh Steelers,DEF,12,True,False
2025,12,ADL,Houston Texans,OFF,7,True,False
2025,12,ADL,Houston Texans,DEF,12,True,False
2025,12,ADL,Indianapolis Colts,OFF,7,True,False
2025,12,ADL,Indianapolis Colts,DEF,12,True,False
2025,12,ADL,Jacksonville Jaguars,OFF,7,True,False
2025,12,ADL,Jacksonville Jaguars,DEF,12,True,False
2025,12,ADL,Tennessee Titans,OFF,7,True,False
2025,12,ADL,Tennessee Titans,DEF,12,True,False
2025,12,ADL,Denver Broncos,OFF,7,True,False
2025,12,ADL,Denver Broncos,DEF,12,True,False
2025,12,ADL,Kansas City Chiefs,OFF,7,True,False
2025,12,ADL,Kansas City Chiefs,DEF,12,True,False
2025,12,ADL,Las Vegas Raiders,OFF,7,True,False
2025,12,ADL,Las Vegas Raiders,DEF,12,True,False
2025,12,ADL,Los Angeles Chargers,OFF,7,True,False
2025,12,ADL,Los Angeles Chargers,DEF,12,True,False
2025,13,ADL,Dallas Cowboys,OFF,7,True,False
2025,13,ADL,Dallas Cowboys,DEF,12,True,False
2025,13,ADL,New York Giants,OFF,7,True,False
2025,13,ADL,New York Giants,DEF,12,True,False
2025,13,ADL,Philadelphia Eagles,OFF,7,True,False
2025,13,ADL,Philadelphia Eagles,DEF,12,True,False
2025,13,ADL,Washington Commanders,OFF,7,True,False
2025,13,ADL,Washington Commanders,DEF,12,True,False
2025,13,ADL,Chicago Bears,OFF,7,True,False
2025,13,ADL,Chicago Bears,DEF,12,True,False
2025,13,ADL,Detroit Lions,OFF,7,True,False
2025,13,ADL,Detroit Lions,DEF,12,True,False
2025,13,ADL,Green Bay Packers,OFF,7,True,False
2025,13,ADL,Green Bay Packers,DEF,12,True,False
2025,13,ADL,Minnesota Vikings,OFF,7,True,False
2025,13,ADL,Minnesota Vikings,DEF,12,True,False
2025,13,ADL,Atlanta Falcons,OFF,7,True,False
2025,13,ADL,Atlanta Falcons,DEF,12,True,False
2025,13,ADL,Carolina Panthers,OFF,7,True,False
2025,13,ADL,Carolina Panthers,DEF,12,True,False
2025,13,ADL,New Orleans Saints,OFF,7,True,False
2025,13,ADL,New Orleans Saints,DEF,12,True,False
2025,13,ADL,Tampa Bay Buccaneers,OFF,7,True,False
2025,13,ADL,Tampa Bay Buccaneers,DEF,12,True,False
2025,13,ADL,Arizona Cardinals,OFF,7,True,False
2025,13,ADL,Arizona Cardinals,DEF,12,True,False
2025,13,ADL,Los Angeles Rams,OFF,7,True,False
2025,13,ADL,Los Angeles Rams,DEF,12,True,False
2025,13,ADL,San Francisco 49ers,OFF,7,True,False
2025,13,ADL,San Francisco 49ers,DEF,12,True,False
2025,13,ADL,Seattle Seahawks,OFF,7,True,False
2025,13,ADL,Seattle Seahawks,DEF,12,True,False
2025,13,ADL,Buffalo Bills,OFF,7,True,False
2025,13,ADL,Buffalo Bills,DEF,12,True,False
2025,13,ADL,Miami Dolphins,OFF,7,True,False
2025,13,ADL,Miami Dolphins,DEF,12,True,False
2025,13,ADL,New England Patriots,OFF,7,True,False
2025,13,ADL,New England Patriots,DEF,12,True,False
2025,13,ADL,New York Jets,OFF,7,True,False
2025,13,ADL,New York Jets,DEF,12,True,False
2025,13,ADL,Baltimore Ravens,OFF,7,True,False
2025,13,ADL,Baltimore Ravens,DEF,12,True,False
2025,13,ADL,Cincinnati Bengals,OFF,7,True,False
2025,13,ADL,Cincinnati Bengals,DEF,12,True,False
2025,13,ADL,Cleveland Browns,OFF,7,True,False
2025,13,ADL,Cleveland Browns,DEF,12,True,False
2025,13,ADL,Pittsburgh Steelers,OFF,7,True,False
2025,13,ADL,Pittsburgh Steelers,DEF,12,True,False
2025,13,ADL,Houston Texans,OFF,7,True,False
2025,13,ADL,Houston Texans,DEF,12,True,False
2025,13,ADL,Indianapolis Colts,OFF,7,True,False
2025,13,ADL,Indianapolis Colts,DEF,12,True,False
2025,13,ADL,Jacksonville Jaguars,OFF,7,True,False
2025,13,ADL,Jacksonville Jaguars,DEF,12,True,False
2025,13,ADL,Tennessee Titans,OFF,7,True,False
2025,13,ADL,Tennessee Titans,DEF,12,True,False
2025,13,ADL,Denver Broncos,OFF,7,True,False
2025,13,ADL,Denver Broncos,DEF,12,True,False
2025,13,ADL,Kansas City Chiefs,OFF,7,True,False
2025,13,ADL,Kansas City Chiefs,DEF,12,True,False
2025,13,ADL,Las Vegas Raiders,OFF,7,True,False
2025,13,ADL,Las Vegas Raiders,DEF,12,True,False
2025,13,ADL,Los Angeles Chargers,OFF,7,True,False
2025,13,ADL,Los Angeles Chargers,DEF,12,True,False
2025,14,ADL,Dallas Cowboys,OFF,7,True,False
2025,14,ADL,Dallas Cowboys,DEF,12,True,False
2025,14,ADL,New York Giants,OFF,7,True,False
2025,14,ADL,New York Giants,DEF,12,True,False
2025,14,ADL,Philadelphia Eagles,OFF,7,True,False
2025,14,ADL,Philadelphia Eagles,DEF,12,True,False
2025,14,ADL,Washington Commanders,OFF,7,True,False
2025,14,ADL,Washington Commanders,DEF,12,True,False
2025,14,ADL,Chicago Bears,OFF,7,True,False
2025,14,ADL,Chicago Bears,DEF,12,True,False
2025,14,ADL,Detroit Lions,OFF,7,True,False
2025,14,ADL,Detroit Lions,DEF,12,True,False
2025,14,ADL,Green Bay Packers,OFF,7,True,False
2025,14,ADL,Green Bay Packers,DEF,12,True,False
2025,14,ADL,Minnesota Vikings,OFF,7,True,False
2025,14,ADL,Minnesota Vikings,DEF,12,True,False
2025,14,ADL,Atlanta Falcons,OFF,7,True,False
2025,14,ADL,Atlanta Falcons,DEF,12,True,False
2025,14,ADL,Carolina Panthers,OFF,7,True,False
2025,14,ADL,Carolina Panthers,DEF,12,True,False
2025,14,ADL,New Orleans Saints,OFF,7,True,False
2025,14,ADL,New Orleans Saints,DEF,12,True,False
2025,14,ADL,Tampa Bay Buccaneers,OFF,7,True,False
2025,14,ADL,Tampa Bay Buccaneers,DEF,12,True,False
2025,14,ADL,Arizona Cardinals,OFF,7,True,False
2025,14,ADL,Arizona Cardinals,DEF,12,True,False
2025,14,ADL,Los Angeles Rams,OFF,7,True,False
2025,14,ADL,Los Angeles Rams,DEF,12,True,False
2025,14,ADL,San Francisco 49ers,OFF,7,True,False
2025,14,ADL,San Francisco 49ers,DEF,12,True,False
2025,14,ADL,Seattle Seahawks,OFF,7,True,False
2025,14,ADL,Seattle Seahawks,DEF,12,True,False
2025,14,ADL,Buffalo Bills,OFF,7,True,False
2025,14,ADL,Buffalo Bills,DEF,12,True,False
2025,14,ADL,Miami Dolphins,OFF,7,True,False
2025,14,ADL,Miami Dolphins,DEF,12,True,False
2025,14,ADL,New England Patriots,OFF,7,True,False
2025,14,ADL,New England Patriots,DEF,12,True,False
2025,14,ADL,New York Jets,OFF,7,True,False
2025,14,ADL,New York Jets,DEF,12,True,False
2025,14,ADL,Baltimore Ravens,OFF,7,True,False
2025,14,ADL,Baltimore Ravens,DEF,12,True,False
2025,14,ADL,Cincinnati Bengals,OFF,7,True,False
2025,14,ADL,Cincinnati Bengals,DEF,12,True,False
2025,14,ADL,Cleveland Browns,OFF,7,True,False
2025,14,ADL,Cleveland Browns,DEF,12,True,False
2025,14,ADL,Pittsburgh Steelers,OFF,7,True,False
2025,14,ADL,Pittsburgh Steelers,DEF,12,True,False
2025,14,ADL,Houston Texans,OFF,7,True,False
2025,14,ADL,Houston Texans,DEF,12,True,False
2025,14,ADL,Indianapolis Colts,OFF,7,True,False
2025,14,ADL,Indianapolis Colts,DEF,12,True,False
2025,14,ADL,Jacksonville Jaguars,OFF,7,True,False
2025,14,ADL,Jacksonville Jaguars,DEF,12,True,False
2025,14,ADL,Tennessee Titans,OFF,7,True,False
2025,14,ADL,Tennessee Titans,DEF,12,True,False
2025,14,ADL,Denver Broncos,OFF,7,True,False
2025,14,ADL,Denver Broncos,DEF,12,True,False
2025,14,ADL,Kansas City Chiefs,OFF,7,True,False
2025,14,ADL,Kansas City Chiefs,DEF,12,True,False
2025,14,ADL,Las Vegas Raiders,OFF,7,True,False
2025,14,ADL,Las Vegas Raiders,DEF,12,True,False
2025,14,ADL,Los Angeles Chargers,OFF,7,True,False
2025,14,ADL,Los Angeles Chargers,DEF,12,True,False
2025,15,ADL,Dallas Cowboys,OFF,7,True,False
2025,15,ADL,Dallas Cowboys,DEF,12,True,False
2025,15,ADL,New York Giants,OFF,7,True,False
2025,15,ADL,New York Giants,DEF,12,True,False
2025,15,ADL,Philadelphia Eagles,OFF,7,True,False
2025,15,ADL,Philadelphia Eagles,DEF,12,True,False
2025,15,ADL,Washington Commanders,OFF,6,False,False
2025,15,ADL,Washington Commanders,DEF,10,False,False
2025,15,ADL,Chicago Bears,OFF,7,True,False
2025,15,ADL,Chicago Bears,DEF,12,True,False
2025,15,ADL,Detroit Lions,OFF,7,True,False
2025,15,ADL,Detroit Lions,DEF,11,False,False
2025,15,ADL,Green Bay Packers,OFF,7,True,False
2025,15,ADL,Green Bay Packers,DEF,12,True,False
2025,15,ADL,Minnesota Vikings,OFF,7,True,False
2025,15,ADL,Minnesota Vikings,DEF,12,True,False
2025,15,ADL,Atlanta Falcons,OFF,7,True,False
2025,15,ADL,Atlanta Falcons,DEF,12,True,False
2025,15,ADL,Carolina Panthers,OFF,7,True,False
2025,15,ADL,Carolina Panthers,DEF,12,True,False
2025,15,ADL,New Orleans Saints,OFF,7,True,False
2025,15,ADL,New Orleans Saints,DEF,12,True,False
2025,15,ADL,Tampa Bay Buccaneers,OFF,7,True,False
2025,15,ADL,Tampa Bay Buccaneers,DEF,12,True,False
2025,15,ADL,Arizona Cardinals,OFF,7,True,False
2025,15,ADL,Arizona Cardinals,DEF,12,True,False
2025,15,ADL,Los Angeles Rams,OFF,7,True,False
2025,15,ADL,Los Angeles Rams,DEF,12,True,False
2025,15,ADL,San Francisco 49ers,OFF,7,True,False
2025,15,ADL,San Francisco 49ers,DEF,12,True,False
2025,15,ADL,Seattle Seahawks,OFF,7,True,False
2025,15,ADL,Seattle Seahawks,DEF,12,True,False
2025,15,ADL,Buffalo Bills,OFF,7,True,False
2025,15,ADL,Buffalo Bills,DEF,12,True,False
2025,15,ADL,Miami Dolphins,OFF,7,True,False
2025,15,ADL,Miami Dolphins,DEF,12,True,False
2025,15,ADL,New England Patriots,OFF,7,True,False
2025,15,ADL,New England Patriots,DEF,12,True,False
2025,15,ADL,New York Jets,OFF,7,True,False
2025,15,ADL,New York Jets,DEF,12,True,False
2025,15,ADL,Baltimore Ravens,OFF,7,True,False
2025,15,ADL,Baltimore Ravens,DEF,12,True,False
2025,15,ADL,Cincinnati Bengals,OFF,7,True,False
2025,15,ADL,Cincinnati Bengals,DEF,12,True,False
2025,15,ADL,Cleveland Browns,OFF,7,True,False
2025,15,ADL,Cleveland Browns,DEF,12,True,False
2025,15,ADL,Pittsburgh Steelers,OFF,7,True,False
2025,15,ADL,Pittsburgh Steelers,DEF,12,True,False
2025,15,ADL,Houston Texans,OFF,7,True,False
2025,15,ADL,Houston Texans,DEF,12,True,False
2025,15,ADL,Indianapolis Colts,OFF,7,True,False
2025,15,ADL,Indianapolis Colts,DEF,12,True,False
2025,15,ADL,Jacksonville Jaguars,OFF,7,True,False
2025,15,ADL,Jacksonville Jaguars,DEF,12,True,False
2025,15,ADL,Tennessee Titans,OFF,7,True,False
2025,15,ADL,Tennessee Titans,DEF,12,True,False
2025,15,ADL,Denver Broncos,OFF,7,True,False
2025,15,ADL,Denver Broncos,DEF,12,True,False
2025,15,ADL,Kansas City Chiefs,OFF,7,True,False
2025,15,ADL,Kansas City Chiefs,DEF,12,True,False
2025,15,ADL,Las Vegas Raiders,OFF,7,True,False
2025,15,ADL,Las Vegas Raiders,DEF,12,True,False
2025,15,ADL,Los Angeles Chargers,OFF,7,True,False
2025,15,ADL,Los Angeles Chargers,DEF,12,True,False
2025,16,ADL,Dallas Cowboys,OFF,7,True,False
2025,16,ADL,Dallas Cowboys,DEF,12,True,False
2025,16,ADL,New York Giants,OFF,7,True,False
2025,16,ADL,New York Giants,DEF,12,True,False
2025,16,ADL,Philadelphia Eagles,OFF,7,True,False
2025,16,ADL,Philadelphia Eagles,DEF,12,True,False
2025,16,ADL,Washington Commanders,OFF,6,False,False
2025,16,ADL,Washington Commanders,DEF,10,False,False
2025,16,ADL,Chicago Bears,OFF,7,True,False
2025,16,ADL,Chicago Bears,DEF,12,True,False
2025,16,ADL,Detroit Lions,OFF,1,False,False
2025,16,ADL,Detroit Lions,DEF,2,False,False
2025,16,ADL,Green Bay Packers,OFF,7,True,False
2025,16,ADL,Green Bay Packers,DEF,12,True,False
2025,16,ADL,Minnesota Vikings,OFF,7,True,False
2025,16,ADL,Minnesota Vikings,DEF,12,True,False
2025,16,ADL,Atlanta Falcons,OFF,7,True,False
2025,16,ADL,Atlanta Falcons,DEF,12,True,False
2025,16,ADL,Carolina Panthers,OFF,7,True,False
2025,16,ADL,Carolina Panthers,DEF,12,True,False
2025,16,ADL,New Orleans Saints,OFF,7,True,False
2025,16,ADL,New Orleans Saints,DEF,12,True,False
2025,16,ADL,Tampa Bay Buccaneers,OFF,7,True,False
2025,16,ADL,Tampa Bay Buccaneers,DEF,12,True,False
2025,16,ADL,Arizona Cardinals,OFF,7,True,False
2025,16,ADL,Arizona Cardinals,DEF,12,True,False
2025,16,ADL,Los Angeles Rams,OFF,7,True,False
2025,16,ADL,Los Angeles Rams,DEF,12,True,False
2025,16,ADL,San Francisco 49ers,OFF,7,True,False
2025,16,ADL,San Francisco 49ers,DEF,12,True,False
2025,16,ADL,Seattle Seahawks,OFF,7,True,False
2025,16,ADL,Seattle Seahawks,DEF,12,True,False
2025,16,ADL,Buffalo Bills,OFF,7,True,False
2025,16,ADL,Buffalo Bills,DEF,12,True,False
2025,16,ADL,Miami Dolphins,OFF,7,True,False
2025,16,ADL,Miami Dolphins,DEF,12,True,False
2025,16,ADL,New England Patriots,OFF,7,True,False
2025,16,ADL,New England Patriots,DEF,12,True,False
2025,16,ADL,New York Jets,OFF,7,True,False
2025,16,ADL,New York Jets,DEF,12,True,False
2025,16,ADL,Baltimore Ravens,OFF,7,True,False
2025,16,ADL,Baltimore Ravens,DEF,12,True,False
2025,16,ADL,Cincinnati Bengals,OFF,7,True,False
2025,16,ADL,Cincinnati Bengals,DEF,11,False,False
2025,16,ADL,Cleveland Browns,OFF,7,True,False
2025,16,ADL,Cleveland Browns,DEF,12,True,False
2025,16,ADL,Pittsburgh Steelers,OFF,7,True,False
2025,16,ADL,Pittsburgh Steelers,DEF,12,True,False
2025,16,ADL,Houston Texans,OFF,7,True,False
2025,16,ADL,Houston Texans,DEF,12,True,False
2025,16,ADL,Indianapolis Colts,OFF,7,True,False
2025,16,ADL,Indianapolis Colts,DEF,12,True,False
2025,16,ADL,Jacksonville Jaguars,OFF,7,True,False
2025,16,ADL,Jacksonville Jaguars,DEF,12,True,False
2025,16,ADL,Tennessee Titans,OFF,7,True,False
2025,16,ADL,Tennessee Titans,DEF,12,True,False
2025,16,ADL,Denver Broncos,OFF,7,True,False
2025,16,ADL,Denver Broncos,DEF,12,True,False
2025,16,ADL,Kansas City Chiefs,OFF,7,True,False
2025,16,ADL,Kansas City Chiefs,DEF,12,True,False
2025,16,ADL,Las Vegas Raiders,OFF,7,True,False
2025,16,ADL,Las Vegas Raiders,DEF,12,True,False
2025,16,ADL,Los Angeles Chargers,OFF,7,True,False
2025,16,ADL,Los Angeles Chargers,DEF,12,True,False
2025,17,ADL,Dallas Cowboys,OFF,7,True,False
2025,17,ADL,Dallas Cowboys,DEF,12,True,False
2025,17,ADL,New York Giants,OFF,7,True,False
2025,17,ADL,New York Giants,DEF,12,True,False
2025,17,ADL,Philadelphia Eagles,OFF,7,True,False
2025,17,ADL,Philadelphia Eagles,DEF,12,True,False
2025,17,ADL,Washington Commanders,OFF,6,False,False
2025,17,ADL,Washington Commanders,DEF,10,False,False
2025,17,ADL,Chicago Bears,OFF,7,True,False
2025,17,ADL,Chicago Bears,DEF,12,True,False
2025,17,ADL,Detroit Lions,OFF,7,True,False
2025,17,ADL,Detroit Lions,DEF,12,True,False
2025,17,ADL,Green Bay Packers,OFF,7,True,False
2025,17,ADL,Green Bay Packers,DEF,12,True,False
2025,17,ADL,Minnesota Vikings,OFF,7,True,False
2025,17,ADL,Minnesota Vikings,DEF,12,True,False
2025,17,ADL,Atlanta Falcons,OFF,7,True,False
2025,17,ADL,Atlanta Falcons,DEF,12,True,False
2025,17,ADL,Carolina Panthers,OFF,7,True,False
2025,17,ADL,Carolina Panthers,DEF,12,True,False
2025,17,ADL,New Orleans Saints,OFF,7,True,False
2025,17,ADL,New Orleans Saints,DEF,11,False,False
2025,17,ADL,Tampa Bay Buccaneers,OFF,7,True,False
2025,17,ADL,Tampa Bay Buccaneers,DEF,12,True,False
2025,17,ADL,Arizona Cardinals,OFF,7,True,False
2025,17,ADL,Arizona Cardinals,DEF,12,True,False
2025,17,ADL,Los Angeles Rams,OFF,7,True,False
2025,17,ADL,Los Angeles Rams,DEF,12,True,False
2025,17,ADL,San Francisco 49ers,OFF,7,True,False
2025,17,ADL,San Francisco 49ers,DEF,12,True,False
2025,17,ADL,Seattle Seahawks,OFF,7,True,False
2025,17,ADL,Seattle Seahawks,DEF,12,True,False
2025,17,ADL,Buffalo Bills,OFF,7,True,False
2025,17,ADL,Buffalo Bills,DEF,12,True,False
2025,17,ADL,Miami Dolphins,OFF,7,True,False
2025,17,ADL,Miami Dolphins,DEF,12,True,False
2025,17,ADL,New England Patriots,OFF,7,True,False
2025,17,ADL,New England Patriots,DEF,12,True,False
2025,17,ADL,New York Jets,OFF,7,True,False
2025,17,ADL,New York Jets,DEF,12,True,False
2025,17,ADL,Baltimore Ravens,OFF,7,True,False
2025,17,ADL,Baltimore Ravens,DEF,12,True,False
2025,17,ADL,Cincinnati Bengals,OFF,7,True,False
2025,17,ADL,Cincinnati Bengals,DEF,12,True,False
2025,17,ADL,Cleveland Browns,OFF,7,True,False
2025,17,ADL,Cleveland Browns,DEF,12,True,False
2025,17,ADL,Pittsburgh Steelers,OFF,7,True,False
2025,17,ADL,Pittsburgh Steelers,DEF,12,True,False
2025,17,ADL,Houston Texans,OFF,7,True,False
2025,17,ADL,Houston Texans,DEF,12,True,False
2025,17,ADL,Indianapolis Colts,OFF,7,True,False
2025,17,ADL,Indianapolis Colts,DEF,12,True,False
2025,17,ADL,Jacksonville Jaguars,OFF,7,True,False
2025,17,ADL,Jacksonville Jaguars,DEF,12,True,False
2025,17,ADL,Tennessee Titans,OFF,7,True,False
2025,17,ADL,Tennessee Titans,DEF,12,True,False
2025,17,ADL,Denver Broncos,OFF,7,True,False
2025,17,ADL,Denver Broncos,DEF,12,True,False
2025,17,ADL,Kansas City Chiefs,OFF,7,True,False
2025,17,ADL,Kansas City Chiefs,DEF,12,True,False
2025,17,ADL,Las Vegas Raiders,OFF,7,True,False
2025,17,ADL,Las Vegas Raiders,DEF,12,True,False
2025,17,ADL,Los Angeles Chargers,OFF,7,True,False
2025,17,ADL,Los Angeles Chargers,DEF,12,True,False
2026,1,NFL,LAC,OFF,7,True,False
2026,1,NFL,LAC,DEF,12,True,False
2026,1,NFL,ARI,OFF,7,True,False
2026,1,NFL,ARI,DEF,12,True,False
2026,1,NFL,PIT,OFF,7,True,False
2026,1,NFL,PIT,DEF,12,True,False
2026,1,NFL,ATL,OFF,7,True,True
2026,1,NFL,ATL,DEF,12,True,False
2026,1,NFL,IND,OFF,7,True,False
2026,1,NFL,IND,DEF,12,True,False
2026,1,NFL,BAL,OFF,7,True,False
2026,1,NFL,BAL,DEF,12,True,False
2026,1,NFL,HOU,OFF,7,True,False
2026,1,NFL,HOU,DEF,12,True,False
2026,1,NFL,BUF,OFF,7,True,False
2026,1,NFL,BUF,DEF,12,True,False
2026,1,NFL,CAR,OFF,7,True,False
2026,1,NFL,CAR,DEF,12,True,True
2026,1,NFL,CHI,OFF,7,True,False
2026,1,NFL,CHI,DEF,12,True,True
2026,1,NFL,JAX,OFF,7,True,False
2026,1,NFL,JAX,DEF,12,True,False
2026,1,NFL,CLE,OFF,7,True,False
2026,1,NFL,CLE,DEF,12,True,False
2026,1,NFL,NYG,OFF,7,True,False
2026,1,NFL,NYG,DEF,12,True,False
2026,1,NFL,DAL,OFF,7,True,False
2026,1,NFL,DAL,DEF,12,True,False
2026,1,NFL,KC,OFF,7,True,False
2026,1,NFL,KC,DEF,12,True,False
2026,1,NFL,DEN,OFF,7,True,False
2026,1,NFL,DEN,DEF,12,True,False
2026,1,NFL,MIN,OFF,7,True,False
2026,1,NFL,MIN,DEF,12,True,False
2026,1,NFL,GB,OFF,7,True,False
2026,1,NFL,GB,DEF,12,True,False
2026,1,NFL,LV,OFF,7,True,False
2026,1,NFL,LV,DEF,12,True,False
2026,1,NFL,MIA,OFF,7,True,False
2026,1,NFL,MIA,DEF,12,True,True
2026,1,NFL,SEA,OFF,7,True,False
2026,1,NFL,SEA,DEF,12,True,False
2026,1,NFL,NE,OFF,7,True,False
2026,1,NFL,NE,DEF,12,True,False
2026,1,NFL,DET,OFF,7,True,False
2026,1,NFL,DET,DEF,12,True,False
2026,1,NFL,NO,OFF,7,True,False
2026,1,NFL,NO,DEF,12,True,False
2026,1,NFL,TEN,OFF,7,True,False
2026,1,NFL,TEN,DEF,12,True,False
2026,1,NFL,NYJ,OFF,7,True,False
2026,1,NFL,NYJ,DEF,12,True,False
2026,1,NFL,LA,OFF,7,True,False
2026,1,NFL,LA,DEF,12,True,True
2026,1,NFL,SF,OFF,7,True,False
2026,1,NFL,SF,DEF,12,True,True
2026,1,NFL,CIN,OFF,7,True,False
2026,1,NFL,CIN,DEF,12,True,False
2026,1,NFL,TB,OFF,7,True,False
2026,1,NFL,TB,DEF,12,True,False
2026,1,NFL,PHI,OFF,7,True,False
2026,1,NFL,PHI,DEF,12,True,False
2026,1,NFL,WAS,OFF,7,True,False
2026,1,NFL,WAS,DEF,12,True,False
2026,2,NFL,ATL,OFF,7,True,False
2026,2,NFL,ATL,DEF,12,True,True
2026,2,NFL,CAR,OFF,7,True,False
2026,2,NFL,CAR,DEF,12,True,False
2026,2,NFL,HOU,OFF,7,True,False
2026,2,NFL,HOU,DEF,12,True,False
2026,2,NFL,CIN,OFF,7,True,False
2026,2,NFL,CIN,DEF,12,True,False
2026,2,NFL,TB,OFF,7,True,False
2026,2,NFL,TB,DEF,12,True,False
2026,2,NFL,CLE,OFF,7,True,False
2026,2,NFL,CLE,DEF,12,True,True
2026,2,NFL,BUF,OFF,7,True,False
2026,2,NFL,BUF,DEF,12,True,False
2026,2,NFL,DET,OFF,7,True,False
2026,2,NFL,DET,DEF,12,True,True
2026,2,NFL,NYJ,OFF,7,True,False
2026,2,NFL,NYJ,DEF,12,True,False
2026,2,NFL,GB,OFF,7,True,False
2026,2,NFL,GB,DEF,12,True,True
2026,2,NFL,KC,OFF,7,True,False
2026,2,NFL,KC,DEF,12,True,False
2026,2,NFL,IND,OFF,7,True,False
2026,2,NFL,IND,DEF,12,True,False
2026,2,NFL,DEN,OFF,7,True,False
2026,2,NFL,DEN,DEF,12,True,False
2026,2,NFL,JAX,OFF,7,True,False
2026,2,NFL,JAX,DEF,12,True,False
2026,2,NFL,LAC,OFF,7,True,False
2026,2,NFL,LAC,DEF,12,True,False
2026,2,NFL,LV,OFF,7,True,False
2026,2,NFL,LV,DEF,12,True,False
2026,2,NFL,SF,OFF,7,True,False
2026,2,NFL,SF,DEF,12,True,False
2026,2,NFL,MIA,OFF,7,True,False
2026,2,NFL,MIA,DEF,12,True,False
2026,2,NFL,CHI,OFF,7,True,False
2026,2,NFL,CHI,DEF,12,True,False
2026,2,NFL,MIN,OFF,7,True,False
2026,2,NFL,MIN,DEF,12,True,False
2026,2,NFL,BAL,OFF,7,True,False
2026,2,NFL,BAL,DEF,12,True,False
2026,2,NFL,NO,OFF,7,True,False
2026,2,NFL,NO,DEF,12,True,False
2026,2,NFL,LA,OFF,7,True,False
2026,2,NFL,LA,DEF,12,True,False
2026,2,NFL,NYG,OFF,7,True,True
2026,2,NFL,NYG,DEF,12,True,False
2026,2,NFL,TEN,OFF,7,True,False
2026,2,NFL,TEN,DEF,12,True,False
2026,2,NFL,PHI,OFF,7,True,False
2026,2,NFL,PHI,DEF,12,True,False
2026,2,NFL,NE,OFF,7,True,True
2026,2,NFL,NE,DEF,12,True,False
2026,2,NFL,PIT,OFF,7,True,False
2026,2,NFL,PIT,DEF,12,True,False
2026,2,NFL,ARI,OFF,7,True,False
2026,2,NFL,ARI,DEF,12,True,False
2026,2,NFL,SEA,OFF,7,True,False
2026,2,NFL,SEA,DEF,12,True,False
2026,2,NFL,DAL,OFF,7,True,False
2026,2,NFL,DAL,DEF,12,True,False
2026,2,NFL,WAS,OFF,7,True,False
2026,2,NFL,WAS,DEF,12,True,False
2026,3,NFL,SF,OFF,7,True,True
2026,3,NFL,SF,DEF,12,True,False
2026,3,NFL,ARI,OFF,7,True,False
2026,3,NFL,ARI,DEF,12,True,False
2026,3,NFL,GB,OFF,7,True,False
2026,3,NFL,GB,DEF,12,True,False
2026,3,NFL,ATL,OFF,7,True,False
2026,3,NFL,ATL,DEF,12,True,False
2026,3,NFL,DAL,OFF,7,True,False
2026,3,NFL,DAL,DEF,12,True,False
2026,3,NFL,BAL,OFF,7,True,False
2026,3,NFL,BAL,DEF,12,True,True
2026,3,NFL,CLE,OFF,7,True,False
2026,3,NFL,CLE,DEF,12,True,False
2026,3,NFL,CAR,OFF,7,True,False
2026,3,NFL,CAR,DEF,12,True,True
2026,3,NFL,PIT,OFF,7,True,False
2026,3,NFL,PIT,DEF,12,True,False
2026,3,NFL,CIN,OFF,7,True,False
2026,3,NFL,CIN,DEF,12,True,False
2026,3,NFL,IND,OFF,7,True,False
2026,3,NFL,IND,DEF,12,True,True
2026,3,NFL,HOU,OFF,7,True,False
2026,3,NFL,HOU,DEF,12,True,False
2026,3,NFL,MIA,OFF,7,True,False
2026,3,NFL,MIA,DEF,12,True,False
2026,3,NFL,KC,OFF,7,True,False
2026,3,NFL,KC,DEF,12,True,False
2026,3,NFL,BUF,OFF,7,True,False
2026,3,NFL,BUF,DEF,12,True,False
2026,3,NFL,LAC,OFF,7,True,False
2026,3,NFL,LAC,DEF,12,True,False
2026,3,NFL,DEN,OFF,7,True,False
2026,3,NFL,DEN,DEF,12,True,False
2026,3,NFL,LA,OFF,7,True,False
2026,3,NFL,LA,DEF,12,True,False
2026,3,NFL,NO,OFF,7,True,False
2026,3,NFL,NO,DEF,12,True,False
2026,3,NFL,LV,OFF,7,True,False
2026,3,NFL,LV,DEF,12,True,False
2026,3,NFL,TB,OFF,7,True,False
2026,3,NFL,TB,DEF,12,True,False
2026,3,NFL,MIN,OFF,7,True,False
2026,3,NFL,MIN,DEF,12,True,True
2026,3,NFL,JAX,OFF,7,True,True
2026,3,NFL,JAX,DEF,12,True,False
2026,3,NFL,NE,OFF,7,True,False
2026,3,NFL,NE,DEF,12,True,False
2026,3,NFL,DET,OFF,7,True,False
2026,3,NFL,DET,DEF,12,True,False
2026,3,NFL,NYJ,OFF,7,True,False
2026,3,NFL,NYJ,DEF,12,True,False
2026,3,NFL,CHI,OFF,7,True,False
2026,3,NFL,CHI,DEF,12,True,False
2026,3,NFL,PHI,OFF,7,True,False
2026,3,NFL,PHI,DEF,12,True,False
2026,3,NFL,WAS,OFF,7,True,False
2026,3,NFL,WAS,DEF,12,True,False
2026,3,NFL,SEA,OFF,7,True,False
2026,3,NFL,SEA,DEF,12,True,False
2026,3,NFL,NYG,OFF,7,True,True
2026,3,NFL,NYG,DEF,12,True,False
2026,3,NFL,TEN,OFF,7,True,False
2026,3,NFL,TEN,DEF,12,True,False
2026,4,NFL,NYG,OFF,7,True,False
2026,4,NFL,NYG,DEF,12,True,False
2026,4,NFL,ARI,OFF,7,True,False
2026,4,NFL,ARI,DEF,12,True,False
2026,4,NFL,NO,OFF,7,True,False
2026,4,NFL,NO,DEF,12,True,False
2026,4,NFL,ATL,OFF,7,True,False
2026,4,NFL,ATL,DEF,12,True,False
2026,4,NFL,HOU,OFF,7,True,False
2026,4,NFL,HOU,DEF,12,True,True
2026,4,NFL,DAL,OFF,7,True,False
2026,4,NFL,DAL,DEF,12,True,False
2026,4,NFL,SF,OFF,7,True,False
2026,4,NFL,SF,DEF,12,True,True
2026,4,NFL,DEN,OFF,7,True,False
2026,4,NFL,DEN,DEF,12,True,False
2026,4,NFL,CAR,OFF,7,True,False
2026,4,NFL,CAR,DEF,12,True,False
2026,4,NFL,DET,OFF,7,True,False
2026,4,NFL,DET,DEF,12,True,False
2026,4,NFL,TB,OFF,7,True,False
2026,4,NFL,TB,DEF,12,True,True
2026,4,NFL,GB,OFF,7,True,False
2026,4,NFL,GB,DEF,12,True,True
2026,4,NFL,WAS,OFF,7,True,False
2026,4,NFL,WAS,DEF,12,True,False
2026,4,NFL,IND,OFF,7,True,False
2026,4,NFL,IND,DEF,12,True,False
2026,4,NFL,CIN,OFF,7,True,False
2026,4,NFL,CIN,DEF,12,True,True
2026,4,NFL,JAX,OFF,7,True,False
2026,4,NFL,JAX,DEF,12,True,False
2026,4,NFL,LV,OFF,7,True,False
2026,4,NFL,LV,DEF,12,True,False
2026,4,NFL,KC,OFF,7,True,False
2026,4,NFL,KC,DEF,12,True,False
2026,4,NFL,SEA,OFF,7,True,False
2026,4,NFL,SEA,DEF,12,True,False
2026,4,NFL,LAC,OFF,7,True,False
2026,4,NFL,LAC,DEF,12,True,False
2026,4,NFL,PHI,OFF,7,True,False
2026,4,NFL,PHI,DEF,12,True,False
2026,4,NFL,LA,OFF,7,True,False
2026,4,NFL,LA,DEF,12,True,False
2026,4,NFL,MIN,OFF,7,True,False
2026,4,NFL,MIN,DEF,12,True,True
2026,4,NFL,MIA,OFF,7,True,True
2026,4,NFL,MIA,DEF,12,True,False
2026,4,NFL,BUF,OFF,7,True,False
2026,4,NFL,BUF,DEF,12,True,False
2026,4,NFL,NE,OFF,7,True,False
2026,4,NFL,NE,DEF,12,True,False
2026,4,NFL,CHI,OFF,7,True,False
2026,4,NFL,CHI,DEF,12,True,False
2026,4,NFL,NYJ,OFF,7,True,False
2026,4,NFL,NYJ,DEF,12,True,False
2026,4,NFL,CLE,OFF,7,True,True
2026,4,NFL,CLE,DEF,12,True,False
2026,4,NFL,PIT,OFF,7,True,False
2026,4,NFL,PIT,DEF,12,True,False
2026,4,NFL,BAL,OFF,7,True,False
2026,4,NFL,BAL,DEF,12,True,False
2026,4,NFL,TEN,OFF,7,True,False
2026,4,NFL,TEN,DEF,12,True,False
2026,1,ADL,Dallas Cowboys,OFF,7,True,False
2026,1,ADL,Dallas Cowboys,DEF,12,True,False
2026,1,ADL,New York Giants,OFF,7,True,False
2026,1,ADL,New York Giants,DEF,12,True,False
2026,1,ADL,Philadelphia Eagles,OFF,7,True,False
2026,1,ADL,Philadelphia Eagles,DEF,12,True,False
2026,1,ADL,Washington Commanders,OFF,7,True,False
2026,1,ADL,Washington Commanders,DEF,12,True,False
2026,1,ADL,Chicago Bears,OFF,7,True,False
2026,1,ADL,Chicago Bears,DEF,12,True,False
2026,1,ADL,Detroit Lions,OFF,7,True,False
2026,1,ADL,Detroit Lions,DEF,12,True,False
2026,1,ADL,Green Bay Packers,OFF,7,True,False
2026,1,ADL,Green Bay Packers,DEF,12,True,False
2026,1,ADL,Minnesota Vikings,OFF,7,True,False
2026,1,ADL,Minnesota Vikings,DEF,12,True,False
2026,1,ADL,Atlanta Falcons,OFF,7,True,False
2026,1,ADL,Atlanta Falcons,DEF,12,True,False
2026,1,ADL,Carolina Panthers,OFF,7,True,False
2026,1,ADL,Carolina Panthers,DEF,12,True,False
2026,1,ADL,New Orleans Saints,OFF,7,True,False
2026,1,ADL,New Orleans Saints,DEF,12,True,False
2026,1,ADL,Tampa Bay Buccaneers,OFF,7,True,False
2026,1,ADL,Tampa Bay Buccaneers,DEF,12,True,False
2026,1,ADL,Arizona Cardinals,OFF,7,True,False
2026,1,ADL,Arizona Cardinals,DEF,12,True,False
2026,1,ADL,Los Angeles Rams,OFF,7,True,False
2026,1,ADL,Los Angeles Rams,DEF,12,True,False
2026,1,ADL,San Francisco 49ers,OFF,7,True,False
2026,1,ADL,San Francisco 49ers,DEF,12,True,False
2026,1,ADL,Seattle Seahawks,OFF,7,True,False
2026,1,ADL,Seattle Seahawks,DEF,12,True,False
2026,1,ADL,Buffalo Bills,OFF,7,True,False
2026,1,ADL,Buffalo Bills,DEF,12,True,False
2026,1,ADL,Miami Dolphins,OFF,7,True,False
2026,1,ADL,Miami Dolphins,DEF,12,True,False
2026,1,ADL,New England Patriots,OFF,7,True,False
2026,1,ADL,New England Patriots,DEF,12,True,False
2026,1,ADL,New York Jets,OFF,7,True,False
2026,1,ADL,New York Jets,DEF,12,True,False
2026,1,ADL,Baltimore Ravens,OFF,7,True,False
2026,1,ADL,Baltimore Ravens,DEF,12,True,False
2026,1,ADL,Cincinnati Bengals,OFF,7,True,False
2026,1,ADL,Cincinnati Bengals,DEF,12,True,False
2026,1,ADL,Cleveland Browns,OFF,7,True,False
2026,1,ADL,Cleveland Browns,DEF,12,True,False
2026,1,ADL,Pittsburgh Steelers,OFF,7,True,False
2026,1,ADL,Pittsburgh Steelers,DEF,12,True,False
2026,1,ADL,Houston Texans,OFF,7,True,False
2026,1,ADL,Houston Texans,DEF,12,True,False
2026,1,ADL,Indianapolis Colts,OFF,7,True,False
2026,1,ADL,Indianapolis Colts,DEF,12,True,False
2026,1,ADL,Jacksonville Jaguars,OFF,7,True,False
2026,1,ADL,Jacksonville Jaguars,DEF,12,True,False
2026,1,ADL,Tennessee Titans,OFF,7,True,False
2026,1,ADL,Tennessee Titans,DEF,12,True,False
2026,1,ADL,Denver Broncos,OFF,7,True,False
2026,1,ADL,Denver Broncos,DEF,12,True,False
2026,1,ADL,Kansas City Chiefs,OFF,7,True,False
2026,1,ADL,Kansas City Chiefs,DEF,12,True,False
2026,1,ADL,Las Vegas Raiders,OFF,7,True,False
2026,1,ADL,Las Vegas Raiders,DEF,12,True,False
2026,1,ADL,Los Angeles Chargers,OFF,7,True,False
2026,1,ADL,Los Angeles Chargers,DEF,12,True,False
2026,2,ADL,Dallas Cowboys,OFF,7,True,False
2026,2,ADL,Dallas Cowboys,DEF,12,True,False
2026,2,ADL,New York Giants,OFF,7,True,False
2026,2,ADL,New York Giants,DEF,12,True,False
2026,2,ADL,Philadelphia Eagles,OFF,7,True,False
2026,2,ADL,Philadelphia Eagles,DEF,12,True,False
2026,2,ADL,Washington Commanders,OFF,7,True,False
2026,2,ADL,Washington Commanders,DEF,12,True,False
2026,2,ADL,Chicago Bears,OFF,7,True,False
2026,2,ADL,Chicago Bears,DEF,12,True,False
2026,2,ADL,Detroit Lions,OFF,7,True,False
2026,2,ADL,Detroit Lions,DEF,12,True,False
2026,2,ADL,Green Bay Packers,OFF,7,True,False
2026,2,ADL,Green Bay Packers,DEF,12,True,False
2026,2,ADL,Minnesota Vikings,OFF,7,True,False
2026,2,ADL,Minnesota Vikings,DEF,12,True,False
2026,2,ADL,Atlanta Falcons,OFF,7,True,False
2026,2,ADL,Atlanta Falcons,DEF,12,True,False
2026,2,ADL,Carolina Panthers,OFF,7,True,False
2026,2,ADL,Carolina Panthers,DEF,12,True,False
2026,2,ADL,New Orleans Saints,OFF,7,True,False
2026,2,ADL,New Orleans Saints,DEF,12,True,False
2026,2,ADL,Tampa Bay Buccaneers,OFF,7,True,False
2026,2,ADL,Tampa Bay Buccaneers,DEF,12,True,False
2026,2,ADL,Arizona Cardinals,OFF,7,True,False
2026,2,ADL,Arizona Cardinals,DEF,12,True,False
2026,2,ADL,Los Angeles Rams,OFF,7,True,False
2026,2,ADL,Los Angeles Rams,DEF,12,True,False
2026,2,ADL,San Francisco 49ers,OFF,7,True,False
2026,2,ADL,San Francisco 49ers,DEF,12,True,False
2026,2,ADL,Seattle Seahawks,OFF,7,True,False
2026,2,ADL,Seattle Seahawks,DEF,12,True,False
2026,2,ADL,Buffalo Bills,OFF,7,True,False
2026,2,ADL,Buffalo Bills,DEF,12,True,False
2026,2,ADL,Miami Dolphins,OFF,7,True,False
2026,2,ADL,Miami Dolphins,DEF,12,True,False
2026,2,ADL,New England Patriots,OFF,7,True,False
2026,2,ADL,New England Patriots,DEF,12,True,False
2026,2,ADL,New York Jets,OFF,7,True,False
2026,2,ADL,New York Jets,DEF,12,True,False
2026,2,ADL,Baltimore Ravens,OFF,7,True,False
2026,2,ADL,Baltimore Ravens,DEF,12,True,False
2026,2,ADL,Cincinnati Bengals,OFF,7,True,False
2026,2,ADL,Cincinnati Bengals,DEF,12,True,False
2026,2,ADL,Cleveland Browns,OFF,7,True,False
2026,2,ADL,Cleveland Browns,DEF,12,True,False
2026,2,ADL,Pittsburgh Steelers,OFF,7,True,False
2026,2,ADL,Pittsburgh Steelers,DEF,12,True,False
2026,2,ADL,Houston Texans,OFF,7,True,False
2026,2,ADL,Houston Texans,DEF,12,True,False
2026,2,ADL,Indianapolis Colts,OFF,7,True,False
2026,2,ADL,Indianapolis Colts,DEF,12,True,False
2026,2,ADL,Jacksonville Jaguars,OFF,7,True,False
2026,2,ADL,Jacksonville Jaguars,DEF,12,True,False
2026,2,ADL,Tennessee Titans,OFF,7,True,False
2026,2,ADL,Tennessee Titans,DEF,12,True,False
2026,2,ADL,Denver Broncos,OFF,7,True,False
2026,2,ADL,Denver Broncos,DEF,12,True,False
2026,2,ADL,Kansas City Chiefs,OFF,7,True,False
2026,2,ADL,Kansas City Chiefs,DEF,12,True,False
2026,2,ADL,Las Vegas Raiders,OFF,7,True,False
2026,2,ADL,Las Vegas Raiders,DEF,12,True,False
2026,2,ADL,Los Angeles Chargers,OFF,7,True,False
2026,2,ADL,Los Angeles Chargers,DEF,12,True,False
2026,3,ADL,Dallas Cowboys,OFF,7,True,False
2026,3,ADL,Dallas Cowboys,DEF,12,True,False
2026,3,ADL,New York Giants,OFF,7,True,False
2026,3,ADL,New York Giants,DEF,12,True,False
2026,3,ADL,Philadelphia Eagles,OFF,7,True,False
2026,3,ADL,Philadelphia Eagles,DEF,12,True,False
2026,3,ADL,Washington Commanders,OFF,7,True,False
2026,3,ADL,Washington Commanders,DEF,12,True,False
2026,3,ADL,Chicago Bears,OFF,7,True,False
2026,3,ADL,Chicago Bears,DEF,12,True,False
2026,3,ADL,Detroit Lions,OFF,7,True,False
2026,3,ADL,Detroit Lions,DEF,12,True,False
2026,3,ADL,Green Bay Packers,OFF,7,True,False
2026,3,ADL,Green Bay Packers,DEF,12,True,False
2026,3,ADL,Minnesota Vikings,OFF,7,True,False
2026,3,ADL,Minnesota Vikings,DEF,12,True,False
2026,3,ADL,Atlanta Falcons,OFF,7,True,False
2026,3,ADL,Atlanta Falcons,DEF,12,True,False
2026,3,ADL,Carolina Panthers,OFF,7,True,False
2026,3,ADL,Carolina Panthers,DEF,12,True,False
2026,3,ADL,New Orleans Saints,OFF,7,True,False
2026,3,ADL,New Orleans Saints,DEF,12,True,False
2026,3,ADL,Tampa Bay Buccaneers,OFF,7,True,False
2026,3,ADL,Tampa Bay Buccaneers,DEF,12,True,False
2026,3,ADL,Arizona Cardinals,OFF,7,True,False
2026,3,ADL,Arizona Cardinals,DEF,12,True,False
2026,3,ADL,Los Angeles Rams,OFF,7,True,False
2026,3,ADL,Los Angeles Rams,DEF,12,True,False
2026,3,ADL,San Francisco 49ers,OFF,7,True,False
2026,3,ADL,San Francisco 49ers,DEF,12,True,False
2026,3,ADL,Seattle Seahawks,OFF,7,True,False
2026,3,ADL,Seattle Seahawks,DEF,12,True,False
2026,3,ADL,Buffalo Bills,OFF,7,True,False
2026,3,ADL,Buffalo Bills,DEF,12,True,False
2026,3,ADL,Miami Dolphins,OFF,7,True,False
2026,3,ADL,Miami Dolphins,DEF,12,True,False
2026,3,ADL,New England Patriots,OFF,7,True,False
2026,3,ADL,New England Patriots,DEF,12,True,False
2026,3,ADL,New York Jets,OFF,7,True,False
2026,3,ADL,New York Jets,DEF,12,True,False
2026,3,ADL,Baltimore Ravens,OFF,7,True,False
2026,3,ADL,Baltimore Ravens,DEF,12,True,False
2026,3,ADL,Cincinnati Bengals,OFF,7,True,False
2026,3,ADL,Cincinnati Bengals,DEF,12,True,False
2026,3,ADL,Cleveland Browns,OFF,7,True,False
2026,3,ADL,Cleveland Browns,DEF,12,True,False
2026,3,ADL,Pittsburgh Steelers,OFF,7,True,False
2026,3,ADL,Pittsburgh Steelers,DEF,12,True,False
2026,3,ADL,Houston Texans,OFF,7,True,False
2026,3,ADL,Houston Texans,DEF,12,True,False
2026,3,ADL,Indianapolis Colts,OFF,7,True,False
2026,3,ADL,Indianapolis Colts,DEF,12,True,False
2026,3,ADL,Jacksonville Jaguars,OFF,7,True,False
2026,3,ADL,Jacksonville Jaguars,DEF,12,True,False
2026,3,ADL,Tennessee Titans,OFF,7,True,False
2026,3,ADL,Tennessee Titans,DEF,12,True,False
2026,3,ADL,Denver Broncos,OFF,7,True,False
2026,3,ADL,Denver Broncos,DEF,12,True,False
2026,3,ADL,Kansas City Chiefs,OFF,7,True,False
2026,3,ADL,Kansas City Chiefs,DEF,12,True,False
2026,3,ADL,Las Vegas Raiders,OFF,7,True,False
2026,3,ADL,Las Vegas Raiders,DEF,12,True,False
2026,3,ADL,Los Angeles Chargers,OFF,7,True,False
2026,3,ADL,Los Angeles Chargers,DEF,12,True,False
2026,4,ADL,Dallas Cowboys,OFF,7,True,False
2026,4,ADL,Dallas Cowboys,DEF,12,True,False
2026,4,ADL,New York Giants,OFF,7,True,False
2026,4,ADL,New York Giants,DEF,12,True,False
2026,4,ADL,Philadelphia Eagles,OFF,7,True,False
2026,4,ADL,Philadelphia Eagles,DEF,12,True,False
2026,4,ADL,Washington Commanders,OFF,7,True,False
2026,4,ADL,Washington Commanders,DEF,12,True,False
2026,4,ADL,Chicago Bears,OFF,7,True,False
2026,4,ADL,Chicago Bears,DEF,12,True,False
2026,4,ADL,Detroit Lions,OFF,7,True,False
2026,4,ADL,Detroit Lions,DEF,12,True,False
2026,4,ADL,Green Bay Packers,OFF,7,True,False
2026,4,ADL,Green Bay Packers,DEF,12,True,False
2026,4,ADL,Minnesota Vikings,OFF,7,True,False
2026,4,ADL,Minnesota Vikings,DEF,12,True,False
2026,4,ADL,Atlanta Falcons,OFF,7,True,False
2026,4,ADL,Atlanta Falcons,DEF,12,True,False
2026,4,ADL,Carolina Panthers,OFF,7,True,False
2026,4,ADL,Carolina Panthers,DEF,12,True,False
2026,4,ADL,New Orleans Saints,OFF,7,True,False
2026,4,ADL,New Orleans Saints,DEF,12,True,False
2026,4,ADL,Tampa Bay Buccaneers,OFF,7,True,False
2026,4,ADL,Tampa Bay Buccaneers,DEF,12,True,False
2026,4,ADL,Arizona Cardinals,OFF,7,True,False
2026,4,ADL,Arizona Cardinals,DEF,12,True,False
2026,4,ADL,Los Angeles Rams,OFF,7,True,False
2026,4,ADL,Los Angeles Rams,DEF,12,True,False
2026,4,ADL,San Francisco 49ers,OFF,7,True,False
2026,4,ADL,San Francisco 49ers,DEF,12,True,False
2026,4,ADL,Seattle Seahawks,OFF,7,True,False
2026,4,ADL,Seattle Seahawks,DEF,12,True,False
2026,4,ADL,Buffalo Bills,OFF,7,True,False
2026,4,ADL,Buffalo Bills,DEF,12,True,False
2026,4,ADL,Miami Dolphins,OFF,7,True,False
2026,4,ADL,Miami Dolphins,DEF,12,True,False
2026,4,ADL,New England Patriots,OFF,7,True,False
2026,4,ADL,New England Patriots,DEF,12,True,False
2026,4,ADL,New York Jets,OFF,7,True,False
2026,4,ADL,New York Jets,DEF,12,True,False
2026,4,ADL,Baltimore Ravens,OFF,7,True,False
2026,4,ADL,Baltimore Ravens,DEF,12,True,False
2026,4,ADL,Cincinnati Bengals,OFF,7,True,False
2026,4,ADL,Cincinnati Bengals,DEF,12,True,False
2026,4,ADL,Cleveland Browns,OFF,7,True,False
2026,4,ADL,Cleveland Browns,DEF,12,True,False
2026,4,ADL,Pittsburgh Steelers,OFF,7,True,False
2026,4,ADL,Pittsburgh Steelers,DEF,12,True,False
2026,4,ADL,Houston Texans,OFF,7,True,False
2026,4,ADL,Houston Texans,DEF,12,True,False
2026,4,ADL,Indianapolis Colts,OFF,7,True,False
2026,4,ADL,Indianapolis Colts,DEF,12,True,False
2026,4,ADL,Jacksonville Jaguars,OFF,7,True,False
2026,4,ADL,Jacksonville Jaguars,DEF,12,True,False
2026,4,ADL,Tennessee Titans,OFF,7,True,False
2026,4,ADL,Tennessee Titans,DEF,12,True,False
2026,4,ADL,Denver Broncos,OFF,7,True,False
2026,4,ADL,Denver Broncos,DEF,12,True,False
2026,4,ADL,Kansas City Chiefs,OFF,7,True,False
2026,4,ADL,Kansas City Chiefs,DEF,12,True,False
2026,4,ADL,Las Vegas Raiders,OFF,7,True,False
2026,4,ADL,Las Vegas Raiders,DEF,12,True,False
2026,4,ADL,Los Angeles Chargers,OFF,7,True,False
2026,4,ADL,Los Angeles Chargers,DEF,12,True,False
